"ests.1","ests.2","ests.3","ests.4","ests.5","ests.6","ests.7","ests.8","ests.9","ests.10","stderrs.1","stderrs.2","stderrs.3","stderrs.4","stderrs.5","stderrs.6","stderrs.7","stderrs.8","stderrs.9","stderrs.10","ciLower.1","ciLower.2","ciLower.3","ciLower.4","ciLower.5","ciLower.6","ciLower.7","ciLower.8","ciLower.9","ciLower.10","ciUpper.1","ciUpper.2","ciUpper.3","ciUpper.4","ciUpper.5","ciUpper.6","ciUpper.7","ciUpper.8","ciUpper.9","ciUpper.10"
43.157386591,5.7485637627,6.8704906126,-0.09631260572748,0.105752348317,1.5588144724,0.070105491824,0.90900950223,0.408233240587,0.48453460951,1.08310092951426,0.192889417916997,0.764108344770916,0.131061996847617,0.00971537795714647,0.0833178684468207,0.011506737102524,0.0577823215648152,0.13019486850928,0.0143217827227688,41.000718175,5.36997892,5.60227903,-0.3674472015,0.0850034907,1.4027617075,0.04861450075,0.78898730425,0.16155495925,0.458024284,45.222539075,6.13249411,8.6208183675,0.1618893365,0.12376716825,1.737953235,0.093102625475,0.99534889925,0.6541999545,0.51274784875
45.086655292,5.7978590163,7.8955432833,0.0548413763073334,0.108383248117,1.4036886315,0.062070332618,0.9611772287,0.60731647713,0.46294401511,1.11258072799284,0.195100895635422,0.8307738480084,0.142073132092783,0.00833251011904004,0.0814258284525892,0.00717041495912046,0.0303776791890954,0.101836755000067,0.0138789252919355,42.809905175,5.41903559,6.4800768125,-0.20790894125,0.092222169875,1.24760529,0.0494434229,0.88634179525,0.426265113,0.4352954205,47.129083175,6.1682290125,9.691449385,0.3252162955,0.123937114,1.5643200475,0.077143583575,0.998356498,0.818029229,0.4903931015
46.620146231,5.9490618229,7.1145570417,0.12380172528412,0.102314223281,1.3293649261,0.063001157128,0.88740915944,0.357222734798,0.49474852442,1.1324757890188,0.21275778253222,0.779884646777593,0.123437721228791,0.00807033580474704,0.0871393410486904,0.00958735992135638,0.0480396098570497,0.127986781035953,0.0147630683557627,44.475587425,5.54583037,5.7620601075,-0.12156605825,0.08633096235,1.1744188475,0.045170186775,0.77545344975,0.117957262,0.46732668175,48.9257726,6.39502694,8.848306105,0.3563713695,0.1186138925,1.5145323525,0.081268435625,0.9619756545,0.60529811,0.523115324
45.199039,5.6357781981,6.4052021929,-0.1090395949636,0.099136969281,1.257631357,0.03998149273,0.94916761005,0.407872782572,0.50333774546,0.915566600600285,0.181446254434553,0.697669873297145,0.112125861861628,0.00684937250503986,0.067447375611382,0.00713845532008268,0.0419485781018507,0.0937107303213493,0.013236913475899,43.420964075,5.2888580275,5.2156632025,-0.33175284675,0.08637493715,1.12569505,0.0256634397,0.8404311585,0.2360362275,0.47960077725,47.092468175,6.0027512,7.9565589875,0.12758153575,0.11279174725,1.38827032,0.05480154225,0.9977841025,0.5969068235,0.5309020755
46.536270174,5.5432858064,6.8604153094,-0.05529176724137,0.094699397748,1.3078095486,0.051940006305,0.82640849692,0.55950746963,0.51159252116,1.01044679913712,0.193869107455201,0.749342963159415,0.148276481906097,0.00957714675205901,0.0872784845472852,0.0103570004401819,0.0784783817860432,0.111433712358352,0.0153599256788083,44.407505875,5.1859801325,5.515192185,-0.38257209725,0.076018947625,1.149260675,0.034373066675,0.65445784575,0.3609199815,0.48426563225,48.3403395,5.9180568025,8.3940317925,0.22379873975,0.1128398415,1.4700000425,0.075353182675,0.95709154325,0.80122214275,0.5413335935
45.969316383,5.641914228,7.6089228029,-0.15432513728099,0.093054198416,1.377308478,0.057045153667,0.90386737993,0.54018369404,0.50090057144,1.12623910812617,0.202331715696614,0.80004914875959,0.136976388166407,0.00834504219196559,0.0842820296936729,0.00812323745105001,0.0474243066750676,0.118726534451336,0.0140284865678615,43.806823075,5.2750680325,6.21636333,-0.4325826835,0.07784561525,1.2212334325,0.041498889125,0.79542373825,0.318581554,0.47443559925,48.17904525,6.0652574325,9.4117220225,0.128978401,0.11109242975,1.540727545,0.0749327608,0.9820068845,0.8082242265,0.5304756635
45.902064468,5.6951411408,5.9174943023,-0.07439670098137,0.08014770404,1.2647362443,0.044412114652,0.72431496099,0.51263065471,0.46476778902,0.892102437678191,0.202229357610581,0.68688558802013,0.122098351431138,0.00867183186196487,0.081113971310721,0.0129492810305117,0.117046941728268,0.113686242469411,0.0133656263897338,44.299991375,5.30858895,4.75366587,-0.3115695315,0.062482472175,1.119183815,0.01829097655,0.46704821375,0.2897274065,0.4377595095,47.663105125,6.089143945,7.3303690125,0.16121316,0.098042351075,1.4289733925,0.06885005075,0.95383891275,0.74138825925,0.48984860725
47.030407511,5.3875583315,7.3258340791,0.1040306252698,0.112400531521,1.14850238344,0.046056892469,0.8246337882,0.53210120713,0.49799327355,1.07472184558999,0.218865307642798,0.720538124179357,0.149938483509819,0.00922213597944199,0.0987234806533692,0.0127540692164138,0.093298075829608,0.118152345180123,0.0171979747757302,44.841657225,4.97143891,6.0763785775,-0.1939985095,0.093840407775,0.968020739,0.02560781825,0.623634761,0.319272002,0.465024879,49.0926238,5.82747809,8.8968980225,0.40202938,0.129658707,1.35212324,0.074948856275,0.97606626925,0.77997312375,0.53444749325
47.961037633,5.5080279861,5.360818365,-0.19053600013315,0.086949490204,1.350979854,0.04618734914,0.87658162108,0.64223632506,0.51008247988,0.841493497065987,0.195840129397697,0.625287047556247,0.162758411819337,0.00982333897732822,0.106190596255857,0.0119571777559027,0.0843858078745441,0.122407604606874,0.0150626596441227,46.32829385,5.1641493175,4.3087686325,-0.522044078,0.06649249205,1.145994385,0.022497116475,0.671402394,0.43478921125,0.4818936445,49.58360375,5.9061847575,6.789216,0.11972377625,0.1057694745,1.569675035,0.069368609025,0.98189973525,0.921257935,0.540373626
44.566108648,5.7533370577,6.1943730304,0.034391192263925,0.095907682053,1.344425545,0.039853485573,0.92718167094,0.61490538995,0.49421440608,0.888328485862964,0.209618451553369,0.642962226086998,0.139112601974841,0.00863986812318827,0.0802159672942711,0.00799700481641239,0.0690950961611734,0.127469170993191,0.0142079207982683,42.775655275,5.36768927,5.0332815725,-0.2424709995,0.07848806675,1.1956287825,0.02578139825,0.75882988225,0.4021735095,0.46888518025,46.1896383,6.1865920875,7.57380645,0.2940034,0.11148310875,1.50228077,0.0564940129,0.9979253975,0.8723579095,0.52255078375
46.88920976,5.5994666988,7.3253879647,-0.2250471881022,0.101004396054,1.2875706891,0.044912893691,0.90813518687,0.48871185882,0.49253186286,1.0191654892167,0.210021869185503,0.805195037254508,0.130199738695227,0.00808596390416476,0.0829264781252833,0.00880372059236056,0.0568008529891925,0.098635440698387,0.0149458450589018,44.992604425,5.2311155775,6.0080807125,-0.46661117325,0.086228810275,1.13503151,0.028547068475,0.7732461145,0.3181288825,0.46568383375,48.86139525,6.03290204,9.0699309,0.02190549615,0.1170854775,1.455204665,0.0633626214,0.9897633085,0.69025036325,0.524228085
46.064496295,5.5473186492,5.6243073789,-0.03718807496688,0.088613953846,1.4820252634,0.058961334068,0.96368395346,0.42296076917,0.49678521699,0.801575238383985,0.201087852697424,0.642687770350542,0.135110360062923,0.00897220822351999,0.0914911583085614,0.0096505118492343,0.0305686015166315,0.0922446613067635,0.0153213254773465,44.4225101,5.168488145,4.4370631625,-0.29271436875,0.072278355775,1.3093977825,0.042191189325,0.8869999065,0.2623805835,0.46796743375,47.5704917,5.9711601375,6.923537965,0.239981501,0.10729175025,1.66893834,0.081039703075,0.99842247575,0.61641719875,0.527320193
44.57913569,5.5354263705,5.9950264102,0.1993017938827,0.122433888923,1.5448676845,0.068178784281,0.92264004675,0.401099984655,0.5042007148,0.855117520086861,0.203695115194105,0.678272399001009,0.137777184922848,0.00966543134312285,0.0903381939894489,0.00988154171047615,0.0535363824831857,0.117686402772824,0.0137698854977117,42.82939975,5.1448296775,4.8701777475,-0.0686764656,0.103263142,1.3808533675,0.0507761219,0.79171799875,0.1649189195,0.47829841725,46.16797635,5.9548864875,7.5041118525,0.46421372275,0.141220265,1.73162104,0.0896721027,0.99402047275,0.641191285,0.53139341475
45.770428898,6.0601542311,7.4713500757,0.00863749407436,0.096506901383,1.2985805988,0.045148175846,0.96043041731,0.42263820991,0.4982676152,1.0350054332165,0.212719795129327,0.754119861504337,0.127731048226964,0.00834323963609038,0.0926792273651258,0.00832687976773357,0.0418152353896981,0.103626962872193,0.0146231572430514,43.805705125,5.66337599,6.1251757975,-0.24080119125,0.0802518461,1.13440066,0.0300263194,0.84410009425,0.23228887825,0.471754172,47.737317725,6.4872251225,9.1117487975,0.266744333,0.11219685925,1.4833707625,0.061479258525,0.9988453805,0.6414808825,0.52727118375
45.636734456,5.3932850758,6.1941973565,-0.04256527371211,0.089302435524,1.19444360128,0.051124251307,0.77935159641,0.45087621887,0.52121196448,0.874937233964925,0.204481646227232,0.672643127754392,0.11668370264164,0.008835243429769,0.075331481931079,0.0117169876448241,0.093938282878345,0.111929838200652,0.0149049919038343,43.938545475,4.990346185,4.9898129325,-0.278888965,0.0725032274,1.0551690175,0.027203861475,0.58743904975,0.245187867,0.4925390615,47.342875125,5.8147325875,7.5922576175,0.18716133075,0.10660729975,1.367581825,0.073030036575,0.96030840125,0.6882476935,0.5494008485
45.761584094,5.6572754604,6.4309743692,0.08724184175961,0.104121856424,1.2090099377,0.047010563633,0.86672184575,0.2848202725911,0.48990698456,0.969036152064464,0.217410773939782,0.670462535606234,0.109586461594989,0.00816264489037821,0.0752811386699789,0.0102950844378269,0.0716187416716606,0.131376816832388,0.0151468119632745,43.703485175,5.240051765,5.21763667,-0.13417273925,0.08808180945,1.0738915725,0.0268148631,0.70753571025,0.019674089725,0.46189223525,47.6412566,6.12031173,7.80009988,0.29534985975,0.12001101225,1.3606438025,0.06718943255,0.9816975445,0.53294124,0.52005595125
46.066061302,5.579275026,6.7539048947,-0.09947141972051,0.103185948352,1.4218677322,0.055198363909,0.89648361821,0.46854203534,0.50363850518,1.00742617877139,0.191076970658507,0.704490647993179,0.125662249525498,0.00879017848072383,0.0884332516232684,0.0115501228146281,0.0573572839108835,0.106879524528484,0.0142115006089329,44.1293444,5.2263487775,5.5261224775,-0.33944349475,0.08696958985,1.2563130025,0.031833910425,0.77279888825,0.268038761,0.477661359,48.052563025,5.9621289525,8.2530172875,0.15034315375,0.12099701275,1.6082083925,0.07685381375,0.988559764,0.6880370315,0.53097934925
47.745306334,5.4984143375,7.5361100342,0.1052064194689,0.106469387037,1.385980819,0.052129064401,0.95969949717,0.48752231221,0.51018532378,1.07437933266452,0.197095458747379,0.80790803367772,0.146832728187111,0.00860905546078493,0.0978887475616077,0.00841626270543917,0.035330258194489,0.104537398461191,0.0155772812664381,45.672503575,5.130442185,6.09882233,-0.1890021205,0.089825616875,1.2089382175,0.036318346275,0.866475786,0.30664152675,0.479512631,49.9166448,5.90367032,9.26402048,0.39861081625,0.1232492335,1.586509925,0.068963569825,0.99857902225,0.70073136,0.54189394575
44.847410721,5.924105493,6.6551407655,-0.14547996479236,0.106293909651,1.3905829982,0.051318123242,0.93692525132,0.59850649734,0.51820360504,0.963468862593795,0.212065527402169,0.696287647060379,0.14476739428135,0.00890640643495837,0.0955999147728312,0.00887483644346386,0.0495770710611676,0.112756432352573,0.0154961258959854,43.01606455,5.502544295,5.439395975,-0.42774925075,0.09000027905,1.2055723225,0.034673871,0.8157310005,0.40294169975,0.4886359565,46.807041325,6.3567313925,8.16554598,0.148431975,0.12451708125,1.5727993425,0.06916272915,0.99606129975,0.84414686525,0.54747008125
47.157713868,5.9041907715,6.5269675001,0.022427700691515,0.105632885223,1.17549926264,0.049530390351,0.90120341864,0.4585708475,0.51477539861,0.996864203525675,0.215670322404843,0.724297484912597,0.122522824565435,0.00810779096855445,0.0828324549746841,0.011914975394703,0.059525663224886,0.102920945541559,0.0143233559427982,45.06295405,5.50430579,5.2448557225,-0.213376231,0.09019850205,1.0322916625,0.02521860715,0.763483428,0.2746091875,0.486975472,49.0894321,6.315901255,8.071663475,0.26642489125,0.12132929725,1.3563906275,0.07094174095,0.98859909,0.6727229635,0.54413751225
46.926231378,5.5632840412,5.870188776,0.04090696317433,0.107635286961,1.21084252979,0.046250488842,0.91213523511,0.73037894575,0.49959729655,0.924146363092867,0.202950792842123,0.675454022914237,0.155051839615733,0.0086255068840841,0.0916620791994351,0.00964311680661833,0.063015518636881,0.129430696938964,0.0145328076609923,45.11637645,5.183749515,4.6900330975,-0.249465374,0.090812760575,1.0435817525,0.029351571875,0.760713964,0.51755019725,0.47290520475,48.819476425,5.982405495,7.393904275,0.36261475825,0.12481224775,1.39443933,0.066961801025,0.995601092,1.02185675,0.5304322345
44.609856951,5.665603321,7.3621292701,-0.16745455239748,0.087192931283,1.3480972818,0.045336004561,0.89564445283,0.51055455014,0.50035769021,1.12254577940035,0.197817127753,0.765363486090207,0.134581990216635,0.00955571662401891,0.0884770880807574,0.00911725487231296,0.0806505411941545,0.119032141702801,0.0158539106181277,42.473366575,5.2953950175,6.04643262,-0.42803536425,0.067937209875,1.18728967,0.02801428245,0.70592874475,0.27355304,0.47259006025,46.681553575,6.0636211275,8.9887379925,0.0977958320749999,0.1054376885,1.526750625,0.06376954135,0.99663463925,0.755188282,0.53047001175
45.204272656,5.3132229029,7.599680878,-0.12928897059875,0.098732324706,1.4337122944,0.064384018325,0.8991349649,0.59884198933,0.52197598675,1.04158293898626,0.190038216611146,0.776704492246619,0.131955221057676,0.00911262066564149,0.0836519907937707,0.0123391600251172,0.0538441696552739,0.0998535980960896,0.0147663200867856,43.187845725,4.965077395,6.3046062775,-0.390707776,0.081394160025,1.2759014475,0.04188571185,0.778725131,0.4285240085,0.494604769,47.3431845,5.71085554,9.325499275,0.11350150025,0.11675834525,1.59737892,0.0889259695,0.98553618475,0.81866748325,0.551640356
46.535508652,5.50212403,7.2175522405,-0.0941653491362204,0.095299929639,1.4351566528,0.056252345939,0.94033106739,0.59265467664,0.49118196102,1.01247540808489,0.195462612300417,0.796606071488568,0.153332009109771,0.008987420190237,0.103015726159084,0.0084999604038045,0.0390350891136541,0.104884891136683,0.0140676714638581,44.5881276,5.1300364,5.8668247725,-0.38559308525,0.077575534825,1.25629342,0.040889564325,0.84633369,0.40345859675,0.46428866325,48.59174355,5.895525815,8.91566613,0.217771948,0.1132836515,1.6563877425,0.074124411825,0.9946945995,0.800468266,0.52041518825
46.848732179,5.771595986,7.4360972566,-0.112384629739805,0.092709479576,1.3260746597,0.056855877115,0.95223514827,0.54642271667,0.50395899208,1.1163545116105,0.213455288006935,0.808371611602684,0.134380835603104,0.0084371530821899,0.0825416503398441,0.00897709907196358,0.0362180614410251,0.106473909215328,0.0143440083603448,44.613064725,5.368321695,6.0136799025,-0.38051731875,0.076621606725,1.1709706775,0.04131269115,0.8636039625,0.3596119175,0.47769839875,49.10579595,6.2100327675,9.1984164525,0.1415259575,0.10892510025,1.499669955,0.07547132855,0.99756787025,0.7678982645,0.5335679085
45.227795294,5.514733256,7.2683093476,0.0021195055248465,0.09339255632,1.3499636006,0.051854642743,0.82884303387,0.59154579069,0.50798276714,1.09519147837468,0.204371603103637,0.802591622511547,0.145675440900214,0.00880443754104122,0.0912497408193403,0.0108603757639017,0.0737492825605835,0.126817469092561,0.0164513711726593,43.054219625,5.122871275,5.9275162475,-0.27333026425,0.07700012985,1.189747125,0.030337016375,0.673141003,0.28958396125,0.4773633745,47.4134428,5.93732163,9.10471399,0.27854282625,0.11064456175,1.5391872675,0.074277596775,0.9553921565,0.823821485,0.5403167735
43.473478271,5.7233334325,6.4632180537,0.18106597505797,0.103589117002,1.3022237493,0.053703387624,0.83197537381,0.71658880521,0.5137259078,1.00931044065102,0.205507794681197,0.687225020291116,0.144549883132334,0.00956828160475617,0.0772428582012857,0.0115599193020114,0.08587526926594,0.111392126121199,0.0152551244252965,41.489821,5.3179413975,5.2102810475,-0.1136249825,0.08527024955,1.1558088325,0.0303966716,0.648666422,0.522464837,0.48415494875,45.44381385,6.1522281575,7.90902455,0.4551465355,0.122581539,1.45942679,0.075258884375,0.9822215735,0.94597505875,0.542782539
46.359190484,5.4854878801,7.3488594854,-0.21082474005121,0.106077481377,1.21984620251,0.060797773337,0.91157088744,0.59391536808,0.49027017702,1.14551071830091,0.207054935902914,0.747384453329131,0.147485530058753,0.00899557229413664,0.0918727844851475,0.00944842678340881,0.0464463667096262,0.102891630261899,0.0140618480635892,44.33846015,5.1244618875,6.010026725,-0.48942689475,0.0896281357,1.051508525,0.041685642475,0.808889985,0.41609965425,0.4632578215,48.78964445,5.8863481825,8.999250855,0.0795884522249999,0.1234047055,1.4097562825,0.07859715515,0.9865936515,0.81370474025,0.519764876
47.337185579,5.2756856778,6.5827332059,-0.2017455354334,0.091319530125,1.1596442404,0.05200862227,0.86072876376,0.51007020439,0.52604460494,1.01443379057055,0.197396792343767,0.67364300968976,0.127343214376658,0.00820424656645799,0.0760908007780101,0.0107026083667155,0.0611896421496083,0.0903128459363548,0.0149517668585036,45.365292875,4.903828725,5.4593073525,-0.4500935625,0.075610998475,1.0142545675,0.0317187062,0.725290652,0.3491954585,0.49957086925,49.366803775,5.684011825,7.96322319,0.05458537935,0.10831224175,1.3115857175,0.07375834075,0.968535975,0.717975622,0.55740116775
46.094719371,6.1750187219,6.383524559,-0.12710923905211,0.087197612714,1.2388558242,0.046269349878,0.81137620078,0.312921650283,0.49069144275,0.906545091072364,0.229836095128238,0.720770126226694,0.108052116841985,0.00845921602533175,0.0802967531171158,0.0117695949326889,0.0979642060040496,0.134310153259095,0.0135867747041851,44.3976636,5.7689267825,5.126791025,-0.33974503775,0.0707590646,1.092976315,0.02438330495,0.5962532505,0.021763376325,0.46441513825,47.907036475,6.6665911425,8.0369202325,0.09015666815,0.10343462875,1.4061728725,0.06773759905,0.9870969425,0.57738137325,0.51775612775
46.713410895,5.6202520891,7.195840407,-0.01307575114758,0.094978297916,1.2923266315,0.049450575554,0.8952646291,0.5899943882,0.51764797163,1.07070296890375,0.212940835648025,0.819671606159743,0.140296877034268,0.00857493617368642,0.0788285059545035,0.00789561003088629,0.0632266685952257,0.103031394653464,0.0143679779537811,44.434043825,5.2320956625,5.733241615,-0.290339224,0.077715571175,1.138845085,0.0338356052,0.7449715385,0.406189992,0.49093985325,48.710345475,6.052628935,8.9720192475,0.25043356,0.11125532525,1.449340815,0.063913342425,0.988511292,0.8082823655,0.545969684
45.90657026,5.757185935,7.790274857,0.01806608883923,0.094171217225,1.3410000545,0.047165056727,0.91316457471,0.474730176371,0.46854106429,1.21946178924534,0.21313182828067,0.854979153805625,0.123784901644504,0.00824446976962391,0.0868988642860913,0.0088606534209063,0.0562650851941128,0.124897962911645,0.0139783681869284,43.5921884,5.3629014075,6.334341615,-0.22529117125,0.076981764125,1.18035052,0.03134215215,0.77255626025,0.20413448175,0.44117286,48.243448925,6.19878778,9.606185525,0.2548576835,0.11014966275,1.53157428,0.06540569365,0.991570559,0.71895591125,0.49751244425
44.454141552,5.414580554,6.4749995159,-0.16219235606896,0.088678034047,1.2053920096,0.043521271583,0.77799120141,0.76580380692,0.48737952278,0.914901648534736,0.205770209567561,0.704245974317834,0.137490247730143,0.00883404518289762,0.0700411564594877,0.0102463641017352,0.102029345559413,0.122379225847313,0.0137078302608893,42.5366445,5.0444191825,5.22429313,-0.4293332305,0.07159356745,1.08301488,0.023216184475,0.55313391375,0.5435104345,0.4619974665,46.12265335,5.8150088325,7.9725122175,0.11143907925,0.106446559,1.3502236675,0.06228384465,0.95316910775,1.03092361,0.515849975
44.600657089,5.4302316852,6.1988031558,-0.260221025656168,0.098345779992,1.379827411,0.049479589899,0.93413105787,0.66552528877,0.50882079333,0.914856002206739,0.200783757069448,0.664743969671527,0.144105902663522,0.00921979866796529,0.0894666004386189,0.00950683663215759,0.054506424067228,0.121984068529659,0.0154069948114746,42.72772625,5.0389690575,5.07619441,-0.55815741275,0.080455504625,1.2173938025,0.032782449025,0.8035813765,0.4558971505,0.4803039225,46.385168125,5.8302837725,7.5876316575,0.00214362300499997,0.1162439435,1.5582145175,0.07009346105,0.99692303275,0.920157727,0.5405444745
46.411596854,5.8848740337,5.9628929192,-0.063655732901577,0.102585880698,1.2322335469,0.046372572449,0.87408614314,0.52673727714,0.48601682863,0.971024314683925,0.219775672695713,0.713442210176033,0.139247046802344,0.00903725241966327,0.0888297087669298,0.0102107697799656,0.0740705403079239,0.118314826834366,0.015038597428393,44.4145947,5.480811045,4.645490185,-0.3387713655,0.08567929675,1.0804472075,0.026917895,0.69948744575,0.2876891205,0.45572111275,48.270612025,6.3428518775,7.5649151625,0.20431441075,0.120752996,1.4145566475,0.0668702105,0.98276914925,0.7553244,0.51578294025
47.743416976,5.9873482868,6.8105893515,-0.075453190984882,0.103691804124,1.3785856254,0.047646376387,0.91960934771,0.53039613928,0.47453978023,1.01095092401517,0.23361690111738,0.77889243392269,0.154749772241057,0.00851408677143467,0.0852049434327123,0.00722995509266686,0.0552530878398154,0.114243396628049,0.0138718867660954,45.88764845,5.5528149625,5.5839835825,-0.37265160625,0.08753363985,1.223390215,0.0341425925,0.7927144745,0.31885926675,0.44882226625,49.7477383,6.456236395,8.5171608575,0.206802064,0.12204129275,1.546067965,0.06200020195,0.99633532275,0.76842277175,0.502449038
46.824422679,5.9204220894,7.1779573901,0.19304480700374,0.113998330772,1.4084492639,0.04767479145,0.91772129209,0.424359580204,0.50510052091,1.06473693328401,0.212382183129332,0.727992180772071,0.137030969935018,0.00819284928106917,0.0916552439223388,0.00795610753372496,0.0612717518363329,0.132561133135648,0.0142794188902026,44.686418775,5.537355815,5.885362655,-0.07257274455,0.099147779,1.2355006175,0.031458043775,0.7622233955,0.17098562525,0.4777222765,48.9639847,6.3600212375,8.6713418625,0.464902918,0.13075707875,1.5931089075,0.0618770264,0.997047245,0.70046035425,0.53493272325
45.157463926,5.6660173755,7.4617379236,-0.1473937649563,0.102207130728,1.3831116743,0.048265906814,0.86843278288,0.25972470321221,0.49383797047,1.12987950415887,0.186826378872695,0.781070937665558,0.110930924357705,0.00751852178490124,0.0751717359246363,0.00850862740882646,0.0638714239327527,0.129651071249563,0.0134328413491391,42.85724755,5.3270810225,6.082178595,-0.37640228925,0.086910636425,1.2364544325,0.033212398675,0.7228224825,0.0240786079,0.4683537295,47.38593605,6.0337065975,9.2137780375,0.05887580255,0.11706007275,1.531077405,0.066221647975,0.9763663905,0.5133376445,0.52180428375
45.846928912,5.6565907586,6.7197366936,0.062315566755711,0.097980477951,1.2958071051,0.040871005628,0.85852504002,0.325886981163,0.48670077123,0.920571230930988,0.208496791442346,0.70914278775294,0.117622472809045,0.00786839742557162,0.0717911750706036,0.00993299030390175,0.0891191541939487,0.127626331269573,0.0133185722015043,44.018354775,5.2552246675,5.5607352125,-0.16412885725,0.08237318555,1.1612078225,0.0239426297,0.65296649275,0.049710801575,0.4613637435,47.63816605,6.0649171525,8.348385275,0.2788967845,0.113259163,1.45048606,0.06186189945,0.99204226725,0.57481153725,0.51304056875
46.376435414,5.5559096054,7.4539082068,-0.09258700049898,0.105491903201,1.354486828,0.044718872695,0.95389659271,0.54874795961,0.4713038142,1.02077869714918,0.201135741351053,0.847850821486889,0.134199338838892,0.00824821781413813,0.0858649687797513,0.00752749517155343,0.0471605132397908,0.115580569456338,0.0130883345548498,44.464458075,5.1906761425,5.9990816025,-0.347483685,0.089090776675,1.1910107275,0.0312332871,0.823968051,0.33409317725,0.4456331455,48.463032575,5.95786457,9.3325419675,0.16656005875,0.12122193275,1.5260268225,0.060202115775,0.998708606,0.79236162225,0.4984384155
45.915184636,5.9396554436,6.9895296606,0.063984152151887,0.089045985864,1.4595080402,0.04695137247,0.84482264544,0.63091197519,0.49833752251,0.982142800065028,0.227143242233363,0.81148253417023,0.141628955447137,0.00920749305699972,0.0840620442757211,0.0115854607369432,0.0891113514706433,0.132257847139625,0.0145541091700452,44.08055935,5.49992706,5.70364154,-0.2080840205,0.07237235515,1.29981462,0.02643954945,0.655361971,0.39130431575,0.47096750475,47.989761275,6.380478905,8.8785817,0.346301132,0.108038321,1.6294606575,0.07113612145,0.99044225825,0.90758683625,0.528513643
47.049782067,5.5264892253,7.3260274621,-0.18305101538805,0.089244308131,1.4334110606,0.058115737974,0.95855869148,0.71618426757,0.51311733101,1.08572180378961,0.199179172770611,0.802043861724118,0.150248507562404,0.00874276251148259,0.0900523183423395,0.0103041092766097,0.0363114892738276,0.114994396065588,0.0148731406154557,45.045004725,5.13963727,5.9081618725,-0.45959915,0.07203099075,1.26768194,0.037945698125,0.8701435,0.5091597035,0.485315522,49.218349875,5.9529643525,9.0088527875,0.12467971075,0.1069183245,1.620811435,0.078899855725,0.9984303705,0.968699314,0.5433436725
46.825237628,5.7860787525,7.3521567742,0.10396045805991,0.102404866607,1.3827594892,0.050481657507,0.9601757023,0.4962008197,0.49729772129,1.0788081931923,0.208192640554202,0.771469312132794,0.130904096562373,0.00795027244486387,0.0791167138023298,0.00759351583874931,0.0361690728485504,0.114303608559301,0.0139599460826432,44.75675945,5.410133895,6.095072535,-0.147494258,0.08663198915,1.238383685,0.037241932275,0.870484115,0.27462013325,0.4702538735,48.913525025,6.2011664575,9.108440725,0.359697783,0.1180866575,1.5425700875,0.067106923275,0.99916041825,0.72813819725,0.52371437925
44.397295417,6.0446755253,6.5824849627,0.178184324531209,0.106913446681,1.3230771627,0.053215104086,0.87793932784,0.3634194589857,0.50528547199,0.923151780472667,0.208542530907592,0.719766840267431,0.117607052566134,0.0087502098529265,0.080195671864274,0.00959039891206778,0.0767986043868615,0.125436340013698,0.0146562563865094,42.70576735,5.6615215675,5.3113340675,-0.051629112175,0.08912109525,1.172424975,0.0361114626,0.7002531205,0.1111949645,0.476938214,46.2909786,6.4816864925,8.0881374225,0.40568887325,0.12401309975,1.4814298025,0.073059976375,0.98870387475,0.59551713425,0.53523432075
46.697679099,5.5985161714,7.1550568575,0.03801406272468,0.107986458899,1.3097859136,0.05749848426,0.86257669669,0.52757229638,0.50018498202,1.10379727947289,0.198272939335834,0.744877553815404,0.136002162495209,0.00852105275039511,0.0830864926789542,0.0106772431167111,0.0562464664907578,0.111136300341436,0.0151356644513505,44.478857875,5.214756425,5.8416427275,-0.229064608,0.091898801875,1.1525350725,0.03790969865,0.74818640925,0.32710181575,0.47254302875,48.958167525,5.9972955125,8.70020762,0.30355982225,0.1256669385,1.4838132025,0.0772122983,0.96486819575,0.76278655975,0.52933182725
45.878840591,5.5169249301,6.988088582,0.101500608361123,0.111878300794,1.4808201246,0.053255680798,0.93100201259,0.400857689125,0.49150881907,1.01461522687769,0.19838335554979,0.733864479253386,0.125666825932411,0.00860997078870097,0.0882308913538664,0.00922489941174149,0.0502655442480655,0.14208987380958,0.0136010089169104,43.88034875,5.16396235,5.7314210825,-0.15998849075,0.095052567,1.326183495,0.03627317675,0.815462639,0.10821379075,0.46713281425,47.81050535,5.941206855,8.5459761325,0.345116302,0.12868975375,1.66882297,0.0709429445,0.9949389125,0.6640207,0.51948463275
43.491158919,5.776244361,6.7691432529,0.24510379907997,0.099176594197,1.2547714998,0.050129903951,0.8994635288,0.52181796871,0.49652502953,1.02277960147357,0.192255700391253,0.721134136870142,0.116128512005778,0.00822998092176164,0.065594965856729,0.00833409269379704,0.0678947510055449,0.0979327745133097,0.0139625092139752,41.55151845,5.4105494525,5.6022618325,0.02529905995,0.0840174763,1.1369926325,0.034438293275,0.73811883675,0.3417761765,0.469042023,45.510286525,6.162511125,8.40552539,0.4655884905,0.11520918575,1.386588175,0.0670954808,0.9917080655,0.7339563545,0.52486132125
44.600112498,5.6650996102,7.1950420555,0.04347265312994,0.093501493533,1.4403402414,0.059082663941,0.97977175291,0.43100004644,0.51200573915,1.14833692790006,0.193536474335598,0.824639532098107,0.121593126246619,0.00777514895579751,0.0846004180069792,0.00757575505830053,0.0187370519864664,0.103453415681086,0.0140569565426928,42.322855475,5.3028711575,5.821124145,-0.1934914665,0.078942163025,1.27134219,0.043356862325,0.93089861825,0.24777307175,0.485161636,46.72066805,6.0290463275,9.176011225,0.285420283,0.1082135065,1.5935921025,0.07329693385,0.999353966,0.6539034245,0.54203556925
45.152502253,5.7421883538,7.4226953121,-0.349385561139,0.08334817839,1.404632764,0.052965251779,0.8839395416,0.58915541375,0.46480586253,1.10876091890885,0.207852722461779,0.78862269086486,0.138988320175918,0.00910981415448331,0.0823398487785497,0.0118748940202621,0.0704622252786235,0.118073285076161,0.0141604679466444,42.7537428,5.3513232275,6.06291616,-0.629236385,0.064968210825,1.24911461,0.0320065779,0.715609553,0.36897174125,0.43896065075,47.297953375,6.17220351,9.0877235375,-0.0755483729500002,0.10060858,1.5713867925,0.077936570275,0.99012911725,0.842737679,0.49284990975
47.32191072,6.0087637592,6.4674646027,0.072323561585325,0.101227670995,1.18522205616,0.0308391172334,0.8349925806,0.574725262686,0.48376288262,0.971464350686943,0.237660714543712,0.706046241947528,0.131149202949811,0.00792053085230705,0.074858303721409,0.00970503091499601,0.123182074249701,0.142567329992722,0.0140530244144939,45.5496987,5.58283335,5.165692415,-0.17252628075,0.08516467985,1.047014605,0.014533614575,0.543244775,0.127984482,0.455869377,49.311080525,6.48201982,7.9368323575,0.33714550725,0.1164450265,1.3526622875,0.05319869725,0.99433286375,0.816795697,0.5113101355
44.519408244,5.4109413816,6.9542032828,-0.123575436600359,0.100337706216,1.2791583783,0.038877254307,0.903253092,0.404615732833,0.50219310482,1.07008208625403,0.201758898055049,0.743493795410301,0.124488375310029,0.0088683728131409,0.0822164236928604,0.00855366230088683,0.0786357457501733,0.133935928096321,0.0161181983248568,42.277729825,5.04231785,5.6675608675,-0.37520595625,0.08218560905,1.132956685,0.02270226795,0.70994682625,0.1083348685,0.471534164,46.733324075,5.8329078625,8.62589038,0.13438683575,0.11705046425,1.4499969825,0.05579770055,0.99471857325,0.6789431525,0.534705483
46.406183014,5.7166082671,6.3763710236,-0.08619937566803,0.095839764286,1.3174846396,0.046143813242,0.84634590352,0.488194633209,0.50207931081,1.02859036113357,0.20949835077864,0.708385937530241,0.134916715087324,0.00893784381286307,0.0783652276812693,0.0121252786338131,0.0873057148098867,0.122001211282145,0.0143807319657606,44.458998925,5.3197791,5.0429191325,-0.3711931445,0.078465097,1.1792386325,0.023169068975,0.64702525525,0.25017786775,0.47484680125,48.395806725,6.1609729625,7.7984464725,0.1644997065,0.11326496175,1.48290228,0.070399824475,0.977992562,0.7409018245,0.5299996135
45.500135603,5.9252999082,6.7858005681,-0.04925895198042,0.080593972585,1.4334667156,0.056895987012,0.96797112321,0.56901395786,0.48995898908,1.02730313206134,0.215412277834156,0.725795088689741,0.140191923495274,0.00819347760395292,0.0850454816037851,0.00759677728503516,0.0306009791381634,0.111194957151654,0.0136339878777391,43.50863765,5.5501462325,5.521192025,-0.32000228775,0.06508853925,1.282807075,0.043704163275,0.88115110825,0.35739278575,0.46435414275,47.6018516,6.38204288,8.38397316,0.21613966875,0.0961716309,1.6079423075,0.073670186675,0.99924932725,0.79395325525,0.517362588
47.280530694,5.6164298076,6.5776089826,0.028354101142479,0.101212587775,1.27111919466,0.043095143942,0.85378754459,0.24801146917108,0.49563474146,0.903006878438705,0.216867472728523,0.700286682181248,0.127815807626559,0.00856848726036308,0.0834081121765238,0.0105929757984442,0.0888816425089551,0.12542977028186,0.0153386821359378,45.5474416,5.2080727125,5.348147905,-0.2161864165,0.0846119333,1.102042885,0.02376108605,0.6676278495,0.01485255335,0.467440272,49.15627675,6.0737617925,8.0673326175,0.2836047505,0.11785335825,1.4313881275,0.06672796475,0.99054400875,0.4885591315,0.52861882175
46.822302235,5.7318098198,7.9765584256,-0.09474945446182,0.088112451832,1.28244647445,0.037115081727,0.87727000497,0.48219594128,0.48276468553,1.11808313156552,0.211542242003694,0.835211920047782,0.133300372094823,0.00790859279790682,0.0877990655362161,0.00939775977764663,0.0777745533394037,0.09707672398025,0.0137264611553212,44.6639742,5.308295455,6.55126688,-0.35072372975,0.07327518075,1.119796515,0.019201037575,0.697360558,0.3031242415,0.45670940825,49.12059305,6.1892080225,9.7288907325,0.18405364725,0.10290983725,1.46903182,0.054807297025,0.98982735025,0.68166977575,0.510621374
47.347278553,5.7705698645,7.6911269067,-0.24334457262392,0.101533031907,1.2853158221,0.060102213762,0.80098090613,0.50819180972,0.51465470937,1.14308021047506,0.219885497628595,0.807432362053717,0.13356948502567,0.00951899121498006,0.0933648292635775,0.0115199718954517,0.0705826868881283,0.118569084408779,0.015011630285027,45.1402145,5.3626621325,6.3472678675,-0.49038159625,0.08279172725,1.1116734325,0.031218270925,0.6546790445,0.28891362075,0.48714979425,49.66594545,6.23338766,9.3870348575,0.02481525165,0.11887183675,1.4737316275,0.07892666495,0.93436237975,0.762768055,0.5462303995
47.890589122,5.7314782302,7.2644059362,-0.1247824331491,0.098576050609,1.3276155457,0.038638876999,0.850095137,0.38389158421612,0.50342068949,1.05224182270748,0.215439866924857,0.803735111436314,0.140471250340462,0.0087208705361524,0.0939461151764817,0.0106150979180076,0.094371514968667,0.135024106696846,0.014495624233776,45.928981075,5.33223282,5.9302152425,-0.37461357925,0.08234826475,1.1549343275,0.020291572625,0.62334285575,0.068757695775,0.4766855335,49.894359725,6.1647015,9.0739682125,0.16644517125,0.116670647,1.5138879975,0.0605274232,0.989254888,0.62053544875,0.531706386
48.529681596,6.0510162532,5.5953703584,-0.219246029301732,0.087400215125,1.4887389168,0.058105579836,0.95188197264,0.50654362288,0.48904542492,0.84799822940816,0.224156979619548,0.654358781810257,0.157049075468193,0.00910285994675116,0.106973137867275,0.0104806615094161,0.0376345702578672,0.1130097195626,0.0151735389201664,46.8417762,5.6415430225,4.392202245,-0.52277143625,0.068093124525,1.2986400825,0.03964497375,0.85258841075,0.307916007,0.46153301425,50.0972291,6.506059955,6.9492269075,0.0929614595999999,0.1037779055,1.7104273125,0.0821420177,0.9966187345,0.740595022,0.520566446
45.630014182,5.4890367696,7.7386925526,-0.06677357561056,0.100823706013,1.3024499886,0.046968062052,0.90576810213,0.5958481413,0.5147449381,1.21745345886164,0.198591502432949,0.810771179265865,0.132152175139265,0.00797562786500818,0.085281784030544,0.0094107896352805,0.0619822541579956,0.120635361276463,0.0134671660607643,43.20313035,5.10311183,6.34189229,-0.31394997075,0.08576359245,1.155917405,0.02921065465,0.7513552035,0.3860934985,0.4890110385,48.159236175,5.8633218,9.4541043375,0.18233011575,0.11690523775,1.4785707275,0.0665779119,0.99292903825,0.8626064945,0.54152134175
46.063351554,5.6955098086,6.9718663385,-0.12224923472623,0.099518567975,1.4842417793,0.074846634959,0.90796067487,0.4387954418845,0.50343109252,0.951474861071048,0.210855825908858,0.772681791989003,0.152498480453684,0.0103244376203162,0.108812864316294,0.012499564229139,0.041727981838685,0.133404442547857,0.0158309254144054,44.166757725,5.297553805,5.6821017375,-0.41287603625,0.078081256025,1.28449325,0.050526219675,0.80751935625,0.16473163775,0.47224131275,47.8726768,6.1113954175,8.631957915,0.1727360185,0.1199623335,1.7059349275,0.097746731425,0.9738448875,0.70686957375,0.53665035825
43.891944748,5.5648065792,7.3502281064,-0.036667152634853,0.099433921666,1.3853112226,0.055650770725,0.88835484003,0.437968393664,0.46913212425,1.05658672142015,0.196062323840199,0.771147486514581,0.121771232805829,0.00878813224811312,0.0786330424966239,0.00978313913612605,0.0599474964670436,0.124207158226409,0.0137248593797519,41.8069293,5.2061712325,6.0062361175,-0.2782022885,0.082340473625,1.2377822925,0.037071278725,0.75380886025,0.15605137825,0.443294572,45.9952851,5.97603796,9.0660878175,0.20048729225,0.11780017625,1.54093735,0.0755658748,0.9849727185,0.67461469275,0.496417014
46.615494147,5.6642047226,7.6167216361,0.0595740088141,0.104599144675,1.24529622207,0.044432524909,0.91933342957,0.65462513305,0.52564558884,1.03774193004835,0.216937922703597,0.800740272411202,0.153309562384857,0.00852449448463952,0.0965596386134668,0.0107224636284339,0.05221564526573,0.101761656852401,0.0174485577196568,44.8146288,5.2699806975,6.1739997575,-0.23549152925,0.087822404075,1.07121051,0.024327062875,0.79929393875,0.4704266755,0.49404959325,48.84351175,6.1108196725,9.4022731875,0.3448759565,0.1214279155,1.4559767025,0.065728806675,0.9916415545,0.87036983425,0.560636527
45.7736471,5.5664202192,7.1706360443,-0.219061255712228,0.091691108732,1.3234928939,0.059754284634,0.87225078376,0.57805786357,0.50585361062,1.11870270375023,0.223289418360743,0.753606203656304,0.153451690739461,0.00973899565257648,0.0873868990082986,0.0118872452430271,0.0597917687889203,0.109898515817262,0.016513422772159,43.6521626,5.1206950375,5.83270712,-0.50532317525,0.07240593395,1.1747451875,0.03493734285,0.74432483025,0.38641801825,0.47375794525,47.93725835,6.0323354,8.7597660425,0.101985514,0.110672417,1.5016879525,0.0826947329,0.97811016,0.815080671,0.53960652575
46.014032169,5.870935925,6.3190113281,0.219187004359503,0.113731215358,1.3240436236,0.055042169921,0.9366266114,0.293616558451,0.49854141973,0.949726824465664,0.203929093519247,0.710603311988685,0.123164307720592,0.00917556813775006,0.0792432027673246,0.00984923783339594,0.0414124061524008,0.122809249289903,0.0141271489318916,44.0559105,5.4976487825,5.100718075,-0.0240705711,0.0961524791,1.1723722675,0.0362486121,0.83773673675,0.037369936325,0.47188951325,47.82160455,6.294444325,7.75191728,0.452983016,0.13148996025,1.494707615,0.074700138375,0.99487761925,0.52153776275,0.52735749875
45.016840717,6.1005016402,5.9791163665,-0.08770048140989,0.090454810613,1.5035287179,0.050256638645,0.91044966058,0.52137833772,0.50510180313,0.863898184218029,0.220870955682139,0.658336602253548,0.137410871597508,0.00863641810911713,0.0810912629621244,0.0100854942584944,0.0670269617874406,0.119770321706821,0.0134446001647549,43.34223535,5.69779154,4.83639374,-0.35186684825,0.0743054714,1.3501337875,0.033382543425,0.75440665475,0.28682951275,0.4785711135,46.778424225,6.5354516075,7.415437655,0.1781937965,0.1076182485,1.6694143975,0.07483053225,0.995408439,0.7686847915,0.53257855275
45.882147849,5.5844010513,7.1258382764,0.15519496483076,0.102301543725,1.3784266403,0.058610933574,0.92113057622,0.39579944251,0.49868399404,1.06242145485008,0.19799896024451,0.707764451198346,0.133160157550524,0.00853215524408581,0.0739685959734201,0.00940762061949415,0.0496647434520277,0.107112440159236,0.0142091442673013,43.911528475,5.1882669175,5.8493505275,-0.11311864925,0.085010126025,1.23898443,0.04277332945,0.80776660875,0.18897016875,0.47170347775,48.063627575,5.955745525,8.615120695,0.42505874575,0.1187721965,1.5227469675,0.080005846525,0.99010421125,0.61383261125,0.5288340155
45.303073513,5.4546407759,7.1401955808,0.02500340802827,0.103266510626,1.3620870776,0.073114171471,0.82356877498,0.404888249698,0.50332768967,1.07399712588466,0.216078383802802,0.813410923900248,0.12848922960656,0.00973068039770614,0.0907017919301627,0.0136271619086225,0.0661044782705072,0.149148813196115,0.0158172049365934,43.182870625,5.02697378,5.780122525,-0.23152421325,0.08394631795,1.1877466525,0.0445620034,0.66736068525,0.04888427655,0.47340592475,47.44901635,5.88208548,9.0096749425,0.26279075975,0.12138565925,1.534978565,0.097578608325,0.9247192175,0.6687949895,0.53644432325
46.821507696,5.6599172559,7.4940596503,0.17849361557797,0.113733101613,1.5741574462,0.069952569603,0.92558379853,0.4887789194,0.49378378679,1.13930835066795,0.202474224715255,0.77177340867615,0.142010418047699,0.00933705039585296,0.0930608433890244,0.0114695684222186,0.0409179270866104,0.12219007995563,0.0138524144203327,44.673633525,5.2696541675,6.2492262825,-0.082101892575,0.096136937225,1.3983434325,0.04949364765,0.83983109,0.250589605,0.46879790925,49.084314025,6.0485424875,9.107450185,0.45397559425,0.13295285725,1.7652189125,0.09403672635,0.992301867,0.734255013,0.521504546
46.093047258,5.3102295491,8.0198463423,-0.02732099332714,0.100912098709,1.2255311307,0.045124263303,0.91648269177,0.17265954373872,0.49973767231,1.21313084005083,0.188460315500053,0.850565151917059,0.0963409065960681,0.00672190923420347,0.0682379898735541,0.00827509507840318,0.0497977507317459,0.112539955126091,0.0151416008974299,43.8420631,4.9730594225,6.595154845,-0.225250578,0.0865380874,1.09594814,0.02923451815,0.7945781645,0.0034534235775,0.47117668775,48.485632975,5.6876796825,9.76968484,0.15137162325,0.113921444,1.3638501775,0.061518227,0.9871494105,0.40301630275,0.5321516375
45.355643625,5.7004261909,7.4317957865,0.036070894972587,0.096343826952,1.2960282421,0.049425492095,0.88035307401,0.55865212701,0.50666667504,1.15959127815257,0.202700705177993,0.822680862346666,0.136409735530094,0.00842627419553036,0.0752178902837314,0.00822478556268635,0.0605070756850986,0.0947562544067204,0.0132349097378347,43.01160855,5.3176064475,6.0010283775,-0.2422014145,0.080837252275,1.1595965725,0.0340958845,0.73435393075,0.394208465,0.48106066025,47.72568605,6.09961889,9.337462185,0.293522248,0.11288766475,1.45365362,0.066576009675,0.972922081,0.74814917625,0.53185277575
45.647038879,5.749999168,5.5901245297,0.036484515469417,0.095125616752,1.4382406302,0.056444815476,0.96711768845,0.55448528133,0.4886734834,1.00206238386788,0.206123676966886,0.608817879120577,0.142911386112778,0.0094075118586292,0.0850733446857313,0.00834177927022912,0.028607998953576,0.11027743531731,0.0137009143222559,43.740934325,5.3489378125,4.47897608,-0.2327676285,0.076954848075,1.2839702475,0.040421415425,0.890208894,0.34320497025,0.4637089355,47.59037475,6.174327615,6.9184255725,0.316624535,0.112276217,1.62435992,0.072506726575,0.998871506,0.768270657,0.51834897425
45.633382073,5.5961604348,6.8391339161,-0.11285862883191,0.097806527699,1.3651548126,0.050091769338,0.93821036952,0.482725711455,0.50706480147,0.988687348634253,0.213702417924066,0.721478360302291,0.138293117679697,0.0090350158836365,0.0962881442674076,0.0105881221367226,0.0474113064154712,0.126931426105706,0.0161337554875088,43.728705625,5.1924283425,5.522773565,-0.4102082355,0.080274655,1.1991963625,0.0298928753,0.8229694875,0.22243170125,0.47512473125,47.619034175,6.018401985,8.2611726975,0.14252245725,0.11529468575,1.574963325,0.070089900225,0.995868817,0.7264105735,0.53927929025
44.813232431,5.9238808979,6.1217310676,-0.2738080835715,0.086960128839,1.294502459,0.042749830574,0.9354807156,0.45100022346,0.49473993525,0.872370884021955,0.213831792678714,0.693556008982251,0.130759030250884,0.00853052480548034,0.0797714467235082,0.00889487664132492,0.0562741840494993,0.102454013130332,0.0147576542844713,43.189508375,5.52259238,4.910997935,-0.517594638,0.07058989175,1.15128804,0.02796146695,0.787225129,0.255494374,0.466735932,46.6075786,6.3499788025,7.5520054125,-0.0205742245,0.1043207125,1.46477779,0.063523887725,0.99716199975,0.658591835,0.5231136365
45.051977847,5.7827284709,6.3536081309,0.23733610161696,0.11716412736,1.2239472103,0.060370174946,0.93195144318,0.66728426738,0.50771565113,0.942106521085028,0.201441540485832,0.725067159863086,0.144431497819936,0.00911193521281809,0.0796078428799427,0.0108518724745882,0.0513197873028857,0.108019659463457,0.0154210231263775,43.033747575,5.4079142475,5.0854097225,-0.039397278225,0.100265556025,1.0765844175,0.0386010982,0.813796778,0.4722283355,0.4788341425,46.75481105,6.20851857,7.9665675025,0.521484754,0.13601522375,1.3873329525,0.0802591236,0.9973885615,0.89487301175,0.537308843
46.189312597,6.1175087362,6.5416151217,-0.030961899160367,0.097072419516,1.16087481291,0.04405903811,0.83530941418,0.17759805941041,0.5147309058,1.07945278465601,0.237751655933062,0.793426029631308,0.100009683582497,0.00781611282799245,0.0765569449082123,0.0121248665279221,0.0812388760701815,0.108382638409348,0.0157642219214063,44.166977675,5.702872395,5.11222971,-0.225059302,0.080868863375,1.01597394,0.024196821475,0.65857144175,0.0101393767525,0.487353399,48.216198575,6.63806631,8.26115198,0.17343400075,0.1119044,1.31620977,0.07008186995,0.97447916625,0.3961590215,0.5452815355
46.550702091,5.5038268131,6.6512455511,-0.053175015895822,0.09256129666,1.3476952265,0.046916328846,0.9250441294,0.71377274237,0.53030698085,1.03273146499489,0.203308316945748,0.712219899175435,0.156673472282836,0.00945421842554343,0.0872840716434234,0.00946069983749617,0.0549326988929206,0.124209230555359,0.0156754594146385,44.555316575,5.12566654,5.4472418,-0.35590226925,0.074115439375,1.1761235875,0.0304908939,0.78898640375,0.4693368235,0.50169290975,48.47088885,5.935397055,8.1671422525,0.248475615,0.110615305,1.529151795,0.067010031075,0.99595977225,0.94352657825,0.56214636575
47.810376875,5.7295210656,6.9123988495,0.18877786957097,0.108024832456,1.17544502244,0.038226581702,0.9014046427,0.31678931820287,0.48812060275,0.990874268822947,0.226878912828751,0.750512242644693,0.118558458712692,0.00802101884566891,0.0816661263113193,0.00908348887057018,0.0713355374335169,0.140160991696906,0.0145820394238815,45.89888985,5.3230299325,5.63625179,-0.03578736775,0.091960164675,1.033826555,0.02259611325,0.7222233475,0.036459299925,0.46072719075,49.735493175,6.1994687925,8.5109847275,0.425110505,0.123069935,1.35748132,0.057226384475,0.99223835025,0.58244166575,0.51822142325
45.913246531,5.730159677,6.926749842,-0.0119587581639,0.104151974389,1.3238841717,0.055424749399,0.94309730954,0.54233720273,0.51253156409,1.01445071121702,0.217062314449001,0.735085686815101,0.13443337760385,0.00884402930259857,0.0905201242766027,0.0103497967694089,0.0454651495743125,0.106175154065642,0.0149864762271892,43.960395025,5.335964775,5.5699405525,-0.28263905825,0.0873769107,1.1539719175,0.0364384642,0.83344698375,0.35498466925,0.48481257775,47.99451025,6.17605597,8.4617514775,0.24374241075,0.12146668775,1.5006241425,0.077341351875,0.99800820675,0.7693480205,0.54293779175
45.553617707,5.5432103111,6.8324895667,0.12270939614025,0.104179690072,1.4129486869,0.059499840954,0.94670654015,0.59023130196,0.48399677275,1.06808965540989,0.208302567974576,0.73558330849905,0.139858313346361,0.00891437859239568,0.0888803235306421,0.00925196117595947,0.0411859346852359,0.112221001196967,0.0134508274368669,43.440233175,5.1385364575,5.6155596925,-0.15266434475,0.086843248075,1.2574730425,0.042171009775,0.847881013,0.39643116175,0.4581509275,47.57581175,5.9465701675,8.5626666125,0.380183928,0.12187865725,1.60651307,0.078412402175,0.99831147125,0.83090977875,0.512096874
44.855190092,5.752777663,6.116608008,-0.070853112340368,0.095102120492,1.3834074978,0.058036519767,0.96068945984,0.70316443248,0.50304615144,0.949145456194939,0.210094557675161,0.709379498868282,0.158078999987436,0.0100362563677215,0.0907562206816067,0.00964799199627046,0.0326441335367145,0.109212500009143,0.0158999175440766,42.9044356,5.3686378425,4.94656279,-0.399979462,0.076621246225,1.22247419,0.0412018112,0.87738969875,0.50704560425,0.47330461575,46.611790125,6.174625085,7.6199711225,0.226266112,0.1151349865,1.581610585,0.078161345225,0.998593358,0.924809199,0.53361728925
46.283422095,5.7072599161,5.8306084234,0.1681021039063,0.092617564719,1.5006584659,0.062892507532,0.91331768372,0.62566988527,0.49561795822,0.849327650466291,0.223377352775564,0.690838681169437,0.1468348651537,0.00895193875662762,0.0965252681244977,0.0115781527962914,0.0505589101209788,0.102085462531695,0.0143509011279483,44.569903225,5.2853308825,4.696211245,-0.10902362225,0.075841599,1.33273002,0.039170767675,0.7971485175,0.44938719275,0.46950338575,48.04214265,6.1571621475,7.5250964675,0.472436688,0.11158330775,1.7068671675,0.086167721625,0.989615778,0.8385330635,0.5251702765
45.524510274,5.8811066436,6.7944220145,0.24572998317933,0.116939611171,1.3165396155,0.061189068308,0.93762624307,0.3552147992951,0.49326556208,0.925912859199978,0.21709066260654,0.771029118970083,0.116605206977465,0.00852818075888731,0.0876146222413413,0.00941140713028629,0.0432275436528661,0.136300918028463,0.0156748742301776,43.779523775,5.48066636,5.4980526,0.0229895324,0.10023577725,1.1596935975,0.043868675425,0.83392287075,0.0578296226,0.46580794025,47.568611625,6.3431735125,8.5417585475,0.47411108425,0.13286102825,1.5002788,0.080445429075,0.997246183,0.6128753225,0.52492478525
44.805629962,5.6785321363,5.8071594796,0.1940884102516,0.108208588396,1.3063981668,0.042320821549,0.85359317725,0.66094045022,0.47423723226,0.891109012570364,0.219264071818633,0.683757878154462,0.134340968251981,0.00864412317147877,0.0874054094679793,0.0112874658242591,0.0945587910294938,0.118897474426012,0.0143121312996687,43.0446417,5.277222965,4.6415909725,-0.070674659575,0.090789184475,1.14386601,0.022133249875,0.64118764175,0.4502155835,0.44727834675,46.630629125,6.11068649,7.3050700025,0.457742013,0.12379213125,1.482552095,0.0667003463,0.993386104,0.909264521,0.5032194365
44.625332647,5.620959234,7.4837520466,0.0705472954734,0.107149384692,1.4812800641,0.053005118248,0.90377464542,0.29515757747294,0.48988479769,1.12599630372397,0.20528412159176,0.824646129274559,0.119607757188817,0.00829252820158592,0.0878849569859526,0.00909608350455706,0.0604658267164754,0.136894251544188,0.0147905039236661,42.418599525,5.2396464125,5.9759234575,-0.16185330925,0.090418469125,1.3095718875,0.036074818225,0.75986091525,0.019966370175,0.462833489,46.931133,6.027217925,9.2828458125,0.314185696,0.12285517975,1.66005723,0.071665648625,0.992765966,0.548946579,0.52038126025
45.343617502,5.7348454255,6.9794582084,0.12598573114939,0.100732900382,1.4944632103,0.063695679792,0.93361591933,0.462885044434,0.49724888098,1.06362508678471,0.193337190261025,0.763321508104872,0.132090963955886,0.00913491210338188,0.0925453503233,0.0111235599230922,0.0397693267274241,0.116289152152572,0.015446001499181,43.359864525,5.37844057,5.6592621125,-0.141889869,0.08251198795,1.3329854075,0.042570772525,0.83976567475,0.23238120875,0.46869233325,47.405481875,6.1343688425,8.57041601,0.36537729325,0.11824831425,1.687432645,0.08696533215,0.99234633175,0.69481011625,0.52973197475
45.164348728,5.7099391696,7.3068106206,-0.056226307359974,0.095998594531,1.3678712708,0.056183721931,0.94247487729,0.65009080895,0.48397373617,1.10252310860886,0.215932409308489,0.858806095385278,0.148956463886821,0.00937269594104903,0.0882626284783681,0.00949992735667473,0.0435281732284581,0.117517820575755,0.0147668282282111,42.96488675,5.3055018175,5.853811325,-0.36754376125,0.0771141346,1.204748935,0.037499533075,0.83317387075,0.4409080995,0.45587266025,47.28192785,6.1367536625,9.26920883,0.2365010135,0.1155780715,1.55630223,0.074661965675,0.9968226455,0.89781460475,0.5125087185
47.671794732,5.51364595,7.2107449773,-0.06359029290939,0.10252586436,1.3499972635,0.052553799672,0.95007738886,0.45272547198,0.49850353975,1.04179356795641,0.203883433627589,0.701161563829351,0.15121498659436,0.00881004576615899,0.0843549020566008,0.00770668135779253,0.0352314931334031,0.116239545994382,0.0148663245519696,45.56882065,5.109455165,5.9179729325,-0.360673513,0.08527971235,1.19240584,0.036036159875,0.868321295,0.2321175455,0.47252633925,49.7102332,5.925863335,8.70027372,0.229620191,0.1201445725,1.51665565,0.06830810385,0.997330584,0.69515433825,0.52831905275
47.41629378,5.5482982578,6.7111071978,-0.143061275685626,0.100101481226,1.2780814991,0.049810887299,0.86715011285,0.6042724778,0.52028505149,0.986780384090435,0.209868003667544,0.790341105893246,0.156266722560841,0.0094419179618132,0.102109263561314,0.0103277153254152,0.0708663978469666,0.119306014105187,0.0160412995223628,45.483986025,5.1524932275,5.282458995,-0.43975833875,0.08145966965,1.1018896,0.0293109688,0.71190135425,0.38141593425,0.48947414425,49.5827213,5.97259387,8.316475495,0.16155136675,0.11769464575,1.4857163475,0.069321571,0.9724105745,0.8517177435,0.5539086175
45.272967051,5.0710240541,7.4318267314,-0.00360599343117,0.104428882337,1.18174230434,0.049705125662,0.88887764268,0.67465698432,0.50395860672,1.08701069821593,0.181508970808532,0.805214909510356,0.134296219838119,0.00852929631522702,0.0757980338947112,0.00879186620732911,0.0663948284853246,0.113728319622444,0.0154854690286018,43.19932205,4.73670062,6.1696627275,-0.2758324655,0.087830495125,1.0458764725,0.03177045035,0.74793517925,0.47740511875,0.47294252,47.490925025,5.4443857175,9.3096695675,0.23736693625,0.1213855245,1.3386321125,0.06685581145,0.98809825425,0.92223766,0.53287805
46.889094783,5.79037767,6.987020017,-0.09446421461268,0.089136157371,1.4134279166,0.053117231559,0.93056721215,0.334010907818,0.48352983608,0.975788141988693,0.20791701285547,0.733556176839771,0.124583818407747,0.00775894661812415,0.0885399884686275,0.00788258031061588,0.0491346670555315,0.0990314622400368,0.0127040321243797,44.954783125,5.38078656,5.7634658625,-0.33964300225,0.07401263625,1.25129934,0.03861949665,0.811836931,0.14897789025,0.459846398,48.675434425,6.22209977,8.73878263,0.144799782,0.10389343425,1.5956051825,0.068341654625,0.99446949,0.5417276215,0.50828623125
47.669291092,5.5254852224,6.0734989101,0.04298084907792,0.110033645501,1.342401426,0.06347004636,0.96143633135,0.57335803857,0.53637741707,0.906286065332302,0.209382239889499,0.705754294023042,0.152802034895669,0.00930529894958854,0.0950091537642023,0.00826893895264039,0.0274512603434047,0.11860649150042,0.0170370331848793,45.909902,5.1560757925,4.878126685,-0.25817923025,0.09107399955,1.1759427575,0.04942524345,0.8948007065,0.360627668,0.50292239425,49.467238725,5.9416523025,7.6096979425,0.35154416525,0.12754222025,1.5471027725,0.080572017025,0.99818327675,0.820303264,0.56994761025
45.905322772,5.9072289707,7.8025876597,-0.12419449041094,0.082487154802,1.4742330116,0.051517108145,0.93464889082,0.55575331334,0.51549631454,1.12545770153668,0.216621010731351,0.832167543832647,0.154965800953347,0.00926104041387884,0.0866947634575282,0.00891168750354453,0.0506847079203618,0.110525108074201,0.0163139364982482,43.6654043,5.5193183075,6.39999757,-0.41784138075,0.065609710975,1.3164246375,0.0352432733,0.81336791175,0.355903503,0.4837147825,48.031143025,6.3331162825,9.6402150775,0.200969889,0.101130632,1.660470205,0.07087363415,0.99647515875,0.8101825325,0.547693053
45.897004767,5.5965931942,6.9907272976,0.109044522651731,0.119634045424,1.2953470805,0.049937722598,0.96085194546,0.53586099999,0.46590809552,1.03473625788234,0.199009732758915,0.754412654172826,0.132568068551019,0.00808373186373344,0.0772831628296471,0.00685391426316137,0.0370346422361364,0.109935037294117,0.0128311611274273,43.983813625,5.2244084975,5.705076105,-0.15222690275,0.10343137575,1.15211732,0.037750223,0.86250233675,0.329664597,0.44267768075,47.9666465,5.9855741125,8.75360674,0.38692253825,0.1359965805,1.44924034,0.064134082875,0.99909430775,0.76374503975,0.4916843645
49.242234205,5.4861785786,4.8931472386,-0.04760526869078,0.092386564946,1.3825122511,0.049482835175,0.90761278029,0.71536701207,0.50316320391,0.807235531529231,0.20057289313074,0.602459346184448,0.170619113322102,0.00999638639017019,0.114429067577521,0.0112048579165137,0.0621782076606566,0.120315477358215,0.0154158703807031,47.647093225,5.1143052425,3.877479215,-0.3872511825,0.071264852175,1.1866285025,0.028584412275,0.7695259605,0.49570099275,0.47531052025,50.784821825,5.9083095725,6.1265994075,0.27821187225,0.11108740925,1.632330035,0.072903688975,0.99293966575,0.99032316775,0.53588270125
44.373089188,5.6018886121,7.1220063689,-0.161296817754256,0.093665130356,1.2983585168,0.057685708404,0.93712046975,0.52310724366,0.50657993119,1.02520294199742,0.200791834479226,0.723999097184158,0.12415757353785,0.00892390305120951,0.073731854767499,0.00814677804771489,0.0443433599087162,0.0952675247430497,0.0148234009051747,42.3517748,5.21718379,5.8304989225,-0.39808203375,0.076153595575,1.1558878325,0.04266450565,0.830596551,0.34568510125,0.48043034325,46.41488175,6.008657235,8.64513485,0.09152239505,0.11097065375,1.445957885,0.074221663625,0.99535744775,0.7265907825,0.537213383
45.855879719,5.8649575014,4.6252050676,-0.24053200476957,0.084935743531,1.4196816622,0.089756662028,0.89540622982,0.60054502483,0.48364993721,0.728156899049597,0.223483182312034,0.547087343333902,0.172705603344991,0.0123324405776197,0.099523719597758,0.0120138247342192,0.0468362286848815,0.114932970654572,0.0142202132248651,44.4625298,5.471977235,3.6474973575,-0.5770253335,0.06066541495,1.2258572775,0.064371830625,0.7827119805,0.3946726305,0.45855807975,47.344371975,6.2980557925,5.7284835225,0.095960482,0.10746068425,1.5884953,0.11034029725,0.965849733,0.8344224855,0.51262924775
45.462576187,5.7960723103,7.7308573916,0.0343631393226,0.105335366483,1.3406548105,0.055582925469,0.96110783497,0.63374693733,0.51111328888,1.1696831348833,0.207423563412118,0.817363919770032,0.135926851563681,0.008140050815441,0.0830128585690483,0.00904218884300489,0.0327779579034836,0.107878280880374,0.0143034893679891,43.402690725,5.4038599825,6.34428245,-0.24241314125,0.09058626145,1.1920655225,0.038922669375,0.883100802,0.43449384075,0.48523636325,47.8653224,6.222466745,9.369640115,0.29554730725,0.12211516825,1.513101775,0.0737253778,0.9985643835,0.85239163025,0.5415844745
45.469916048,5.5875014779,8.1478367663,0.02583116802188,0.097040203941,1.3330989483,0.050164645274,0.86648012652,0.54443314125,0.48428040603,1.19462686001944,0.207592096728562,0.856767807932597,0.130036933156004,0.00782875369230181,0.0820276614535477,0.0093296017453023,0.0628997467582195,0.108994979511595,0.0139977103110572,43.2618134,5.1887196025,6.57373249,-0.2213058705,0.0814172827,1.1801021775,0.03289333615,0.73195418875,0.35819311225,0.45837106875,47.8316367,6.00590963,9.9313073125,0.281470397,0.11199619825,1.49741053,0.068834084225,0.96488156725,0.78258774975,0.5116579025
46.897056444,6.0699948989,7.6622251119,0.02515709318781,0.084655928496,1.2844951515,0.034947196129,0.91282394866,0.53315836332,0.52658150214,1.13991746759217,0.23456538456044,0.833966096631876,0.144573718899794,0.00821429639705955,0.078796271561031,0.00775010119767808,0.072898935526855,0.102533183562168,0.0153433245321597,44.71754865,5.63323205,6.174405785,-0.2434579485,0.0697447501,1.137623645,0.02186378405,0.73565144375,0.35015476475,0.497302491,49.0803809,6.55454145,9.3993683425,0.31994175725,0.10146936475,1.4424083275,0.0521077983,0.99846054025,0.7550505185,0.55772945425
43.328707917,5.5228540185,6.1714217804,-0.02617946242811,0.077469483199,1.4009485471,0.070002325613,0.90138244754,0.65477817261,0.50063057156,1.02307243275966,0.193955089103112,0.677788372294373,0.137762434826001,0.00956247781976884,0.0866487047289243,0.0106567300371405,0.048684658271732,0.103605047973812,0.0153072003460565,41.390907,5.1448871825,5.06152527,-0.29404740225,0.059574105675,1.24096942,0.0480462274,0.7993047505,0.4787354045,0.472785313,45.532774225,5.915021825,7.5818871375,0.23312249025,0.0970205869,1.591219895,0.088729703925,0.979399228,0.880152563,0.5318026455
45.759044326,5.7299657775,6.349802628,-0.21490965219086,0.088243898563,1.4025019796,0.053261599872,0.96007214646,0.44594521081,0.50118579097,0.874488346019158,0.2038594805975,0.742271670163447,0.128018363567822,0.00795817379885698,0.0841139902229,0.00721917598685108,0.0350721140161677,0.10334979631311,0.0138574249294968,44.0475158,5.338558395,5.02296686,-0.44414464825,0.073525648425,1.2355512325,0.039895600925,0.87245279825,0.27018950075,0.4751384955,47.43535165,6.14175838,7.8517144725,0.038970092175,0.10436523,1.56901413,0.068966786575,0.9984735,0.67495454275,0.52933152775
47.560957638,5.7784081062,6.5388689,-0.0488355560291,0.104063719207,1.348378754,0.046587220506,0.9417635405,0.52572992831,0.49355349586,0.993986384876435,0.220304765875007,0.73621620377354,0.139612602179746,0.00846365364914384,0.0998332203003139,0.00916193280964866,0.0447303796191729,0.110416590602011,0.0149622840153711,45.6137806,5.372427155,5.2654285375,-0.32826403925,0.0874491473,1.1715471875,0.030323631475,0.82759106275,0.29345364025,0.4671347185,49.54313085,6.22311272,8.15676999,0.223602621,0.12055453425,1.5590228625,0.0654959184,0.99675561025,0.7537222895,0.52521142325
46.576260062,5.4451855311,6.4199390593,-0.17096344000461,0.093782378382,1.3277419612,0.047100694414,0.94686255229,0.46526822123,0.49340902845,0.983981852924267,0.203344456854254,0.67678915995736,0.141927811629483,0.00945351289543499,0.0827982583597518,0.00895126286344525,0.0491151134230466,0.111895384899523,0.0152280798271308,44.7589345,5.03973633,5.2644596325,-0.45633913475,0.07530626095,1.1788040425,0.03163441565,0.82740337775,0.2549357655,0.46505732275,48.6052488,5.8519360375,7.879884155,0.10269302275,0.11215071925,1.5024064475,0.0664656502,0.99864809325,0.68988641375,0.52376731725
47.33510197,5.8144540171,7.8957160779,-0.17942855419656,0.074643346219,1.4344906845,0.052756955122,0.88933722798,0.4751157869,0.50657563863,1.14417975075093,0.226181027454886,0.862024036120348,0.144750480982267,0.00884177234241142,0.0949572767425419,0.0129054321402328,0.0563306560359524,0.128201644297492,0.0155207124208174,45.237523475,5.401477785,6.4507443875,-0.46380372325,0.056686618175,1.2577346475,0.02849142585,0.76595579775,0.20544869625,0.47631899275,49.594450725,6.2698212825,9.986535355,0.080341262575,0.0918565622,1.641897855,0.077013039225,0.98448109675,0.72541619725,0.5373941135
47.277435826,5.832998466,8.0014405719,-0.2610573048649,0.08348963902,1.2614798543,0.046424525963,0.94762103568,0.52045377231,0.48953189019,1.15550701471677,0.2124335107357,0.849534893357431,0.126615012671937,0.00767639699845811,0.0809728310075132,0.0076343222613867,0.0397754563859828,0.0988941821837535,0.0142059477575857,44.873707625,5.42760781,6.4368913525,-0.5084979545,0.068658795975,1.115575475,0.0314465156,0.85421407175,0.34635297575,0.46157873,49.44781965,6.27116124,9.7610776675,-0.011168875625,0.0984280108,1.4331035575,0.061265737275,0.9969199825,0.73119577175,0.51796302875
46.333771301,5.877328924,8.3913012433,0.00021379225128,0.098184563191,1.4823500209,0.062917167992,0.85267868838,0.40137493158,0.50702226228,1.13059083876566,0.242412859255248,0.881029638258116,0.154067113742497,0.0104846057027998,0.115232009270012,0.0105969952974926,0.0609752484478453,0.1215315524182,0.0168453791600952,44.163134425,5.4322651875,6.8146350125,-0.30598705175,0.07712210045,1.267899245,0.0433267841,0.7192347915,0.1830641075,0.47597251325,48.5791823,6.3758446125,10.295746875,0.30573692625,0.12144193475,1.7124601575,0.084192985075,0.9527873715,0.65082264475,0.5418049045
46.683436098,5.5500817733,6.9675624477,-0.028429550560665,0.109238422743,1.2416067598,0.038972782638,0.91942625195,0.50161225214,0.49735874882,1.05103619669001,0.208130155068171,0.734524871774405,0.129634160039114,0.0080348342377543,0.0838495361836434,0.0084747216264593,0.0730790539989586,0.102848319768889,0.014476128018938,44.52534425,5.1806593325,5.57106128,-0.281586094,0.093315414425,1.0868422125,0.023571368675,0.74470892475,0.30915586075,0.47180439375,48.700626175,5.984005365,8.392309255,0.228621344,0.12480473225,1.4139462275,0.057423929325,0.9975762275,0.71696249325,0.52648515975
48.414540424,5.9774887041,8.5025314238,-0.060011649483746,0.097355719063,1.3243534009,0.060435068551,0.93927491682,0.58359969237,0.51809475174,1.21685741867768,0.221800105301115,0.894138338389507,0.147567396558707,0.00896807053720525,0.0953480937844239,0.00991544167111811,0.0370330612701066,0.116137839835531,0.0169236595955917,46.134147375,5.580152745,7.014397005,-0.363983052,0.0791368311,1.151398765,0.041287713775,0.84897137175,0.37729494775,0.48682688675,50.77824865,6.424886665,10.4626805,0.215833515,0.114398423,1.517395635,0.079856928175,0.99363437025,0.822925265,0.5544513055
45.820593951,5.6780162712,7.991327059,-0.12365436167898,0.096909938428,1.3308665386,0.047724715569,0.91505280243,0.4658440755,0.51702058097,1.1387954972056,0.208550486703976,0.866084931622988,0.142118964418391,0.00923831434561299,0.0838317333386183,0.00904667397117394,0.0541958355116579,0.101324480148386,0.0157190672740222,43.568017625,5.29668896,6.3196428225,-0.38372470175,0.07957909165,1.17766714,0.030238593375,0.78677188825,0.28661239675,0.486707135,48.087620475,6.099914215,9.7128829,0.171602813,0.11566080525,1.5044450575,0.065856493825,0.988805469,0.66213875475,0.5494412235
47.240362079,5.5056934959,7.1082355799,-0.051875181248874,0.096226319959,1.4321465602,0.048689926142,0.96077704708,0.63159119693,0.49435009965,1.0916797720436,0.210628813574234,0.742817974691942,0.16922927126308,0.00919564070243618,0.0951717055741852,0.00928236786837706,0.0299873959287139,0.107711047490437,0.014077266834228,45.297003575,5.11419392,5.8273906075,-0.39672586125,0.079140392575,1.2425154875,0.03246514315,0.88774153125,0.43587503075,0.4688800365,49.388535325,5.923326585,8.629844375,0.267698383,0.11491932875,1.6201571425,0.066802903725,0.99836621975,0.8517685835,0.52192620725
45.728671536,5.3793499782,6.3924162805,0.00717530948715,0.094052554358,1.3107591927,0.04717204509,0.89347434156,0.58965405636,0.50388730404,0.915654429499494,0.18637038416511,0.724325098085095,0.134370735260656,0.00836146973864726,0.0754770854940099,0.00914354746042345,0.0644796207229345,0.0990712162395528,0.013472431070281,43.849254875,5.0136865325,5.119017475,-0.27602744125,0.07819295915,1.1745852825,0.029512131125,0.75270164025,0.40889718825,0.4788097385,47.47371645,5.7526220375,7.986965685,0.27457472325,0.10954183675,1.46366738,0.065002272675,0.988300656,0.79694706425,0.52999836875
45.36708801,5.7859664719,6.697061597,-0.0333577090643,0.087492106153,1.2299890996,0.046929882554,0.86192641406,0.549192718,0.50490318437,0.917055450658481,0.20444481698369,0.71372549905457,0.124819336489269,0.00852943647178096,0.0708803066994718,0.0100385844523066,0.0664805629309943,0.102136256264219,0.0148702599674366,43.59696445,5.4050896675,5.373780675,-0.272526658,0.070391399,1.1043710325,0.025675976675,0.7227747445,0.35945617525,0.476937881,47.125601925,6.1879958975,8.238888005,0.19594919675,0.103827565,1.382108335,0.065554482225,0.9818865,0.75166486,0.5337669575
46.796438174,5.8129607666,7.4757708293,0.12093718468115,0.110596511612,1.3101199519,0.05066370109,0.92862405764,0.55297033908,0.50537263897,1.12865158865589,0.241146287845753,0.830540464750276,0.147749860916196,0.00956816751719067,0.0961073742304343,0.0107298665713524,0.0593395152403321,0.11597447659055,0.0156058279867146,44.464200375,5.3658910525,6.0042856325,-0.17935222775,0.09127800385,1.143040605,0.031298650625,0.770852388,0.3612861405,0.475214412,48.8699914,6.3068266,9.1987319575,0.4023385325,0.12938402375,1.5166663675,0.073869751675,0.99836413475,0.81131037575,0.534867436
46.370537644,5.4815291757,6.9264989756,0.1729208647539,0.104487602974,1.21676788183,0.046688204079,0.93790061436,0.56339194543,0.49042752988,1.02041978028067,0.203283291148483,0.725308862587013,0.136987398968906,0.00858108430443727,0.0880694302632096,0.00861224388059828,0.0445848991760436,0.0957334030824904,0.0143475497704812,44.4622955,5.096680055,5.6562146375,-0.1128343515,0.087246871675,1.05580957,0.03077011355,0.82981422575,0.39107497225,0.4650899715,48.687351625,5.895345855,8.4688111425,0.43333826925,0.12183355275,1.392756815,0.063845920175,0.99634591925,0.7593951175,0.520657394
47.618143068,5.6548786612,6.9127509204,-0.08593519807541,0.097889032664,1.3082638902,0.038984436217,0.90554563427,0.413516787108,0.50351197382,0.967970924996098,0.205200778086721,0.73361046788307,0.133132676338051,0.00782298318154594,0.0823041366829282,0.00807800546129832,0.0650988872721243,0.106556506067082,0.0137563314106025,45.676933175,5.270186,5.589766615,-0.3503434135,0.0823812147,1.1591862975,0.023674764025,0.7526001255,0.2201984585,0.47710078925,49.606825775,6.0659687575,8.2900821525,0.17226693425,0.11270758275,1.4835365875,0.055445028775,0.99372677625,0.63277261925,0.5287896465
45.908994423,6.1684606308,6.0380492978,0.26003881369326,0.10982900972,1.3540143542,0.056347142361,0.94309692103,0.43544098093,0.49931316269,0.907419898820944,0.234067234450109,0.664268498359421,0.131497752090287,0.00875322557318885,0.0916628032158673,0.0111608338421771,0.047462800489887,0.142091793690634,0.0159306735787838,44.141049625,5.7305333625,4.8986468375,0.00668994968150001,0.092444021575,1.18957067,0.03874732445,0.82534327375,0.1200664875,0.47024732025,47.6461629,6.617314205,7.3751197425,0.51600732975,0.1269868555,1.5485738525,0.081397011125,0.99775286875,0.72385375725,0.532466292
46.825879535,5.9343540521,7.2042168104,0.181466131347259,0.106532322316,1.3629165701,0.046356309475,0.93318591172,0.62254296098,0.50433101361,1.03864974361827,0.21192156841401,0.790647150010298,0.151049740331804,0.00855169915936903,0.0901006781651008,0.0085051251065464,0.0494461293176281,0.110267272731009,0.0134879957810152,44.823489125,5.511822315,5.818246835,-0.103032735,0.0901398457,1.199351625,0.03061123565,0.821311276,0.42629244275,0.477793618,48.872919575,6.3585672725,8.8944865375,0.46010801275,0.12331895375,1.54341957,0.0642516375,0.99744265475,0.86077217475,0.5305520725
45.543847799,5.4790893218,7.296165531,0.03592696342184,0.100465366732,1.3927067217,0.046378701069,0.95535210947,0.3607244813636,0.50586581353,1.10602789657217,0.205279599196682,0.766152451411084,0.11575552849765,0.0075298445228759,0.0821155915910761,0.00697672019356546,0.0441442325287195,0.129299372960454,0.0143414111812077,43.29653695,5.1042934975,5.9476927125,-0.1771164395,0.08522939365,1.24394322,0.032869826325,0.8364269625,0.101340565175,0.47815282975,47.680223925,5.920697925,9.0095359025,0.2633169225,0.1149035675,1.5568347025,0.06051634175,0.998574277,0.60835839525,0.535120711
44.11180385,5.6893998249,8.4284799305,0.27410827721881,0.107318163892,1.4286037248,0.051334311306,0.90647168826,0.2782164108982,0.4987242097,1.28215759237229,0.217217014695071,0.897256623219811,0.112398041345455,0.00757626179330037,0.0822744061552029,0.00919153841051762,0.0578955454113209,0.127598583684686,0.0139302444621601,41.659013075,5.3009601375,6.918339175,0.049994833225,0.0926117342,1.2803471375,0.034195029925,0.7824370405,0.037719197875,0.4713447485,46.597668825,6.151868305,10.45967095,0.50499761475,0.12220037475,1.5998198675,0.06937227195,0.99500650975,0.552257886,0.52663207575
47.246676249,5.614894802,7.1945415339,0.08026554274883,0.101323093974,1.2674005496,0.04275022411,0.91816412549,0.51069089058,0.5061903173,1.01214247665384,0.192625945019294,0.820544450772634,0.142917295083342,0.00883737310772958,0.0865461083248946,0.00901801344017869,0.0632119894268635,0.111235331779379,0.0161795590227038,45.295542675,5.2489314775,5.72690207,-0.20850772025,0.085197763175,1.1158470725,0.025751165825,0.759897037,0.29492579425,0.47559183125,49.21844875,6.0119403075,8.87266228,0.3556939765,0.1200912235,1.45621015,0.062536391075,0.9971298445,0.75106049225,0.53867677775
44.364036506,5.6914619438,6.0609216408,-0.093541524485019,0.101515122822,1.3365719244,0.057195418715,0.75365969305,0.32252454812794,0.48706327168,0.851678256995247,0.219998821828941,0.693497061303684,0.113170257538742,0.00938628414642688,0.0833515384840025,0.0162977242530135,0.107485212695504,0.139182871136359,0.0146638956118018,42.656781275,5.2994813525,4.8347308375,-0.30611939575,0.084416154225,1.18016221,0.0282562555,0.5174761825,0.022242077425,0.45928210875,45.99262895,6.134365375,7.497533195,0.131781693,0.11996123175,1.49787829,0.08776380555,0.96046972725,0.58476212175,0.51522484925
45.874517381,5.7818247901,8.2110409135,-0.131099547002366,0.089919815456,1.4626593612,0.063731301346,0.96161892919,0.49525385342,0.48129192714,1.18521020981853,0.203263045810115,0.868201500963648,0.132903614947163,0.00782688449910325,0.0903525431571384,0.00845444393345271,0.0240084582666135,0.0983529653635313,0.0134342016250677,43.575773825,5.398057665,6.710386815,-0.39673905775,0.074874042575,1.296522325,0.04780940535,0.9046006475,0.31996029525,0.45646796,48.314916925,6.17574311,10.11025395,0.12500412825,0.10492183125,1.653667955,0.08108037665,0.9958662325,0.69746511225,0.508925493
45.129671453,5.7372150986,6.8301977485,-0.18114473681572,0.095446332203,1.4327342379,0.052860839003,0.93980317465,0.4027566938654,0.49632215634,1.05170018341118,0.223690509255931,0.732343189826431,0.132823516816938,0.00895549843675417,0.0901311393280518,0.00886426748808512,0.0468921680137824,0.119650310369005,0.0155449519042683,43.091686875,5.3351381675,5.5262504975,-0.452573919,0.077342846075,1.27027211,0.036902440275,0.81866172,0.15744810775,0.4674017525,47.2612225,6.210700635,8.364118395,0.0628255482749999,0.112675043,1.62220467,0.07096255755,0.9972628465,0.63264184975,0.5279909475
46.757134423,5.5267498354,7.020179913,-0.12390922544068,0.095018079867,1.413083788,0.044352288441,0.94125607296,0.50025794127,0.49491500528,1.03462739986095,0.192116497827666,0.742866574280865,0.143678569848335,0.0083780555702342,0.0809839952326671,0.00823482780450754,0.0421607501909344,0.093728348693236,0.0142804603465021,44.738833775,5.167227085,5.7636076275,-0.40209541475,0.078550941975,1.2656951625,0.029526010975,0.83677035,0.32538793025,0.46753788475,48.64953525,5.9162370875,8.6314267025,0.157175174,0.111182045,1.57741338,0.06101484735,0.99748288325,0.69970747375,0.522395815
47.613143489,5.5263724515,8.5408010555,0.13131054371693,0.111088207973,1.3107401608,0.046354999771,0.91027109975,0.3792022925992,0.51537833689,1.3229508000115,0.217843530243485,0.841231846211759,0.13131285723585,0.00807208628457258,0.0994173921741765,0.00932557547338194,0.0510513072785994,0.133193723948909,0.0167323112952625,44.7989192,5.1262312325,7.00695357,-0.11471000575,0.0962296413,1.1304257325,0.028707597025,0.7808087205,0.061531547075,0.48472916375,49.9649114,5.9869998825,10.236530525,0.40546531,0.127917378,1.5283573675,0.0643813925,0.99048267125,0.6272617895,0.5480834415
45.553107666,5.5538967293,6.1956919838,-0.037782561416,0.098923586707,1.5758247473,0.062189048081,0.96181013278,0.46053848162,0.48925814159,0.889757416697826,0.184783575918188,0.664892091155468,0.124147531101447,0.00818761006622306,0.0963580015250801,0.00950481834040668,0.0315945260995188,0.105107743018332,0.0134956079322215,43.8387187,5.214903565,5.06706749,-0.274869703,0.08294363955,1.409947585,0.044837625625,0.88307849575,0.264277853,0.46228093325,47.38279515,5.94886309,7.615360535,0.20805439,0.115343415,1.777664605,0.0820168082,0.998240914,0.6711256175,0.51627167975
43.955934504,5.6988843191,7.3102594589,-0.00579788163168,0.090196531705,1.2608128051,0.054491335149,0.81063620505,0.346884108138,0.50580353413,0.989092982219356,0.194886162778524,0.78315946005738,0.112690971562302,0.00819375967550607,0.0739705471202178,0.0107200006254172,0.075280508361157,0.110930213488293,0.0152069633877434,41.956147375,5.3380799775,5.9318512725,-0.2125047515,0.07380186445,1.121370565,0.03284117735,0.6344379125,0.13974524425,0.47682671475,45.836583125,6.08697941,9.0671304075,0.231937944,0.1068503915,1.4113656975,0.0733743686,0.92881692125,0.58500369575,0.53555985975
46.239922416,5.9069748817,7.0462787038,-0.12868513467082,0.093459986279,1.3043409367,0.046004654615,0.88689641072,0.60563358931,0.48604697595,1.03524393352884,0.203153172528027,0.760518783606427,0.138259296152063,0.00799680850490646,0.0897956466927545,0.0109171171501289,0.069600072868738,0.103387864661159,0.0129898143118969,44.205695975,5.521668085,5.690529915,-0.38953151725,0.078009456125,1.14219364,0.028257838975,0.72627504325,0.42195263375,0.462839293,48.330022475,6.3256662425,8.759904565,0.1376370505,0.10853711475,1.495558755,0.070961359475,0.99451920375,0.8452108265,0.51319887525
43.566276302,5.6986265224,6.670690089,0.01982387915644,0.104295344712,1.3435859565,0.036894853362,0.91251632553,0.29167194379293,0.51689772806,1.00812992938033,0.194560452861024,0.753358751696191,0.112513043525456,0.00793931826893365,0.0754318718126728,0.00804877048498736,0.0685323466252262,0.128146284561911,0.0140590218511607,41.50870405,5.31954057,5.3176384975,-0.20475841175,0.090214616825,1.2054356475,0.0226186065,0.75263171375,0.040792430025,0.49052084925,45.51021105,6.0933628825,8.35258576,0.2430383185,0.120042166,1.4944553775,0.0526631273,0.99588769425,0.53296899625,0.54549885525
45.156132727,5.8021421365,6.7046142172,0.15796353739387,0.107430450025,1.4162326201,0.064514935197,0.93404930737,0.2506863771553,0.50886501349,1.00295434025059,0.217967941370055,0.770303624855825,0.108373708955645,0.00818519361704908,0.0834363111526348,0.0085914539357282,0.0423633512597627,0.118681104596331,0.0147343006536881,43.176121175,5.3811349975,5.4008821,-0.039747967425,0.09140728635,1.26001122,0.048700427175,0.83580390325,0.02575932045,0.47962773725,47.14070455,6.232071765,8.4502007125,0.368057803,0.12388760325,1.58646834,0.083211052725,0.996612451,0.469594335,0.537824747
44.388845869,5.6799097828,6.6702439872,0.15795422574298,0.100186389731,1.3435834473,0.046577448321,0.88502234731,0.57761928717,0.52431572258,0.990338386230353,0.208838752734623,0.777644079596424,0.150107512623453,0.00992064162935487,0.0975320210248953,0.0123971983456815,0.0773597299477081,0.118422548637783,0.0156635257915211,42.544186025,5.26681245,5.3905586625,-0.1237576525,0.079097665175,1.156587765,0.02394885025,0.70452273,0.36214505975,0.49475236625,46.356293075,6.10064507,8.4292207075,0.442815347,0.119635567,1.5303558775,0.071363642,0.992186722,0.83060176975,0.5559142075
47.038062846,5.6887907544,7.1654638229,-0.0097139202773169,0.09905685435,1.4273359357,0.054797089951,0.91945504612,0.43563173413,0.49480025819,1.18043185975197,0.212406515046811,0.796290647640411,0.135074490638942,0.0083169567288866,0.0845753217508461,0.0100374505166385,0.0417895659677379,0.103206392060007,0.0140031868894932,44.81272445,5.28415839,5.75725095,-0.29048762275,0.082603340225,1.2753789525,0.03695624435,0.8287575165,0.2496269175,0.46889822875,49.583076025,6.1277210275,8.8647035625,0.25682961625,0.11482579575,1.612384965,0.07552444625,0.98959096925,0.6484297525,0.52469273825
44.714590777,5.4721164712,7.7487839386,0.05048874753086,0.094048917197,1.2971318407,0.047192366593,0.86005538412,0.65472797283,0.50447221064,1.14060734376723,0.212077685366106,0.868592247465792,0.150910607587983,0.00910898744854612,0.0863610917419013,0.0119888475944523,0.0739778101199402,0.128623848292245,0.0139264199781984,42.306302775,5.07093591,6.2841562575,-0.24134289575,0.0779456863,1.13458313,0.026403204375,0.711850849,0.43149419,0.477380863,47.029498,5.8974230525,9.67212464,0.35974373625,0.11414833475,1.47896857,0.070968150675,0.98755599275,0.9327959935,0.5310495715
45.50772517,5.9061431401,7.9497717347,0.116923546451465,0.107768373667,1.28938186765,0.062217635955,0.8831205321,0.63476012859,0.50963850712,1.20673310158776,0.20004839686994,0.860150803506849,0.139241392297956,0.00900264030600982,0.0785898387821049,0.0100391595515487,0.0581278166184114,0.110735858685341,0.0143672289711108,43.077559975,5.5213106675,6.392807575,-0.15644309725,0.089640884375,1.141404295,0.041824040775,0.756280969,0.441311781,0.48323217175,47.75754645,6.3205960075,9.7510232525,0.38148611,0.12506104225,1.4671312875,0.08151714295,0.970914286,0.86847069525,0.539609123
46.357761897,5.6587265947,6.7325888591,0.05018327596709,0.104196231582,1.225527055,0.038371910315,0.85201779941,0.5158505903,0.50779844318,0.939938231612827,0.19594947831539,0.777976099446166,0.112297547434701,0.00748054056710486,0.0705461352819923,0.00969776200044561,0.0873676307541761,0.0916653998446965,0.0133258312269625,44.650630775,5.321966545,5.4442043,-0.16586109775,0.088580006275,1.0923277625,0.0206413697,0.659803787,0.34824863425,0.48090260875,48.2175075,6.0975703025,8.5191285775,0.275694259,0.11885809575,1.3780691725,0.058759434425,0.99064633525,0.703129816,0.534709716
46.045990472,5.3075135125,7.0939537189,0.2791050874602,0.10361919115,1.3075538782,0.058513385099,0.85048724645,0.60767737065,0.53360617142,0.968876655692215,0.206919208249777,0.771904849322534,0.145174666341191,0.00927894396708451,0.0920681841629657,0.011806715263627,0.0637401536140853,0.116915115839751,0.0169201798559279,44.1625113,4.8962812275,5.846981395,-0.00623257019749999,0.086121158075,1.1464886525,0.03511786515,0.70125024675,0.38581864875,0.50229314925,47.968361375,5.7143802575,8.88347726,0.565004016,0.12265711075,1.491085085,0.08015268525,0.95080463125,0.8470915525,0.56719882625
46.111139461,5.3874663933,6.3909300015,0.032369118623489,0.102925055516,1.3226220331,0.052317264062,0.96396325733,0.51413185033,0.51211178585,0.986454522655663,0.193979193891778,0.667547354014766,0.140190323564377,0.008855229804067,0.0963022562672753,0.00884844646368387,0.0339491343391518,0.112836709444946,0.0160433636650918,44.20786275,5.039405315,5.2206904,-0.22885800475,0.0856320551,1.1519810725,0.0339818717,0.8623743485,0.290058914,0.480624404,48.011909225,5.809348805,7.9157480025,0.332458619,0.12156622125,1.5403022875,0.070406422625,0.998936787,0.73999011275,0.54526702275
44.862906847,5.8035699956,7.1177239806,-0.138262175859413,0.095920775554,1.269205037,0.05315015439,0.91373326954,0.64166959375,0.49307986473,1.01601954912815,0.196167354536754,0.761405305789257,0.132086519266941,0.00760095586670991,0.0795341354422536,0.00835324254527406,0.0503375778520406,0.108289448214065,0.0140237966716501,42.754085075,5.4295226425,5.75019922,-0.395220249,0.081069428125,1.1186061475,0.03650591605,0.80664123675,0.45481731125,0.467547681,46.6693876,6.1831706175,8.7911378925,0.1351343535,0.1114459335,1.4316793125,0.069735014675,0.98782992275,0.8601305195,0.5211516485
46.738148576,5.7346862465,6.6374536373,0.08068773547181,0.103554711271,1.3118722451,0.050536455935,0.94026671703,0.54386206085,0.52350031239,1.00658344188348,0.205982036219644,0.724502524504985,0.141386503292451,0.00901650083328254,0.0963996444707797,0.00865844078527262,0.0474592672042845,0.109658403365429,0.0152884625906755,44.78494885,5.339206045,5.4029667275,-0.20982457125,0.08679593475,1.13626264,0.03417828255,0.82636478975,0.3490725525,0.4953867,48.736597225,6.143909385,8.18989052,0.33533388875,0.120699659,1.5171856525,0.06805598155,0.998151367,0.791873404,0.55479499625
46.732011443,5.6190959874,7.9455951139,0.20038431783932,0.107639933474,1.448572336,0.05774137259,0.95886187362,0.3741250740203,0.49587164388,1.16856461385142,0.205788213184274,0.871138579534197,0.127463531647788,0.00820531140987547,0.0989299243613948,0.00845060777346905,0.0357137092101488,0.133766002751668,0.0140462581600451,44.60106465,5.2257718975,6.4637757975,-0.058970253825,0.0913018783,1.276544565,0.041516525,0.8663476135,0.0956934107,0.46830648875,48.9866935,6.0331966625,9.759631535,0.45272542325,0.12398771975,1.66862389,0.07596523895,0.99911676675,0.632735228,0.52384320625
45.992804707,5.7945902968,6.1145167555,-0.172026771712,0.099125659742,1.3088747191,0.056781048931,0.9302966152,0.54150819619,0.50763572542,0.953916564883258,0.198990235577919,0.654134575401402,0.134012824664838,0.00883939606451835,0.082592503833764,0.00919060713860576,0.0446760972604964,0.104947648301252,0.0148244769308339,44.167627625,5.420017715,5.03382531,-0.426571956,0.08200143515,1.15876238,0.03972518495,0.82219760475,0.34712681925,0.479469979,47.71500055,6.1710594975,7.6436964,0.11117111075,0.1163112425,1.4893536425,0.0757235464,0.99354610725,0.7630900835,0.536713722
49.295244423,5.2537184919,7.4701257497,0.107217554349115,0.112919232636,1.2373952074,0.053113942275,0.91645783143,0.56920055801,0.48117084771,1.09508825508176,0.194932007824195,0.739733445237668,0.137303349689665,0.00789399966397768,0.0909929200121502,0.00695788810184242,0.0401457621265169,0.0947640922704322,0.0130783081757239,47.19524175,4.8883706775,6.1498181675,-0.17447750025,0.097528988725,1.0652769925,0.039282243325,0.8238721045,0.40228843675,0.456303207,51.369126675,5.6571774975,9.0879660475,0.363620516,0.12877330775,1.433003865,0.067629891425,0.9800063515,0.754644353,0.5075777845
46.460339806,5.9090648699,6.4652947667,-0.19011417709403,0.091057614667,1.3422556575,0.061373731157,0.88832131818,0.60404664716,0.50426774684,0.982402884792409,0.209856150588649,0.721185979765431,0.155022887542224,0.00935576384923854,0.0907762939281055,0.0118157924923978,0.0489031072999848,0.105993406103701,0.0145702954800983,44.4848125,5.5155092175,5.112583885,-0.50350741575,0.072192723675,1.1783023,0.037329408125,0.7799394425,0.419847659,0.47626178325,48.424929325,6.330680065,7.96207478,0.12680421875,0.10976782725,1.538510545,0.084975935775,0.97894156125,0.835454344,0.5329387265
44.22691141,5.4774738522,7.2437527035,0.03010896256482,0.111666304713,1.3143980761,0.059282234644,0.87779969076,0.401839610854,0.51342629836,1.07624657387114,0.22432148884004,0.79172738611302,0.137708820293994,0.0101962432387156,0.0936908355549436,0.0114354344564824,0.0720722884656865,0.145938139924355,0.0172560119543689,41.96798545,5.07686516,5.8882195925,-0.248738404,0.0917574392,1.140708585,0.034136125075,0.71893924,0.09697170565,0.48057516575,46.2107387,5.9413154225,8.97238515,0.28751611275,0.1313795185,1.508931145,0.0820177287,0.988277651,0.7119730925,0.548155846
45.490332687,5.3084886493,6.8786026903,-0.0153050355005,0.106603590823,1.22471391047,0.062155453828,0.82666570912,0.64708851988,0.49034122525,1.06360140262779,0.212176524038235,0.795434726607452,0.143406469866982,0.00990389566914018,0.0853262165647611,0.0107016967098405,0.0705474607306866,0.107224730040061,0.0158643928604854,43.5175234,4.888063205,5.5394357225,-0.27898492075,0.087623095425,1.0640963725,0.0415851147,0.6607343725,0.45458959175,0.46125766675,47.495696875,5.7296478475,8.657745555,0.2616692805,0.1258843025,1.4037004375,0.08218288885,0.931148385,0.86882210975,0.52056930825
47.246805263,5.5656069877,6.0544178165,-0.02421100051467,0.10188956041,1.3774641553,0.059929463768,0.9043412775,0.4862230058,0.48473630381,0.934883482715586,0.209204222863448,0.674702556015731,0.141155043877105,0.00923265069680494,0.0805073271369404,0.0108192283133718,0.0503455093028391,0.0938676161835076,0.0144215556231954,45.240361075,5.16642576,4.833736545,-0.30983944025,0.083738652275,1.2290742325,0.040434466025,0.7998029115,0.31080508525,0.4582134155,49.116690325,5.9665097125,7.4975967225,0.253505185,0.1198515615,1.5416031475,0.082044522075,0.98857189625,0.68247698775,0.51440398575
44.615649769,5.2106194388,7.6870499068,-0.0318968322632593,0.102436427305,1.2688253479,0.0443878128,0.92299163111,0.3516956954914,0.50860314952,1.07679470547358,0.206176639224113,0.862977331438767,0.124786864219834,0.00902106365123906,0.0765820229272237,0.00945899075244742,0.0636579881258207,0.142997538847968,0.0171936373530265,42.493763675,4.848243275,6.073587085,-0.2903308765,0.084068505,1.13346537,0.0270209308,0.77422396625,0.040457692575,0.4751586415,46.694212375,5.6257632775,9.629461145,0.19549199925,0.12033163825,1.4197688275,0.063080638075,0.996845962,0.63793133725,0.54179752775
46.662324641,5.8696821428,6.9658637637,0.14021882350839,0.099384703629,1.2607844627,0.056397949974,0.91613342133,0.22126809955232,0.50105083735,1.14317730858297,0.228321656267552,0.756897533081972,0.106942619858625,0.00807108541385202,0.0907662591904245,0.0102992689148542,0.0430722758922565,0.133918701937573,0.0155411549064243,44.364031725,5.445482305,5.722285285,-0.061034053675,0.08333431135,1.1023140225,0.038569439775,0.8148328255,0.013153848625,0.47199497525,48.805499125,6.3536116975,8.636639225,0.362297231,0.1144719005,1.4514557875,0.07685546425,0.98526326,0.484025221,0.534361542
46.823333938,5.6091961417,6.4475372893,0.121076297832177,0.092916244592,1.24114927111,0.0366163055251,0.77579125834,0.44954017688,0.52536371151,1.0038927010988,0.206309958572516,0.723469640328055,0.132595237448058,0.0092984766884342,0.0865493007736951,0.011936412664644,0.130939188772821,0.120121443430489,0.0147789423968448,44.8576624,5.2339113625,5.1640497925,-0.13847253075,0.0731766475,1.084920235,0.016616593925,0.50034289975,0.20254387125,0.498723444,48.7443371,6.055836165,8.0008776975,0.375260962,0.110780584,1.41945226,0.05994245865,0.980376357,0.6680594745,0.55474835875
45.780568103,6.0094067165,5.9654363174,-0.07881193258641,0.097376772859,1.5639503177,0.071039142277,0.93878616094,0.52111050078,0.50063915455,0.893961550044097,0.225016865540279,0.696009725520526,0.140866562569867,0.00939444438482944,0.101530707718444,0.0110344363122946,0.040276151412236,0.113388740510529,0.0156112279976572,44.131838875,5.5642768125,4.753287025,-0.34667566325,0.0793064335,1.38246285,0.051481513725,0.84802634575,0.32096417275,0.47189191925,47.59625385,6.471652375,7.39412703,0.19701441075,0.115220156,1.777621145,0.094081618825,0.995706058,0.76624234475,0.53394087275
46.216042022,5.7158640204,6.6910813161,-0.00411230337229,0.1027847232,1.2826182957,0.060487949966,0.83085930666,0.46268696962,0.47949078788,1.01048678501562,0.209265649624385,0.687825998335979,0.128472202926107,0.00864476399864279,0.078756772393452,0.00872112337405334,0.0662726845032498,0.0980646068868061,0.013275829946531,44.183676675,5.2886757325,5.5270612575,-0.24926271725,0.085771726525,1.1249528425,0.04358684215,0.688403921,0.274632848,0.4544646925,48.19595295,6.157167735,8.1629651975,0.24892136725,0.11988880775,1.436472685,0.076685768525,0.93669912575,0.6590678305,0.50706034225
44.528776046,5.4616792961,7.9729484644,0.08485294983649,0.101341125945,1.4400272084,0.050727383628,0.8722045125,0.2947182775729,0.50083910533,1.19303915634797,0.208520094456232,0.830189650698375,0.117141470655819,0.00838460072855376,0.0834595881146911,0.0114731421985341,0.0717053947427495,0.146712949070043,0.0144612062527056,42.24393795,5.0560115125,6.5073763125,-0.1423069135,0.084295096575,1.287285365,0.029833016325,0.71190461275,0.022417076325,0.4739907445,46.81517455,5.886177465,9.67573917,0.3107296035,0.11739637625,1.61980504,0.074346131725,0.9863589205,0.573287751,0.529487191
46.59880587,5.5731220896,7.6346517797,0.105030222497051,0.108410863365,1.2886805,0.056724879976,0.89309659774,0.50291204441,0.4854839005,1.14543142116888,0.201070711990287,0.766457326534501,0.13718616871434,0.00863271349788047,0.0834396734676568,0.0108537538905323,0.0547176152166697,0.0938428330535992,0.0148616937483385,44.4606244,5.20355431,6.3201655225,-0.1707140685,0.0913862628,1.1399327325,0.0364464889,0.766572341,0.33439825575,0.45641340825,48.773931525,5.9703249525,9.2135747075,0.36563671025,0.1242255115,1.468387945,0.0780671563,0.97700409325,0.70018364575,0.5145231375
46.483754453,5.5327522839,6.9731809301,-0.11961262054327,0.107005145374,1.3496384193,0.051154981963,0.89990798831,0.3640476215936,0.4785128204,0.958461598842026,0.21054108461263,0.756638823309633,0.131595077642126,0.00866994460085312,0.0886468237677056,0.0107644185035439,0.0493427812874824,0.125264329837305,0.0135197249277369,44.6542829,5.13042321,5.5862739275,-0.38054996975,0.08962529,1.1880525075,0.030111874025,0.7826565315,0.060445736925,0.45427284975,48.419298325,5.946528415,8.581311135,0.13267268875,0.1237723885,1.5359179325,0.072861784775,0.98008323625,0.609687547,0.50477899025
45.233600822,5.5896669752,6.7277538647,0.2159646867833,0.102373674049,1.17757504909,0.036436486214,0.88140828822,0.59758380542,0.47504449217,0.963668428324139,0.19218078248018,0.738851628670485,0.135197009687434,0.00866607999478284,0.068423596391686,0.00885600293023647,0.0894466257864709,0.107503467728792,0.013888082846106,43.39471815,5.2361370125,5.5459137925,-0.069333552025,0.085622184425,1.0546503075,0.0218376504,0.674495054,0.4188389955,0.449857952,47.097851825,5.97117152,8.2991200675,0.48234097275,0.119424537,1.318888255,0.0559926181,0.9951490835,0.81506396475,0.50263087325
45.951951857,5.6115611826,6.3867425285,-0.00845183501019,0.099389169192,1.290027247,0.055431753529,0.88556166527,0.53648434542,0.48164023293,0.959120127780746,0.19796800363424,0.719910063372825,0.131317083622657,0.00860736701554075,0.0755901813059985,0.00996264581717278,0.0577283846510391,0.103907745709814,0.014543511197267,43.8466827,5.231320125,5.189640555,-0.261062794,0.083858938575,1.1540082825,0.037011091925,0.76070972275,0.334633515,0.45417942925,47.839222425,6.0452449825,8.0733217825,0.2608017455,0.116918067,1.440474835,0.074552436575,0.98307461,0.74592054375,0.510791779
46.928371309,5.7671600587,7.5826238125,-0.13989381775521,0.091485703702,1.2968826026,0.034300849898,0.85044742099,0.457734287103,0.52427156168,1.05782377314755,0.210541098587459,0.834680180456542,0.122142009297759,0.00760738107430625,0.0822187661859937,0.00863050640831061,0.104603269260445,0.119252878535482,0.0147053934168051,44.7057781,5.3952331275,6.18490965,-0.385218637,0.076956033975,1.1504865675,0.01809231705,0.6154166285,0.2192031145,0.497184748,48.81777395,6.2336902725,9.470558595,0.0976386388,0.10705787075,1.4583368775,0.052962882425,0.994388065,0.68613336075,0.553510311
45.781699374,5.6522542632,8.3436471556,0.2310296776885,0.101190092,1.2690853757,0.063150495565,0.90983271715,0.45452644721,0.4969971309,1.18681863545246,0.202509358332694,0.879170607459741,0.127525926536485,0.00835796336880413,0.0879762353845745,0.00851280671917558,0.0426444516342494,0.103367605993892,0.013600667879582,43.5061672,5.2798608675,6.8600109975,-0.0101797231,0.085470947625,1.1079078275,0.045629730925,0.81077385175,0.27130088125,0.4718242755,48.1936396,6.074037385,10.327168975,0.48051360675,0.117393681,1.45741949,0.080369080675,0.975856269,0.673702025,0.5245212905
47.101719718,5.8358604502,5.9533776366,0.23787361651927,0.109241439747,1.4464764913,0.071576627722,0.94850213031,0.44526971838,0.51733316164,0.970202953255445,0.217590973781339,0.63863744392209,0.141140086844223,0.009282935169525,0.0974565839940799,0.010483672769203,0.0345331785178344,0.0973535868199509,0.0151596741101542,45.2021893,5.4473148575,4.844328595,-0.029042638425,0.0904874703,1.2761161825,0.0529113373,0.867678202,0.26429325825,0.489080502,48.94088105,6.3192066375,7.295646165,0.5086018185,0.12727902125,1.654952045,0.0913589303,0.99616229875,0.63001960275,0.54707489475
45.026099534,5.6163841592,6.6612852355,-0.03408465222642,0.10986962615,1.3504717816,0.056916464485,0.94829410656,0.62571694909,0.46750521838,1.05484728517267,0.213696044397587,0.72690089534113,0.134688903659197,0.00860639217666401,0.0915269829742657,0.0102320753382613,0.0384362031396325,0.112552642636093,0.0142850894459204,42.988410525,5.22567799,5.4093192875,-0.28765140825,0.094636204725,1.18034989,0.0389066149,0.85666150425,0.4272095505,0.4405404845,47.30607785,6.067709155,8.184435565,0.22199876725,0.12698664275,1.539111055,0.078445826025,0.99748582525,0.8600671895,0.49534887425
47.626507731,5.7984854357,7.7910117179,0.01791718214102,0.095698518618,1.4289975903,0.060503708445,0.92077176438,0.50525320472,0.52004356254,1.18225132492187,0.202364921702704,0.81589073809258,0.144761384881826,0.00849514686922574,0.100642200166453,0.00977331859021471,0.0383155143544589,0.111619476854593,0.0152600487184528,45.387991125,5.43472194,6.43082792,-0.24704514725,0.078912191475,1.2379706075,0.04326879235,0.833742911,0.2755683845,0.4917607405,49.86418305,6.2285583075,9.6186759775,0.2926471485,0.1121434095,1.62681444,0.08224455575,0.98346895575,0.73678732775,0.55139042925
45.996196846,5.4708922856,7.8349214711,0.016342790677916,0.097847196482,1.3343709177,0.054160014273,0.95149229672,0.57247346421,0.50614027167,1.26922846649166,0.204795232862801,0.812225608087262,0.135776593131076,0.00818888286225078,0.0770165261183105,0.00761022224631731,0.03600386598899,0.105078247333215,0.014882794195273,43.5368171,5.090903175,6.33148683,-0.2507987005,0.0804157483,1.1816819275,0.039651051475,0.86906128525,0.38070296425,0.4780455195,48.502671525,5.9048109625,9.4591869275,0.26811062475,0.11289308425,1.49991802,0.070562572325,0.99806301125,0.79536181725,0.53454103925
44.071130888,5.4981650477,6.1363404228,0.059410554691754,0.120911603944,1.4092597259,0.065802440331,0.92166778782,0.52821491326,0.48358538091,0.88773870688518,0.191166842356551,0.659422329497451,0.131578248982334,0.00977738593781648,0.0758848667629058,0.0097042716565928,0.0576050267996092,0.112288373968515,0.0140774113941061,42.36494115,5.14600663,5.0622493825,-0.1927658285,0.102290551,1.2647929475,0.0467865465,0.785898301,0.317010497,0.457275118,45.865052425,5.9162624625,7.628327435,0.31998833875,0.14105712975,1.56592983,0.0848090576,0.99541199,0.7610155375,0.51091028
47.610494245,5.7523837567,6.7082681113,-0.04234267469889,0.086882460525,1.3867244817,0.051545309625,0.9195440291,0.54124298707,0.49382764366,0.992795671920474,0.218547880802736,0.692166383985569,0.145652921463228,0.00910417247397025,0.099169197656603,0.00986686232856569,0.0511217876838176,0.0985495160844119,0.0136547602509418,45.750055375,5.344911295,5.4851159675,-0.32140473475,0.07000383995,1.20419279,0.033516635975,0.80093797375,0.365031877,0.468000538,49.60834245,6.2096947075,8.1651126975,0.25752015275,0.106332189,1.596041995,0.07109794605,0.991398532,0.7510879055,0.521075961
44.776681986,5.6425073288,5.3915768825,0.1206972041344,0.112173732003,1.4731773006,0.065401480772,0.93028231356,0.439789831109,0.49849124568,0.865453937830245,0.225874356830714,0.626662375428282,0.141540323824027,0.0101713691938445,0.102468354773218,0.0117991469346793,0.0492956496855713,0.119830323550342,0.0163793689523812,43.142906675,5.20612646,4.3115984825,-0.16164170175,0.09279865785,1.292751765,0.04452560035,0.813172804,0.19585823975,0.468572864,46.378312525,6.08486213,6.6946765475,0.393809688,0.13239966,1.6820059525,0.089454972375,0.99471693025,0.6851954075,0.53280549875
45.908973238,5.9276093806,7.7817241713,-0.030393519558357,0.098406639506,1.3037655192,0.05898050782,0.92096912464,0.3544098948963,0.50012736908,1.10466122336927,0.22178060343945,0.856791280603617,0.114581227539476,0.0078627903225291,0.0821858506301331,0.0081578527735075,0.0495032537229406,0.115659935852277,0.0161532005899609,43.650232875,5.525253355,6.2615602,-0.26108858975,0.082311188,1.1450165875,0.0434929493,0.80262073825,0.08059872225,0.469441836,48.1266339,6.36492719,9.6617529725,0.19738562825,0.113815927,1.47624001,0.0771946447,0.99478068625,0.574547008,0.533789266
46.559422191,5.3943077982,6.7369183103,-0.097934865804798,0.08035531908,1.3224726467,0.046393549163,0.8717833441,0.4179837657,0.52469019554,0.956181801028537,0.197746647589095,0.72701470076573,0.131808152081426,0.00839839356897725,0.0826194726109949,0.0114559078314954,0.0765950003374835,0.111105228381991,0.0150136060591812,44.630533525,5.0245113925,5.4416733675,-0.346957738,0.0642703618,1.165440245,0.028429575575,0.71065521,0.20333903675,0.49739329575,48.376304,5.7798257475,8.3190985475,0.17717531425,0.0976238903,1.48855654,0.07237992615,0.99269699725,0.651801683,0.55412049025
45.470616163,5.5471047143,7.1465542419,-0.07458998607209,0.101840471339,1.2816455577,0.048026446427,0.89740065263,0.47078305417,0.49727004498,1.02027619268186,0.211066521636943,0.766145879046359,0.128911171132156,0.00857055927724761,0.0825629522982562,0.011936886610884,0.0613125307421177,0.122666395276538,0.0160407675784213,43.3869578,5.16748873,5.7732957075,-0.32861017,0.085020839025,1.13471252,0.026488520225,0.75082601875,0.2447345855,0.466456216,47.3697152,5.9618360625,8.68207721,0.18053102575,0.120583337,1.4544736475,0.070690326975,0.98795455825,0.7236093125,0.5284104015
45.511085248,5.5771542184,6.1711755045,0.2750172753757,0.1154614393,1.2508094587,0.046349607019,0.85671942762,0.4589269605876,0.50244155097,0.920395234859835,0.193136963596445,0.70344574382044,0.130724982186407,0.00962945102085591,0.0775301667725382,0.0113357438916396,0.0922003684698373,0.145161136765558,0.0148456315459807,43.579650675,5.21583066,4.9093981025,0.0282485671,0.097633986275,1.09703434,0.0247652164,0.649289975,0.103838642725,0.47514878425,47.1949298,5.973350895,7.6497993325,0.542627415,0.135574899,1.41849106,0.06848010005,0.99062707675,0.7119393875,0.53293438825
47.242240052,5.6453964251,7.7482585279,0.041453113683928,0.088947864652,1.415263846,0.060098381562,0.95117779056,0.400928234564,0.48614269039,1.07747909189882,0.20924727954653,0.841857399204259,0.136583671419994,0.00869593750921396,0.0976172362847956,0.00839707649142038,0.0299932432891544,0.135255603966696,0.0141433043415266,45.03478565,5.25055325,6.2653232425,-0.2335074905,0.071898875625,1.235461745,0.045292101975,0.8834736115,0.0844736831,0.45945651475,49.3936183,6.0875753925,9.616912185,0.293768912,0.10632820225,1.609955925,0.076860447475,0.9945185525,0.6570712075,0.514671206
44.539711003,5.7872873721,7.4289619087,-0.029416628794984,0.096673934621,1.4110732096,0.05359692827,0.94454042534,0.51691761275,0.49977609789,0.995214194073893,0.205828624199354,0.769195528535428,0.125430600359279,0.00806358745353987,0.0802423433905326,0.00802552572560975,0.041956274673315,0.111131949957326,0.0149253034423168,42.58537825,5.3864345,6.05478778,-0.28349624275,0.08009225385,1.2595394875,0.0387055311,0.850604927,0.317140067,0.46943910175,46.35211465,6.2034873375,9.1351312375,0.22530252075,0.1125660425,1.577302905,0.069345685675,0.99781537525,0.74685364875,0.52930618625
45.658223642,5.6294352237,6.7082793578,0.11303308602768,0.108501257679,1.456584166,0.074547815311,0.90481437906,0.47321215922,0.48970385592,0.997370959896517,0.203108216994089,0.719971765062764,0.140771168903143,0.0098200396376329,0.0868217814307063,0.0106112747613089,0.0441951764568722,0.11627412367111,0.0142766695343168,43.6329154,5.23850882,5.4122176225,-0.14843495475,0.09014925565,1.3022210175,0.054054554025,0.8077996005,0.25322993125,0.46333099425,47.5476856,6.06866293,8.2788818125,0.39770679775,0.12737619975,1.635580025,0.094626812875,0.97798042175,0.70648043325,0.5204456785
46.035206405,5.6147401419,7.1613613399,-0.20268150178193,0.084921292653,1.400586352,0.052651911209,0.84358794178,0.50435109466,0.50400466964,1.00960492511828,0.195646011149499,0.74665590830463,0.136003788358135,0.00946064035483252,0.0848934751477682,0.0119820276900091,0.0706209246780615,0.10868088622568,0.0136526784795139,43.9569992,5.25359206,5.867278895,-0.4621276605,0.066690810325,1.2413955475,0.030400705825,0.6892351125,0.2933293765,0.47754125825,48.0307375,5.9977541075,8.7002782075,0.0620723935249999,0.10331253275,1.567767445,0.07752001835,0.97933504875,0.72476660675,0.530351782
45.088031713,5.8134308585,5.8322491266,-0.03858153261904,0.094700640554,1.444084682,0.06487970637,0.92544559967,0.50374522103,0.50164107797,0.882149023983558,0.217100024352272,0.665916549850431,0.147597965501147,0.00972782489746652,0.0933433897269743,0.0118279605163018,0.043057047233661,0.115875036783952,0.0158143251635408,43.3312317,5.396051615,4.677937395,-0.327634058,0.07473783885,1.2760607325,0.040385108,0.82986215775,0.2940235255,0.47050738275,46.79845425,6.264449135,7.2384333925,0.24927165825,0.1135523245,1.6469712275,0.088779581125,0.99052958925,0.739966731,0.5342529135
45.136025719,5.3781000866,7.9008044616,0.086041167871263,0.100723887504,1.313124873,0.049014725034,0.92693523683,0.4282292672311,0.50351096334,1.22687765111526,0.202923194923348,0.843178828577043,0.13155149717606,0.00871584845611238,0.0880468964577014,0.00954482635289588,0.0551154169565276,0.143398591840943,0.0157634784934224,42.906141775,5.0117503525,6.46656466,-0.17088839275,0.083826592775,1.1428769875,0.03200876305,0.79709180825,0.080775614825,0.4731814665,47.6501917,5.7899193,9.72610518,0.33772918675,0.117123779,1.4929807275,0.069522773525,0.997381778,0.70182052875,0.533797906
44.679750709,6.2878975351,6.8839078397,-0.12106240246726,0.097795257862,1.28143332125,0.046636362612,0.94078244877,0.59110923399,0.48846008748,0.981775567982966,0.217901131155657,0.715985765381335,0.135746913772767,0.00875291967269855,0.0833265200585418,0.00885999083512532,0.0478779964476654,0.107463656313197,0.0142399343077041,42.77110035,5.8893239325,5.7030198525,-0.38151803425,0.08130295905,1.12838295,0.030412159325,0.816323306,0.39610057375,0.46262003825,46.60605415,6.72905476,8.5511695025,0.13646580625,0.11455439475,1.4559889725,0.064898443375,0.99834224775,0.8234901495,0.515991097
48.546699184,5.8262708382,6.5023283667,-0.009204092900606,0.093528593403,1.2935473289,0.056367025307,0.92202640354,0.60272507426,0.51024528139,0.997805352967852,0.224345190869432,0.780114523649545,0.16017689232048,0.0100354363685305,0.107000243464403,0.0114151971057062,0.0501033807666785,0.103720166210368,0.0148178921575807,46.498810825,5.394571335,5.1743590625,-0.31403548975,0.075202443925,1.09915268,0.032432971475,0.7952787015,0.42493132575,0.4806242045,50.344046975,6.2819311625,8.12477742,0.288935199,0.11270449,1.5087975825,0.077061362725,0.99311788225,0.83034321175,0.53811262375
45.789101464,5.5359166995,6.6062877421,-0.067362485056274,0.088278689842,1.3757143513,0.054821753442,0.87527065449,0.3514949364968,0.48086337167,0.974052516412,0.20707762465112,0.704974123017019,0.130925154756899,0.00868987189708053,0.0860920680084134,0.00991792372806707,0.0548660575917817,0.113928309989423,0.014068209966412,43.950797775,5.1374656275,5.3240619025,-0.32901558525,0.07162458905,1.2213015325,0.036645340025,0.74326126325,0.14088879175,0.4550964615,47.646764175,5.95817973,8.14179236,0.19709561975,0.10509314625,1.545740605,0.074459869525,0.96937973575,0.5737099415,0.5086336275
46.313223389,5.6095694074,7.5323386177,-0.0648423730024009,0.102924690546,1.3906680134,0.056981160195,0.90311267093,0.55167314482,0.5128936929,1.1082129641125,0.220507087452947,0.765657213315251,0.151668728388329,0.00912019555891228,0.100995303191297,0.0108058903531496,0.0517807505234921,0.113286372994886,0.0147351391590659,44.10195535,5.2013778225,6.2587843875,-0.34964318625,0.085853777575,1.21619022,0.036113613775,0.7838175515,0.343677222,0.48551823675,48.456637875,6.05465954,9.229087895,0.25746218225,0.1215222695,1.6262716975,0.0787232277,0.98209944225,0.78489960225,0.5431752285
45.236077754,5.9325538349,7.0642486782,0.125143390318577,0.100414509266,1.21800554456,0.053639217196,0.915957997,0.404906004915,0.50163490658,1.0568494589422,0.220400091939109,0.777998530355036,0.122387693309411,0.00873877295809256,0.0840832618988783,0.00989455518322054,0.0648024837946989,0.129329958324579,0.0158849797568531,43.155392575,5.520015775,5.7314133175,-0.1192186095,0.084413218475,1.0604448375,0.035924753875,0.74580652,0.11490569325,0.471932885,47.3363849,6.3847033925,8.693046435,0.36134554625,0.1176994705,1.3949440825,0.07411912845,0.99774515875,0.667366481,0.534141316
45.474238287,5.8164319511,8.4635339075,0.15372126630269,0.103725011449,1.2163177881,0.041540482362,0.92824453961,0.43689132666,0.49486843982,1.15988311005533,0.204445715007243,0.876704733439561,0.117505569956838,0.00697941785481493,0.0693597330886469,0.00707864040322455,0.0533317833711121,0.110905732344901,0.0142646006067707,43.183045575,5.4246612675,6.9885983875,-0.06147816195,0.089941607475,1.0795027825,0.02849960835,0.7960940875,0.220196196,0.46805258625,47.6738158,6.230063015,10.3409832,0.39107672725,0.1180707075,1.3560859,0.05550774335,0.99659154475,0.66427718625,0.5243266355
47.453043063,5.7195825648,7.2211664633,0.16888006729533,0.107650594683,1.2857427825,0.045795111078,0.93887592072,0.61652747528,0.50947007742,1.03800664156482,0.228127051103684,0.813147123361792,0.154720558081908,0.00840449706497617,0.102209982309779,0.00973259926321281,0.0495924232855407,0.119609263883278,0.0155409529842953,45.36229995,5.28660233,5.76233176,-0.13256802,0.090472513625,1.0998410425,0.027015966275,0.81120920075,0.40927571875,0.48155673425,49.4018336,6.17393523,8.94646067,0.48987859825,0.1241895,1.512677725,0.06421283975,0.99793648375,0.8711795955,0.542300156
45.559927899,5.6198632326,6.316201928,-0.00203046761265,0.101058980075,1.3546782857,0.064611391783,0.90570084712,0.60536206369,0.48857246222,0.940162506588313,0.209768955581155,0.717509246954913,0.144708526120383,0.00893963112681222,0.0845270649008978,0.0094716361875739,0.0526547052725448,0.107955025882413,0.0129479115390758,43.7485975,5.22729151,5.1069437975,-0.2874681205,0.083513014425,1.1997676825,0.046853469075,0.77495030075,0.41439926825,0.46521505825,47.456257525,6.04671342,7.9023044425,0.2769790445,0.118276111,1.536062075,0.083943231675,0.9856900265,0.83650461075,0.5151071045
45.633436487,5.9735195852,6.3328467034,0.08284577763816,0.098294298477,1.4198911284,0.061220241384,0.95229584322,0.51330790871,0.49892790257,0.91709828359778,0.221150252430705,0.677244098083453,0.144535935060251,0.00884715260075233,0.0846668784750753,0.00809861092861039,0.036049777636482,0.112830593188565,0.0136191684196896,43.685187425,5.555859425,5.095098,-0.21207686175,0.081122273375,1.264721385,0.046050612625,0.8621739995,0.30591647475,0.4728635675,47.27000435,6.416364345,7.7024440175,0.365906358,0.11527939075,1.583700885,0.076411402175,0.99807739525,0.7622047945,0.52556993925
47.869846894,5.6781258478,6.3087603432,0.07115213058673,0.093477996613,1.4146650688,0.060703102136,0.96091222775,0.62535086376,0.48364869454,0.887219683280632,0.203574538460276,0.694982947776076,0.160484836960025,0.0083455862386374,0.0906138632032084,0.00746727201943158,0.0293838528824001,0.109346787370873,0.014357484086572,46.233851075,5.30603687,5.0613309275,-0.2318239205,0.077822710125,1.250726655,0.047410081325,0.89142424,0.4289136095,0.45639402875,49.632386425,6.113146215,7.82083154,0.4002299625,0.11061469425,1.5959648775,0.07698965625,0.9972365235,0.85125075075,0.51226852875
45.557613837,5.6314865008,6.912565336,0.16661260019229,0.099016418504,1.3768003227,0.044175588846,0.93888279938,0.41265161573,0.49220790286,0.99853514782759,0.212980076277375,0.753689009614053,0.126523028767934,0.00860919620288283,0.0896859132225983,0.00798217624789424,0.0523318551957147,0.120853096582226,0.0141687782022405,43.48123505,5.2440415325,5.650409,-0.07132367575,0.0819972481,1.21474298,0.02988132165,0.809723069,0.18365710375,0.46369012425,47.428737675,6.0834214825,8.54874983,0.40244244575,0.115896408,1.5630202,0.0608322667,0.9978300745,0.66310567675,0.5204225205
44.543406225,5.3924656233,6.5792517635,-0.04017766953493,0.103488854536,1.3787591744,0.056320315933,0.9126468872,0.47836944435,0.50604651817,1.05926819170897,0.189132969776302,0.695456841796471,0.134983890270914,0.00893123285990974,0.0775799042360986,0.0101610318490949,0.0529966465316401,0.111954395596005,0.0150522413680967,42.427348925,5.025840135,5.43954657,-0.30543735475,0.08549159595,1.2373825975,0.03672474275,0.788331627,0.289197266,0.4781074955,46.5704867,5.759448825,8.2093229175,0.21596205825,0.12018652,1.53133753,0.077159467,0.99368414075,0.7221578765,0.53766894425
45.150412693,5.7265741777,6.8486560316,-0.04125511819842,0.097174384121,1.4335774224,0.053992362059,0.88656715141,0.66093579681,0.51518305091,1.08431769805431,0.206271836631919,0.732582274827562,0.155260287699891,0.00866502144811724,0.0782213269639865,0.0118448982716608,0.0674418123186708,0.10686819292591,0.0141057065854006,42.96292935,5.33513827,5.583026475,-0.3561156425,0.0806945064,1.286157825,0.032518603925,0.73072680075,0.4655019595,0.488271987,47.326531775,6.1415421325,8.3977822775,0.24400474075,0.11382124075,1.5863170175,0.077807765775,0.99128750575,0.8884575565,0.544612753
44.955277129,5.8618471337,6.4468620133,-0.20665366470214,0.105035650356,1.3804740228,0.060860173545,0.84133977478,0.331719773571,0.51337739819,0.879920739395373,0.203466217585794,0.721065983282674,0.115030605788267,0.00893106330022205,0.0769615312850203,0.0135203142042334,0.0695455422296576,0.132935175714005,0.0145139942360431,43.196402025,5.477941035,5.2415981225,-0.436052786,0.088009743225,1.2345047325,0.0326156006,0.69783447675,0.063537700925,0.485016331,46.72995405,6.2682726475,7.9215148775,0.022405926175,0.12309595175,1.5355941025,0.085350188775,0.96960193775,0.59269823075,0.541178743
45.773923584,5.2839080822,7.7863375708,0.157450045133989,0.104688797037,1.17078456029,0.047414463703,0.82068421266,0.415382976377,0.52473886944,1.11184563535739,0.200385608256016,0.895587518813072,0.117092389762408,0.00833396685025096,0.080521701896602,0.00891303945019448,0.0727947820767669,0.104958023638025,0.0159710771480726,43.59320785,4.9149723725,6.2080298375,-0.075810530725,0.0876790828,1.019197905,0.030350342525,0.65987016,0.2068995675,0.4952056135,47.884648725,5.673900635,9.6704504175,0.3858456585,0.11935603725,1.32797148,0.065227568775,0.93729401675,0.6164026225,0.55713256925
46.113093302,5.7003610308,7.4405018414,0.3411220645534,0.10764384938,1.2533559596,0.04840846894,0.90652503992,0.46685742474,0.48860191808,1.07606279676287,0.195458122248984,0.806590832609742,0.122246816664239,0.00764895278247076,0.0837629035809464,0.00956328414573723,0.05523498570819,0.107633873896482,0.014131603636609,44.08894235,5.3237557025,5.9716965775,0.0890741418,0.0929054934,1.10151644,0.030149795925,0.7783807205,0.2804067465,0.46250931925,48.2576822,6.08307429,9.181912115,0.569125864,0.122421862,1.427389905,0.0679859941,0.99305262825,0.69810023975,0.517032832
45.337967092,5.3287232414,7.4236339994,-0.03921000038631,0.105220747952,1.1838710404,0.043149519624,0.91483070278,0.57649973113,0.48926383042,1.0815368349515,0.195048745610603,0.761759876536406,0.132347674571912,0.00798172911830821,0.0737233233115208,0.00751443515042559,0.0541468896100943,0.0966692445264879,0.0140043258134093,43.16759935,4.9589013675,6.04878342,-0.2803540475,0.09047461535,1.0532141825,0.02976737015,0.788365341,0.40099157825,0.4627165245,47.436707875,5.7285760925,9.0582433275,0.21260810025,0.12153350825,1.327317705,0.059203738925,0.99330942675,0.78384117775,0.51671354325
44.096619368,5.6716202176,5.7834062163,0.140130478091745,0.101101858727,1.25456491807,0.0447666019,0.9435907189,0.56284329016,0.50490511979,0.924994685496051,0.198469352327443,0.638675931299728,0.124726279697701,0.00890513026354897,0.0786879801582116,0.00768753697244606,0.050876718599015,0.114348062495325,0.0140421088711281,42.327600075,5.3207529725,4.6258970425,-0.1125844655,0.084113355775,1.107886115,0.030450812525,0.81403155775,0.3439551755,0.478924112,45.915184775,6.07309779,7.1156452175,0.37057336475,0.11962359675,1.414357695,0.06108328395,0.998965225,0.79283567625,0.531919786
45.139373831,5.7613506567,8.1143672031,-0.08309121846818,0.096954481124,1.3497234898,0.058806581687,0.93039768651,0.387441634427,0.51116829619,1.19368715538849,0.186505710290125,0.884536511703544,0.119808792800874,0.00774550899527719,0.0726876772621587,0.00844117723362831,0.0337306142362299,0.0882846827736758,0.0137130768256584,42.75630495,5.422628765,6.707768935,-0.3255229705,0.0819137652,1.219583125,0.04195767905,0.85084518825,0.19932637825,0.486072778,47.562946075,6.1462868125,10.024368525,0.14130226075,0.111698639,1.49792688,0.074303173925,0.9859027155,0.5619282725,0.53884038525
45.447239157,5.4980478731,6.9060919678,-0.09060042789992,0.096233016024,1.22128229324,0.076418850066,0.89120656296,0.64668298956,0.48327784433,1.06099570878583,0.201813536530128,0.736059641124081,0.145126399288778,0.0105997893339935,0.09028898433708,0.0122371309390931,0.047992682367237,0.107100076376157,0.0149508660327051,43.3106975,5.1160515525,5.606757845,-0.367728985,0.075311081875,1.053223085,0.054335899875,0.775908455,0.43550257675,0.4559627395,47.50991525,5.920186235,8.45885634,0.187639132,0.118616945,1.412836155,0.10119533,0.967664713,0.86222916675,0.5133261295
47.627596576,5.602350921,7.4290954238,0.226156504351,0.105247816251,1.14143541361,0.040918987149,0.9389107785,0.52718693325,0.51514671258,1.10361444415885,0.207060294408162,0.801196189047084,0.126657103521015,0.00773003134106161,0.0744719752417218,0.00764810490405307,0.0499406906685683,0.0974239135058096,0.014593766444397,45.512042375,5.24900993,6.0498039475,-0.01113589205,0.090819688175,0.99321048575,0.027654767325,0.80934329275,0.34481099525,0.4872200815,49.8213067,6.0342282375,9.1301335,0.4897889245,0.1218346055,1.281768,0.05681929445,0.99777647,0.7190776375,0.5430472175
45.3675408,5.3823854988,4.8676181006,-0.27480407518961,0.080683823834,1.10287961847,0.0554638445591,0.73827442365,0.45141426401,0.49749601845,0.763273829443176,0.206251963276208,0.556750853319088,0.136103558807773,0.0103189471917779,0.0861530409313879,0.0209292286080087,0.129133953768836,0.100189354571335,0.0152574904715305,43.9475641,5.0041694275,3.931767885,-0.52944160975,0.060501628075,0.92867012425,0.0239588804,0.4661749045,0.26594139225,0.4699139095,46.9230569,5.7963911675,6.0326818125,0.0208719177,0.099890265525,1.26647213,0.095832319075,0.94851610975,0.65383443475,0.52867140775
47.393540937,5.8154594804,5.6968040029,-0.026855151935302,0.107087279091,1.4072821269,0.048910302563,0.89443524096,0.2794861473279,0.52147409103,0.845983112970288,0.213853269924676,0.664008013005265,0.132914564578093,0.00873779705158553,0.0925221182804639,0.0109503271152967,0.0649919045092141,0.122926109901801,0.0146370249340889,45.6796967,5.412993795,4.5883059,-0.297172821,0.09031271835,1.2413559975,0.02863846895,0.743409459,0.038165582775,0.49378684625,49.012516675,6.2291470125,7.22963457,0.2315434725,0.124131556,1.603864715,0.0723807736,0.9887536135,0.5172825535,0.552815233
44.567534305,5.7923461296,7.8929144205,0.00894339114461,0.113501365828,1.260069748,0.063743444418,0.90182271948,0.50619063093,0.50264549677,1.14974372054468,0.215633210542616,0.84005479009676,0.134032183937298,0.00962449248726618,0.0878125277061677,0.0115495299886817,0.0655314668663033,0.102354176635109,0.0147437947168514,42.41412315,5.3827166725,6.4628390125,-0.245059924,0.09505556815,1.1019122575,0.04080858925,0.74512096525,0.322143018,0.4744956585,46.919510075,6.243034255,9.6476960275,0.26553768625,0.13185475575,1.43823491,0.0843467905,0.995743947,0.71839189825,0.5315873295
44.174376693,5.6979500735,6.2887204749,0.05591445051634,0.10944714039,1.3536195318,0.058865634168,0.93298491465,0.49634724574,0.47451469594,0.912989938369933,0.198761682818713,0.674135056835898,0.119877228471811,0.00859053485618277,0.0837665335308051,0.00808326320394043,0.0479985220780073,0.135552613503603,0.0137873237325256,42.372837575,5.325502415,5.11462509,-0.184821274,0.0923786852,1.1916497175,0.042967123775,0.819809805,0.192641732,0.4494641875,45.996206775,6.0917822525,7.76533572,0.28267417875,0.12510475575,1.52294522,0.07553650775,0.99656105175,0.7642954285,0.5026605655
45.907187762,5.5963759476,6.1863714041,-0.13217015143234,0.101899635423,1.16400427165,0.040896267262,0.8629815257,0.55957363585,0.50618142176,0.964726501239367,0.197538835002673,0.743790169930203,0.143703997111091,0.00972969757992714,0.0896191843859381,0.0112310034948818,0.101918374087915,0.114469025012397,0.0159333001235702,44.0993771,5.21819719,4.85673124,-0.39891916875,0.082773666325,0.991907307,0.021091988475,0.609238709,0.3494809665,0.4784708775,47.914895225,5.98327283,7.8378991975,0.15887790725,0.12052136925,1.35374598,0.06553681785,0.9939945615,0.80640315025,0.5409560255
43.54184209,5.8976911529,5.3504553393,0.00120532302559,0.094568211922,1.3016256237,0.057462670777,0.81605373881,0.4979760521,0.49197202011,0.796076316879097,0.202632105184224,0.673611824902891,0.125932321940288,0.0097754187551748,0.0822142413549554,0.0115902933904175,0.0867694891716859,0.12204967020887,0.0148288778057755,42.071594175,5.5123285525,4.1944457975,-0.246576055,0.0759558964,1.14614874,0.035245454,0.62508936175,0.27736874775,0.46380434325,45.215244475,6.3016173575,6.84292547,0.2547979235,0.113807085,1.4703864925,0.08008055875,0.96483234725,0.73582795125,0.5224107625
45.612566248,6.0455944812,7.8523089895,0.06668249906991,0.086595058053,1.3123027757,0.042361632874,0.92637334237,0.55450167878,0.4933647011,1.17653423149227,0.216200716251801,0.845249470056466,0.134382091665689,0.00777612386830548,0.0799838362185017,0.00715494486301619,0.052282673241588,0.103627472155287,0.0134550453884464,43.537719375,5.6435369425,6.3699528175,-0.2010886365,0.071260058125,1.16707858,0.029084575175,0.8011242715,0.3704165345,0.46750224825,48.096304975,6.490777715,9.5773074425,0.32436147125,0.101969743,1.46643988,0.056602289775,0.99595563175,0.77001698775,0.52084566975
44.801652682,5.7535988553,8.3370458777,-0.0260957844841,0.093563834387,1.3798685553,0.05178384766,0.90460683649,0.3800880863704,0.50349735122,1.20486687423144,0.206600794778477,0.863359427593643,0.121105708799133,0.00834015439594124,0.0803362440796166,0.0106108092077341,0.0643158874932181,0.118108374209419,0.0147372695743386,42.3630985,5.346559995,6.8248206275,-0.27456328775,0.077730087275,1.233996585,0.033657851975,0.75882052025,0.14357311875,0.475077807,47.0613118,6.1718186425,10.188543325,0.20234916525,0.11015630125,1.53676463,0.074225866225,0.995392192,0.605819516,0.531397208
46.136018465,5.7788772047,7.4273834852,0.105888598927771,0.08737161032,1.2905043696,0.040378837372,0.91875085599,0.47245413996,0.51115281192,1.09855818403135,0.206181852035957,0.816880843066976,0.119234980528446,0.00779068616553545,0.0769282254520715,0.00834759456441603,0.058226151499132,0.100536909549164,0.0151098595095063,43.893067925,5.4074809825,6.051300235,-0.1315963205,0.071589510025,1.1437681775,0.02418001655,0.7806423095,0.27914616225,0.48363744575,48.1639148,6.2045072875,9.26853331,0.3351869305,0.1019861125,1.4478102225,0.056648535125,0.996985053,0.68210204,0.543440184
47.171030867,5.2329891166,7.4011913289,-0.114267522397504,0.105876272108,1.3777627911,0.051114673026,0.93799983021,0.57390956385,0.53303576171,1.10382042757585,0.199822199250478,0.742055208870869,0.148751174623597,0.00895476219911024,0.0807203823805317,0.00909435784760518,0.0422872782273146,0.101483894644398,0.0135957490872934,44.891353075,4.8671799775,6.169652515,-0.41276820825,0.08815604395,1.2324553675,0.0349057049,0.836403778,0.389874645,0.50596295175,49.254307125,5.6528312375,9.02478444,0.16688996875,0.1217963075,1.5412925325,0.07059155445,0.99773805875,0.78544399975,0.56002672275
45.733834038,5.5225298542,6.2141163632,-0.050792068051032,0.098974836008,1.4463778653,0.057859032531,0.96083888907,0.4411171069,0.50051340041,0.925087642627033,0.205831362091036,0.71478151214987,0.12584208292777,0.00851290643526721,0.0831957900539125,0.00935956493545424,0.030518345816033,0.113614447924875,0.0146791692683127,43.8633812,5.1684457675,4.9942773325,-0.293651896,0.08285973205,1.28449958,0.03983681175,0.88207316475,0.23320918525,0.472965349,47.504811875,5.9563865925,7.81866713,0.19179791475,0.115906658,1.62448325,0.076449695825,0.997374598,0.67937592375,0.530705021
44.146316947,5.8223992785,7.7107647604,0.022995952066247,0.10078270607,1.2607099999,0.047869227968,0.89139894603,0.60540173909,0.48281815023,1.22610197252776,0.21424575152817,0.869893614715707,0.140685032684755,0.00891338923091592,0.0901978588733289,0.0105081296450598,0.0688832740502602,0.128694682494147,0.0149930083091995,41.875124875,5.4299865625,6.185011085,-0.2476252385,0.0842766105,1.10941877,0.0277819694,0.738686702,0.3671099985,0.453884922,46.58632175,6.2652063,9.5794160025,0.2919721415,0.117807545,1.4530304625,0.067663081225,0.987786131,0.873536912,0.51313790275
44.65229664,6.0849171903,8.3376797854,-0.16338571863678,0.0908973599,1.2689022735,0.040075461397,0.82950847014,0.2673849604701,0.50046528881,1.31681811880728,0.221197811185721,0.891315218520518,0.116070207289951,0.00772497434512865,0.0717705557179355,0.00879330444388048,0.101797245927777,0.134664891625057,0.0138208321545774,42.073512175,5.67513808,6.7929084525,-0.38572481925,0.07658505705,1.1409992775,0.023773692075,0.5954578735,0.02029422085,0.474065106,47.527378975,6.5112354825,10.287467675,0.0672733335249999,0.105337805,1.4184003925,0.05830332995,0.990770724,0.53417045775,0.5287601175
46.247503013,5.6149993339,7.9200029828,-0.2725500090518,0.096690214166,1.4178683574,0.043568707925,0.9551151179,0.6897882428,0.49718084004,1.10392646432473,0.208378209390318,0.866405434756731,0.15799462453187,0.00910706906932311,0.0853662841843484,0.00755754395005646,0.039652698210202,0.131126631969499,0.0162020634686384,44.181653775,5.2238043425,6.3636812275,-0.581576407,0.0792647066,1.2467005275,0.02943696515,0.8547541445,0.445006078,0.46794882425,48.47492745,6.03053315,9.72288935,0.0320471753,0.11488246275,1.5852841425,0.059547513575,0.998525947,0.95846485225,0.52855117175
47.413330819,5.7829393374,7.2020976553,0.2272838453921,0.107000825609,1.5262360508,0.053546880144,0.92205184542,0.546116573887,0.49405638986,1.06988048417049,0.208495090876682,0.829793922968088,0.165957856899369,0.00971611302783603,0.106302099291959,0.00959876158021206,0.0479212402397194,0.146389063713131,0.0151288293991022,45.308002825,5.387365105,5.7896878875,-0.078289477075,0.088424059625,1.3436836075,0.034550945325,0.80296061625,0.258945823,0.46492336,49.34159015,6.191560425,9.057998645,0.54892732075,0.126502376,1.7522416175,0.0737045279,0.99217645725,0.83373608425,0.52495559975
45.93106506,5.8128644437,7.8124880615,-0.19120244791239,0.091819037335,1.2971382716,0.041639565424,0.8875595741,0.62426959246,0.49906515607,1.18538337842397,0.200114325372613,0.835267589553638,0.14270498247205,0.00830682644708395,0.075369535760859,0.00835230692749561,0.0672540673610255,0.111825308663354,0.0149577251376786,43.6474608,5.4411957075,6.4042642125,-0.48504030725,0.0748223757,1.16957267,0.025832366075,0.73802535075,0.4382202405,0.469810789,48.253165675,6.2259210675,9.5812687325,0.0625824979249999,0.10606110525,1.471446875,0.059548500275,0.98962850375,0.8665698795,0.5297587875
46.747830459,5.8790081553,6.6949358628,-0.21826115538666,0.086808726583,1.302827588,0.041476125576,0.93631331477,0.59589276483,0.49294533034,0.994876752365949,0.219586924894938,0.757488595155913,0.135118406256484,0.00793739005900821,0.0787897273298363,0.00770347379509276,0.0430768370247687,0.10300893568672,0.0137219190761127,44.834038,5.4767250775,5.3523953975,-0.47947422525,0.07047118105,1.1677719475,0.0275371585,0.83318171675,0.40899713175,0.467252544,48.673114825,6.327970705,8.3571443975,0.0318188828499999,0.10148980225,1.4819251375,0.056506252725,0.9966243265,0.82343628475,0.52147167525
46.534127942,5.5371735678,7.4837335137,-0.00074160354616,0.096816584521,1.3754595398,0.059694134258,0.92835795755,0.49040424436,0.49206447419,1.15713884714262,0.199288211130602,0.768136516010321,0.127984811021354,0.00817554756372036,0.0857380653502262,0.00930349248306111,0.0378100927806313,0.0890057757825604,0.0137158992540493,44.5597923,5.137190715,6.181393925,-0.27494105,0.079913674125,1.2096667925,0.042639960675,0.841561122,0.3294840915,0.46506548,48.937243,5.9278935725,9.2342424125,0.24727138225,0.111890168,1.54069817,0.0779431038,0.988833029,0.68006535625,0.51931349925
46.214341504,5.9057373772,6.9692528184,-0.106417599962994,0.107220380317,1.3554723928,0.058565610778,0.95353646879,0.388914268735,0.48186413326,1.08297084429094,0.228964707223154,0.813513710108407,0.134716519433799,0.00854243357016072,0.103645698944764,0.00986581345515836,0.035091636869383,0.119809410964815,0.0151872529430879,44.186240775,5.49328903,5.6548292875,-0.40186574975,0.08990160475,1.1631537425,0.03883327745,0.86799145025,0.12656495775,0.45361774975,48.4350762,6.3890825675,8.8620047325,0.15594372625,0.12297238475,1.564302615,0.0793167903,0.998146712,0.62374828225,0.51180175325
46.976317038,5.8670859697,6.5172582991,-0.02809045658571,0.092231412634,1.3440533181,0.060254306527,0.84911263018,0.383712134768,0.471183115,0.94343324858581,0.215201021514718,0.716901025314926,0.130849304005295,0.00873790460988962,0.0925188421826953,0.0126217383859015,0.0621192713269901,0.115238401650709,0.0139077009422015,45.062068925,5.4632211875,5.1688901725,-0.26913342725,0.07530717975,1.168602605,0.0317663486,0.69590608625,0.1594862155,0.44516106725,48.746688275,6.2880406525,8.01326093,0.22434269575,0.10901738975,1.5335715725,0.082533900275,0.94290872675,0.61060435625,0.4994419605
47.058881747,5.8575311807,7.5351945913,-0.14951638292035,0.090852586674,1.2034908441,0.046866617067,0.88164200828,0.430550025978,0.5229192772,1.15342033146027,0.214175891521369,0.804756500457558,0.121186321925253,0.0082005316826598,0.0751465674219391,0.00942584028798993,0.0617507510280321,0.122790174355134,0.0146525308060398,44.9012128,5.4404752225,6.1870579875,-0.3859709285,0.0746851799,1.0691503225,0.0283150783,0.74422255725,0.17391630775,0.4934422885,49.333529625,6.3027563125,9.2752561325,0.088249882275,0.10647603225,1.3651311,0.0663440212,0.98007029675,0.667950487,0.55167889325
45.206189229,5.8411333902,7.984903864,-0.20116559802901,0.088121147915,1.2754498673,0.050586228834,0.95405337514,0.64230727777,0.50579489701,1.21043438366203,0.226657430846443,0.865963372197253,0.150132745536823,0.00928105632872894,0.0855940326669076,0.00903735864718085,0.0398046745225613,0.124266200491823,0.0167532991575142,42.87537335,5.41270092,6.5221127125,-0.4902009505,0.0695524118,1.1243432975,0.03401745085,0.85700869925,0.4318071795,0.4729261205,47.715742775,6.2987568425,10.003681625,0.082650248475,0.10658185875,1.4627358275,0.067790317625,0.9985240225,0.93061597575,0.539270868
46.461685604,5.7628649837,6.30419077,-0.1152406727292,0.096363196802,1.4586930236,0.060819738411,0.97100466191,0.63879418504,0.48512802822,1.0537579009014,0.223618732765671,0.708240546271641,0.161588965932877,0.00880527600352742,0.101184273425633,0.00937952308020443,0.0232013091920848,0.118142025412926,0.0149839154370404,44.36920225,5.323817005,5.0937515375,-0.43278516925,0.078263444225,1.26674626,0.0421567842,0.912741716,0.4243597325,0.4564397665,48.36917845,6.1893110425,7.844141395,0.19306353725,0.11299932725,1.669352605,0.079859926575,0.9990137445,0.8908293525,0.5140562095
43.926313455,5.8700333404,7.5397648662,-0.08485577689808,0.096166991405,1.3876327954,0.054530487377,0.94760275389,0.4131708650914,0.50675321548,1.03140324021834,0.207621636219181,0.722868772538353,0.131506002433616,0.00881335276587827,0.0833578829538444,0.0101212607224497,0.041393558086059,0.152739571162652,0.0155321794542446,41.8709957,5.476088165,6.305915305,-0.351059506,0.07892005895,1.2408361125,0.0372554434,0.8446020945,0.093571667425,0.47738371825,45.921075925,6.2888351475,9.102422265,0.18087651625,0.11251447975,1.56933267,0.076777340525,0.99813808675,0.7203854525,0.5394335835
45.952331862,5.5025138037,6.2650651502,-0.11455338530801,0.092332860428,1.3842502448,0.049182559833,0.9221914513,0.440365916005,0.50781075444,0.871319314149556,0.199956383606252,0.686959695068492,0.132281121063923,0.00911815734874684,0.0932317257972703,0.00995867385364382,0.0625772330273422,0.119705313322029,0.0162033170993271,44.235984725,5.1496615125,5.0781252375,-0.371095511,0.0745135338,1.2099593125,0.030395515375,0.762431304,0.20868093425,0.4756735865,47.7053417,5.90686913,7.720534055,0.14822320575,0.111817904,1.56641153,0.0692329586,0.9968565145,0.6855676605,0.5382968385
46.262050404,5.5768883705,6.6247209039,-0.14488139403281,0.095154191105,1.3728615486,0.052070881575,0.89745111556,0.338637551955,0.49419324108,0.9580059547083,0.205334410935438,0.706842133165396,0.133405316657717,0.00904136273410636,0.0875604442251836,0.00969739932057672,0.0610345800119204,0.111515930089186,0.0151576086142326,44.436266925,5.1963020225,5.2733393225,-0.414961489,0.07681625235,1.214914845,0.0333348595,0.75380508725,0.0788544087,0.46577494675,48.0789605,5.9887584475,8.0519178175,0.112553119,0.112225378,1.5536462,0.0726400956,0.985407717,0.55317662375,0.522761348
46.825534364,5.6710821791,7.4192850597,0.03992246965565,0.099960072386,1.514242689,0.053061360322,0.91674107759,0.373267836375,0.53887733733,1.18160188935273,0.231458520417467,0.785980879660111,0.14222433776399,0.00914302684018214,0.0946010196793439,0.00890366971547397,0.0593562428136898,0.129535960991441,0.0154880950298152,44.5299205,5.245535565,6.0288050075,-0.2457741005,0.08162839455,1.3455930425,0.03546401745,0.7790130625,0.1124614275,0.50915123275,49.309240075,6.122464615,9.04842081,0.310486587,0.1174355155,1.70431876,0.0708071685,0.99366924925,0.6238540335,0.5681599255
45.668224881,5.8565253608,7.2198447258,-0.08516289286239,0.095221143171,1.3861806752,0.049864496494,0.94028591802,0.62690096428,0.51075327044,1.08872122114044,0.210364956204921,0.768295830757601,0.148330331596025,0.00925764889490192,0.0777542876144674,0.00867464325902982,0.0446545913308999,0.137992484364036,0.0147689279177692,43.404515175,5.4492555975,5.877430425,-0.379985228,0.076977572325,1.245218855,0.034676211425,0.82807418775,0.352660672,0.48315296875,47.8634764,6.253449815,8.9061700325,0.2198291625,0.11180264525,1.5349292125,0.069781073725,0.99660405725,0.90821546875,0.541181625
46.896394316,5.6187129011,6.2845647787,0.13395683230955,0.109556634061,1.2590798862,0.064441099618,0.8972381072,0.71427309232,0.50535114847,0.961353716613507,0.203256587359187,0.709738372624766,0.153312927504285,0.0100694656085796,0.0895246833301998,0.0113790195488459,0.0539809004425679,0.12029105788506,0.0147852143340005,45.064007825,5.2364997025,4.925809835,-0.19293808625,0.0904388803,1.09420618,0.04267239875,0.78259802325,0.5054209585,0.477732973,48.770588425,6.02428337,7.8012282625,0.4305575255,0.12831611125,1.441559355,0.086449505625,0.98984872825,0.961496492,0.53649696925
44.899752156,5.6669420426,5.7053325314,-0.055406698322712,0.104102728718,1.3425344992,0.067541784363,0.9104437316,0.60789991476,0.50094268045,0.882148921542964,0.189669219679552,0.660808999353006,0.138319602819104,0.0102273430422451,0.0842510243160173,0.0101515919049959,0.0494598660746734,0.104587557192671,0.0145694920491401,43.1067937,5.3116874925,4.5886534725,-0.3212269065,0.084649220425,1.1938072925,0.04587080645,0.7903590335,0.4150832655,0.47342761625,46.545644825,6.035647135,7.19721573,0.21802379125,0.124901824,1.514720235,0.0869355406,0.986313166,0.818976899,0.5300292435
48.378279365,5.4414919548,7.4428950114,0.12165474887555,0.113958825288,1.2780830356,0.053425421597,0.91221157536,0.54401381854,0.53224747262,1.1018078993526,0.205959638120243,0.737002552014036,0.143248825098656,0.00887055139089595,0.0962631400011187,0.00937072219401185,0.0515814767775736,0.111833662400933,0.0157991619940627,46.03006725,5.0482832675,6.1505957475,-0.18511328025,0.09566362555,1.1020124775,0.0365731503,0.79170873825,0.335912658,0.50306629475,50.36920055,5.8324830175,8.9616309925,0.3882401745,0.131620665,1.47829227,0.072843703525,0.987333837,0.7885352575,0.56550848225
47.719676098,5.6660262838,7.3869415857,-0.09465808952819,0.086363341588,1.3943096024,0.053368717555,0.91676933081,0.5060766753,0.49331125878,1.11335680194544,0.206894951942986,0.817475262968292,0.13343397333572,0.00822357986812469,0.1044604209152,0.00954518270583944,0.0468454495500461,0.097198574441478,0.0141966840391817,45.80960265,5.2825237925,5.9806630175,-0.358217796,0.070810853125,1.2046354475,0.03534168695,0.812079004,0.324723031,0.466760805,50.041346375,6.082583025,9.1728035725,0.169299477,0.10265704825,1.6107013175,0.072652993925,0.991898568,0.703968802,0.52515436875
46.898427307,5.6255977265,6.2819608671,0.07245674065088,0.097528925084,1.4915780175,0.050727807926,0.93448296647,0.499278858854,0.49812334397,0.924820590414267,0.20699592033794,0.663065052402274,0.15837828881873,0.0104026793510902,0.0998349162007625,0.0105691261189276,0.0515360111311886,0.143599404891199,0.0158840412673518,45.071947075,5.2130126375,5.11476625,-0.2226642785,0.077127026725,1.310993015,0.0326707305,0.8072784385,0.21270872325,0.467654281,48.7692083,6.06866084,7.65819647,0.3951382615,0.118389606,1.723754615,0.07430615535,0.9979530175,0.793586212,0.530079506
44.197833734,5.2833442873,5.9362973323,0.01451107640654,0.106881129802,1.3550022441,0.053887969468,0.93293367647,0.2974103635156,0.52338231666,0.904367410128378,0.20073564323585,0.640318894845251,0.111029213103373,0.00830572041062603,0.0805032561460352,0.009182266976164,0.0474354034673826,0.140953033660249,0.0149052687911998,42.448063275,4.918268075,4.861691075,-0.19267516,0.090325918125,1.2064358675,0.036554207975,0.82212896025,0.03985716175,0.495884483,45.974436475,5.695552595,7.2380411425,0.21986026525,0.12266291075,1.51864031,0.071907131775,0.9968682895,0.5770099195,0.5536385295
44.998901563,5.4819163378,7.2011069221,0.10842901715294,0.110155741641,1.2166380455,0.049562008463,0.79886688315,0.53055986364,0.5006991058,1.0870051335451,0.195996832078144,0.801799399849544,0.129449714071812,0.00853471329326112,0.0743120966690018,0.0104070608153879,0.0934494218147521,0.110880439211636,0.0154580524708284,42.95237205,5.12101055,5.8316719175,-0.152884396,0.092526344,1.08123235,0.0286706867,0.59520644525,0.31814262225,0.4719465785,47.166369725,5.8889687925,8.81982749,0.36585257225,0.12507582975,1.36954657,0.06950525085,0.956772941,0.7570221405,0.53234983275
45.839180833,6.1932959542,7.6559855369,-0.07031988052557,0.095837602461,1.4236265196,0.066940065755,0.90700227005,0.48611343869,0.49339007625,1.05889117666791,0.233284879641872,0.816711946140595,0.14139491112336,0.00939720355935313,0.0989166844301301,0.0110480130866068,0.0507643902511009,0.122945773663927,0.0148548426143463,43.86432705,5.756840425,6.1166606525,-0.34654317525,0.07783950325,1.246369565,0.048480996975,0.79830529075,0.2449300255,0.46523727725,47.917133775,6.65120542,9.4376825175,0.1948978215,0.11439698475,1.63117644,0.090413882625,0.9881783755,0.72843439575,0.52298005225
47.100517412,6.077515956,6.6928013562,-0.07059697768317,0.088283897439,1.2993571065,0.052665425637,0.89969948325,0.50460902811,0.47915090196,1.05989533087377,0.230594271650765,0.733193764445024,0.128440414979685,0.00781480219221045,0.0811027462434096,0.00830537482942029,0.0472456912001801,0.107268698750649,0.0141880023022993,45.0323562,5.6671856275,5.4425285675,-0.311882619,0.0731967282,1.1490756725,0.0360744473,0.79577591275,0.300349409,0.453524712,49.2897329,6.547055725,8.28010643,0.17911651925,0.104356201,1.4632057625,0.070126203675,0.9731076255,0.72789289875,0.50802088075
45.835981018,5.3760590433,7.2077947238,-0.08811494117446,0.105095948693,1.3375323342,0.054668674345,0.86167827168,0.3143447163092,0.48344939437,1.0696662732661,0.190822009370365,0.699195409747895,0.120770584574357,0.0081629971131413,0.0786452678908137,0.010529450525992,0.0634272392214104,0.12851618369359,0.0132200141966719,43.775972025,5.0120364075,5.95481717,-0.32190815975,0.090379867475,1.1910102125,0.034409501425,0.71071584575,0.033395946825,0.45752206375,47.8514909,5.76941306,8.56564318,0.13770051925,0.1218126055,1.5017419225,0.07515300465,0.9691840095,0.5572099725,0.50941708375
45.013711895,5.7718266795,7.3521546881,-0.057880594549481,0.112250027358,1.2446380261,0.050226240825,0.92648551409,0.58741566751,0.48351189081,1.0571892153126,0.21630426693756,0.830425150771891,0.132297304255897,0.00810158953601729,0.082314439958176,0.00849875375934793,0.0508623949843978,0.102521446026817,0.0133618026628691,42.995762975,5.38069112,5.9281536675,-0.323930312,0.096620299625,1.0882492475,0.035330635525,0.804457819,0.403187033,0.45830564875,47.0795283,6.189782855,9.140810915,0.1900491,0.1270835555,1.4164858475,0.068169932975,0.9955092615,0.79762708375,0.50980832125
47.026318715,5.3607261442,7.1651841761,0.00158549809446,0.10452508668,1.23248496355,0.048922478665,0.8367258023,0.55174029469,0.50331188269,1.11621221818771,0.213061782488392,0.795063698651814,0.13679679378576,0.00968165093396509,0.090863155877829,0.0119279870840158,0.0861414798295452,0.12289136180968,0.016661046289445,44.82591825,4.9486993125,5.7542322625,-0.26273153125,0.08634560345,1.0631899725,0.029076775625,0.653125509,0.32755999375,0.4717032635,49.0356652,5.77496774,8.9530884475,0.25867374425,0.1245334125,1.4185571125,0.077001168475,0.97116431475,0.8091798285,0.537271193
45.236875972,5.8578795071,7.1632838662,0.1313547559035,0.105934071192,1.3593282005,0.061317919287,0.9101110605,0.483239911035,0.51928533266,1.04568857142337,0.22452585154196,0.781575789851336,0.134274243948868,0.00938147858655279,0.0907519572896866,0.0099025990627967,0.0516939110835959,0.131802362942388,0.0147377334922159,43.1328318,5.4540940375,5.811735825,-0.14226173125,0.0873927728,1.196138105,0.042956388,0.7924347275,0.22922523375,0.490242672,47.14797795,6.3319245275,8.730371135,0.40417038925,0.123287468,1.555054105,0.081995250025,0.993610163,0.7447118085,0.5475587475
46.594766136,5.3195448938,6.3717933753,-0.023769291221428,0.106692911219,1.4017887594,0.054897907472,0.93849725996,0.2971827774609,0.51272153983,0.987996445572398,0.196554736366363,0.687674149156618,0.121226308812753,0.00882827170481455,0.0904670575786966,0.00880494157965794,0.0435334155296191,0.125049175173821,0.0142530264411139,44.66087835,4.9530564725,5.2003298525,-0.2675034505,0.08863110865,1.2347369775,0.038296282875,0.828456823,0.0493999877,0.48730480125,48.463383575,5.710970555,7.9123034975,0.21339264275,0.123512609,1.58305091,0.07134146645,0.9966871975,0.53182834675,0.5420161325
47.381137835,5.5173274121,6.5923878342,0.095248219484343,0.098581713804,1.18043474559,0.034477363789,0.89917057832,0.53207659114,0.51003297113,0.978124120324915,0.20802179204853,0.681888714073233,0.139570735087906,0.00848635042797637,0.095905776020548,0.00955783800657494,0.0835004473988369,0.115774836507351,0.0160232147388211,45.45740885,5.1137923025,5.39516883,-0.18631382325,0.081313497825,1.00715688,0.01891483955,0.70953850075,0.29548666125,0.48047563125,49.278473825,5.92580783,8.0675184525,0.3663964145,0.1146606805,1.3860734875,0.0558809378,0.995723742,0.7600318345,0.5414485315
45.006900304,5.8735025913,7.410992785,-0.06962077319965,0.104300378695,1.3262047636,0.046652244696,0.93585565549,0.405931336971,0.50708870055,1.08210939729195,0.200553891357576,0.839482473856361,0.120125745064304,0.00799296431559022,0.0743414159176334,0.00802534045754803,0.0507373719715763,0.111606332863051,0.0144554109499915,42.7781008,5.49424314,5.98985398,-0.308512642,0.0886711283,1.18451308,0.030865118725,0.8067295505,0.19617511125,0.480864048,47.2410775,6.24640101,9.19767265,0.1645944365,0.1198156435,1.4835384925,0.061173624025,0.9959598265,0.62262489025,0.53442104875
46.714667365,5.4753066632,5.3715517655,-0.042446172277276,0.08953003314,1.3139758552,0.04361247542,0.87465103423,0.60420966791,0.49617524978,0.800721772455589,0.191411522768096,0.611216055564706,0.14774137134463,0.00853635792521105,0.0783484154640963,0.0104856974088952,0.0862088437451601,0.108228521525847,0.014903267123001,45.1052252,5.11230566,4.37137256,-0.3221953215,0.07293993745,1.17734668,0.02524106075,0.68113689425,0.4069771425,0.4677943935,48.2611923,5.851963495,6.7049633525,0.25906332575,0.10639782175,1.4714382425,0.066549842525,0.99192168025,0.827901011,0.52583024
46.245191437,5.4207970806,7.7127933159,-0.13576713639852,0.101590619741,1.5544175628,0.067257589916,0.94968210113,0.44017402141,0.49731013704,1.09102992017437,0.208569991336418,0.811527502094701,0.148466023426557,0.00934280422870839,0.099223703357039,0.0101544068638997,0.0318487635643446,0.11149874414866,0.0147428686162607,43.9441971,5.0366846875,6.400473025,-0.43543451125,0.08424197045,1.3667249825,0.0479174194,0.87805145925,0.2196077805,0.469008821,48.24597085,5.86333026,9.4524115625,0.1474538835,0.119723007,1.7544835525,0.088299047275,0.99472920075,0.669654548,0.526320122
46.729384049,5.6228199828,5.6379548938,-0.052928906668893,0.093640655878,1.3164602974,0.062316017945,0.91090304498,0.44264022643,0.52093725816,0.905892785046647,0.227072313350151,0.706700142510257,0.143932827097094,0.0097337607908097,0.106750583404518,0.0114094699788872,0.0539204444722312,0.104971282569433,0.0177079005482919,44.8727495,5.1854366525,4.4994769875,-0.3449262465,0.074918236,1.1146679475,0.0410873907,0.7869390235,0.2509348685,0.487372963,48.519688725,6.0871712075,7.19428934,0.225592373,0.1127379185,1.5225197775,0.085558885675,0.99110275125,0.659506867,0.55900332975
46.109726244,5.7664706026,6.9624654186,0.01674720867029,0.108867290625,1.3667334595,0.051778520504,0.87628864353,0.4486663583,0.516507202,0.989565358901421,0.203482125517694,0.730110291182414,0.132028528975361,0.0088182224093486,0.0839149002646315,0.00899061694300944,0.0686787238960198,0.119242159541065,0.0140916004561237,44.136349125,5.3565450775,5.67987182,-0.22902702275,0.091526040925,1.215174745,0.0336834216,0.7239364215,0.2057199235,0.49098428,48.0546082,6.1602690175,8.4639942725,0.26444516075,0.12587355875,1.55127393,0.06943649415,0.9839685195,0.686085639,0.544688264
46.601086127,5.8463200011,7.091098247,0.051623174279961,0.094689951245,1.224186368,0.036437358448,0.8988667996,0.53540463805,0.49092207646,1.08930007402056,0.208720315830153,0.799281540565424,0.134783242301503,0.00870069570259057,0.0754851887120948,0.00799659784320699,0.0773002739781297,0.10383764754627,0.0146183262613748,44.52047505,5.4414654375,5.7049718375,-0.208181557,0.077665919975,1.069119375,0.0219677962,0.70808639225,0.337342094,0.46409918,48.784653175,6.262768235,8.9109540975,0.32776101025,0.11200174775,1.380970605,0.0533694883,0.996257553,0.7454461665,0.52048506225
45.748297247,5.3979010384,7.1792304853,-0.26590133865637,0.077607099891,1.3545934919,0.0640318743,0.88215448203,0.74848404366,0.50298224126,1.02456306133476,0.209580877137289,0.763405217873404,0.162667740297218,0.00993717291068651,0.0847841877503543,0.0107016529350751,0.0517259572656576,0.129314433265561,0.0155074780727801,43.850607125,4.9985514,5.8271131875,-0.5606046735,0.0576418133,1.1893982725,0.042230736175,0.76092527825,0.51973933075,0.47343712475,47.735061225,5.843234495,8.790384855,0.0358266583,0.0965685683,1.5164884575,0.084791580125,0.966084167,1.0324986125,0.53415273375
46.066440805,5.5366274946,6.5231649782,0.0676695670094,0.110794508623,1.23506154981,0.048840563131,0.9413882265,0.55279627329,0.48869025588,0.938441073064818,0.208991618545466,0.787369311927292,0.14343485759268,0.00936797246356223,0.0906701733939702,0.0103473439745378,0.0447287217771713,0.110288378712464,0.0149428976574855,44.098313,5.15941488,5.164821275,-0.21249048675,0.092309988575,1.06598899,0.02993521045,0.8378231825,0.35925749925,0.459806895,47.843062075,5.9652241675,8.2225008125,0.34514051925,0.12865833325,1.4268329275,0.070660054925,0.996271972,0.79738077975,0.51891617575
45.565866946,5.3234626322,7.3540636943,0.3742323801612,0.103081105299,1.4137730671,0.052931173707,0.93982942207,0.49928922494,0.4989064725,1.06046102051478,0.198889056289775,0.806042730408213,0.131069007781586,0.00856012763671482,0.086806220076424,0.00794849598834862,0.0461061483962466,0.115662429996094,0.0145254629061139,43.41349655,4.9258463425,5.901305615,0.1071956945,0.0862500782,1.2433368625,0.0380053434,0.82722597475,0.28416274725,0.471633879,47.639598975,5.73452144,8.9183185975,0.63243928075,0.11972838,1.5896180275,0.068271955375,0.99859571625,0.73971432025,0.528297444
46.94259984,5.7622498627,7.1228660233,0.059657608798663,0.094244620927,1.3775609189,0.046585665491,0.94341808404,0.47364967431,0.50031362376,1.02283442786721,0.192515836980226,0.751536201565675,0.123194526664355,0.00761964794473426,0.0807454084518824,0.0073491240720543,0.0464402209508893,0.100866198872362,0.0143397448704349,45.0209335,5.39219443,5.8098215125,-0.1760730695,0.0804085671,1.233412835,0.03328906785,0.82247393275,0.26262216575,0.4724552165,48.888435725,6.1657475575,8.7612921025,0.3146683895,0.109881371,1.5472174675,0.061879849275,0.998668222,0.67186727625,0.528612112
46.117034327,5.5164218444,7.9138224766,-0.108926444681052,0.08645942052,1.3579312189,0.052598194232,0.91479314647,0.44566176446,0.51600122729,1.1031028241709,0.201629021323325,0.786973951348004,0.131427221161507,0.00852109322203241,0.0894662595721529,0.0105570578879403,0.0508979810071869,0.119958976754439,0.0150095654087195,43.812142675,5.1405140275,6.498612895,-0.34817759875,0.070904292325,1.198771425,0.032414387625,0.78665189775,0.19700937475,0.48729530625,48.12019115,5.8981048,9.59267918,0.17047359325,0.1022621895,1.54312513,0.0733494237,0.99131438425,0.68203604125,0.544465742
45.029725892,5.691246113,6.1452933653,-0.22235364839388,0.101646545341,1.24741196199,0.055060059629,0.96824568872,0.47443271111,0.51238796446,0.935687181424553,0.207437224033612,0.712058627769486,0.121681697145245,0.00850007887823282,0.0869799683530117,0.00818838518571025,0.0287660061360861,0.117844926005272,0.016800768674929,43.126368475,5.304189715,4.9009673275,-0.469014247,0.084331875875,1.0777423375,0.041073331225,0.8952744075,0.24340873325,0.48096731175,46.7402182,6.1016993625,7.71299672,0.00350522443249999,0.11772112825,1.421500675,0.0734035766,0.99913887225,0.70865856575,0.5473269465
45.204115106,5.8139434646,6.1506961971,-0.052294924661286,0.102867218736,1.4400192897,0.050703559922,0.93669364532,0.529162590884,0.50108565761,0.901805468916295,0.225533019981573,0.677244514890109,0.137251527906393,0.00914630763714717,0.0840443098019886,0.0097674509857831,0.0512933353304658,0.141085584598759,0.0140346197006658,43.532326525,5.40554228,4.9741771125,-0.32190815475,0.08599410395,1.28848386,0.03376111965,0.811143116,0.250912873,0.47318797375,46.927842475,6.2655693275,7.5662417375,0.2267893985,0.12085730225,1.623633365,0.070784095625,0.996642923,0.80568722775,0.52836179875
47.653577345,5.9653101612,7.7798618056,0.12036158817254,0.101200233564,1.3566243598,0.048476885435,0.9719222874,0.66527911497,0.50844808328,1.15898353594344,0.223660958006844,0.789650658862138,0.151188957706163,0.00872643155245291,0.0955538212342678,0.00822453333682353,0.0269068798230518,0.115898947512314,0.0144726695103713,45.539618425,5.54414275,6.42942559,-0.1958469825,0.0849307935,1.1804195125,0.0326949134,0.89339957875,0.45162203525,0.48211907125,49.9662423,6.396857325,9.5438711425,0.39737883225,0.118110097,1.54468797,0.0653097956,0.9992814095,0.9182799795,0.5379621895
46.974776624,5.6628884488,6.8693390421,0.13127832224281,0.09587962304,1.2955354946,0.053183790463,0.81048644281,0.563910596874,0.4980583828,1.03745746691657,0.212555299197307,0.737599868521409,0.162576977009703,0.00974818692447638,0.095555065002564,0.0132365366767065,0.0833469646016177,0.129710071896132,0.0155266834150111,44.82683615,5.2660533475,5.57728307,-0.185079723,0.076786110775,1.112276895,0.026610311025,0.614659136,0.32655413325,0.467898301,48.8493716,6.12053241,8.402437725,0.4512679355,0.11493020275,1.48777655,0.0783134905,0.95557326875,0.84186110825,0.5283530765
45.794671276,5.8951173412,6.1916188689,0.1227458155951,0.107898839322,1.2336283932,0.03457005885,0.90204892877,0.56142701667,0.5097427483,0.92433296394257,0.199330641429462,0.670090236956972,0.126666953891173,0.00816288543091305,0.0746751120179196,0.00756878714380708,0.0782834699687611,0.109389114460912,0.0143365413476453,43.915668925,5.5350451275,5.0381627425,-0.1149719385,0.092481199675,1.0977640675,0.0206314974,0.7116328475,0.34947136925,0.4828795065,47.533826725,6.28827042,7.73668226,0.3894450205,0.1252489735,1.38155292,0.04993410005,0.996214368,0.77354088025,0.53945381325
46.737488285,5.7621626421,7.265466051,-0.09826528448184,0.094226995842,1.4453682667,0.056456081834,0.96638183555,0.39385608302,0.47307909295,1.13791517877377,0.199471688557613,0.736192184470345,0.129043610052015,0.00781570368895481,0.0947737262545496,0.0081525553488712,0.0275568236287097,0.0973166776514828,0.0139237910667781,44.508053075,5.3918940225,5.95007561,-0.35893848275,0.07892310985,1.2828482825,0.041173278,0.89068747175,0.20913105525,0.44631397,49.087498825,6.15811408,8.8270747475,0.169636553,0.10993811,1.636180615,0.0734740367,0.999052334,0.59219584925,0.49960267125
45.136171116,5.6547664221,5.8881752138,0.04560108766378,0.103037408496,1.2822354944,0.064267738301,0.82355369441,0.2876479889042,0.49851465899,0.887708077658878,0.199905824305141,0.657453096471743,0.116432148331265,0.00932155722446912,0.0825292425438812,0.0110596070110685,0.0637118430235181,0.129754528758391,0.0141016948081473,43.427885975,5.267047935,4.773062975,-0.189271989,0.083244282225,1.1282679975,0.0439090081,0.68511403325,0.042906572475,0.472209281,46.84322845,6.0636283,7.28944732,0.258590631,0.12045140725,1.4582319825,0.086072363275,0.93347348625,0.53675589375,0.5263455075
44.655346951,5.4234376271,6.8298696068,-0.012233751829422,0.096108471855,1.406992793,0.053807604791,0.9222819927,0.425984289991,0.4749965757,1.02731416305817,0.200316573236935,0.72750222922672,0.128558273716664,0.00840930475772938,0.093419011678534,0.0099444031790355,0.0587964706768477,0.118296002599861,0.0146570798517038,42.6074151,5.0607861475,5.5560560275,-0.2528443745,0.0792353334,1.2425725725,0.0341002746,0.77421913825,0.1955388285,0.44881002025,46.695307475,5.83075616,8.36978506,0.25913666875,0.11244137275,1.5996369875,0.074069016275,0.9970237775,0.66231637825,0.50397012275
46.027833082,5.9297626033,7.7721689506,-0.13478949880398,0.094646731466,1.3445306228,0.057757389699,0.90607940179,0.41414152114,0.48304341324,1.10669559857603,0.207852549275134,0.799356267929793,0.12154847392731,0.00801463590185702,0.0850544331072196,0.00843153684960965,0.0531289722965485,0.0961495319897302,0.0144944550772663,43.947108025,5.5501344075,6.3528107525,-0.37635086325,0.078320344675,1.1846438525,0.042942308175,0.78542532725,0.23656001625,0.454751581,48.318849075,6.3614872025,9.4762893125,0.0930588317249999,0.1094754625,1.51640439,0.07465818795,0.98804755125,0.6128873795,0.51114664975
47.39609051,5.8034276506,6.6853762488,-0.28214254474864,0.082664028838,1.3886145851,0.062423650858,0.87045188658,0.47475122224,0.49864177155,1.02620705522122,0.211808440812125,0.700770136471278,0.138604203747646,0.00910286515930494,0.0964908473066032,0.010649219461556,0.0542823344126745,0.103486715499771,0.0147814060392953,45.348583225,5.4019080175,5.51662636,-0.559200476,0.066014516425,1.2116949375,0.040169606925,0.744946594,0.285433035,0.470897776,49.3410326,6.240683785,8.31927878,-0.003122986605,0.10096328375,1.59137734,0.08217395285,0.95739794725,0.687043141,0.529075626
46.274499995,5.7312683915,6.4072930694,0.272132752112253,0.116438591368,1.39039641,0.056633186509,0.94055327431,0.53681506469,0.52132394536,0.987885886181883,0.21093612373799,0.70243445327188,0.157972018868521,0.0104996539086405,0.0961876399314396,0.00989392307784882,0.0415439445433245,0.111983982155127,0.0154936443985715,44.365139525,5.3353007775,5.2165516375,-0.019622995325,0.096627448325,1.2237316825,0.0383561401,0.84365275275,0.3349178245,0.49031339,48.08380715,6.1520123075,7.9559457625,0.5903130385,0.13741109525,1.59759092,0.076634526675,0.9965333095,0.77131095375,0.55106624125
47.932355989,5.7646906655,7.4569751404,0.13112115597588,0.112887872578,1.26811815819,0.047000169029,0.87086747341,0.4771579852909,0.49870470655,1.08416796204843,0.230834650611081,0.747362822998957,0.141498490686384,0.00875591348664614,0.0888172667290288,0.0101434999379903,0.0698836723791836,0.127334047084667,0.0154921456911659,46.028922325,5.3422485,6.1902375925,-0.14066693675,0.095571762225,1.10285018,0.02520885125,0.71566967825,0.21674763425,0.468102671,50.049888775,6.22763697,9.0576258,0.41720499025,0.13065863175,1.458128875,0.065847229475,0.9791846925,0.7191582345,0.52848681025
46.675152945,6.0416267956,6.9477594795,-0.03845068993378,0.104673057395,1.4258118706,0.065369797594,0.95609004261,0.65111491864,0.51737280899,0.981649063919199,0.222041474638016,0.768663562358252,0.159566434563753,0.00926720596170643,0.0962310820577294,0.00993214582526424,0.0326031787217592,0.10829346100724,0.0147666314016618,44.786748125,5.6123967225,5.5665627575,-0.35898052,0.087189209675,1.253466375,0.0468045186,0.87200705825,0.4578414815,0.490013289,48.501143725,6.4989006225,8.6654822975,0.265080613,0.12367106825,1.6317596475,0.084838644175,0.9983997745,0.89921720375,0.54856695875
45.956980681,5.7566999297,7.4233598115,0.034977982195246,0.094791400114,1.4598459582,0.054147316798,0.91192996266,0.62926506922,0.51258721468,0.998442480620408,0.210158844366892,0.779291816313632,0.15486432257242,0.0092024343990113,0.0889923238546132,0.00982231316365904,0.052079739473878,0.121758191357681,0.0143674938984713,44.001341275,5.36462437,6.0423680175,-0.268314912,0.077517488025,1.296093815,0.0363793241,0.79757364325,0.41359873025,0.48615526125,47.90762545,6.1869703225,9.0629037875,0.34690547125,0.11243441925,1.647567255,0.075334128,0.9915049275,0.86229758925,0.54357839525
46.077423337,5.7877260668,7.0431277986,-0.24080895088302,0.086946575438,1.5226503201,0.055550296789,0.90245168415,0.429160901106,0.51766934597,1.01441157956479,0.219484596943191,0.752268248511989,0.147340897200619,0.00933945245660243,0.103747135700095,0.01148214219705,0.0570622158402754,0.134061724255718,0.0156051382235046,44.156866675,5.3571057425,5.6325945,-0.5305684955,0.068318284775,1.3341022275,0.0349785788,0.77438774875,0.17434967725,0.48837939675,48.1551452,6.2186236075,8.6637844325,0.0434960717,0.1052339205,1.73538721,0.078765846,0.98752777375,0.70189107,0.5478795065
45.787248539,5.6218351742,6.3436714207,-0.00597985845048,0.100010995906,1.4730739487,0.054149622658,0.95007747466,0.57295250636,0.50371902321,0.898301047249475,0.202507522837844,0.733139531207324,0.157807314589766,0.00964242386799903,0.0920818668562817,0.00895188403344244,0.0455640877488496,0.109061110045472,0.0142674240487223,44.016534925,5.22987076,5.1025607525,-0.30010008275,0.0821592348,1.2971041225,0.038296036225,0.8286103415,0.37676642825,0.47855014525,47.606008475,6.0287775975,7.8978572675,0.35783850375,0.12110414375,1.66207158,0.07291544505,0.999247446,0.80853094525,0.532659827
47.017789673,5.2718263346,7.1510880846,-0.1410732257255,0.101089731561,1.17078245054,0.040907362171,0.85961783207,0.388335059652,0.49989966322,1.09854480120552,0.218650994906101,0.720124701364226,0.131614392665676,0.00908163801487688,0.089036328793139,0.0095469489959812,0.0885158263400281,0.122786063515192,0.0154618197103028,44.80260155,4.8748335625,5.89480201,-0.392532693,0.083679485325,1.001144175,0.023895842175,0.65613957875,0.15937218875,0.470277341,49.1884609,5.6997314525,8.64776608,0.111442535,0.11923357975,1.353391025,0.060796173025,0.9894912865,0.63720967225,0.53122224
45.525033706,5.9021353568,6.7983459188,-0.17678245092735,0.095419026253,1.3836329608,0.049196141113,0.94211674515,0.49339510637,0.50451428785,0.978594878287056,0.197992983682689,0.716157121996138,0.122614088948255,0.00823162507192773,0.0830382683410712,0.00897044539935228,0.0443177164705683,0.111046781208181,0.0137259862804761,43.60905235,5.5011156925,5.4983347775,-0.40900017725,0.079573718875,1.2161029725,0.031422495325,0.83689396425,0.28277646075,0.4778497155,47.50766995,6.2867865225,8.3974717025,0.07083615425,0.11173536375,1.5550360775,0.067316737,0.997489953,0.718175782,0.531536389
45.668481467,5.7186368543,5.9573277184,0.19343589688345,0.102594386382,1.2238572057,0.045146415752,0.8751576378,0.50335853386,0.49881514197,0.956825146075914,0.204230459701326,0.606606760440736,0.128216772267905,0.00801148794109715,0.0798735104551506,0.0103910903518683,0.0754241692956499,0.11217073778036,0.0140485187161376,43.75426085,5.33567954,4.9431160275,-0.064610110725,0.0865978367,1.0751384625,0.02649285565,0.70341698725,0.2809744255,0.47253950775,47.7054586,6.1345283175,7.303485175,0.4427769715,0.11762212625,1.393016885,0.0663742306,0.98859382475,0.7285982155,0.526198563
45.169171463,5.5997599401,6.7381454152,-0.3227345655598,0.077409162853,1.3316422915,0.057100626497,0.83162065875,0.64215241541,0.47919632222,1.02684748383766,0.210678333237757,0.696608870584122,0.142632794675828,0.00893065981187871,0.0812669529925202,0.0108191111051444,0.0601551438944811,0.113166404745544,0.0131210119478888,43.27509725,5.203061275,5.5190281525,-0.5940395685,0.0608373359,1.1845487,0.0350644319,0.69419383425,0.418416253,0.453830765,47.3322453,6.019891765,8.1808105125,-0.0389854864000001,0.094870751875,1.5038755675,0.0793898401,0.9329754685,0.881810063,0.504144286
47.224155698,5.6276428446,6.7590093487,-0.0677309165765,0.102603106685,1.3583816945,0.057603706425,0.92903971128,0.53015536924,0.45319548445,1.11815883875263,0.214293723249571,0.791546715692436,0.146117468124149,0.00929029525272377,0.0915508631462272,0.00995745445811519,0.0465533782811579,0.0954382874965563,0.0134788600359087,45.02161275,5.2022861175,5.4074381975,-0.35919168525,0.0836298953,1.1915861975,0.0380466427,0.81449212125,0.36076570375,0.42758249025,49.386312375,6.077517215,8.39244229,0.1967953425,0.119454569,1.5462086025,0.077234641775,0.9923479805,0.72716672875,0.4808782865
45.541999075,5.70157264,7.1542394581,0.04060045910448,0.092180641557,1.2863739672,0.047028718817,0.92024217079,0.51786134917,0.49125317792,1.0476418248833,0.212583365840306,0.779558968673873,0.130778891326673,0.008654446976013,0.0828556451463242,0.00898811102000923,0.0584772307671413,0.116237195440417,0.0144219504571807,43.488389,5.32611663,5.8493375425,-0.2259572635,0.0744653304,1.142078805,0.031392252625,0.78665241375,0.30783756375,0.4646556515,47.52765065,6.1293982075,8.8519566675,0.2819995745,0.10882163225,1.4599866675,0.065797475375,0.9967890375,0.7597172595,0.52015091
47.127066671,5.6064210571,6.8057668406,-0.14434413237299,0.084325986533,1.282121832,0.054962795778,0.8709830727,0.322706654376,0.52311390081,0.984304616257995,0.22451001083254,0.740551920904063,0.139816598095614,0.00926141339041107,0.103102237813328,0.0109219278435662,0.0629808335611978,0.117409242094649,0.0171865065859887,45.1566766,5.187523635,5.45180083,-0.415424505,0.0660298854,1.1035147625,0.033072569075,0.735345326,0.071412859475,0.49066315425,49.008640725,6.06235789,8.3186796825,0.11302872475,0.1022768635,1.4911228575,0.076615745825,0.97677451025,0.5495104685,0.558270285
45.745944793,5.7405543555,6.4905917996,0.28631138381266,0.109412242158,1.6581224024,0.07523932852,0.94437989079,0.48695379535,0.49074892078,1.03018734246501,0.209637007161657,0.727035003034328,0.152827357648511,0.0104906039381957,0.112042200780465,0.0102967921195319,0.0335829930678852,0.120870315758101,0.014489584870142,43.808299475,5.3468832375,5.159738375,-0.000419321666999995,0.0897564653,1.47387613,0.05524130435,0.865299347,0.25110739375,0.46267900425,47.796431625,6.172008205,8.1061439025,0.597661585,0.130131035,1.9113012,0.09570458355,0.9914153045,0.7382512925,0.5192826755
45.88870046,5.5119491077,6.0913717416,-0.266058425918,0.086639462362,1.2070606034,0.0323094974028,0.7337551873479,0.44696601866,0.49451212999,0.882193883374662,0.208260158781443,0.698152709959925,0.123469666732284,0.00839818256287053,0.0746269799236674,0.0113655215362687,0.152258798155858,0.108361404138466,0.0146333795202296,44.34285095,5.1182149025,4.8657272225,-0.5114305425,0.070283919875,1.0724181425,0.012141685725,0.3838059605,0.249662056,0.46653188925,47.6911953,5.910085495,7.564969805,-0.0254281220500001,0.10318395925,1.3609715625,0.055795144575,0.97621032525,0.6796382285,0.52402591025
46.161237102,5.4275660378,4.9311470623,0.10073256817073,0.115810160533,1.2910366299,0.054256645534,0.88016993066,0.389921579261,0.5006408819,0.79873759463962,0.184159030571584,0.589622307099731,0.127246066050842,0.00949539491855388,0.0778490423347847,0.0105866948205029,0.0659109581260805,0.108509131814938,0.0141161571551624,44.703631,5.0987273725,4.0043306675,-0.13657298675,0.097145714175,1.147584535,0.033736926475,0.74126194,0.169214992,0.4752353405,47.7640241,5.7950279225,6.22887701,0.3790708835,0.1342209735,1.4491420075,0.07588644645,0.989020292,0.598556449,0.52881368025
45.022973893,5.6687455067,6.0309785171,-0.028750080343512,0.1016296127,1.09689649477,0.0344595120199,0.8390490147,0.58291023347,0.50346866409,0.828763889024997,0.20469917809492,0.686143573469445,0.136152184999247,0.00886392376470445,0.0709568961667931,0.0104826510996899,0.115632720239573,0.114386051712989,0.0151126834098099,43.4686916,5.283175895,4.820538855,-0.28240100225,0.084472028775,0.95810137825,0.0163581772,0.5814127335,0.37736120725,0.4762199155,46.71818625,6.1058915875,7.5481224525,0.25016752325,0.11932322725,1.23206783,0.056253101525,0.993310054,0.81845490275,0.536246893
45.421581766,5.6895917796,7.1030169398,0.2995056865394,0.115345851947,1.4269046054,0.06109043515,0.9651139333,0.51922580622,0.49421601399,1.04096862770252,0.21471025633737,0.798330562195769,0.139532824190034,0.00887205623638399,0.0899347936946343,0.00917662809158728,0.0283010184061857,0.100741522365426,0.0151243670241074,43.458305775,5.2751816075,5.736798705,0.02462499165,0.0974778465,1.2630191025,0.0437457403,0.89474765775,0.334387153,0.467221487,47.4999959,6.143843305,8.835048005,0.571600706,0.13303452725,1.603003465,0.08126311305,0.99889326175,0.72714231275,0.52404799875
48.233874212,5.8201071736,6.9673002907,0.08884574025209,0.106879156855,1.12461606813,0.0382671209973,0.85217804464,0.63412668678,0.51387721246,1.03824057753095,0.227486491815288,0.756057316920399,0.15224757621172,0.00845770816190727,0.099566917365219,0.0104862635694976,0.0928536861140986,0.105880241525485,0.0152060938722522,46.291587,5.39284919,5.679031625,-0.21492838725,0.090598584375,0.948353695,0.016284927275,0.64930182725,0.4483978535,0.484967246,50.4228753,6.3016775825,8.6338465925,0.37252011475,0.12345288125,1.338293085,0.057862666125,0.99004109325,0.8524962785,0.54428253075
47.215177041,5.9547520726,7.2994374673,0.00072513828878,0.092540260205,1.4260834248,0.063672005227,0.85438533577,0.510441100876,0.49119606707,1.04739280970967,0.237925587473171,0.794044080712978,0.158629300603542,0.00983314876638477,0.107498310719968,0.0127965991801406,0.0609009451345303,0.124496011146499,0.015197276675306,45.070526825,5.4981622725,5.940324665,-0.3210909935,0.073308846425,1.2358723175,0.038765611325,0.719402344,0.27610424425,0.46311576625,49.07720635,6.4421136325,8.9071855625,0.32303673775,0.111493204,1.65143331,0.089363325025,0.951652168,0.7536582585,0.52175741825
46.593678615,5.3937035988,7.4708016293,0.15697903019666,0.095016249925,1.3475565224,0.059104429635,0.86272483553,0.27871260201844,0.51175068205,1.10645733229567,0.193490782714907,0.851594844947293,0.130784692228347,0.00873436052808594,0.0971825164665249,0.00989280336522746,0.0559626251461045,0.12574412792712,0.0137911834578053,44.514229825,5.0069422,5.962440615,-0.1148621495,0.077966105875,1.17239338,0.04104004175,0.75056553625,0.030114802475,0.48499587075,48.805459375,5.774305865,9.2899452625,0.40824232625,0.1112902525,1.543005865,0.08078009465,0.96479615825,0.53296231025,0.53837561575
47.20080213,5.6714547342,7.5313334035,-0.00093449829558,0.105496465242,1.4093862769,0.05556453811,0.93401692873,0.51070013419,0.50168936718,1.09369471541338,0.184888374015787,0.737568602907383,0.130894773837555,0.0080023141441207,0.0792963721150957,0.00919291787020191,0.0422726077358242,0.0936411120154015,0.0131266020314058,45.13099885,5.33049714,6.1885561675,-0.27235681125,0.09009858655,1.260906215,0.037643125725,0.83860967175,0.34171032775,0.47641360875,49.302092375,6.03779891,9.137073175,0.24936132025,0.12121727575,1.5776724,0.074191448525,0.9944626285,0.730653909,0.526225367
48.205777614,6.0113241386,8.132966726,-0.0483687363602479,0.094447573277,1.3212731472,0.064520278443,0.90231916452,0.429387725411,0.50414915432,1.2720600559092,0.218822691959322,0.852792299841831,0.133114153421139,0.00833568597336969,0.0923077735264237,0.00864772882417656,0.0456220174312775,0.101707406579262,0.0161149556712556,45.5748148,5.60981062,6.693828265,-0.322859744,0.07850095895,1.14174429,0.048474277875,0.79811339575,0.22768764975,0.473802677,50.487469675,6.46605352,9.98816705,0.19224801925,0.110112897,1.50579605,0.082535351,0.98494675925,0.6332194655,0.53587024025
44.028308645,6.0048281739,7.6760984984,0.0667086591734,0.097546287652,1.26794930139,0.049255920984,0.88220759279,0.3577307382238,0.47479522493,1.1566079822914,0.208200063663209,0.821633808471178,0.109671237085653,0.00713420706264727,0.0751010866850194,0.00870342261563407,0.0597764303790002,0.137844312328105,0.0132099720728606,41.95621955,5.62426873,6.2794760125,-0.14319839975,0.084032351325,1.1269039125,0.033650542525,0.751621623,0.0785521065,0.451174509,46.429137825,6.43598553,9.3626610275,0.28761623425,0.11208399775,1.41679705,0.0675026089,0.98832712075,0.62022117575,0.50286921225
46.853415354,6.0814112987,8.7096386599,0.14751437082442,0.10977964956,1.22848919634,0.058481513065,0.91390391457,0.51138596188,0.52188544787,1.31139370623107,0.217097353224318,0.825580912867727,0.132807820406278,0.00847314779687999,0.0835794388079534,0.00829510997868479,0.0527138649668912,0.113642422306151,0.015770041604786,44.157652175,5.6618032375,7.264041435,-0.106273265,0.0941519166,1.0728171,0.04189701475,0.78356544475,0.28071519175,0.4924190515,49.448878575,6.53115062,10.331217,0.40430323625,0.12619520225,1.3960843775,0.0750952106,0.990080451,0.72881358875,0.55589126425
45.114948651,5.6977717207,6.2804921803,-0.0337236659786,0.101974710116,1.3509421951,0.045012389866,0.87783715103,0.58144271751,0.50260192051,0.978453033238859,0.205417554564949,0.670947010057727,0.138152170216566,0.00884291614559109,0.0886988823830142,0.0105525879955378,0.0750371386329734,0.114724572447275,0.01488043082213,43.23127545,5.31681066,5.0460391125,-0.31849064775,0.083589406625,1.198295875,0.02633048295,0.69222077625,0.3678300115,0.47437102875,46.9398394,6.100739145,7.6311711375,0.21820631475,0.11845150475,1.5478593325,0.06622008305,0.985483554,0.81044371725,0.53167812275
45.135025081,5.8323439576,7.7725991815,0.02761656559814,0.09579327037,1.2141774995,0.047075607145,0.81238463538,0.584972045,0.50273476397,1.18379350843944,0.205509629727078,0.843237869456414,0.13181701606112,0.00847076807488324,0.0797423607348288,0.0104454885684617,0.107586139468007,0.126602769517904,0.0150494662881671,42.75948965,5.43811181,6.3094064925,-0.2381117795,0.079402592075,1.066617405,0.0282240079,0.58442242575,0.3463746345,0.4726721365,47.6023475,6.2310153975,9.548131475,0.274677258,0.11065354575,1.365339295,0.067900154225,0.984354076,0.86467282775,0.53411752975
46.972071011,5.8403751551,6.2862342974,-0.018528778132715,0.092156984457,1.4357508337,0.049666856757,0.83046070306,0.401437500701,0.50138800295,0.94588030498014,0.215872982807596,0.695509733575077,0.131965308418914,0.00909427896664558,0.0952902364329151,0.0123404066204327,0.0889908745842473,0.134448383054276,0.0141703304227299,44.9353058,5.43453785,5.056487485,-0.26850689825,0.0748686851,1.2632436175,0.028157232675,0.64171289025,0.126092761,0.4720752775,48.78471625,6.2538925025,7.7731743975,0.2625109025,0.11085509625,1.6467376225,0.07512654125,0.989569408,0.67402713125,0.5285183075
46.588697418,6.1332402722,7.6924923834,-0.08685941576174,0.085231465398,1.2748367392,0.047966211571,0.9134452765,0.49789539744,0.47128644411,1.20519696687679,0.232030141166465,0.851781258215678,0.138001411331674,0.00861131786210282,0.0896172734891034,0.00840933368648172,0.0490326846373202,0.104171746452256,0.0143285745087445,43.9617972,5.6980844075,6.1676918775,-0.36639152075,0.068177636975,1.1128307625,0.032636853725,0.796887505,0.298932605,0.4429571765,48.830723375,6.59619356,9.5623268175,0.18089512925,0.10193170775,1.4670454825,0.0646246454,0.9901175255,0.71107791925,0.4995249165
45.453454541,5.3576716672,7.4549538075,-0.01741413578578,0.09679471235,1.3023584124,0.055485153429,0.87407875936,0.410308484447,0.49652514605,1.03998533502399,0.204969643375018,0.757472848135402,0.130277525709004,0.00902719700922015,0.084380562173799,0.0107927562841397,0.0644005097311616,0.109781132217884,0.0152962913076322,43.313264175,4.9786533975,6.1762129475,-0.257560873,0.079802379425,1.1391647375,0.035390749525,0.732067183,0.18972340575,0.46907938425,47.40770605,5.76430122,9.1421019325,0.23578426525,0.11481638925,1.4630057275,0.078303927375,0.973965179,0.61908598375,0.5285434095
46.795337941,5.6491325663,4.9986095167,-0.124129625871878,0.105039208378,1.4686998623,0.054738115923,0.90151060139,0.65454317363,0.48914202612,0.779282719908599,0.213394407425719,0.6306768939985,0.166040434109616,0.00981240710567601,0.0997869098237595,0.012255505688748,0.0679497151705531,0.128119807372617,0.0150621981256016,45.288729,5.266987705,3.8248531475,-0.4225529665,0.085959262275,1.28875318,0.03361527785,0.7534249085,0.4416056395,0.46210226975,48.360100675,6.10023689,6.3644404425,0.2018954295,0.124856046,1.676772085,0.08118013045,0.995864413,0.942316122,0.520098662
46.119962368,5.8682693754,7.8018613773,0.12355233487816,0.103556405272,1.5432566658,0.051392019168,0.91939470261,0.3310789934085,0.51648219318,1.16709632803529,0.21312627519427,0.802021811787241,0.132792086544338,0.00854187568754989,0.0911484200056635,0.0101349100980236,0.0589176565122089,0.143589387444507,0.0156980779079921,43.61065815,5.4788209625,6.50779504,-0.1470076035,0.087357968025,1.37649104,0.032501937075,0.7781659695,0.057568230075,0.48885701925,48.451939725,6.2937905325,9.56033748,0.3680874705,0.1197165135,1.73397428,0.0726540729,0.99625846975,0.604565314,0.54729634
45.713449677,5.8342850421,7.5103249521,0.109737905625872,0.089004035275,1.444693948,0.058723209381,0.84899040335,0.50060750644,0.4817291125,1.16725114841994,0.216537564356922,0.81491347378946,0.129104015763175,0.00924290632570063,0.0865223085165251,0.0108657718172927,0.0668675737189299,0.115901818181357,0.014259189367769,43.390232825,5.4490132375,6.0712893575,-0.13439778225,0.0712129639,1.28342618,0.039635325675,0.697605432,0.28418389275,0.45544794375,47.8040465,6.2589436425,9.2548707075,0.360269938,0.10811590275,1.6254192575,0.081879912375,0.96175031875,0.73679108225,0.51013885275
46.215480557,5.262960555,6.5268874124,0.00443800195273,0.098756307198,1.3008983723,0.065662157216,0.96145745559,0.78717688046,0.51526648005,0.946852833090676,0.199408695374214,0.710110720081745,0.1621865617831,0.0100719295689571,0.093627339750904,0.0100469314366217,0.0283901102096795,0.116462010072969,0.0172071067794293,44.3822583,4.892187475,5.2926424375,-0.3098189125,0.079474812025,1.13044248,0.047361927125,0.891252092,0.58596690375,0.48266286375,48.0437277,5.67114154,8.099237645,0.29407699325,0.119287546,1.48644581,0.0865846064,0.9970216175,1.033900895,0.54927672325
45.90909906,5.5282157143,8.2015056064,-0.17017136766055,0.108041623778,1.3943000115,0.061945666644,0.88382285746,0.419944484063,0.51960084962,1.22070751955306,0.191328087828906,0.871575755522596,0.131103228148453,0.00861000615512322,0.0858677929817675,0.00830192543952841,0.0481225221654364,0.114102341145028,0.014069265388986,43.483339575,5.15327343,6.6821159225,-0.4350988125,0.090700434925,1.23651348,0.045348929275,0.775382143,0.112523457,0.493204773,48.234353975,5.9207447625,10.07095155,0.0754416685,0.124269111,1.5638281525,0.077774058175,0.95948906125,0.62911073175,0.548271701
45.511505972,5.8543990365,7.1792510445,-0.10752231776768,0.101699160589,1.4561509373,0.066242020501,0.96387897562,0.54218188588,0.49099070524,1.10794242398098,0.220954096291414,0.813225512009554,0.144183822527844,0.00957198627611423,0.0943205898237615,0.0102485221399266,0.0273660908899978,0.107796689517417,0.0163124758504647,43.3559049,5.4696351075,5.7396434125,-0.38751911275,0.0829971947,1.283676155,0.0479213349,0.897154748,0.3401788685,0.46100399025,47.611196025,6.2917902825,8.9040367525,0.17558866625,0.121008417,1.648829395,0.088294318875,0.997714499,0.77236790325,0.52393025475
46.58548407,5.7617798007,6.3569410627,0.16738834340983,0.104431249933,1.3920071208,0.057786500813,0.92745298616,0.58440102113,0.51716132577,0.941850245999534,0.1947970419248,0.68362919023727,0.14009422760826,0.00844083639007122,0.0879851564785687,0.00998568962292471,0.0426003817599514,0.109215142212388,0.0142167846930736,44.629680025,5.407116485,5.2259436525,-0.11594354325,0.087841129825,1.2360535275,0.036865088875,0.82410815675,0.385316456,0.49199587775,48.29739055,6.1571450775,7.870446115,0.43388576875,0.12129264625,1.579696085,0.07628330385,0.9908612895,0.8140377145,0.54834249375
43.952066381,5.4106670331,8.2573328608,-0.10631786995891,0.099743991455,1.4734010626,0.048626206052,0.95619327093,0.460261457921,0.49377444249,1.17315303839751,0.194217130149136,0.846197110016134,0.13154804793632,0.00840158905233815,0.0856509592782573,0.00684685811360877,0.0394501783183536,0.133386706303287,0.0150722086382244,41.449996925,5.0533250925,6.7805207375,-0.367927065,0.083448079875,1.312268595,0.03570757085,0.85881825175,0.194060032,0.465110623,46.228444225,5.8048740075,10.0143009,0.149727352,0.1162657395,1.64916551,0.06206785745,0.998626741,0.71942160775,0.52260827175
44.818843415,5.7358365865,6.5031055765,-0.0181518145317,0.091583611936,1.4026823079,0.064638513719,0.87425058485,0.412646940541,0.49020917101,0.921500507304022,0.202725453352088,0.724855497043548,0.117082580751529,0.00896757619069551,0.0806341935084385,0.0097723750388134,0.0742523331519444,0.13225183809108,0.0148082848114205,43.211918025,5.342741985,5.2642936525,-0.268947438,0.074074345925,1.239921395,0.044430377375,0.702317496,0.130616365,0.4618148795,46.600472975,6.13024381,8.0488503225,0.20286754575,0.108340937,1.574068665,0.083634221875,0.99211388225,0.671960409,0.51956298
45.627589808,5.7432020613,6.9698493909,-0.060699721843521,0.102957630007,1.3782286015,0.048308668399,0.77690733054,0.27372038540231,0.49030712254,0.999978235180564,0.222263940415335,0.733838190492624,0.135459037599151,0.00939172200819632,0.0843988183135765,0.0112642574626793,0.098705536904181,0.142510505252802,0.0160424152849041,43.7421151,5.3352204075,5.59707624,-0.33248955925,0.084394892325,1.224095835,0.026395539025,0.5453497475,0.024499782625,0.4606226055,47.523377525,6.2211071225,8.56683368,0.2241713435,0.12079546325,1.5564030475,0.069141463725,0.9366995195,0.5527938785,0.52278493325
47.831710437,5.9110345248,7.0024762647,0.049345205746884,0.108168748997,1.10621173934,0.037241058866,0.91382016765,0.64460060286,0.51430178372,1.01430507683869,0.226819697305609,0.797298329728309,0.149072657183669,0.00794043999680164,0.0792692277930732,0.00824277388927791,0.062393581386591,0.10241181404358,0.0146292001771616,45.691421375,5.48186746,5.6566234125,-0.232899583,0.0924010186,0.95899634625,0.02207556625,0.76630080825,0.466408941,0.4857750495,49.72206605,6.3774439925,8.711087725,0.352647759,0.124095399,1.263705935,0.055470363975,0.99546261925,0.87211060025,0.54316841075
45.22216838,5.7513253905,6.8132943563,-0.21371063455406,0.097321401821,1.3944421663,0.076134490259,0.88121503548,0.59788782605,0.50310795081,1.02675023427194,0.209433286053936,0.728791286126434,0.140419466069996,0.00955667345009449,0.0909069988160161,0.0116836363773412,0.0475841347193653,0.118525464483139,0.014862012263185,43.3148892,5.3633169,5.6062148625,-0.5062612605,0.07916485065,1.23075871,0.0524786565,0.78052394375,0.36492047325,0.47463327025,47.28381475,6.196529455,8.4634035225,0.05237081535,0.11627908225,1.5770817075,0.097602310975,0.959623013,0.83866035275,0.53368109725
44.656980244,5.8117235066,6.5722143682,-0.11610969370664,0.100267921394,1.5713421533,0.070022561156,0.96404047113,0.80246370231,0.50279652257,1.02692184917896,0.21958986004785,0.734157414194816,0.15986800258686,0.010049000900565,0.0973877334259124,0.010005130847936,0.0262642441534426,0.128855915959526,0.0143648303913963,42.41843975,5.373380155,5.4235920725,-0.435676194,0.082328361925,1.394669205,0.052535833975,0.90364154075,0.56347720725,0.4768569735,46.51663785,6.25513029,8.1822407,0.1873019265,0.121076486,1.7771071275,0.090865043775,0.998431632,1.080990815,0.5305901385
46.389834345,5.9175877955,6.9240628349,0.107830693746792,0.103224106557,1.2871835818,0.052736750873,0.82729702069,0.60507184384,0.51264104966,1.09793881017349,0.225036995292368,0.784574842315313,0.144468811866301,0.00894684691255759,0.0858415642916449,0.0129773738233036,0.0876663695747124,0.111752103042198,0.0161542218236645,44.245236675,5.5158339125,5.57611335,-0.16730745225,0.085107629125,1.1350205675,0.02875401365,0.6338788535,0.41282126325,0.48222746775,48.574965725,6.38421501,8.7207935425,0.39562961325,0.120901454,1.4720277025,0.0793470873,0.97442653075,0.8500253565,0.54524573675
48.493869636,5.7207980547,7.656018921,-0.04153710940712,0.091715040057,1.3524489383,0.044741885212,0.92294380188,0.76575557677,0.51363331128,1.16957518626783,0.210154469095279,0.806212948091378,0.164057717364465,0.00794488313682748,0.0915647330376494,0.00852170374095046,0.0463841599934327,0.122624061388218,0.0141672902302506,46.3573839,5.35892455,6.35603142,-0.359707894,0.076901596125,1.19544311,0.030164007475,0.81431527725,0.540279539,0.4858008715,50.74493105,6.1549857325,9.4769337025,0.299236248,0.107590737,1.5453071125,0.06269168905,0.991342469,1.0276439,0.54188261825
47.065243071,5.8891509056,7.1672949033,-0.034155131897451,0.104589989891,1.5077918145,0.05451804311,0.94808461854,0.268479243565,0.52246076788,1.02568271752109,0.226230855661398,0.804948464418215,0.123510070314011,0.00776415519750268,0.0899915581533979,0.00920365472624072,0.0376989173827,0.13356944598109,0.0150395995800382,45.170152575,5.47078986,5.737831675,-0.27387079275,0.08969638645,1.339302785,0.03837519045,0.854665018,0.023561751675,0.494262823,49.1667574,6.36000072,9.10630384,0.211741038,0.12014531025,1.6903643175,0.075347505225,0.9974901805,0.51737622025,0.55443308725
47.384842967,5.7296281361,6.7263935675,-0.10657158619004,0.102695318988,1.405998925,0.062503891169,0.8735059936,0.2916007174352,0.49285294195,1.00786435418157,0.211814079707093,0.796707829224645,0.139344773757541,0.00979613484095052,0.0997038698786883,0.0104172003733284,0.0538572220197215,0.135567066900381,0.0144050433474533,45.301987825,5.33229834,5.351925125,-0.382916053,0.0838498262,1.2269852025,0.042530637825,0.75273592625,0.020688137325,0.464709668,49.3330947,6.1636978,8.358416475,0.17366284525,0.12380600275,1.6297929675,0.08247451495,0.96947359175,0.52038427525,0.52101101225
47.397478538,5.9050538928,6.4735095694,0.004260836649174,0.096641147718,1.4246357038,0.050480357503,0.94022494504,0.57152885741,0.50120632664,1.01865308046565,0.222702891438372,0.724181627701661,0.156861102123727,0.00978669092728173,0.0910414217564717,0.00895457248586625,0.0467927643529892,0.120929220163278,0.0145984259648922,45.2516457,5.49853746,5.2657794025,-0.30352565225,0.076130894275,1.266477445,0.033727217475,0.8255971835,0.3388979475,0.47328132325,49.368652575,6.357356155,7.997798045,0.315549859,0.11497351775,1.6166970575,0.0670198954,0.996546813,0.83162042225,0.531498022
45.794130559,5.6393297683,5.7792687006,0.13354247890263,0.102418721039,1.2997209205,0.037989151688,0.87893123238,0.3707475363842,0.50417209207,0.910723281013495,0.208120862585299,0.703586321810317,0.127715417217545,0.00921731102161238,0.0884432630148514,0.00947925116842596,0.0890244091199925,0.142296542310644,0.0159487943158067,43.919184475,5.2368038625,4.5841609925,-0.1135565445,0.08376727465,1.1361485775,0.022038434375,0.6733548675,0.057088138125,0.473994218,47.478825675,6.07659385,7.3534237825,0.382634506,0.12052423675,1.468921925,0.059260574175,0.9943652605,0.6278170575,0.536735589
45.320410078,5.5154238835,7.6023453851,0.119205784393283,0.110371684635,1.4438585507,0.057622776571,0.94701751741,0.60106490555,0.48253842414,1.08563636012686,0.213394443742082,0.713136982665133,0.133442256277123,0.00840157147565558,0.0848586217488576,0.0103064841906046,0.0362921013986505,0.127949091608932,0.0140966489903973,43.307737425,5.1177820725,6.32613515,-0.15581810375,0.09305542895,1.28538237,0.036787489375,0.860161608,0.34210592075,0.45630808125,47.669311425,5.9528230425,9.1080150375,0.369354985,0.12721194175,1.62306146,0.077110610575,0.99659573275,0.841993824,0.51294957075
45.401940474,5.5794898341,7.1892462595,-0.01150096175154,0.104178307856,1.3148714759,0.058918492267,0.94048915371,0.54419687717,0.49927917728,1.08567209416367,0.200101457703228,0.739233569752646,0.130567121493514,0.00899440129786687,0.0900786509931406,0.00803227059313649,0.0409812109713701,0.10529266073303,0.0143774294178883,43.220111625,5.1820846075,5.804737845,-0.26792754675,0.08628200505,1.1498572075,0.043476663325,0.84108015525,0.345520183,0.472443875,47.41374665,5.9728247175,8.73278037,0.23327741375,0.1208835025,1.497612585,0.075634284025,0.995782155,0.7617784695,0.52816223825
45.059170938,5.5683329456,6.2150019679,-0.08896491386392,0.097703902621,1.2517535258,0.038926461146,0.80034636906,0.53476269222,0.52764737513,0.950586367740327,0.200620926867778,0.681458506178956,0.13197335399594,0.00959443271102467,0.0823391822853248,0.0105194478976812,0.117098368027241,0.124113323740237,0.016051175659721,43.22433855,5.160806185,5.0752685875,-0.33609743875,0.080072802,1.102529275,0.020007444175,0.545083079,0.29467942975,0.49908447975,46.8109248,5.989262045,7.70499489,0.15821454,0.1165782225,1.42358032,0.061428888625,0.97835828825,0.7939995405,0.55941709325
46.97755029,5.8832741134,6.3938233441,-0.02379127673928,0.099083332984,1.4959327183,0.059819376032,0.91878012641,0.59968116911,0.51837380522,1.00323210008496,0.219400112927257,0.714249222815009,0.169971163022793,0.0101602716398629,0.100518345337563,0.0102680733646607,0.0507241146971781,0.120002289378562,0.015520697442862,44.9465575,5.4801558525,5.1298058625,-0.37823646175,0.07879562655,1.3081550525,0.041416347525,0.80838857125,0.381948668,0.490377913,48.796599775,6.2925734425,7.91741181,0.27821199175,0.11873459825,1.70781171,0.081022812025,0.99447686,0.8616530955,0.55012345575
46.719968066,5.6323911829,6.7822765665,0.122412013882538,0.108772242503,1.4179432182,0.058630665917,0.95117708799,0.36956183842941,0.47919215366,1.03443996365132,0.224690182691582,0.728235370413859,0.134959407065354,0.008887158343884,0.0959937696839051,0.00963984140274304,0.0411533116002876,0.157580602125199,0.0142051158423202,44.7499688,5.215495665,5.448221895,-0.14331051475,0.0906959907,1.2456506975,0.040616558175,0.8471317735,0.009348223745,0.453395023,48.79740615,6.08387522,8.2691780825,0.370928478,0.12687904775,1.6266334875,0.07798750015,0.99822370225,0.6581055445,0.50901790875
44.776528507,5.5802432892,7.490942827,-0.0848400551339234,0.087218882741,1.4313692725,0.05428871837,0.95997000259,0.3456282836886,0.51422354891,1.07979328482006,0.201310808052716,0.765439114324774,0.133143987818649,0.00829381179557628,0.0879380409535089,0.00836429386249701,0.0326217088775512,0.123652834383181,0.01621471880105,42.792021725,5.18217308,6.1541731525,-0.34654325675,0.070705247775,1.25776804,0.038358453225,0.882231664,0.052065239475,0.483202279,47.0621085,5.979417585,9.0861559325,0.1601626415,0.103217178,1.599611675,0.071290293825,0.998845961,0.56932528875,0.54624036075
44.165005932,5.9642272041,6.3742304397,-0.06852677726271,0.09636760553,1.3584874858,0.051041999004,0.94296834482,0.5093654294,0.48293382598,0.940240696226351,0.22424168659682,0.769125946539079,0.132872111719284,0.00935700349540434,0.0845334692653081,0.00905892659587747,0.0482416568919891,0.133731155178545,0.0140893898638973,42.3220297,5.54628773,4.982902685,-0.32011754675,0.07781968015,1.2007494875,0.034930185975,0.82252307525,0.26221325425,0.45550287775,46.10424315,6.4150647925,7.9752840625,0.170956647,0.11409843925,1.5267419925,0.07127675255,0.996740944,0.7804944415,0.51053235275
46.258195601,5.8124686256,8.404961767,-0.058301864390681,0.094163184987,1.3656822477,0.066416301451,0.87142042195,0.64002995022,0.50138426836,1.25484902889468,0.210599315931042,0.904628281805023,0.140900989315398,0.00826629037397035,0.084501926888532,0.00857493413926477,0.0473443644672404,0.10457619578107,0.0137196892278965,43.861195975,5.4147884825,6.87295034,-0.3231129485,0.078247265925,1.20653745,0.05022025355,0.761759067,0.44305882175,0.47373374375,48.776548725,6.2651925,10.455619175,0.225501122,0.1104207385,1.5393887025,0.0847767279,0.947687686,0.8532427225,0.527724415
43.405140159,6.070252968,7.0138576799,-0.04067830180983,0.097260390775,1.312049673,0.061686620202,0.91075665868,0.62884966592,0.50319629804,1.02867556434739,0.199854307147497,0.735644268283802,0.13770160049708,0.00926995845691053,0.076788498360135,0.00953407476153487,0.0437435813199152,0.105531911935073,0.0143902556250389,41.337269625,5.662531985,5.72367022,-0.3018303865,0.0794896658,1.166151635,0.043189989625,0.82159215925,0.43579136125,0.47721077325,45.329070525,6.45235721,8.529610445,0.23741579575,0.115153041,1.463944675,0.0798772185,0.986501472,0.837779832,0.5329670735
46.175707266,5.4165524912,7.4130690072,0.01632413633009,0.110221167866,1.4266158424,0.049294326094,0.86954725718,0.49587058246,0.4790157225,1.03334997422906,0.208764871185197,0.738042202721712,0.139875368886735,0.0091508871745541,0.0937134592321786,0.0123019083337497,0.0758342535835933,0.129940875792626,0.0148925793760805,44.143874525,5.02855362,6.1511730725,-0.259148871,0.09239729745,1.250160265,0.0266905979,0.699395401,0.2434590705,0.450972338,48.167248975,5.8532727975,9.05898628,0.279030178,0.12775885225,1.610346975,0.073585222,0.98770336025,0.7549941865,0.5101625955
46.666834482,5.4021485195,5.9551980479,0.03586405918656,0.112300238508,1.2216417807,0.044503461749,0.88856173564,0.51141405055,0.50978660722,0.890553755614846,0.19624985855537,0.651065654912337,0.132802536927657,0.00835197369167584,0.0788529803627625,0.0103103396829522,0.0747971317988882,0.112019892848146,0.0144049692946084,44.840763775,5.035267985,4.78760894,-0.22424566525,0.096351085625,1.0756355075,0.0254756331,0.7087546675,0.31364799175,0.48114739775,48.541348875,5.7946320375,7.36985328,0.293588822,0.1284548855,1.3827963175,0.065338618625,0.99435206375,0.75243373825,0.5390731185
45.571491424,6.022539209,5.2427037411,0.034760108361644,0.098832948179,1.12136091802,0.061341766521,0.85856521623,0.53180260139,0.51001119197,0.789785960979039,0.21807924038586,0.61972727209108,0.132419304812886,0.00876862272792527,0.0799832846168822,0.0120106703003006,0.0780436729401643,0.102596380316265,0.0153569551842103,43.9377945,5.6316686875,4.1883820225,-0.21196773925,0.081413676475,0.9732375195,0.038177701,0.693202608,0.33574299075,0.48185958225,47.06318235,6.5074296075,6.6419492825,0.2865986455,0.11444199725,1.287324815,0.083183643175,0.98980127975,0.7382418835,0.54167947875
47.479295095,5.6504463432,7.8782963566,0.04331510660297,0.099270412406,1.4222110621,0.05967850778,0.86270247436,0.52922371481,0.4900594034,1.11950359522596,0.210078056081175,0.797864446636453,0.14754624680644,0.00927991533170944,0.0819536317080785,0.0107875364376749,0.0534482543684214,0.113415683097974,0.0134835425641995,45.348934525,5.24991839,6.512077275,-0.236050389,0.08194923055,1.27714951,0.037435947925,0.75006977825,0.30867948225,0.4666775895,49.769004075,6.0910953925,9.55593226,0.34888208775,0.1186021715,1.5897326525,0.080222617075,0.95790788975,0.7602869195,0.51809394675
46.494660109,5.9305112585,6.9590514005,-0.16025936643709,0.09773647297,1.2903155541,0.057383606088,0.85401024356,0.3558027163789,0.50519810807,1.02863861477011,0.221948327474608,0.794710198680326,0.123178756692265,0.00881991861660147,0.0868335007559203,0.010322844210827,0.0665887813637702,0.134807006639382,0.0154770926643167,44.529063025,5.5310696525,5.6904658525,-0.39491693925,0.080088897825,1.12059024,0.03914074385,0.70216721725,0.0633196485,0.47625293625,48.491177525,6.406072655,8.67584409,0.0964195751,0.1159648175,1.463264345,0.07875528555,0.9629727525,0.60654763525,0.5353033955
46.744271443,5.861880218,8.083596403,-0.04091599136321,0.096851709966,1.309736954,0.059166500312,0.8562445353,0.62878109202,0.50968404676,1.14460804896475,0.216368600064555,0.835044334466049,0.148550005808687,0.0086602280682022,0.0851664277902415,0.00889437040336154,0.0564773106750783,0.126192950332022,0.0141351654744332,44.23969975,5.465796165,6.5511909425,-0.31429973325,0.0800261385,1.151564445,0.0415125865,0.722114553,0.405849567,0.48328420975,48.810779425,6.30301848,9.8200818025,0.285282639,0.11370452975,1.47916673,0.075763664475,0.94107824525,0.88740762725,0.53858414725
45.05442131,5.5337521083,6.354481136,0.03439254550635,0.091696197532,1.2911294096,0.0392433345187,0.82558834334,0.52711435288,0.486786705,0.925812312387951,0.208926316834083,0.749434516226967,0.134936976303012,0.00946214934999982,0.0783218878485813,0.0111909907355678,0.104203453086209,0.103116000648952,0.0159180844723455,43.2481362,5.154557575,5.0676415425,-0.23673819075,0.0741968546,1.141856825,0.020896670225,0.59478780325,0.33536501775,0.456642564,46.925990225,5.9662547225,7.8764491875,0.303381862,0.10951296825,1.442809355,0.064147373125,0.98592461775,0.73791725025,0.52042719575
46.267634543,5.5547252443,7.5754409519,0.06937997398671,0.093700050923,1.4019484492,0.044281896095,0.87886280453,0.59565139328,0.49911353939,1.11119007495138,0.200381856867373,0.888051884431321,0.15656678317637,0.00925427018003332,0.0809978475063923,0.0107764624567384,0.0818703031489262,0.118772209969905,0.0147913575475,44.233357225,5.168246315,6.095159175,-0.243803641,0.075576735525,1.2562376725,0.025722554875,0.68589810725,0.384346721,0.471537238,48.449536275,5.9699516825,9.6311593825,0.3651572935,0.112332237,1.5715717025,0.06894694145,0.9948422165,0.83157128075,0.52685507
48.110174392,5.7399530946,6.9176494085,-0.11820408608412,0.092323234021,1.20102321891,0.053723719436,0.83513651317,0.40095163755,0.54086923245,1.03961219024877,0.199852728213557,0.734378952708234,0.128242686762989,0.00839652297134472,0.0787662431344965,0.00977107858067941,0.0690881012644636,0.0934421184550408,0.0153324327328906,46.19490125,5.358094945,5.68395702,-0.37201973125,0.076069573325,1.06082228,0.034250129175,0.691513404,0.228444701,0.51135074875,50.303916,6.131926135,8.5599417925,0.13884392,0.108238281,1.3633603675,0.072695168825,0.97067108825,0.58352257275,0.57251213675
46.70966189,5.4123838795,6.5552648675,-0.0750240258774,0.097364717938,1.2548080574,0.048475758744,0.88291641224,0.39806395079,0.51906311573,0.96253364300758,0.178114945446494,0.678716327469454,0.131177365794469,0.00842409097256,0.0795452218439634,0.00908028114445147,0.0524126613356521,0.0862067208508145,0.0135941274629884,44.7869286,5.0698838025,5.33981348,-0.3210699175,0.0811633601,1.1136346475,0.0319115991,0.766200079,0.23034753025,0.4921171425,48.54647395,5.78013963,7.9308293275,0.1776577805,0.11351983175,1.415340365,0.06725063415,0.973183938,0.56909262025,0.5462385675
44.425007237,5.6437345836,6.648224154,0.09773358579867,0.099859723877,1.3047792793,0.046405095036,0.88285885672,0.67259106115,0.49115708394,1.0319240553733,0.200945096743551,0.670686743141476,0.135592624546004,0.00857974993178339,0.0753251130683378,0.0106511485150679,0.079908119876485,0.125523001866106,0.0133922407871393,42.556690525,5.2678171075,5.4605568525,-0.17434678775,0.081870554875,1.1663227275,0.0296857511,0.71219550075,0.452016559,0.46445688,46.7396373,6.06987987,7.9736348225,0.35564679825,0.11571289475,1.4620034575,0.07025172675,0.99437301675,0.94405362275,0.5171087435
45.596225057,5.7296041741,6.3957519981,-0.12021979469898,0.097998875757,1.3054681788,0.037836820659,0.86795559792,0.55667116725,0.49358108827,0.995895986388731,0.214772273441314,0.704175022758901,0.141650938053748,0.00966216348573689,0.0861329357870925,0.0111754414395145,0.105393336564698,0.121594917500143,0.0156040237667878,43.6795034,5.3376683225,5.156029765,-0.39699437825,0.079328861275,1.148526175,0.0178423948,0.6141283635,0.3324376625,0.463981175,47.651787325,6.186094055,7.92552122,0.164386274,0.11712049675,1.4912973575,0.059800235825,0.9965751115,0.81808635775,0.52622483175
46.011152448,5.4956514917,6.0130196483,-0.047488020634914,0.104116907815,1.3389361981,0.049203220414,0.90024587872,0.4157859748086,0.47798096546,0.934009131180987,0.218821567083383,0.669914405496027,0.135538646451573,0.00955316819055499,0.0969113746789435,0.0101673308887389,0.0721459553701458,0.169435032961769,0.0142018395984611,44.2790414,5.0912795875,4.802999775,-0.312133289,0.086258207075,1.173500025,0.029952724825,0.7152172205,0.0340534332,0.4506290445,47.851952,5.9669637,7.3892393025,0.22972098725,0.1232023935,1.55793566,0.06886118015,0.99302842025,0.7254617275,0.50645160475
47.011082924,5.704656996,6.1699448917,-0.1793049973572,0.09515665672,1.30234424654,0.047868694738,0.88895807731,0.341031143046,0.49095800187,0.920924321468671,0.201832741165542,0.65352650345533,0.129257553210322,0.00839871483154108,0.0889212575470968,0.00891649431525318,0.0591826437145348,0.116832511271998,0.0148924188097162,45.16345795,5.36292117,5.0115846875,-0.4241393315,0.077551182075,1.126299515,0.03077628,0.75341843175,0.08645107125,0.46282793225,48.898328775,6.11864302,7.5376980775,0.095212329375,0.1110260555,1.48133179,0.064965781225,0.9912059715,0.55805535125,0.52079711425
46.23850184,5.933733481,6.3867995738,0.1403674997805,0.107021354055,1.5007097974,0.068593619361,0.89985323031,0.54632946098,0.51394449022,1.03285989418669,0.215558283946655,0.73181077920219,0.150173966697356,0.00994570505469369,0.0955196135697199,0.0108843646587666,0.0464695497739762,0.129788249336143,0.0144611783718455,44.2545345,5.5174967675,5.1008635275,-0.15392396,0.08747565105,1.3304978775,0.047635425225,0.796756651,0.28601428675,0.48712600525,48.17437255,6.35371403,7.931582595,0.43361684775,0.12624256625,1.69614432,0.089588504175,0.9853580115,0.823737735,0.54309398125
44.867568724,5.6858623033,6.2415138205,0.171687757396526,0.106113073339,1.2561190874,0.0394362361628,0.787069195865,0.442444131113,0.51862778309,0.915917774751961,0.216711187690831,0.716451762733861,0.11512659100358,0.00903911692035628,0.0790735721636524,0.011768788352859,0.138724101910049,0.149490242753964,0.014677911475388,43.1918576,5.28962331,4.978471305,-0.054816499925,0.088261540775,1.097772805,0.01804626215,0.4986116465,0.089282537925,0.490825521,46.698726075,6.1378567475,7.88385582,0.404769465,0.1237575125,1.419144455,0.063779251675,0.992061491,0.704801701,0.55059348675
45.444030981,5.6559690773,6.4301423338,-0.13492757643057,0.107990573056,1.3912628111,0.050992655028,0.94333484288,0.40010310214,0.48288128904,0.967060877034875,0.21084212259113,0.716709054326707,0.119962376979856,0.00861488271877617,0.0872014422236135,0.00924847717233652,0.0477994726898661,0.11905449727473,0.015325792390279,43.579569775,5.2711970475,5.1932322075,-0.38718597825,0.091402540375,1.2365784025,0.033204249875,0.821412149,0.15931550425,0.45382582575,47.353545125,6.0722927275,7.91288411,0.1057653395,0.12471191,1.57145979,0.0692490899,0.9984240655,0.64515357725,0.51214078325
46.713748932,5.6328510549,7.0809510169,0.084246914051917,0.108609711468,1.3238561698,0.045038011538,0.88869124709,0.3974533942547,0.51728262553,1.03792415533938,0.213326914370696,0.795518508176331,0.136124056529713,0.00905968880768609,0.102909385126412,0.0111204213975128,0.0727824439861493,0.151342800130932,0.0159445485865764,44.64012435,5.2359488775,5.6814059725,-0.1839124655,0.090902135625,1.135865495,0.024921389475,0.717590596,0.0520209677,0.48671981525,48.6745379,6.07843082,8.7962115425,0.3519423445,0.12613867225,1.5380767025,0.06680540815,0.9925208125,0.6616361,0.548633115
46.542073646,5.2485489507,6.041693312,-0.0798917965653,0.097988952436,1.332231243,0.048281971715,0.85932628512,0.56855260769,0.49232083188,0.869514387416367,0.17669058369289,0.658718404882939,0.147668674545328,0.00857249337306279,0.0883503696925567,0.0115758728835072,0.0708956086695549,0.101572512233799,0.0134370092821912,44.767282,4.912957785,4.92116056,-0.3837336795,0.08167596165,1.175220355,0.025649120475,0.696787346,0.402350715,0.46696434625,48.123617825,5.63603187,7.4673434975,0.21933950925,0.11473509225,1.52319449,0.070296667825,0.9979817755,0.79270822675,0.51845487075
45.645079728,5.7750990837,7.4282675322,-0.06256705075974,0.08517988776,1.5571048079,0.065791058211,0.89804140093,0.2659295361496,0.50580267026,1.02896676226683,0.218580008687467,0.760981786581474,0.130508324426588,0.00814726759008782,0.0901272957759102,0.0109649585943776,0.0410420383748025,0.134721349208518,0.0145151305100866,43.677185725,5.3933171275,5.9773124825,-0.31736261175,0.068301989725,1.37957816,0.046559583575,0.79766058925,0.024261506275,0.4794103805,47.6853755,6.222475475,8.96845595,0.17472146,0.099708110025,1.7472247675,0.087938620875,0.96111822,0.5208032285,0.5354928015
46.173900679,5.7172655996,8.2989695845,0.14395992350273,0.105408026129,1.3498545683,0.049226027748,0.90174714642,0.46809966607,0.50940530916,1.08092649871671,0.203867281356133,0.886267279739818,0.128406547855702,0.00781822733456226,0.0844690765951535,0.00942705834570377,0.0637236703019004,0.109315283342156,0.0143834579728565,44.03992065,5.334323905,6.69814129,-0.1148755275,0.08927842605,1.190719825,0.033457748575,0.76151620225,0.247444039,0.48374292475,48.25219785,6.1300387975,10.2442089,0.39528068175,0.1200244335,1.5177261125,0.06833566485,0.99461148975,0.6936016625,0.5397109105
45.808081076,6.0475721977,6.3637926554,0.20788207698755,0.09517809719,1.3468567582,0.051649472316,0.85431561687,0.54222576739,0.50752749621,0.965194529681415,0.225011462087712,0.712506854008968,0.144529055291416,0.00958469244612074,0.0903075271486884,0.0122939488928325,0.0695986175071056,0.137126649181585,0.0157379181148336,43.93458575,5.6239360225,5.16409259,-0.0822966475,0.076941704875,1.185863105,0.029896687475,0.69667281525,0.2492415915,0.475408292,47.6456928,6.52141126,7.8784875925,0.48395305275,0.11455581525,1.5386577675,0.0793640311,0.96809050975,0.822713875,0.53775634225
45.858718273,5.615335626,6.4588962831,0.1696265606804,0.102762440139,1.22096352628,0.03419478808291,0.7580942916867,0.43913087848,0.50329856128,0.976963986969318,0.224436026132691,0.748251798020843,0.126585576723325,0.00915184241455171,0.0842096551736116,0.013559144157204,0.2237127107073,0.135167759917038,0.0151119112081156,43.8967005,5.20072302,5.1405446,-0.061610663225,0.085062842625,1.05825859,0.0094303216575,0.31572189775,0.12920065475,0.4743755245,47.70534585,6.04527217,8.0363374925,0.4137130665,0.12072995175,1.387414705,0.060302119275,0.973637974,0.68839542425,0.53391232825
45.826089938,5.6610942819,6.4326370216,0.21733167255191,0.096709532299,1.4639691306,0.064508153486,0.91490787086,0.66114099803,0.48325960744,0.91107573364749,0.215325898555604,0.776307325109598,0.164643813242413,0.0106947443478481,0.0981523728797393,0.0111634958928876,0.0550556163344553,0.11201350750924,0.0154604194848603,44.029150725,5.263334385,5.0909826325,-0.1161719105,0.077013690425,1.27310303,0.04418770945,0.78835875325,0.45578928275,0.4527771725,47.664621,6.1049317975,8.0594646375,0.54253077725,0.1186976315,1.66191968,0.087672273625,0.99709261725,0.905309154,0.5131285995
46.876924089,5.3064769288,6.5348861536,0.27407059383488,0.112821921716,1.3895660526,0.058191549126,0.93917740076,0.46230784108,0.5296362623,0.933490714909102,0.185594325470204,0.771709268380334,0.129379953141825,0.00858281496721081,0.0780812713708218,0.00845134544308198,0.0413252007047335,0.100450878185224,0.0149721168037825,45.04359375,4.96281845,5.06611359,0.0209502086,0.096748027425,1.2384639275,0.042653412725,0.8402971265,0.27586103725,0.502227562,48.778407125,5.7096499475,8.149849755,0.51789437975,0.129927869,1.5458135575,0.0759438127,0.99581149325,0.670326674,0.5593973635
46.1223058,5.4517196883,7.3853754037,-0.0914354150232056,0.097371936882,1.4789649133,0.058039203572,0.90278441174,0.54124344983,0.50757941227,1.1022538450403,0.204946340956706,0.768861998985809,0.142012075786943,0.00865597285207204,0.0936756846184906,0.00968823497417177,0.0541150872810532,0.110902608614219,0.0150575997444383,43.892610975,5.085702215,6.05674793,-0.357723674,0.081032292025,1.3072397675,0.03872633755,0.771459106,0.3273143145,0.47873076975,48.252488925,5.87138185,9.012128475,0.21174023975,0.115283503,1.666681415,0.076141062425,0.98864191275,0.76544189025,0.53763932875
44.957569864,5.7661553002,6.9678858697,0.327649074503,0.124880666125,1.2152009908,0.04785624821,0.92289647239,0.56142499768,0.47876368359,1.07455699773986,0.207692680464252,0.752760251646647,0.131991251974746,0.00838604365622879,0.0772827445057325,0.00801410166151426,0.0570875871124009,0.0934076069922618,0.0134929857542902,42.7571203,5.3709769325,5.60856944,0.086313788975,0.10993890125,1.074411765,0.03220033215,0.79376593175,0.394048492,0.45328006775,47.1782715,6.20546815,8.5466228625,0.59007288975,0.142938758,1.3748926975,0.063661947525,0.99516682925,0.75876327125,0.50631080025
46.484091543,5.4375386979,5.4294996557,-0.17861323495435,0.098304565047,1.23923684771,0.070006409132,0.8839607059,0.56371867822,0.49191962957,0.796732915880362,0.200114871444864,0.63063995008122,0.141384284214458,0.00961605810802081,0.090467064018823,0.0100215972096511,0.0490696286276283,0.143267954150773,0.0160428453434571,44.88515085,5.0703455375,4.3470312,-0.45366781725,0.080456486075,1.0777534825,0.051243987,0.77268966675,0.30048322425,0.45936457425,48.0280452,5.85002924,6.7780050775,0.107570601,0.11749445725,1.4251727,0.0903829743,0.964429402,0.88031159975,0.52344041875
46.400079455,5.3971493186,7.989529463,0.0740382674538,0.090089486667,1.3760550319,0.048679631731,0.89012998574,0.4297163270555,0.49147919148,1.19044335978568,0.189998359471053,0.855887872277648,0.124783169062923,0.00832772451966443,0.0831988207168473,0.00910746625111299,0.0574566049050933,0.136039519283417,0.0141039557058281,44.02439445,5.032047025,6.6059704125,-0.1652647035,0.07327051515,1.2268899275,0.031581215875,0.763375657,0.039724380425,0.46582052925,48.858955525,5.7806790325,10.008366325,0.30081521275,0.1054308495,1.5440268725,0.06674540005,0.97711998225,0.6659413695,0.52155492625
46.297505271,5.4511406509,6.4238430332,-0.061081830223983,0.098802498244,1.3065149078,0.050926392789,0.85721363077,0.413068007697,0.50488820943,0.946827783505838,0.212544281703853,0.703154258096163,0.121893697058926,0.00902381059452213,0.0851495808653153,0.012407839798261,0.0752489034746274,0.12234372585989,0.0149041031236461,44.43347295,5.05814282,5.1359589925,-0.310871979,0.081808595525,1.1536762125,0.029299491175,0.684954018,0.142256597,0.4766164875,48.142322925,5.8681419775,8.0076086225,0.15828255,0.1158191215,1.479879165,0.0779291878,0.9950945265,0.642225172,0.5349933445
47.633471704,5.9463823575,7.4876430122,0.024127224358073,0.092878340083,1.2692180992,0.046980379855,0.92515284144,0.45479636102,0.51912883799,1.05426474546091,0.200183930943303,0.8530579380523,0.131149717360546,0.00836795459783257,0.0897424748561246,0.00779878261095266,0.0464319192072382,0.102449894078627,0.0151556446750806,45.488423575,5.5616758325,6.0594371475,-0.22091493525,0.0763883312,1.1098251175,0.03324643485,0.82408611175,0.251666729,0.4915578305,49.635035475,6.3611054775,9.442886815,0.27970394825,0.10937102025,1.4507771625,0.06266111715,0.99363376075,0.6530029555,0.5521324735
45.84958106,5.9183002561,6.6216073014,-0.087965798637653,0.094526993171,1.3201090629,0.047924601406,0.85386148572,0.40533407697233,0.49960429338,1.02943442549077,0.224439540498274,0.794011252033849,0.13075646950641,0.0100106029122303,0.0987033596469538,0.0130293925208251,0.0847021294389677,0.136796889420356,0.0151855514897139,43.7196482,5.4982257525,5.22609462,-0.3443680525,0.074260792975,1.1461583225,0.023452886225,0.66408669325,0.050080432675,0.47003611375,47.938771525,6.3803769625,8.2898315575,0.1526377805,0.11365951275,1.53385414,0.073073353675,0.98471160775,0.66678559475,0.52876019125
45.516233014,5.5957897934,6.10147854,-0.08995911706483,0.089675762949,1.3423123632,0.047301462972,0.92593286292,0.55907715245,0.50602772507,0.889801667425523,0.204190393433234,0.693369760284578,0.139368606780991,0.00913006283457744,0.0821263761462574,0.00896356001626527,0.0594165530214534,0.106474421757487,0.0145234772255412,43.693704925,5.1968094625,4.8747141975,-0.3533833825,0.0717927976,1.19228124,0.030721681425,0.78355077025,0.364791287,0.4791925345,47.233451325,6.0015612825,7.69191498,0.1887378445,0.106536989,1.50311055,0.066226632325,0.997386428,0.76603539275,0.5358409175
44.493572542,5.6961590666,7.0148235362,0.01313702613804,0.102218613285,1.19394418823,0.05291982665,0.81787376608,0.4934966519,0.50607928564,0.975335039119912,0.200647731235325,0.777344867341514,0.126809440367979,0.00850834994702163,0.074795894135781,0.0106633375838172,0.0775712839403353,0.0959441005245893,0.0141534706828312,42.527380425,5.30399036,5.63448015,-0.238040369,0.0847872466,1.0517926525,0.03297131385,0.648572443,0.3082296425,0.477451191,46.345207575,6.1149562275,8.6779730475,0.2559193855,0.11860627875,1.33849788,0.0740663091,0.956511907,0.6753964935,0.5343683355
45.508479985,5.6838184722,7.4240650025,-0.050019331204247,0.10289680302,1.3344728737,0.055521409881,0.93029860677,0.353751187791,0.5074111908,1.04622757702699,0.195525595764163,0.836290086200069,0.108383436387896,0.00766260205172975,0.0730745337778117,0.00872285843657353,0.0417899386206209,0.0957262876086922,0.0144023224684606,43.457453625,5.325918165,5.9828584325,-0.2582924555,0.08812620015,1.1980579725,0.039103805275,0.83718070275,0.16581018025,0.48043768475,47.534053525,6.0859601525,9.30175211,0.1786283185,0.11897896525,1.4790133575,0.0735894895,0.99540788325,0.54668485975,0.536565834
45.304563072,5.4075291212,7.6127932207,0.03643406592881,0.100321414921,1.4505640007,0.065415789467,0.95499755643,0.325476698057,0.49360352147,1.23773826394336,0.197687855213492,0.837442843138394,0.11821056157098,0.00849134713105837,0.0911802346114038,0.0082369135142103,0.0320458237883858,0.125093628808626,0.0135848613736993,42.78370095,5.0448077325,6.206513275,-0.17826074275,0.084323602675,1.273478075,0.049910728375,0.8803184615,0.066690815825,0.46774865975,47.709603825,5.8158708125,9.467363135,0.26597410675,0.11666686525,1.6336286975,0.081928166125,0.9975947505,0.55793542475,0.5200025245
46.87422647,5.4099375803,6.0841277185,-0.22080836008832,0.090087395104,1.3592767772,0.052597230087,0.93696231413,0.61115307227,0.52193735837,0.83864211010697,0.188569501998246,0.664415945005806,0.155395495010698,0.00908551687970048,0.0862667911692845,0.00958498893183478,0.0380378735748992,0.105498737216968,0.015034353136884,45.0562968,5.0540633475,4.9459409275,-0.53120095925,0.07197019305,1.18557758,0.035500422,0.8490080655,0.4246518625,0.49252205175,48.5367779,5.7910100825,7.4656533075,0.0745843590749999,0.107543294,1.52929935,0.072373915475,0.99390044525,0.8361830115,0.5523955865
47.229521908,5.6375501964,7.6681841984,0.13205942214111,0.101993314487,1.38551413,0.048483506323,0.89763122484,0.44788381529,0.50886261219,1.14846881532498,0.217155566510956,0.762681479369537,0.14218579731208,0.00949452034910887,0.0992629207066126,0.0117429567682513,0.0659033994052188,0.105693309070828,0.0158957386915449,44.8902463,5.2199254675,6.34846844,-0.147484073,0.083213520725,1.2149295975,0.027898721475,0.7508617045,0.249108378,0.47719559375,49.450641475,6.116062785,9.2960647775,0.438215811,0.121039515,1.609478545,0.07511321385,0.994520533,0.67147133575,0.539635414
46.12450431,5.7876395623,6.9304733637,0.1970169990295,0.109280202806,1.4186324258,0.047328101099,0.88360731838,0.4059467308253,0.48413909598,1.06284712909762,0.209931539079297,0.777267110856254,0.127745271349442,0.00842099273744171,0.0797821454569317,0.012075824798527,0.0751373294491868,0.126835837632503,0.014134856664553,44.006637075,5.3823587225,5.571478945,-0.0436207134,0.093466842125,1.271503475,0.02723458905,0.716396109,0.12581042725,0.45572371675,48.3717462,6.24121088,8.654862345,0.43452045675,0.125108398,1.58366675,0.07250173685,0.99290176225,0.650779172,0.511338671
47.471885351,5.6969370355,7.3329306143,0.0219758747484,0.1001715676,1.3160744488,0.048649339344,0.91393194077,0.54017250113,0.51884274677,1.16374663071437,0.209068198700006,0.79888089936454,0.149059805742365,0.00910954851231003,0.0942484751124174,0.0100122593331819,0.0544612933599568,0.103385760250013,0.0155567536107343,45.115306,5.2704574625,5.8623370675,-0.26465828475,0.081753489525,1.1514329475,0.0299762245,0.7903442655,0.35670705525,0.489439687,49.782527475,6.09697741,9.0730785125,0.2915160335,0.11897079725,1.511667725,0.069668103775,0.9924791345,0.76613959725,0.55066069825
47.445476282,5.2844935263,7.7070960759,-0.0631920625479513,0.111025262257,1.3843288017,0.054450624074,0.91240718346,0.47745230524,0.49628888625,1.09438964804706,0.184325899746314,0.798553996469523,0.146752253502949,0.00898118301606336,0.090257281495382,0.00814743048162483,0.0503661907372595,0.0965480664215107,0.0131303196779988,45.424675825,4.90749924,6.334893235,-0.343138656,0.0946527648,1.2201797275,0.038718652375,0.798578716,0.301212502,0.47164190925,49.56134575,5.627698395,9.30882958,0.22818933725,0.128747793,1.566500345,0.07023406045,0.990834849,0.67881933325,0.52113208825
46.856509493,5.6065478424,7.3466776491,0.08182952462871,0.094477166873,1.18372353253,0.0351314296249,0.8270545758,0.5791216636,0.50495390881,0.987842518867818,0.210813717825693,0.765741852600744,0.140083829320261,0.00793298081935699,0.0822976510721749,0.0105643976854282,0.0962293672526486,0.114823394113411,0.0150715452910989,44.893463125,5.197787915,6.034769015,-0.19935798,0.079408679,1.03367242,0.01740962375,0.612629306,0.3789947645,0.4772609275,48.807091625,6.0493953775,8.9949864175,0.3581182965,0.1116203325,1.3611845075,0.058669804825,0.97991198975,0.8237645885,0.5367548785
45.271009499,5.8649388577,6.3630142278,-0.099773013498551,0.087927199457,1.3070843696,0.0481434009,0.93564320289,0.50356658406,0.51354132763,0.950073219811187,0.196125055451637,0.680080503861543,0.127143231574601,0.00841981809343822,0.0785276102744624,0.00823170134321514,0.0467856939401494,0.0941095533763123,0.0143318753004707,43.567293325,5.51293983,5.0633044775,-0.3507962745,0.07136965425,1.1612145025,0.0329050398,0.824682635,0.3308983825,0.48656920375,47.1677558,6.27254046,7.7669703475,0.16481381925,0.10517530925,1.4700854275,0.066436382775,0.996548237,0.69320245675,0.54342028675
47.299640216,5.8008886875,6.8033048305,0.02925704687973,0.096185658693,1.25063582981,0.047900636724,0.92718230691,0.69077309279,0.4818766651,1.01146838626122,0.232011358672976,0.781953878738657,0.163669393204811,0.00937672957998766,0.0947824928954898,0.00863928971296833,0.0605142664582762,0.122496693062708,0.015275609264201,45.461868075,5.37512847,5.4882050775,-0.3172081535,0.078061064475,1.0811809575,0.03062297385,0.7818652395,0.44722382175,0.45328204075,49.488122875,6.292395905,8.63389968,0.34310147675,0.1151759575,1.453898195,0.0654865874,0.99759244,0.93695072625,0.5124489745
47.218443543,5.9807024785,6.2895402869,0.059922539071985,0.107482729281,1.4636841734,0.056986160678,0.94991240117,0.3195138875617,0.48056868983,1.01239678002965,0.209854943572981,0.732075016278013,0.140608643486492,0.00876681384065847,0.0894710950607182,0.00983498798450545,0.0414498804768396,0.131952266831609,0.0136234585069055,45.276636375,5.5825138875,5.0709870725,-0.1917512065,0.091396622975,1.30134657,0.03802838205,0.8460257775,0.0362804898,0.4541666225,49.2544573,6.3967938325,7.91946332,0.35496130675,0.125457638,1.6475855775,0.0767593147,0.9986059695,0.55169283775,0.5064863455
45.872908429,5.5864575414,6.7605858675,0.09424561180026,0.097916603906,1.273142998,0.049648251817,0.8298232983,0.448531473165,0.50974231297,1.01260528372522,0.215642770853768,0.756473205263559,0.122922677129152,0.00915504543718911,0.0830780567659327,0.0111721166688877,0.0904731391100001,0.114887460568576,0.0152413910069895,43.9584892,5.1961396225,5.4939177575,-0.1437908805,0.080323081825,1.118927785,0.0270538507,0.626918017,0.2232638475,0.482338775,47.91217265,6.039085325,8.413815655,0.3260745155,0.115665224,1.4452391775,0.070408727,0.96604195725,0.67061538125,0.54234191575
47.74486498,5.9279560733,6.4029457768,-0.3183071596231,0.090371364049,1.4787509637,0.056687908207,0.88182236271,0.48491076103,0.50472356467,0.974502065298467,0.223752831247581,0.673847372401993,0.139137841401069,0.00878138104715184,0.0963819311467187,0.0132154531595703,0.0661993266224035,0.117328799060208,0.0158792487955636,45.7285447,5.546492,5.2055730075,-0.58432932225,0.07415071235,1.29350978,0.02911955285,0.72953539725,0.22724043725,0.47578329875,49.706345025,6.35971346,7.9535611575,-0.052972753925,0.107664783,1.680534695,0.081291258125,0.9807210395,0.71191629275,0.53716542425
45.035179279,5.5858099476,6.3655325871,-0.127758904713027,0.105992584124,1.2256662972,0.040446396779,0.89879794569,0.61575167345,0.4933400714,0.971087098949151,0.20179330047607,0.681324942853555,0.127069438686228,0.00833174653234438,0.0764841975183334,0.00887249197928842,0.0791284081530858,0.111788177252636,0.0140484227604607,43.144628,5.2056968175,5.156412395,-0.375998045,0.089486407625,1.0965395725,0.024588,0.7072976795,0.41632803475,0.4679570195,46.95702575,5.989239875,7.8421576775,0.13082402,0.12192196925,1.38230943,0.0595811203,0.99513563325,0.85332662625,0.522211265
45.119989365,5.6568077148,8.159162993,-0.034262428875299,0.094415702475,1.2570402714,0.058391834578,0.86737443181,0.60831757078,0.49695977869,1.168939879334,0.183196259137073,0.83393934927622,0.131439077389061,0.00846658275912335,0.0752931812450454,0.0108965499788102,0.0572528459796483,0.100817888156817,0.013030407173768,42.74471105,5.31195629,6.807641835,-0.2932075205,0.07807737785,1.118127915,0.039260134,0.746599368,0.4248916285,0.47204690075,47.36309705,6.0182430375,9.9211334825,0.24159332075,0.11189167375,1.41812508,0.08011571585,0.9638029225,0.81801730225,0.52299362375
46.717685217,5.7133407585,6.4773095459,-0.12343848578014,0.091917779445,1.3527834119,0.04759559625,0.95394075664,0.58451297909,0.51061565705,0.930125071637603,0.211732531239879,0.716777006982676,0.15730426565239,0.00969429714517327,0.0910072824542263,0.00862398407002842,0.041230185550118,0.109926061545968,0.0149608710213782,44.9036706,5.3126489625,5.2271704675,-0.417156408,0.073243745325,1.1864407925,0.02986747175,0.845124586,0.378131047,0.48128902175,48.579550375,6.13942604,8.0096283125,0.1814960195,0.1107765275,1.5401848025,0.06452931625,0.998962262,0.82346188,0.54295951425
46.492950504,5.8286865338,6.6322596687,0.08215203446941,0.093035799661,1.40477917,0.049124923516,0.90638257645,0.22297975568223,0.47938813577,1.02220623559237,0.201862655686182,0.713801884434381,0.116685675295813,0.00783455378988009,0.0815193014484701,0.00933974688598734,0.0577966568799516,0.120703260953887,0.0139682824550544,44.3367739,5.447390865,5.3990658175,-0.150665575,0.0775900524,1.248684025,0.0309836066,0.7628214825,0.013581398925,0.45351736675,48.466135725,6.226469405,8.1523767275,0.3119928225,0.1085967745,1.564654965,0.0667409543,0.98854278025,0.46487776375,0.5074437265
46.898688113,6.0435117352,7.565424428,0.21016456341348,0.101252063925,1.394082447,0.058952871971,0.8987254125,0.67192939565,0.50610288887,1.17565688825409,0.227433756187939,0.871406622994072,0.156898441183392,0.00896943851424207,0.0851488896546316,0.0107542989616537,0.0551959656861837,0.119678610150431,0.0140778888461335,44.320798775,5.6271937525,5.993578215,-0.09292658185,0.082903400575,1.23294302,0.0371955683,0.7751186545,0.46333766675,0.48010785,49.0210213,6.519365325,9.5295193,0.51434936425,0.11794273425,1.57723287,0.079343353225,0.99366938525,0.92217757625,0.53393624375
45.180493865,5.608319222,8.0139805679,-0.01470016434742,0.103411047685,1.3321471753,0.048835662771,0.93975198849,0.436032619499,0.51285837101,1.19150891651142,0.21575943269624,0.807854557271334,0.126672064595102,0.00802146769121683,0.0845990307995219,0.00691043190838884,0.0476445849959332,0.127092374697849,0.0143780623477928,42.87199975,5.2157009925,6.5278977425,-0.246829399,0.088940932,1.183212085,0.0358263074,0.81991152425,0.1817543785,0.48483472225,47.536468975,6.04800725,9.7583099175,0.23574969,0.120641538,1.5127025525,0.0633752878,0.9980581055,0.681114819,0.54251694725
47.007777202,5.5056858899,6.8310368604,0.13151223616181,0.099448249665,1.3487635266,0.045196277615,0.9361391078,0.54553193535,0.49468521073,1.01456603505606,0.197063328890767,0.718935120678601,0.143412260383845,0.00867700963316488,0.0839325679302156,0.00839778357299199,0.0494911299375503,0.0992463061214645,0.0135683948922506,44.956814275,5.153999725,5.4859685175,-0.132478786,0.0826259437,1.19422904,0.029284621275,0.808529355,0.3597707965,0.468597269,48.892373525,5.9183925225,8.29971286,0.42959138025,0.1161190075,1.521979415,0.0619827804,0.99728585775,0.75506559675,0.52157792525
47.077609272,6.0922722261,6.2123402307,0.12170306094891,0.094844561762,1.3773533945,0.049823542124,0.94479047677,0.41396171483,0.50455862732,0.878898197649129,0.220570848574433,0.682963366213018,0.122242010082563,0.00837785717813638,0.0863832331782961,0.00945417330936281,0.0462812909145945,0.117352715411497,0.0143152099707681,45.36906705,5.6782814275,5.043357815,-0.1214302235,0.077767516875,1.2257273725,0.033145983175,0.841556491,0.19333569,0.47732671425,48.8050027,6.549078565,7.601221735,0.379013235,0.11145427875,1.570238295,0.0719636771,0.9982573625,0.6476049145,0.53473760975
45.797695328,5.9389880044,7.6311842361,-0.099051585780351,0.099802443251,1.4527909449,0.067599330364,0.92183503156,0.22090993788525,0.51336911916,1.13376986460524,0.223965059938051,0.855893303996295,0.12232354381844,0.00871941891897833,0.0870996573987252,0.00945490488840207,0.041721389696633,0.130382925644886,0.0148378093818686,43.561640725,5.54300817,6.1958884175,-0.35311623775,0.083088200375,1.291967525,0.05109992555,0.830852889,0.0060828480075,0.48419920325,48.077837425,6.42917228,9.49049563,0.13377011175,0.117931281,1.6369545025,0.090056170225,0.98990956825,0.49101601675,0.54184295025
44.359271571,6.0245069163,7.2919677313,-0.060732821849212,0.106665453188,1.3701709537,0.054231388307,0.95717158297,0.50354512964,0.51749330879,0.943171308901618,0.203675910826057,0.80411074259405,0.127535435574151,0.00792270056747368,0.0872443625614393,0.00857572741272197,0.0374244179370067,0.118687417489195,0.0139650300725023,42.370024,5.6614282275,5.948826725,-0.307161644,0.0916988182,1.219382655,0.039470584875,0.86192137425,0.2852173305,0.49116209825,46.09653795,6.4433585875,9.022442945,0.18020519075,0.12199123,1.5536418725,0.071703427225,0.999045033,0.74596300175,0.54562605325
44.668555308,5.5915172251,6.6571177023,0.23744501911317,0.102876689777,1.315003157,0.037925773053,0.90156205436,0.57376989304,0.4670005263,0.979492908347244,0.19516371994925,0.738115623278804,0.134767756274211,0.00824180032251501,0.0753859690760977,0.00884142883614803,0.0790627322363343,0.121544581764273,0.013986401642776,42.804068975,5.2227705425,5.3357373325,-0.023100807475,0.08733285765,1.176938125,0.02320107555,0.70607413325,0.343955612,0.44198811775,46.5942526,5.9867824875,8.1931067025,0.5075909085,0.118672115,1.4640144225,0.057500238625,0.9959736045,0.82239015725,0.49509212575
45.976950439,5.4044467399,6.6961643001,-0.18607414042982,0.090498746708,1.4586713072,0.065061250822,0.90353431455,0.61147469319,0.50528711644,0.968985566984035,0.201627509002133,0.725603686131274,0.149754356848733,0.0100246782539576,0.0912955775887121,0.0112355424181872,0.0516297050513583,0.111422526527596,0.015115478940599,44.090758075,5.0249904,5.43260928,-0.49916567875,0.0713928678,1.2961148875,0.043919734775,0.78107137025,0.40296785225,0.47605994675,47.899041775,5.798651245,8.3610287275,0.0971801947749999,0.10958735975,1.666855765,0.08658152545,0.9814345675,0.853175676,0.53544730375
46.340354217,5.772236928,5.6166454792,-0.08165579082064,0.098727916146,1.30863452985,0.059552307515,0.90978737684,0.56155519432,0.51126810795,0.814114344672466,0.194601432720081,0.631383385212068,0.141716344481037,0.00883721200664207,0.0881965204434154,0.00976996699037819,0.0512729442016721,0.0927156546031592,0.0140226258703831,44.688265375,5.40512968,4.49622927,-0.359202124,0.082060534425,1.1522256825,0.042800330425,0.7917994275,0.3963963055,0.48599103825,47.909934225,6.1624821925,7.0259602775,0.1934554095,0.115460399,1.48826788,0.081080047925,0.99027362675,0.75303372,0.539512885
46.922551039,5.6639003511,7.1494278954,-0.038349325593679,0.105071214484,1.4397092793,0.050624123637,0.96692048407,0.5203705826,0.51040788883,1.0691856373009,0.207824357217616,0.776879678563537,0.151057840381881,0.00984425621645805,0.0945985710746629,0.00850607582331213,0.0282479422778415,0.111607694790249,0.0162607506561956,44.86267175,5.2666318775,5.7842983575,-0.3591723835,0.08724746605,1.272718865,0.035012860925,0.89196277775,0.31553603825,0.480170567,48.933277475,6.08838378,8.87049549,0.261048013,0.1244661065,1.628063595,0.06622423815,0.9987470265,0.74628339275,0.5422775425
44.450411348,5.5641416744,7.5590533259,0.16862811762246,0.102491910448,1.5332998923,0.05640756875,0.94781875331,0.54132301919,0.49912976373,1.05050729236995,0.196099762979914,0.772992769041218,0.135449090793267,0.00878500366038885,0.0931301694559415,0.0096149940906588,0.0463779916953822,0.116725037701441,0.0145896837629803,42.46547675,5.18775237,6.217401615,-0.08987958165,0.086325771825,1.3576258225,0.0395867432,0.825732156,0.32303577075,0.47004484225,46.585571325,5.971385075,9.233423165,0.43754488675,0.12061198125,1.723013795,0.077053328575,0.99851497525,0.775518419,0.5269071895
46.18667554,6.0026644303,7.9267928139,0.0694006336343762,0.090609631123,1.380823457,0.056783014144,0.92701172536,0.48764584645,0.50197888452,1.19508532328606,0.215848460618718,0.829517906657684,0.133196325875166,0.00830437086103627,0.086459370871845,0.00871293340481051,0.0408551184074793,0.108126309415288,0.013725650679911,43.849821675,5.604487365,6.4599638475,-0.197202511,0.0743371088,1.2175819625,0.041347004275,0.84068667775,0.28788939525,0.475594244,48.35166805,6.41823921,9.7415256575,0.3310572675,0.10684644275,1.561487765,0.0759553564,0.99161040775,0.71046434525,0.53028662125
46.914884903,5.6635212738,7.2929142729,0.173651527221,0.104786135779,1.3114816153,0.057193329343,0.8676597345,0.61493385092,0.47971731513,1.06371793641184,0.231288948844828,0.785587895142079,0.156540529444046,0.0093660028680299,0.0969965022359002,0.00973589556327546,0.0682743420633959,0.11772767463041,0.0162590275050975,44.79597635,5.2358933175,5.9045707,-0.11968846375,0.087624706275,1.1354510325,0.038257255825,0.7226208885,0.4052872965,0.449014073,49.0034438,6.1308184725,8.89292761,0.46427745625,0.123848863,1.5251855625,0.076355219075,0.9843270265,0.86306099825,0.51301103325
45.345429389,5.7768341766,8.0183750996,-0.082769817265283,0.090938294003,1.371165256,0.048699968006,0.96973782874,0.69279888973,0.51048014471,1.16905715310697,0.223040517027624,0.794885789335431,0.160051121268529,0.00866143155989554,0.0886297045793572,0.00719585359331618,0.0288842168010422,0.121984658779821,0.0160926412713447,42.98891155,5.3510203125,6.62784356,-0.39031432675,0.0739273416,1.209565375,0.035570282,0.8967840325,0.45654666375,0.47908929025,47.582271275,6.24647414,9.611094135,0.23751663925,0.10826684825,1.5534988575,0.0632014279,0.99913229425,0.939776336,0.54229342675
45.288996615,5.5448549121,6.9339064561,-0.17796130042854,0.100077973133,1.3108526434,0.050097458272,0.92643448637,0.54826569839,0.51661422613,0.938917371872941,0.188224253486914,0.750659664502385,0.133205328385792,0.00844284979495331,0.0727793725692842,0.00744615842042641,0.0454159584696023,0.101366205207638,0.0142297726717752,43.566655275,5.1844562125,5.588087265,-0.441575878,0.083388093625,1.172812745,0.03658506525,0.81970422975,0.3627208455,0.489661644,47.3562274,5.9465811,8.464901295,0.072574533525,0.11632558025,1.455536075,0.06531019955,0.99146976425,0.763985309,0.546526311
44.620491718,5.9450367954,5.8834464064,0.17233829860917,0.099044074473,1.27264523384,0.05288254433,0.91024795694,0.58074171336,0.49351125236,0.923532498011037,0.222740125063733,0.703749821701248,0.146513200762329,0.00987319424163581,0.0831546425668471,0.0115397391291957,0.0570876358711154,0.107004496526346,0.0152662201651036,42.884731875,5.5323721125,4.6124245325,-0.1217110005,0.08017266585,1.120386895,0.03190983535,0.772045253,0.38731319725,0.4638588395,46.430609275,6.4099898475,7.414055195,0.45844132975,0.1198201925,1.43941149,0.076096444175,0.99434507875,0.8070040845,0.52374888375
46.847774678,5.4783754373,7.3268457933,0.0526536434057643,0.094377046459,1.3429233891,0.054629486387,0.92547900834,0.61951708846,0.48563378324,1.10121416545079,0.198341168418418,0.765700250918204,0.143387523594178,0.00878891644676596,0.0801686492329055,0.0106140259118965,0.0504363302998262,0.109266089010645,0.013722235955856,44.48691615,5.1008237225,6.0490517025,-0.2289838805,0.077354131775,1.2003646325,0.036614748625,0.8146728595,0.42607306325,0.458627035,48.829123475,5.88103113,9.068811025,0.32494944475,0.11216795275,1.516608225,0.07821519165,0.997232045,0.850289658,0.513378655
46.584718063,5.5780225724,6.6383611265,-0.237212821773282,0.086062424819,1.17524878629,0.052377051344,0.80562082706,0.396058482203,0.49709696144,0.999316350950943,0.206779613812255,0.75980060835963,0.12420616937788,0.00850694628280208,0.0906187877076267,0.00898960812138881,0.0791873479608553,0.132108785462865,0.0161129342513605,44.52107605,5.192678015,5.337045715,-0.48434399,0.069746029425,1.011719935,0.03517333245,0.61974675175,0.1506483765,0.465862661,48.514337125,5.9902121975,8.1841163575,-0.00662313544750005,0.10314986175,1.3771816075,0.071359895625,0.940606728,0.651498547,0.52958994525
45.698958436,5.8004636902,7.6060424962,-0.03932548664615,0.092691749072,1.3701252446,0.043382475188,0.87790516467,0.62925876904,0.50193197757,1.14105948091259,0.216828656601884,0.847846937135396,0.155799234643207,0.00939070311269185,0.0866727352241736,0.0106340937050969,0.0798597872684736,0.134333399546042,0.0146409264215512,43.32420215,5.409962375,6.1256633725,-0.357949779,0.074032516325,1.21450065,0.02438119135,0.69616510525,0.39710738625,0.47556329125,47.9557891,6.233757635,9.4093487625,0.27551730925,0.1109546855,1.55354463,0.065467222025,0.99398956525,0.91548858325,0.5317589575
45.729431561,5.5828888016,7.0739951253,0.01086951566659,0.108147489309,1.2497994949,0.058211536256,0.96051903452,0.44157195479,0.4945579557,1.070066290815,0.204815339811632,0.755709834477471,0.124011206763158,0.00856345800273535,0.0863686224084112,0.00850294192397327,0.0337269989036386,0.107478911307982,0.013634548142507,43.7563492,5.177002885,5.71926073,-0.23403510375,0.093406191975,1.0966515475,0.04194070255,0.872742407,0.2271705005,0.4700050995,47.900586775,5.99211555,8.606514035,0.259849717,0.1252592565,1.42781741,0.075037743,0.9988660895,0.65557529625,0.5217070555
46.172932462,5.2770315461,7.2258187219,0.063496429335299,0.099092013734,1.3449788318,0.043079138221,0.85639394848,0.3354259889217,0.50767921737,1.16425436425784,0.207210366950322,0.744852406245177,0.119837979552115,0.00896228281331737,0.0813307285008347,0.0102671781480941,0.0847829311816813,0.154810349729632,0.0146648952061669,43.942023575,4.8787986475,5.8718074225,-0.1821872415,0.081949362725,1.202902925,0.022927001325,0.65152319225,0.031471283425,0.47928808075,48.39535495,5.70652155,8.794795875,0.29437643,0.116704547,1.5190464,0.062102926725,0.98368751225,0.6174850055,0.53852226125
46.240268176,5.9157615189,6.5514010512,0.000878072343085,0.111471152937,1.2459884752,0.059971281599,0.87144819551,0.3409284718474,0.50076980341,0.990359997220068,0.236327439992761,0.707626127647472,0.133633427978385,0.010021864189233,0.0780441940332183,0.0116624437713025,0.0631049702551151,0.139611663961886,0.0159596080152372,44.387356275,5.490764385,5.2874498025,-0.25950499325,0.0912886795,1.096763865,0.0374516305,0.7372153595,0.041772181025,0.47152434025,48.167577625,6.4185477725,8.033460365,0.25989880625,0.1300942535,1.3986614625,0.08466822225,0.981802285,0.593010504,0.53432578875
47.341248966,5.6170007933,7.4317796196,-0.056928123935371,0.104097725199,1.3642958696,0.051882447111,0.91580023942,0.51791424941,0.49980595245,1.04176479172493,0.187809031961943,0.776866569031026,0.136493550588462,0.00815064639332658,0.0893115729339488,0.00977453065871217,0.0460672884384255,0.103512501096184,0.014276276644117,45.332806675,5.259587245,6.071629115,-0.31734994175,0.087876499975,1.20160078,0.034030648775,0.81167305,0.32751474075,0.47490068075,49.493273375,5.9925359575,9.10933355,0.22481767175,0.11988803125,1.5518313425,0.0708490506,0.989483291,0.7267245415,0.5302899755
46.550940049,5.4771795404,7.173655365,0.0755505149869131,0.112983492931,1.23938511998,0.049412788288,0.89835696608,0.68142483485,0.47556995766,1.09564553489204,0.217728940475586,0.773599879399647,0.152596576376988,0.00941888128715305,0.0891076830175929,0.00937848174381474,0.0621636823931972,0.116681356094027,0.0156355226426156,44.379275275,5.0541491425,5.85345239,-0.22227215925,0.094376648175,1.070647285,0.030829850925,0.75777279775,0.477802637,0.4463468415,48.595111975,5.9429586375,8.9930377475,0.3693085355,0.1315380675,1.4201850725,0.06797734205,0.99231664575,0.9224661825,0.50683918875
45.463619884,5.9181128191,6.5929693573,0.04239483777818,0.101574247122,1.3185836984,0.054218715573,0.92493661148,0.49768790874,0.53342270983,0.9412574187297,0.215687297636973,0.734394648977923,0.135419758259394,0.00983937081312505,0.0798092195337124,0.0102424747422273,0.0557472268066948,0.114459788395821,0.0150573054552758,43.553697275,5.518442075,5.21762829,-0.215973956,0.0830851064,1.183616925,0.035901948175,0.78710401875,0.285245474,0.50592547225,47.2768949,6.346611595,8.10915544,0.30392457325,0.12070191425,1.4856260975,0.07478631145,0.99736250375,0.7332492575,0.56387818475
45.72069537,5.9730542998,7.8556036074,-0.15668019505927,0.091926737976,1.4548558913,0.060571048911,0.93767034541,0.20834909926109,0.48925530717,1.23029956636126,0.224597223934184,0.805905974217309,0.120318429088962,0.00811259123772681,0.087773397214144,0.00950463176732701,0.0366505916878146,0.110242241978807,0.0144747100711419,43.496247575,5.57149653,6.45681348,-0.38101897525,0.07564199605,1.28026984,0.042655811975,0.84752148,0.01518154325,0.4600201795,48.0847949,6.4510779725,9.6122052025,0.0875794135999999,0.10728696975,1.635434075,0.08056343,0.98862977625,0.42644884325,0.51631258525
45.582011126,5.2932315102,6.1285239451,-0.10477066163348,0.103895292534,1.4683216773,0.065601360492,0.94821066092,0.448412160306,0.5033554456,0.850012891157786,0.200635844916909,0.70341259352181,0.154273205975807,0.0102052683071225,0.0930250532244958,0.011152809346142,0.0366850653466775,0.128189316716622,0.0165088613982489,43.92831,4.9137510325,4.907009585,-0.402189009,0.0843087606,1.2919742225,0.045396924225,0.857325362,0.20387641525,0.47335657175,47.210525175,5.707375935,7.6138750375,0.17905654475,0.12350087775,1.658001965,0.089774280675,0.9965003255,0.70402592425,0.5365961215
46.257056781,5.5583691697,6.4616149218,0.01464231499572,0.105513023535,1.258321609,0.044316258092,0.92056323801,0.401621732265,0.48471105958,0.967795474623232,0.20182531858192,0.732093753727829,0.123703704088298,0.00813738189131603,0.0810892875590337,0.00895524543021513,0.0541178908489815,0.108414288599557,0.0133160724420173,44.4348191,5.17198651,5.1888918325,-0.219635177,0.089829901675,1.1225731375,0.028015263575,0.785825335,0.194560655,0.458698014,48.270506075,5.940325765,8.155761905,0.2453608725,0.12021096,1.43521896,0.063241459425,0.996806159,0.6359054325,0.511371954
47.056742142,5.5718108766,6.797678431,0.11835632659424,0.103900108308,1.26083055326,0.045526551694,0.84234430469,0.5072601779411,0.50062651512,0.93081337491454,0.216922494545107,0.709252802483076,0.147964304298083,0.00930879254896563,0.0996224703933987,0.0129091294436085,0.0852387132775153,0.158527556634098,0.0167075400354026,45.148014775,5.16097352,5.4823316375,-0.14970477425,0.086348840225,1.0704199225,0.022825682875,0.646636133,0.032156259025,0.46852314875,48.816197675,6.0085612275,8.3309681825,0.418733307,0.1231326105,1.4728263525,0.07052536445,0.97652427425,0.79116694925,0.53303985
44.943910527,5.8480191533,8.0736969464,0.15913960919163,0.10120124021,1.4139480759,0.045755726722,0.9609976168,0.54729946587,0.50881276224,1.21192564943849,0.200868628488515,0.870337562839775,0.133568953449404,0.00799488736094123,0.0834073271573902,0.00742961405148574,0.03730862978073,0.118935167557464,0.0142345420260402,42.612150975,5.457119485,6.7372227325,-0.08555048395,0.086234939425,1.2576082275,0.033187183075,0.86250904325,0.33703961525,0.48218257025,47.4852941,6.2621151775,10.079533725,0.42729973125,0.11753564875,1.5918451925,0.0614827614,0.9991995565,0.81157690025,0.53607872875
45.873295123,5.4969431578,7.2003826054,0.159279354221186,0.102577377974,1.2946418246,0.045772105403,0.83295521918,0.45891898154,0.51214078353,1.09204951660579,0.19757165181139,0.77424342735611,0.122890415743234,0.00889679599644355,0.0727975638197289,0.010928763623273,0.0812387118937988,0.111860656804152,0.0146464075073531,43.7321815,5.1243996025,5.8078837475,-0.066458523425,0.08635518455,1.164261955,0.024609630225,0.65275858875,0.250658368,0.48438777825,48.061942625,5.8907167125,8.856012145,0.409735092,0.12023641925,1.44494822,0.06697290385,0.9726086885,0.69938788875,0.541852944
45.483542863,5.8482731532,7.3587471027,-0.020040089783842,0.10329130276,1.314654531,0.0441864804,0.88222299673,0.2811958269815,0.51315496894,1.0915894694804,0.213916439086502,0.840191144358256,0.120297329724602,0.00881254054813223,0.0863481840549382,0.0098460915328542,0.0786365044481704,0.150988822961477,0.0157154549363565,43.334710775,5.4227854375,5.8715720925,-0.25164381375,0.086273301425,1.159534795,0.0263998517,0.6982378635,0.022703573475,0.484658207,47.64804695,6.254422265,9.2015145075,0.22364393675,0.12010137075,1.49521435,0.063947473175,0.99372877425,0.58338704275,0.54485677475
44.987753422,6.0330877674,6.4409013021,-0.11995116482579,0.105405943752,1.3636001213,0.044666600753,0.89927670563,0.373324749899,0.49525130175,1.04581340776306,0.202749507667601,0.685763630437792,0.121790210665125,0.00856756336690661,0.0813174431033566,0.0097504714855138,0.0722179452771743,0.123526504301365,0.0140266336507107,42.963075225,5.660041415,5.1873288825,-0.37733080925,0.087071782875,1.216565655,0.0265950489,0.73167987975,0.10434878595,0.46718502575,46.895391,6.445712125,7.8460356625,0.1075075845,0.12162771575,1.5324828175,0.06475826565,0.99429075875,0.6225482865,0.5249788325
46.224359564,5.5905446568,6.3604983718,-0.08901821136242,0.09481708007,1.23161996179,0.046417395484,0.8783185287,0.47480685487,0.51301600176,0.978450180176586,0.188638182814327,0.675983669567828,0.12926021240495,0.00883950596087188,0.0820253741582609,0.01078602393258,0.071746622947063,0.0992546424150742,0.0152351963111347,44.362594675,5.2249691625,5.1499066325,-0.33541090725,0.07743952995,1.088039945,0.0259458943,0.71390899,0.28539694375,0.4851929595,48.020552075,5.9495063575,7.74416857,0.15624986875,0.11134732075,1.39952146,0.068688859525,0.989040766,0.67723634325,0.54213429775
45.815979233,5.7350707992,5.971999114,0.08097333484085,0.099322954454,1.22299796755,0.055938495493,0.87316892739,0.51672038952,0.49787401264,0.892127497035917,0.217304247459024,0.697140765410939,0.130453922994869,0.00850792731841567,0.0892291777192091,0.0107354988918961,0.0640659256183428,0.0944598347907362,0.0145096123225586,44.13389655,5.3151657325,4.7272306025,-0.17841865,0.08268547645,1.050345535,0.03563506905,0.73133433575,0.356454811,0.4719297635,47.73950585,6.1676458475,7.50958586,0.329244294,0.11462025325,1.41472322,0.077908700225,0.9798953,0.72229302375,0.5273092805
45.797369079,5.6299514788,7.2390022644,0.056192250229653,0.098081108051,1.3576529189,0.048043432866,0.9591332223,0.43545548438,0.48845316988,1.02267212725476,0.205195885105171,0.716785271697305,0.126255203962398,0.00767251066189926,0.0812087955675824,0.00693595120162461,0.0315312960480148,0.113099866437061,0.0138689801752348,43.695218625,5.237411755,6.02391817,-0.18584930375,0.083088788075,1.21309509,0.03582443295,0.87975763475,0.22693311675,0.46201556825,47.676230575,6.0596763625,8.745202345,0.30317884675,0.11307593725,1.534680745,0.0624194593,0.9981818935,0.66311016175,0.51741184125
48.357403931,5.5749449978,7.9499060765,-0.178290860074186,0.085535210566,1.15455870419,0.0351761551628,0.78791780691,0.54258162052,0.5203545984,1.22239208972154,0.220338592961295,0.814601399744381,0.141587450230486,0.00826258108342786,0.0851156888632736,0.0112715200569328,0.102101915041198,0.109119535275656,0.0157098419971922,45.79714665,5.1413021525,6.5047101525,-0.43583053675,0.0701683433,0.99118053175,0.01675595515,0.57978237475,0.36024146675,0.49141972125,50.728796975,5.9931318225,9.7184941075,0.12101425,0.1014594005,1.3334948625,0.0607142912,0.98015856325,0.76685954275,0.55278540075
45.526184988,5.4749867546,7.7478894119,0.06135096994752,0.096195300102,1.2753324097,0.046420480957,0.92265601332,0.339073883406,0.48861580777,1.15644141042528,0.204754302463323,0.810451758708613,0.119986739080529,0.00848029412249653,0.0768932671432718,0.00929084515657007,0.0535637988964331,0.123537966810325,0.0147355719501251,43.44280255,5.097016195,6.3176862275,-0.18614361175,0.080101983575,1.13563234,0.03005060915,0.797794834,0.07688372625,0.460602642,47.94778935,5.859022195,9.4297386625,0.2958682825,0.1133766335,1.434574625,0.065104859525,0.99438066275,0.56768884775,0.5184751035
44.863197661,5.7161693479,7.1840713547,-0.07413083634234,0.087089073116,1.4219465711,0.049977341418,0.94596685494,0.62889502827,0.49519184149,1.00640171675048,0.214450743558197,0.809697492292937,0.143152798470692,0.00821308603446251,0.0882935143307464,0.00920054428515709,0.0445307495352394,0.103942814627408,0.0136049418350641,42.77761205,5.320518985,5.798219045,-0.3576575685,0.0717082707,1.2612753525,0.033396363875,0.83716271475,0.4407605995,0.46986984775,46.703511925,6.136395105,8.9710843475,0.1911844385,0.10313042,1.598031175,0.07134870035,0.998517235,0.84904474025,0.52274298375
46.690508314,5.5441830044,7.138319057,0.13121678176128,0.110284348524,1.3274018225,0.046144355578,0.9058026876,0.47670480084,0.5095631089,1.09842605391593,0.216920329607423,0.763363815803601,0.135870481618153,0.00856531819182719,0.0893818499908986,0.00890574425811013,0.0626964483616065,0.121513176141223,0.0145232270080513,44.49985705,5.154550925,5.800698435,-0.1376609575,0.093848840125,1.1631403075,0.03010170345,0.76045083275,0.2589139275,0.4823319575,48.61597135,5.9779873225,8.7871592675,0.38851957625,0.1269687775,1.5133914325,0.063625940375,0.9949984575,0.725478742,0.538476302
44.955347927,5.6487605441,6.9281215285,-0.06385540309756,0.106766382742,1.3931756003,0.054033870384,0.94568995276,0.2853715416247,0.47167818899,1.01267292862405,0.198452944878656,0.749072541125677,0.116048253854544,0.00835123607935374,0.0844015661944795,0.00875291376462868,0.0430076057160613,0.151642424943934,0.0143171128316675,42.91301185,5.2801634925,5.6316358175,-0.28966951725,0.09022689455,1.223086195,0.038108678225,0.84143955825,0.026943428825,0.444562764,46.903911175,6.069304915,8.5359139675,0.17170388525,0.123583487,1.57271433,0.07267993375,0.99810826575,0.5888572085,0.499975266
44.001112577,5.6132588246,5.9461156368,-0.071986747843693,0.109333860769,1.2887451682,0.052403784217,0.89238080914,0.417024802878,0.48454164888,0.951077002576013,0.211673798824743,0.676149053118332,0.117021622729044,0.00878745103878084,0.070641439345142,0.00992368216492106,0.0720329267725246,0.120873008782746,0.0153947338222949,42.102280475,5.2278505325,4.7189804575,-0.30652743675,0.092577528225,1.15144033,0.03449585275,0.72679590225,0.184732895,0.45613314,45.772266925,6.037673865,7.2817787675,0.16286991925,0.1263379005,1.4230718425,0.0740545157,0.994283171,0.6608784675,0.51629595825
45.759559737,5.935805326,7.495865593,-0.12143779527806,0.093578965443,1.33533923,0.045227738469,0.90745292704,0.57355181406,0.50412836686,1.13379467484391,0.220090818055397,0.787605527906378,0.13840050162919,0.00812967274295831,0.0806924987262056,0.00873650750550344,0.0568931897272724,0.113662137376096,0.0144316515216517,43.480337525,5.55661828,6.213874415,-0.38525194975,0.07757517675,1.18310885,0.028044744925,0.77153493775,0.3593670015,0.478029367,48.0120586,6.3698348475,9.1873729225,0.1555127895,0.11034981175,1.4979730075,0.06298519325,0.98865060775,0.79686309775,0.53515452175
43.121410732,5.8464008642,6.6476475707,0.13287156975696,0.104321324541,1.3969644713,0.062953582264,0.92384567795,0.45257276944,0.49548895857,1.06893601247541,0.205848176625013,0.722887232905668,0.121158486807808,0.00817364553476367,0.0844135007378235,0.0098511894036698,0.0463426472956302,0.103105519250406,0.0141146292262689,41.011628975,5.4592960775,5.3386541075,-0.09691016515,0.08820848845,1.240544405,0.045807457275,0.81584453475,0.27795914725,0.46962175875,45.26544345,6.2584663175,8.1416884725,0.36848458175,0.11985347825,1.564084565,0.082595201875,0.992902266,0.68072082225,0.52428449925
44.64856069,5.7662389226,7.4621292369,-0.09012802445729,0.094678974324,1.4470538745,0.048626691468,0.94773211369,0.49131772407,0.49954355772,1.04485084034164,0.213340889660644,0.844550546867288,0.135471136053881,0.0082097123126152,0.0994398924619128,0.00878437337643929,0.04650174045909,0.109427659468761,0.0142158961326759,42.49699595,5.36707187,5.9914583625,-0.372313765,0.0794779771,1.260038825,0.0329228894,0.81923614775,0.294719642,0.4707600125,46.699400525,6.203609965,9.3303840725,0.168486624,0.11052728,1.6505013825,0.066203508875,0.998380484,0.71688464975,0.52652344725
48.417496499,5.6049491012,6.8322330479,0.19824746629379,0.102101326074,1.25669517187,0.034792323534,0.92629391395,0.55997650808,0.4889014517,1.05348960237115,0.205583879418568,0.792218788709048,0.142094406049437,0.00843060768485183,0.0839647528361638,0.00754019204501115,0.060416229932997,0.0906747320815854,0.013521624387559,46.488227975,5.2392371025,5.48227252,-0.08186651575,0.084151067175,1.108788755,0.02114395785,0.7576100455,0.3962108615,0.46256625775,50.56207425,6.050260655,8.551423545,0.46284239725,0.11950629725,1.44254529,0.05070752435,0.996564418,0.75762162175,0.51422828625
46.656178946,5.7206520287,5.7178252836,-0.21983380286793,0.099667241355,1.2962045042,0.053183038803,0.90713007383,0.6220139025,0.48390209884,0.873965086575216,0.212934609914095,0.618340818892667,0.152713655076391,0.00953811559449628,0.0954335934669512,0.0114918313614949,0.0473245249324282,0.111363811086194,0.0151864235237748,45.002239225,5.313547225,4.6396541575,-0.525768458,0.08136605315,1.12860497,0.031034503425,0.799620678,0.4204907755,0.45571073775,48.35077325,6.1800847225,7.0605273,0.0559340462499999,0.11867935875,1.502051325,0.075026731375,0.981872411,0.87718446225,0.515295812
45.715640764,5.8809153531,6.9524988082,-0.0741845677948,0.090037454937,1.3559921787,0.0527138933,0.88106689852,0.5416107552,0.4836528962,1.03684432880907,0.209264820458311,0.803417308305947,0.135610101708235,0.00830345520319532,0.0785577123096252,0.0108767499441,0.0639821364108121,0.109941705370988,0.0141614288322207,43.75658595,5.4817620575,5.501304325,-0.33889115475,0.0738464349,1.212674935,0.03378511455,0.7486473,0.32811028425,0.45634408775,47.96159385,6.299460455,8.689205705,0.1918140105,0.105831077,1.5216738575,0.073500845375,0.98428292525,0.7647578885,0.51049350075
46.031492201,5.735420216,6.6147895591,0.02398476809321,0.115945382369,1.3213537167,0.046409205346,0.90110377193,0.48632831159,0.49867624795,0.924210709068561,0.215101756496809,0.766831488265776,0.138355405697239,0.00874315775453709,0.0866109394559923,0.00875189836722828,0.0666790087932292,0.109312552107932,0.0136558900541088,44.3055647,5.33835254,5.2894147275,-0.25253579275,0.098381855125,1.1714307425,0.0290544139,0.7489112295,0.273010369,0.47438097525,47.839704125,6.156179675,8.3200229825,0.28543923525,0.1332380995,1.5039056625,0.06358051925,0.99168355825,0.702136009,0.527515723
47.084263705,5.9941393083,7.0377674584,0.17378545287381,0.109552698439,1.4602877367,0.064170724875,0.9320657474,0.7276799487,0.49767405833,1.11676101129865,0.217185839011049,0.746391022042136,0.159362223726652,0.00936005726656847,0.0998491650142698,0.0104002663842838,0.0398169781005639,0.117262222809486,0.0149718616223383,44.770438,5.5880558175,5.7314056575,-0.126682202,0.0912919527,1.278925435,0.04559478595,0.84577307825,0.52102336525,0.470227554,49.2617697,6.4225193875,8.621995995,0.48966204925,0.127843852,1.68141497,0.085595524175,0.99565796475,0.97705607,0.5275596185
46.169388077,5.6011262428,6.5153780116,0.040582396216537,0.10442177548,1.2677069275,0.0340991369069,0.894251649461,0.56910357416,0.51457259807,0.959483225098391,0.209789560583004,0.75848980133595,0.139635782862227,0.00883435972078952,0.0823228592764222,0.00921925759049793,0.0968799723266613,0.125567441279785,0.0155170493550323,44.16614945,5.2252652125,5.1843352725,-0.240783314,0.086045643325,1.1172485325,0.01628265595,0.6640461085,0.325759782,0.48684586,47.963343875,6.012836715,8.1005179,0.308479427,0.12071314275,1.4483970025,0.052982296425,0.99756165725,0.82547346025,0.54648821
43.810565897,5.6334419688,7.0875311297,-0.169695891969258,0.102269268763,1.25927322344,0.061550422111,0.78339431212,0.489777989839,0.47470044532,1.10315775593379,0.193869936029925,0.738074098795587,0.122178300186945,0.0092979541430849,0.0907623220442133,0.0106194570301881,0.094786598597123,0.13683248197279,0.0141204798208298,41.755880025,5.271405935,5.8617057325,-0.4065656,0.083694459875,1.0888635525,0.040885357,0.57217120325,0.2120034045,0.44831338625,46.1258855,6.012193385,8.77323376,0.0613072483,0.12035004625,1.4343692075,0.082397175675,0.938473588,0.75920566375,0.5036278835
46.031958452,5.6503033865,8.0345449863,-0.066003672831925,0.103226582564,1.3780343712,0.053498194597,0.87040722884,0.3114846542089,0.50127872312,1.12175047697772,0.206138391362161,0.835860619930239,0.114025197967291,0.00790395699409471,0.0780137790585249,0.0108140403248516,0.070274630129455,0.126449962547818,0.0136512225032224,43.79163365,5.2633492875,6.522608885,-0.29209602675,0.087223217475,1.2278946175,0.03228820475,0.72103702,0.0416501838,0.47760295825,48.134891825,6.09136803,9.8329164975,0.15906491425,0.11958883775,1.534215315,0.073661913775,0.9875219845,0.55607593525,0.52968113
46.325744079,5.5745822758,6.1590901549,0.00786164233838,0.107177414197,1.4372874523,0.054601550398,0.90843450949,0.2146439613352,0.48937638051,0.957087486421733,0.207735500433826,0.679007872825661,0.125281771701863,0.00878138448232663,0.0962928871208993,0.0106626323094916,0.0643700944460117,0.13329271970828,0.0155820324397802,44.4727538,5.2061046225,4.9542412025,-0.24084179475,0.08982300745,1.264489545,0.033722818875,0.756601404,0.0094091743925,0.46141267925,48.2312289,5.9953060525,7.5782585425,0.25165201175,0.12347803675,1.6432531275,0.075222747275,0.99513260275,0.5010549275,0.52128065275
46.4062725,5.5861100461,7.403441672,0.21671079726896,0.104195726776,1.3410082847,0.055937884707,0.91814714374,0.52536883365,0.48997310667,1.07172698747859,0.217187999833,0.748914452185527,0.138779953074706,0.00857019203461204,0.0830208641909686,0.010970458257551,0.0472008140715131,0.114803467040228,0.0144063446446167,44.338666025,5.2116359325,6.1014848275,-0.060869838575,0.0872089966,1.1954198025,0.0359501895,0.8129089395,0.309651417,0.46334414725,48.456293525,6.022141505,9.042540625,0.46779081375,0.1216989575,1.510379965,0.07707980065,0.9925762535,0.768808826,0.518610299
45.569237961,5.4601226212,7.4533179034,0.16871869714153,0.104824792214,1.317754877,0.039336445493,0.83749124193,0.61959062602,0.49721914599,1.18914975261044,0.21159890274234,0.766445508564227,0.148157136149002,0.00971258750249705,0.0945396166385465,0.0112733296287567,0.104290798890389,0.118415605136179,0.0153919616287461,43.388571575,5.033758425,6.0815018175,-0.11563629825,0.084845731725,1.152708495,0.0202123126,0.60707315775,0.3853427085,0.4683768865,47.861060175,5.9001606025,9.0024815975,0.45472420325,0.12227660275,1.501278335,0.0658656573,0.98852203925,0.84381551575,0.52948335375
45.660606343,5.3010945764,6.1717447056,0.028152541968921,0.104818000307,1.3216446732,0.0410758058892,0.87126940424,0.3799876923851,0.46986252677,0.935640128604567,0.207697952455938,0.68787375603987,0.129598473524444,0.00930981415268107,0.0916700164709242,0.00973738458503974,0.0985155918072088,0.158361762653353,0.0138668255057701,43.85921775,4.9228703375,4.9053660475,-0.23273353375,0.0870171437,1.1537440125,0.024183112175,0.628672306,0.027040388025,0.4429735595,47.5129459,5.7296122475,7.59163742,0.2692124415,0.12315202275,1.514712655,0.0621491645,0.99214611875,0.6681974225,0.498715987
44.7823122,6.096139892,7.2034615428,-0.063979341989855,0.10364686192,1.3167840639,0.05399772152,0.9247713113,0.51106827314,0.48851569269,1.05143258641709,0.216816958109066,0.813531418728853,0.13010256197764,0.008176457766805,0.0800715548372464,0.00836301128331036,0.0491668300059511,0.108120557996093,0.01429159116253,42.590616975,5.68829472,5.7923986525,-0.32505477175,0.088220052125,1.16233457,0.0382564714,0.8120594705,0.302740875,0.461170348,46.805532775,6.5338818675,9.0304547725,0.1796254635,0.11983529475,1.48036989,0.070328555075,0.99365168375,0.7425651645,0.51747238075
45.393251407,5.5072230595,7.036972122,0.030546378450892,0.113552792299,1.3472258901,0.052457498111,0.94904805941,0.56836150733,0.50477147901,1.04410585161686,0.212541335355299,0.771055703492081,0.135557249457304,0.00924436619644333,0.0861492789075781,0.00801093393524461,0.044799336745529,0.107123847647362,0.0147842221338176,43.184075875,5.0922267775,5.4974299475,-0.231722874,0.095180902975,1.1942576775,0.036537832925,0.82893130275,0.37938613625,0.4778433885,47.3501956,5.9387028375,8.6778936075,0.31162178875,0.13119911525,1.5256474725,0.067718574175,0.99837458375,0.799664804,0.535836164
47.142817083,5.6522537853,6.8901602472,-0.23300976585782,0.08999883867,1.4009247825,0.046894963586,0.8756647742,0.2897010532821,0.49813081188,1.04952649063627,0.204315034038378,0.805271911763549,0.135334110318206,0.00906578915576096,0.0875247481240471,0.0103033404472813,0.0723451854730932,0.13712163953756,0.0132668725566912,45.1411022,5.280329245,5.5177162125,-0.49963960525,0.07273160685,1.2423543025,0.02918401815,0.71534645175,0.044770444,0.47182301925,49.3473052,6.07760885,8.6484082725,0.0404174003999999,0.1079509545,1.581449275,0.068352380925,0.98960133975,0.56098874225,0.52450523325
45.789978401,5.6683209303,5.2851693126,0.21230831818174,0.103566002063,1.3256872987,0.050221308343,0.85067379601,0.75756596245,0.49817342254,0.819015394548063,0.198998515027588,0.608836227148411,0.152858867822004,0.00958870989130503,0.0911072210635781,0.013284254932104,0.0720293821252943,0.118443476883531,0.0136666892259518,44.275993175,5.30586014,4.2307491925,-0.09229759615,0.08623582025,1.1543723225,0.0251913467,0.6988058805,0.549430004,0.4726269555,47.4976712,6.06916443,6.637580505,0.5192194205,0.12129963975,1.5169254775,0.076131730775,0.9780948375,1.008758835,0.52613636975
46.328791399,5.7370563065,7.7418329253,0.01787044627249,0.097919568439,1.2310373396,0.046811243171,0.95135620001,0.64439989381,0.49886263337,1.07103468887731,0.208070355361645,0.773118689221705,0.140857535990594,0.00852267274168601,0.0751058994613662,0.00682300978003229,0.0405702294220709,0.101058161766848,0.0145478270207412,44.28935045,5.3513532975,6.35200617,-0.2390161855,0.080810855575,1.0952710125,0.035262373025,0.84739858875,0.44660710925,0.4694080495,48.516983825,6.156385215,9.35624568,0.314037401,0.1136957785,1.388762015,0.06075788645,0.9979512485,0.8601400065,0.527749622
45.709083148,5.637990231,6.7830353869,-0.073274797450214,0.097636095556,1.15683673435,0.040950934704,0.88426384319,0.5247961382,0.52606684084,1.04493383455042,0.21272020215177,0.748774091496826,0.140637359723808,0.00908584291686633,0.0874672755157627,0.010090968371037,0.0780430917303853,0.106133901032872,0.0163435295365451,43.544557725,5.2661276,5.4747508225,-0.334454347,0.0798058394,0.99125218925,0.02367817575,0.69588190375,0.3306143305,0.497417824,47.8503823,6.08351409,8.328143205,0.197317643,0.116771488,1.3342862775,0.062006670325,0.9919888025,0.753597076,0.5595688675
46.722427101,5.5797531463,6.1312194728,-0.190604728959085,0.098192283727,1.3420398294,0.043620568046,0.90364801093,0.506677461004,0.51138835016,0.954804159609985,0.219445377139246,0.657545304130465,0.146463141153639,0.0104534168548059,0.0926347946026681,0.00919204192849816,0.0796831927047789,0.146423153701926,0.016304050742768,44.816732175,5.1844911925,4.986639595,-0.4811388105,0.07719888115,1.18068028,0.02638425895,0.70718160125,0.18656724775,0.480349833,48.600815425,6.0345379475,7.5789492525,0.07141400675,0.11840733775,1.53590825,0.062749166,0.99448166675,0.79629263175,0.5447656105
44.743328011,5.5255852004,6.891076204,-0.22509411803188,0.095028268282,1.3834274174,0.0522385098,0.90018940965,0.3167119092675,0.5160325496,0.960784895979595,0.198971710537975,0.806179208866827,0.111476772255519,0.00832790286905366,0.0820307887963417,0.00880044368536998,0.0609869409319893,0.125828589289384,0.015623129075053,42.7467135,5.1463013,5.543335335,-0.43921849125,0.079348617075,1.229356375,0.036370468175,0.7648963795,0.068695927375,0.487877236,46.589347125,5.9280319025,8.832787275,-0.000116129158000111,0.112318435,1.5540283025,0.070448816425,0.98843499625,0.5564961755,0.54974756175
47.382818525,6.0741648866,6.2438939147,-0.12861688269682,0.100834748496,1.2889778232,0.041680718167,0.85269319295,0.341126579927,0.50408377484,0.96603293690956,0.213720380515063,0.741187524656732,0.122879655833257,0.00816727784565298,0.0780159618753624,0.00999618803806534,0.0937667531316827,0.105354827595302,0.0136859096317308,45.569991325,5.6793078175,4.9149662825,-0.3654481785,0.0850006002,1.1479261475,0.0246375275,0.6418266485,0.128219592,0.47780966225,49.295823825,6.48144727,7.807422855,0.10530163275,0.1176030945,1.4409971475,0.0643415479,0.9891115325,0.55355247875,0.53278264675
47.12827487,5.4709497386,7.3567377111,-0.11212358303124,0.096172824894,1.3329876462,0.049110928394,0.89392279466,0.38501176329,0.48635107878,1.09629093901003,0.19652687494829,0.827727126577418,0.12533389030819,0.00805088254636883,0.0836082791988783,0.0123149826432642,0.0587590409067267,0.0901149254356244,0.0137919939661816,44.897528425,5.100501095,5.9024529375,-0.367898589,0.08098046325,1.1693389275,0.030218958875,0.762269489,0.2154720615,0.46097908325,49.2551024,5.8718019175,9.1623376075,0.13787146175,0.111852097,1.51082105,0.07825130705,0.98953413025,0.56627805125,0.51436044075
46.28140283,5.7160423961,6.5102407079,-0.06972629278929,0.092878044396,1.3571372666,0.052392122785,0.85963195941,0.371596359826,0.4971810794,0.964343408803153,0.190638274924647,0.77347596858462,0.127242540253827,0.00848193864145662,0.0848715782630437,0.0112393348382606,0.0658896133046283,0.130232525883418,0.0131776702104513,44.381011675,5.355367685,5.1911275925,-0.3239759365,0.07668352765,1.205397145,0.032169248925,0.7267872665,0.10261306125,0.472190192,48.0993897,6.0839060625,8.1377543275,0.1709913455,0.109564626,1.53220606,0.0765801524,0.983474503,0.61541879325,0.523411636
46.526679003,5.8345147583,7.5485443105,-0.2479101198474,0.086218414254,1.544178435,0.053533604648,0.946594799,0.3129953823287,0.48744607644,1.17926534199013,0.204960928613862,0.802605628863709,0.127965494243627,0.00793776006341475,0.0878799109535999,0.00841024120597493,0.0374193475035738,0.127960133503502,0.0136119712698599,44.366231375,5.4280645,6.1373454475,-0.499370429,0.07048405395,1.38142397,0.037872230225,0.859990212,0.044753816825,0.4624170055,49.079719775,6.2461872025,9.26666082,-0.00279898999500002,0.10203098975,1.7272756,0.070801671575,0.99671485275,0.57204346325,0.5148008565
47.697220037,5.8713351984,6.8413207838,-0.017957192438507,0.099000243133,1.2969061141,0.050347019937,0.93111631255,0.54998456464,0.49202737337,1.00134246187769,0.218112619044436,0.739330853706784,0.149527075168497,0.00852282334629909,0.0889903830956044,0.0103873163046556,0.0443189017122234,0.106163546936203,0.0146942189188611,45.71509465,5.471636755,5.50877058,-0.3155953385,0.081808644125,1.1366975325,0.0304832084,0.82223238725,0.3546409465,0.46416967075,49.729676225,6.3246257375,8.4253161875,0.2669076195,0.11571079625,1.4807118225,0.0710595708,0.993840542,0.76653842475,0.52058538375
45.518564994,5.8401016547,6.7650429664,0.147646114257008,0.09705062834,1.4328129226,0.049280531881,0.90864013595,0.366855230483,0.5164650759,0.977763803677603,0.215305957081061,0.82545692039149,0.143310402888253,0.00969617750234861,0.0992971031820675,0.00982496241487073,0.0717126911547637,0.141990029463146,0.0149370858020029,43.56817415,5.4198742375,5.33766343,-0.12202140725,0.0788511865,1.24447644,0.032488832825,0.73435162325,0.076521965375,0.48789067275,47.577926725,6.2664335075,8.5611252125,0.450779731,0.1167950555,1.6449485425,0.071687326525,0.99544816075,0.64785475975,0.545462531
46.893673486,5.8529895664,6.8723188049,0.10743827312085,0.10305568033,1.3262763024,0.045699015805,0.93826487415,0.361152862758,0.49545922373,1.06792818644896,0.201304499035409,0.747043083758125,0.121008901029302,0.00757660232139535,0.0813363251262357,0.00772332411111958,0.0466149409320753,0.120376284402033,0.0133828560604645,44.872004275,5.4704817075,5.607843075,-0.11899796675,0.088387221025,1.170323225,0.0312679613,0.8254949175,0.1040353775,0.4708014715,49.18590485,6.269392775,8.4348234175,0.350806088,0.1176540325,1.49654454,0.061386876625,0.9972963835,0.58573134475,0.5223669205
45.181408199,5.6785754564,7.5327504082,0.10837294823646,0.100576187457,1.2111735997,0.041497802383,0.91997379597,0.5270562449,0.50809433186,1.01339384368392,0.20707934878552,0.813616989924228,0.114652458910974,0.00749925134431775,0.0712075571034333,0.00786000850345223,0.0539821751720009,0.100071397433783,0.0131710748003433,43.2279689,5.3021425625,6.13837488,-0.1023148585,0.0857409841,1.0805894575,0.026856952075,0.781288846,0.3527085535,0.48410883025,47.122009025,6.095879485,9.27499584,0.33878414775,0.1151968835,1.35786987,0.058070180025,0.9928368625,0.74116283575,0.5339200935
46.196172198,5.9766370779,6.78893607,0.0082414139023,0.084972882933,1.2922570078,0.070528664763,0.87911456639,0.65263031764,0.48187662608,1.04463827420848,0.239336624592149,0.771160040660388,0.155013432094804,0.0103658597895068,0.098729873320754,0.0123211409188279,0.0522079646268702,0.110316866138219,0.0162370466657774,44.13972455,5.5035194875,5.407995445,-0.30233268575,0.06534616085,1.1116023825,0.046110818625,0.75506745825,0.461523223,0.45177735775,48.113404575,6.43690291,8.371238405,0.31623992675,0.10527592875,1.4979588125,0.09398758315,0.96200344175,0.881910801,0.514563452
44.896997487,5.7677687946,7.1104513218,0.05840691301717,0.105535913903,1.2725459024,0.044452385348,0.87430137058,0.63948293509,0.47538668779,1.06523344489038,0.211016871538737,0.780448833056042,0.138574135385463,0.00861926726516299,0.073741274694944,0.0102872342819443,0.0843510608430935,0.112900623245829,0.0134704055551539,42.859452425,5.3686989325,5.70566205,-0.21367886,0.088538285575,1.12809747,0.025757800675,0.6768625335,0.442094097,0.449366792,47.06956745,6.1767124875,8.7006230675,0.34373383475,0.1219796835,1.418233945,0.06685066785,0.99454768125,0.88122472525,0.50307515425
43.696455772,5.748204463,7.546978554,0.14683585219537,0.086666279474,1.199388579,0.046553077558,0.88603774083,0.50940072682,0.49064331389,1.12575606947098,0.18779413830166,0.789578913014281,0.120375220333211,0.00796824207155322,0.0696865766381505,0.0087544992555573,0.0704887172954879,0.119299523772123,0.0139662694448607,41.650650425,5.3980230475,6.1339692225,-0.10050419975,0.071844846725,1.0786699875,0.029970005625,0.721684732,0.29994432875,0.46505791675,45.80797655,6.1380436925,9.2249795475,0.38931526675,0.10291773075,1.341982505,0.063939125325,0.98507481125,0.76519576875,0.51918193075
44.402886845,5.562541801,7.643443615,0.0770242646414,0.093470037708,1.368671071,0.048285287341,0.88175542284,0.453658930148,0.53065168705,1.05493030837007,0.202182246251403,0.760180710293474,0.122789194848128,0.00878801715970291,0.0754844933307383,0.00944379857419433,0.0652516949741255,0.124495745097202,0.0155221479102293,42.25235595,5.19582264,6.340773695,-0.14981147825,0.077525455025,1.2308689025,0.02998911825,0.74043209875,0.190581174,0.50114045425,46.403069275,5.9638316725,9.227846195,0.328981633,0.11058455525,1.5224019975,0.067401645975,0.987549143,0.701937182,0.56273268275
44.703112512,5.880693962,6.3057611142,0.13873077000054,0.103282852191,1.3536974042,0.045719707315,0.9110100359,0.46605186485,0.48525375046,0.947904130237409,0.201910456602312,0.705851416356846,0.121566881376798,0.00825722867499271,0.0859326181563095,0.00861595590015839,0.0586721301038109,0.116956167515058,0.0144565301309838,42.9368476,5.4994107275,5.0099383925,-0.1110280855,0.08735985275,1.20030532,0.03152779315,0.7757305495,0.23339154775,0.45718984,46.677337725,6.2748558575,7.746943085,0.35901613775,0.118741841,1.5377094425,0.064098187075,0.994864063,0.71096849325,0.5140963835
46.168440037,5.623837274,5.4844008066,-0.2496335775289,0.082989979345,1.3409992186,0.051371801437,0.81613273768,0.5882082341,0.48770673916,0.796220617404337,0.222098914138829,0.657111856299003,0.149539495881767,0.00937937065411435,0.0850552917280638,0.0134411506624771,0.082063284307965,0.114057658470149,0.0138084596972076,44.65011335,5.2468677125,4.255619265,-0.53371954975,0.064302096425,1.19194586,0.026570562875,0.65114384825,0.3703232995,0.461836647,47.64475845,6.0655007825,6.887070835,0.0637348592249999,0.10087635525,1.5067482225,0.076978079475,0.97669780775,0.81882322825,0.514902953
46.618091704,5.4792579727,5.2163429073,0.1888895571102,0.109929685323,1.2973443219,0.052569918474,0.92196774013,0.51439690729,0.51880868056,0.777433067979092,0.201041156991745,0.621985795856549,0.130169923388025,0.00838252665697056,0.0925399825184048,0.00981516798325657,0.0577463133125691,0.109128522265489,0.015298457551227,45.138514275,5.1017119825,4.1867147125,-0.058269674975,0.09374944295,1.12271609,0.03331550275,0.78710661025,0.30131499175,0.49026470875,48.193245825,5.8946107,6.612233485,0.45536132125,0.125885732,1.4888234025,0.071435142375,0.9969039945,0.7418565695,0.550649879
45.766062204,5.5384759551,6.9200499424,0.10616835849338,0.100950355162,1.3658263524,0.048962355445,0.86993066372,0.461663078965,0.52227575336,0.988671636400563,0.19627857392319,0.734843641481057,0.128153441486227,0.00881506966833818,0.0899228739164595,0.0107432051716613,0.0820732364556144,0.129731914104381,0.0161064565640534,43.759986975,5.1762915625,5.5656802,-0.1366792635,0.083927827775,1.189493285,0.032032899775,0.6883127935,0.1744586325,0.4906289865,47.5825298,5.9359185525,8.411478685,0.37568596675,0.118344162,1.5442030225,0.07371580675,0.989733469,0.71372021725,0.55477248675
45.32650019,6.122982007,7.0243762121,0.06308494859594,0.105297273681,1.2968784399,0.052286018322,0.90751670749,0.435406400199,0.50580114025,1.01182935310766,0.235868868620991,0.771566481424757,0.132052180287112,0.00855609783694187,0.0878345722326205,0.0102706900554688,0.0636628100345712,0.120876065619589,0.0145494876919313,43.4409098,5.68365295,5.7486170675,-0.17690174425,0.08835844565,1.1320740175,0.03231451125,0.75543760825,0.16899204675,0.47954750875,47.41104955,6.627242315,8.69510508,0.3180988645,0.12270066975,1.4756050425,0.072118277625,0.9935426985,0.663666636,0.5345446375
45.958109725,5.7234556628,7.6370087273,-0.023852799392687,0.098319055738,1.20432879267,0.035044317136,0.80238021096,0.59153044081,0.4858320959,1.13928823687462,0.207022878283413,0.835754351167602,0.135585590814413,0.00849393259513646,0.0915477568266661,0.0113724348809215,0.120522353462564,0.104965981208237,0.0156100139166179,43.719067775,5.3217345775,6.1479007375,-0.27721735275,0.081584906325,1.039541465,0.015360680975,0.5294845135,0.3988283525,0.4556708195,48.094747975,6.14127287,9.3899360225,0.25198409825,0.1150165615,1.400538565,0.058010500075,0.98948866725,0.80818416475,0.51983953825
43.501083906,5.7776360607,6.3945751593,0.16780245166253,0.09629806144,1.4211678442,0.05860724437,0.96356383522,0.415659759927,0.49621335429,0.995285416143604,0.206829745256811,0.686772506006312,0.118771329509207,0.00786474237798723,0.082470214844708,0.00833098915360147,0.0331546865847738,0.118860306292645,0.013901680652311,41.508725525,5.38677839,5.21703538,-0.038953694525,0.0813108689,1.266984055,0.043393372925,0.8754778085,0.16234249575,0.469341637,45.405801425,6.1826575525,7.91605743,0.41195787425,0.1123221575,1.59029595,0.075663949175,0.999189743,0.63338873975,0.52554052775
46.021711371,5.5474977333,5.9671105091,0.043554446574562,0.105394360428,1.16119549022,0.0360237174528,0.8505546815,0.54999996168,0.51004289366,0.976554980211533,0.211967251721069,0.641275148101473,0.139329243294534,0.00948295474994806,0.0878277169429262,0.0119706687822674,0.112085707541245,0.115345183667146,0.0169667916484047,44.063333125,5.15090204,4.809335225,-0.22948788025,0.08691603895,1.002157625,0.0162845377,0.57023304775,0.336152753,0.4788074385,47.84063045,5.9789877575,7.221339215,0.3166518005,0.123553874,1.34688753,0.0631938319,0.9918913065,0.77835005025,0.54607685125
46.796684934,5.9720312015,6.5060206234,0.18917236232094,0.108789419159,1.2734996724,0.045486978817,0.93505887702,0.52407602821,0.49347781129,1.05430747595797,0.215117365488551,0.723458945033744,0.129012484898079,0.00876482772021324,0.0829637246680412,0.00852717664376283,0.0519983972997306,0.109890689174022,0.0143731170393933,44.5959971,5.53271988,5.193480835,-0.0534375568,0.092244040575,1.12567789,0.03102916685,0.80432729325,0.3332822465,0.46631293725,48.6478026,6.404004725,7.995027655,0.45153993875,0.12708571575,1.4446474025,0.06455039335,0.99615815625,0.77105378825,0.52204404675
47.760243465,5.7749968817,7.7561086856,0.100328838618426,0.094752625881,1.4347820975,0.059641135657,0.95290885227,0.49267749217,0.48124398278,1.07860513550311,0.214459931158069,0.764420527469581,0.151573750575954,0.008560556068411,0.104672775130582,0.00835028412468431,0.033944968136834,0.124858531326861,0.0149648579715808,45.76120075,5.3898596475,6.4468964725,-0.21034792775,0.078236761725,1.23101377,0.0425322124,0.8767564725,0.2405417715,0.4541867045,49.728696775,6.20403806,9.377913715,0.3743468725,0.112492751,1.6490090125,0.0765273697,0.99759209125,0.72974265475,0.51335504775
45.323115537,6.0468859462,7.6758650941,0.069903812693695,0.110035187929,1.3626435792,0.06006665947,0.86568103862,0.587960451043,0.50306483636,1.08984458550797,0.20968278029043,0.790860390455609,0.135302317795109,0.00896722715602226,0.084442086587977,0.0131542853447516,0.0668936309300185,0.150117060943121,0.0152953210651402,43.212865,5.64998813,6.288579325,-0.200462492,0.092540925025,1.20741642,0.036886103575,0.71570198,0.27902718125,0.474057209,47.4402895,6.4808722925,9.3140830975,0.3409269515,0.12807573625,1.5252275775,0.087837962425,0.9875627295,0.88182909475,0.5324034045
45.223792658,5.6839555433,5.7754455848,0.13986708262762,0.113258879554,1.3652795469,0.046944088876,0.89844639319,0.2906718624651,0.46783134618,0.872086319199976,0.201752528101307,0.622375410523135,0.115283463264866,0.00884585452918144,0.0768108547552321,0.00925475577892755,0.0701228002356949,0.122931871751323,0.0134910079300594,43.497473575,5.31007384,4.6779171275,-0.08507797955,0.095584655,1.227609905,0.031155475,0.73824750225,0.036913647425,0.4425054185,46.867868175,6.1245091075,7.12253973,0.36730334625,0.131295065,1.535470245,0.066723753225,0.996305199,0.5273790595,0.49751579525
46.898852668,5.7433288837,6.6236658209,0.15450157233225,0.10147645604,1.3683961683,0.053013089792,0.93984791316,0.52678301873,0.4616939048,0.992940977879681,0.205192443117003,0.732250867001788,0.128481933805606,0.00809807923526664,0.0844970834821422,0.00882362637552013,0.0423819412244572,0.109029099307378,0.0127168031889854,45.009550875,5.37789908,5.4073116675,-0.095441218325,0.085718075675,1.2147267025,0.03551709245,0.8381916005,0.32066981975,0.437145272,48.9249684,6.1626691075,8.2028923025,0.41152404875,0.1171917045,1.54839906,0.0704893305,0.9961392895,0.75767220525,0.48749580325
47.543611376,5.6447893879,7.2687470461,0.19444318800046,0.099691172421,1.4468665653,0.054474286402,0.93871203726,0.64877131697,0.49467212327,1.01429271875256,0.226611948044585,0.76796254449904,0.163097729102777,0.00939828260382305,0.103604237163893,0.0102620035418556,0.0519760544110031,0.110464002505668,0.0152525802122138,45.3655955,5.204931295,5.83219027,-0.11010219325,0.081870957925,1.2601009725,0.036368233,0.80557106925,0.44087069675,0.46584911675,49.49679845,6.084683195,8.87823104,0.50469629625,0.11855692,1.66849908,0.07598599005,0.9980684825,0.8796016955,0.52604098425
45.402805694,5.694827309,7.4593166715,0.12426910140715,0.11130716085,1.3268270389,0.040895623068,0.90022109932,0.67337885366,0.50984259224,1.12931852320177,0.203500813964246,0.790561613181764,0.15500467146404,0.00927175859792595,0.0767060201147271,0.00952099969812554,0.0768493973554276,0.122690161759731,0.0155015968118737,42.9988337,5.320412995,6.0774976325,-0.18569403425,0.094064188425,1.18759132,0.023134077975,0.70914485525,0.44907215475,0.47945920675,47.394214775,6.129708365,9.207880435,0.43006424625,0.1298395755,1.48227797,0.05976508285,0.9963744445,0.9239275235,0.53929012975
44.677690029,5.8973049392,5.6411031855,0.0189224571773747,0.099408222178,1.4297261922,0.057811111822,0.95359323898,0.49696613248,0.51468484303,0.846144037974862,0.214267934333993,0.646387069891259,0.131706782708577,0.00935383957555906,0.0844645935158735,0.00894114314700165,0.0389701257186566,0.128154587260081,0.0148437657634036,43.027512275,5.4960126175,4.547195245,-0.24920467375,0.082008710975,1.27839369,0.0409557247,0.85997527375,0.25489494575,0.487035006,46.33525185,6.312011225,7.0088833475,0.27249974275,0.11713643275,1.6022777025,0.0751785333,0.998591985,0.78068108825,0.5437572185
47.020863792,6.0367363314,7.2077180264,0.05011380386728,0.108619463312,1.3206720221,0.058746196426,0.96861805934,0.54573328386,0.50456940876,1.10713947809707,0.211174255029046,0.797779554460679,0.131265873220231,0.00802022718836054,0.0864692462191067,0.00736927832157664,0.0275263304982917,0.106219566480966,0.0146716463840695,44.938508125,5.64279022,5.821399965,-0.215240779,0.09286313265,1.1558588175,0.044651418625,0.90027200325,0.34556966125,0.47662835525,49.264338275,6.4635676475,8.964285435,0.30888052025,0.124293672,1.5044483,0.072869522475,0.9984938945,0.7623972255,0.53428607
44.799628156,5.0899508646,6.7771911749,0.1990080339033,0.098155733418,1.4460378338,0.064298509593,0.87500382509,0.51329379562,0.50708394368,0.937368164773989,0.185121263274677,0.716269365938011,0.135831267316843,0.0101301186351457,0.0897738236879106,0.0134687116737185,0.0577451983378631,0.11679481364642,0.0152294397919635,42.98981485,4.736975025,5.5486695,-0.07165347695,0.078227918175,1.2819692975,0.0345510294,0.75200180125,0.280374253,0.4776909705,46.651033825,5.4597880975,8.29310353,0.45991741575,0.11896989875,1.639627945,0.0893278151,0.96951248225,0.73926169475,0.537546643
44.635643754,5.6451797871,7.3307380423,0.04298660800504,0.096803190546,1.4389492614,0.054020314987,0.94307494054,0.51787615432,0.49571203483,1.12760872911233,0.198214984952753,0.797696501758997,0.132542845014612,0.00866622135857487,0.0798944480640391,0.00836881811115632,0.0415099226823072,0.102456605712739,0.0143288155676221,42.1746944,5.251314195,5.9532415875,-0.2046643435,0.080074766225,1.2862611125,0.038788808025,0.84299603025,0.33581868875,0.46827396775,46.82255715,6.0243327075,9.0583430325,0.32413554975,0.113596804,1.60057135,0.071305603425,0.99680467625,0.75129244125,0.52331406375
45.443822933,5.3175183521,7.2674117478,-0.066837719345889,0.096707683707,1.2878793825,0.040710530739,0.90358559691,0.46838308399,0.49924853644,1.07341410967189,0.189909491814753,0.821060215992966,0.124065435087317,0.00879679510295932,0.0816309770098194,0.00918825995898145,0.0756123634707805,0.108715511451876,0.0148256113359751,43.204545425,4.968831625,5.875038675,-0.3172006545,0.0795847653,1.1404029275,0.0239433446,0.70626690825,0.26597015625,0.47149800625,47.506034425,5.69724495,9.1599477625,0.17356183,0.1138440375,1.4540483075,0.060315621875,0.9957562195,0.70863191725,0.530000365
45.309401567,5.7147987689,7.3665582658,0.00085970834272,0.096881882514,1.2838919043,0.061923915592,0.84792980566,0.36636101036,0.51406263965,1.04794669496234,0.213316494514849,0.80227900446221,0.12961388372751,0.0092762102994967,0.0809965438758034,0.00922087823885063,0.068048567851607,0.0981329868702285,0.0143276483893213,43.27163145,5.30895155,5.8797085225,-0.241227539,0.0786132412,1.1413271825,0.0450726851,0.69391342025,0.163036386,0.48628855425,47.327608575,6.160102265,9.0803704725,0.27320917675,0.115097032,1.4538574025,0.081903780425,0.9540672255,0.556904393,0.543242024
46.113454166,5.7401907084,7.1281473402,-0.06659418360093,0.103491536944,1.3669766631,0.05385189392,0.92569573027,0.445406040502,0.51762148965,1.10496734902073,0.208535498342211,0.759265701334045,0.140276610865727,0.00916207870805245,0.0873636056946808,0.00932566580215213,0.0496473669458972,0.114191545694967,0.01497946903885,44.1610626,5.368749405,5.793595305,-0.32334924075,0.087468754275,1.214276085,0.0335295704,0.80834817625,0.2383941245,0.4874395785,48.347304125,6.182564305,8.768816905,0.20726391675,0.1227826445,1.5464607975,0.070946107575,0.9967354815,0.675127591,0.546883882
46.142007121,5.9209585806,6.5486132175,0.098229927796145,0.112684782583,1.16304304155,0.0398349131561,0.89401473506,0.63123062605,0.50078014032,0.996772524231489,0.212934815049121,0.716606911759963,0.141229876357373,0.00930475853243944,0.0884076007813191,0.0094714345951106,0.0765120691459235,0.118530151991524,0.0149256294597392,44.177613725,5.52685402,5.31636031,-0.19068436025,0.0961932509,1.00130718275,0.0216319548,0.69279485575,0.425180716,0.47403789775,48.061462475,6.3375751025,8.1138078375,0.364583915,0.1310601995,1.3624205325,0.059384247425,0.992460322,0.89431429525,0.5322704775
44.98900263,5.5501782832,6.8299952032,0.098167948811955,0.100433935205,1.4954834559,0.063860027059,0.90937087243,0.55917808951,0.52357616555,1.00101413007936,0.19878546941465,0.711520327987331,0.148221005766087,0.00942172824409897,0.0956078861125251,0.0110891948630909,0.0522151967321711,0.109513477771992,0.0151746195012265,43.104648975,5.1659333075,5.5659148625,-0.18894178625,0.082315745525,1.3239716675,0.042838067025,0.80043513225,0.3749921225,0.49514168175,47.0355124,5.971218385,8.2267396825,0.37684896925,0.11891064375,1.691646415,0.084609838325,0.99455705325,0.78632705375,0.55326064675
46.095598136,5.6532138604,7.2743774791,-0.2079688510913,0.087310625661,1.4074459686,0.046889247237,0.92805450315,0.53341582196,0.49521895476,1.06622370211913,0.212642492686966,0.79656226919778,0.135912766068512,0.00848852622197516,0.0949317285777172,0.00871480489112968,0.0533602603928645,0.119889057955838,0.0143351050965904,44.02757955,5.272133255,5.83128805,-0.47767287375,0.0703055681,1.2318321575,0.03193404655,0.80256033075,0.3209837045,0.46900812525,48.220420075,6.1049431275,9.053698195,0.0556287187249999,0.1043147745,1.6020877725,0.06538032085,0.99758142475,0.77173587625,0.52510186325
45.853024336,5.6810031574,7.9834018564,-0.10381881753053,0.090179402423,1.3330835373,0.0391783998923,0.83812417668,0.3762367648756,0.48589755124,1.06087012443251,0.214337387095593,0.859390481860775,0.127094414024009,0.00854560592856619,0.108607263139431,0.0114604601412157,0.11217118515723,0.149702992794659,0.0165417239317321,43.704412025,5.30224022,6.44199425,-0.3459499745,0.0735296361,1.13582434,0.018432125625,0.57112312525,0.06525503275,0.4551318355,47.707568675,6.112508045,9.894941455,0.15587583925,0.107282235,1.5698926975,0.06177979605,0.99257300075,0.66655793975,0.5186761245
46.367237893,5.7591521966,6.2562705973,0.01794610488712,0.101794553241,1.3815139074,0.041946311607,0.91688559171,0.410108918863,0.5011251421,0.960592217964417,0.213042185104592,0.72161126814884,0.139002612498609,0.00926277918260274,0.0840874074694679,0.00901710156422508,0.0644924104438987,0.124511989836317,0.0164171321596394,44.394553,5.369501745,5.01700487,-0.24496665325,0.084131357275,1.2270442325,0.025929267125,0.75627258,0.1377677735,0.47165174575,48.16242585,6.18268643,7.7477828775,0.282976778,0.12021200275,1.5514535875,0.05985334245,0.99630613475,0.64860925475,0.53530629
46.198862234,5.3147197455,6.9580821916,0.145636540346342,0.112344697185,1.2896788044,0.050608655899,0.91155184277,0.372702213989,0.49876818276,1.10551574971989,0.190120190615632,0.758143401717997,0.121235414491124,0.00843702445049849,0.0848968038258721,0.0106836799230495,0.0594938160692309,0.106981679909484,0.0142414413996223,43.889127375,4.9646859025,5.5719973875,-0.091610028725,0.09625702365,1.14494787,0.031334183975,0.771128671,0.1515594585,0.4705820435,48.319884825,5.6966389525,8.5836460875,0.3776466175,0.12923237025,1.4653498075,0.071889412725,0.9960981745,0.58178657275,0.5271451105
45.753086925,5.4025222968,6.2961311629,0.00237812285182,0.102454581369,1.560943896,0.053846324445,0.93592437949,0.3693757836819,0.47568921148,0.887849638226804,0.199675730634018,0.69212931951462,0.135044221908806,0.00892932256752656,0.0881738569603781,0.0100899184849754,0.0438599634837379,0.125721935739363,0.0132560908679742,44.0327345,5.048748375,5.0783223,-0.26673262125,0.085344016425,1.405480125,0.035313020175,0.8305548335,0.0595960848,0.450471044,47.5853096,5.8069573325,7.8013567325,0.27777519775,0.12008941225,1.7359647525,0.073654793275,0.9968240855,0.6108904605,0.50215556
45.633162415,5.6797119822,6.1308034793,0.00274886409259,0.101546098371,1.4606879707,0.048592205851,0.8769931621,0.511383254479,0.51359451346,0.974246140934612,0.199662472052138,0.661719948413675,0.14135629859269,0.00937073692132439,0.0886486760974213,0.0106271133587829,0.0720968013110976,0.125876488543325,0.0144771877391066,43.6959366,5.3042703175,4.992613985,-0.268097207,0.0840428223,1.2931365625,0.02902472075,0.72132379675,0.273342457,0.487368281,47.542798125,6.0649255475,7.61319733,0.27657416225,0.12048461425,1.64067532,0.069738939125,0.99114720325,0.76679226825,0.54334665075
46.336112244,5.3237622047,7.3401815296,-0.1836575758007,0.099348022377,1.3866059761,0.041760320807,0.89764399149,0.45275519891,0.50571935917,1.12925834434675,0.192287179144818,0.82986671961527,0.124754173639671,0.00778155116409948,0.0833996257044147,0.00901860774095223,0.0708723107852754,0.10546702271204,0.0138423831576803,43.9943654,4.9511473575,5.9179757025,-0.41431659825,0.084401299675,1.2332694225,0.0241811724,0.72298228275,0.266622459,0.479805173,48.361757025,5.711790755,9.188666345,0.0920820101999998,0.114836182,1.55252353,0.059734314275,0.9932450035,0.661532016,0.533881291
45.225827903,5.790150124,6.7117741972,0.2460029065888,0.10954569973,1.2837122317,0.048644364345,0.85125336858,0.3154938964934,0.49277529873,1.05086185960215,0.209657141370471,0.728702348289408,0.110681499050493,0.00742733130465078,0.0696264966079433,0.00964877218637052,0.0703780907529907,0.144806155646125,0.0136426810146254,43.1563877,5.394592175,5.4769211875,0.037290198375,0.094930485825,1.1599545625,0.029737571175,0.697491211,0.048150753975,0.46817139375,47.288189225,6.218852415,8.2814561725,0.4746033485,0.124754546,1.4383443125,0.0677560404,0.9758279445,0.6156018645,0.520229405
46.329827456,5.6001224694,6.055257121,-0.06789683626507,0.097351365145,1.3227048435,0.046890758757,0.87470821042,0.64202393324,0.50302905413,0.958883423810167,0.214787439247014,0.699834733458813,0.152599565531859,0.00964188814753088,0.0905549284416322,0.0115553963000244,0.0801737791307025,0.111083133654735,0.0143335424248919,44.43122845,5.187028075,4.8272352475,-0.355190112,0.07828620745,1.158228895,0.025836033475,0.6989736475,0.44123150075,0.4756295595,48.158196625,6.0412502525,7.52526485,0.22296804025,0.116857122,1.5037315775,0.070349880175,0.9919763345,0.8722223825,0.53275382825
45.922990248,5.6497865599,6.7822326767,-0.2670304300452,0.087451166304,1.11230458781,0.0319874309625,0.834240457582,0.3769498015359,0.52374372786,0.995031212066799,0.224807186174394,0.750480049164907,0.116208889605365,0.0083210354669257,0.0835455292220048,0.011131994511389,0.134296473988199,0.133376221433289,0.0158449348033318,44.093812425,5.25180796,5.559931895,-0.49867403025,0.070874204275,0.964629441,0.012090238425,0.55788540675,0.05492629485,0.4918825755,47.8744868,6.0921301425,8.46521012,-0.0384945605750001,0.10471719725,1.288647065,0.054328243425,0.99395042,0.63728275075,0.5534511515
46.965221759,6.0116556417,7.5769239503,-0.00611430655147,0.093122195858,1.4143121239,0.054086350179,0.96790768625,0.46630844781,0.47823651791,1.1535052803512,0.212434049699682,0.808001528289667,0.123153256323502,0.00760114545385481,0.0815579655479196,0.00758449068060196,0.0257418706860992,0.105912937944983,0.0136173409810006,44.8543737,5.60731139,6.1130084375,-0.2302507685,0.078716794175,1.262027365,0.039896933375,0.907241597,0.269466622,0.452066881,49.293190925,6.4308067075,9.3507517975,0.2525619265,0.1084803825,1.5855229775,0.06802800725,0.9992821905,0.69468467925,0.5053671975
45.895169235,5.6952276484,6.6277742824,0.06968102926398,0.10738099855,1.4064099764,0.050525751509,0.95267000254,0.67202887366,0.51065689631,1.00214915574059,0.199805371222984,0.657434385367361,0.148475126302922,0.00969729537015082,0.0958609143935787,0.00905977979782111,0.0457009920745415,0.143388701679594,0.0152016823055884,43.9401719,5.3204070225,5.499892535,-0.2175954525,0.089310857125,1.227151715,0.034408846725,0.832599772,0.4014105755,0.48094753125,47.801763525,6.0921357425,8.05433823,0.36608493825,0.1272340185,1.613306915,0.069019282275,0.99886229575,0.9672249765,0.5403376545
46.276538242,5.9391620764,6.5939788141,0.025168358524664,0.104016609708,1.4112813308,0.046639741271,0.92943153138,0.48601657349,0.47318153753,0.938649544107126,0.201474503573483,0.723873361867351,0.125989961563951,0.00813303720378549,0.0782297679202296,0.00778768658404655,0.0569838780133155,0.116478083698454,0.0135264522012636,44.506276425,5.5584019125,5.333749885,-0.22043492625,0.088125952425,1.25980231,0.03214787085,0.77813889025,0.269785355,0.446567169,48.22637415,6.3573665925,8.135974735,0.27427579825,0.120335111,1.577315625,0.0629135043,0.9978205805,0.73895882275,0.49905254975
47.247613841,5.8395447902,7.1908858828,-0.03679387661855,0.099518827478,1.2989237934,0.049701027711,0.93667141398,0.56882842315,0.49609961968,1.12213565021961,0.216469009944657,0.746506827563249,0.136674681092946,0.00784087033833409,0.0858795787342373,0.00835428665010359,0.0442345910166989,0.101334820231955,0.0147205037327349,45.113282625,5.45275848,5.89561256,-0.31343450775,0.083856309625,1.1472184875,0.0342385697,0.8304459915,0.3862393575,0.467285697,49.49037255,6.2982624725,8.930667185,0.22542067375,0.114470066,1.47799856,0.067046607,0.99596820575,0.78265170975,0.526068113
45.773091828,5.3330592457,7.0018875935,0.08866472247281,0.107440836558,1.328902494,0.038123376744,0.88996237686,0.41642451207,0.5165733222,1.06684894155026,0.199156210407031,0.7712324548885,0.12640355279321,0.00858825071215216,0.0783195486619914,0.00853188941476656,0.0837428633058359,0.120867744504001,0.0155776029612892,43.694446125,4.93641836,5.6506650275,-0.151322412,0.09124373285,1.188226795,0.0225514702,0.688247656,0.18477972925,0.48595016625,47.908744025,5.708579375,8.7041312075,0.32220629875,0.124245114,1.4881425025,0.054322032575,0.99364684375,0.6450576225,0.547671034
47.280996203,5.8555222909,5.9041315806,-0.15972205509924,0.090586458466,1.3156747674,0.051825805046,0.82447307448,0.43238257881,0.52714210031,0.890534862449563,0.200435275292491,0.639937934601444,0.126574783342071,0.00858222215121674,0.0838461347862459,0.0111776306672756,0.0760209511917619,0.0942009558995603,0.0152391465292216,45.68832375,5.4762224525,4.7787323525,-0.41462607625,0.0724777262,1.169135435,0.0308808169,0.660854525,0.2463429125,0.49682676,49.051739875,6.2563291475,7.3029087675,0.077187149775,0.1064492835,1.48356209,0.075041271775,0.9570342405,0.621013751,0.5571961415
46.644630159,5.9120440227,7.9676327573,-0.109390732944345,0.096989224633,1.4781281673,0.046325637836,0.95052976633,0.335906829548,0.49735623131,1.24254222785745,0.210206554513351,0.866379395936143,0.127544239211585,0.00764697806731641,0.082786882517018,0.00724745279594452,0.0417523182356262,0.111870369143171,0.0142480805418103,44.340294,5.52776283,6.50929675,-0.36925535925,0.081302653675,1.3163063425,0.033344334725,0.840445985,0.098590519775,0.470669465,48.82692705,6.34197184,9.8390965925,0.1207560905,0.11103509825,1.6410280825,0.062316094275,0.99846914025,0.546066992,0.5282154335
45.378153884,5.8585134635,7.5735597492,-0.2832699120706,0.088473699536,1.4003164772,0.049037512711,0.92569834222,0.54191988492,0.49752382094,1.12705451931855,0.205317522737317,0.792194921971375,0.128560068807472,0.00855005314594802,0.0775419463657278,0.00887889573014074,0.0522686250025791,0.106226908777522,0.0139483058699889,43.140002875,5.469362215,6.18375798,-0.53671834425,0.071821111625,1.2632221125,0.034390387375,0.802711479,0.35982383725,0.47022905725,47.489941325,6.3014518475,9.290552035,-0.032997296575,0.10405621625,1.5653831875,0.068678183025,0.99467218425,0.76033125325,0.524804226
45.752128002,5.8992223858,6.3621927705,-0.22679551501961,0.092537214725,1.4217559618,0.063716195358,0.94034779593,0.64703645028,0.48812520199,0.944271707592117,0.215548718415345,0.725507953377234,0.16369841361272,0.00978033354764055,0.0887864459471944,0.0100813867664416,0.0414476572953039,0.113056792456888,0.0153213335272222,43.888723275,5.4805729225,5.0924771,-0.575330359,0.073101304825,1.257438715,0.046130610525,0.838023513,0.4511993835,0.46077771425,47.6658045,6.3115913525,8.0236345775,0.0827984489999999,0.11200678475,1.60736922,0.084910677775,0.99532758775,0.88049977575,0.51826990125
44.420703301,5.718002951,5.7158241234,-0.05100430876592,0.109202341161,1.3558680523,0.05024542784,0.91558397392,0.415715700255,0.51802404484,0.890890186479127,0.204754762194773,0.636617394915408,0.121751691872695,0.00893482441139309,0.087597789881861,0.00977426996600389,0.060853219653325,0.115757471140492,0.0154148129423757,42.663030525,5.3350685375,4.5431722175,-0.2890122205,0.090724064,1.200694855,0.03042602145,0.775276547,0.1842562955,0.488574854,46.064068675,6.1296481925,7.1259225775,0.187023252,0.12729283675,1.5305546025,0.06960798285,0.99631230475,0.63466445925,0.54809061
46.302568621,5.5144555639,6.5079720861,-0.03451526870904,0.0995771911,1.2742713494,0.04623059936,0.87779721367,0.48624236077,0.50006380768,1.03663776310063,0.210707811061568,0.735210998204282,0.132699647774878,0.00952096200817693,0.0890736762843784,0.0112214044476171,0.0835111011417224,0.11542077008745,0.0165133102289852,44.3236995,5.127980915,5.2124633875,-0.2850858955,0.0817862781,1.10354436,0.0270033137,0.681513079,0.27292542875,0.47015661325,48.24100555,5.9562563075,8.101178425,0.222833556,0.117513173,1.4585441625,0.070438757375,0.99378594425,0.71304604925,0.535229283
45.445487153,5.8150549477,6.6090821869,-0.085632328905348,0.096756153545,1.4603441689,0.049569755394,0.96096513951,0.69697217237,0.50762013981,0.881599863641018,0.21580854877635,0.714081435448539,0.153864348528996,0.00858521740555425,0.0807686846119004,0.00752077761888625,0.0369970502311789,0.111241710017187,0.0143883472997979,43.826716825,5.43134329,5.27079111,-0.37243040575,0.080706551725,1.31549107,0.036298615525,0.85960575125,0.509748684,0.48009652675,47.28203905,6.267804265,8.1443980325,0.216611591,0.113354382,1.6302508425,0.06584273745,0.998287096,0.92595241775,0.53573469075
45.81201191,5.7684186173,7.4519601717,0.038113963027847,0.105273342119,1.3901538241,0.053146135952,0.95428854147,0.67422060591,0.49648383613,1.18968603549044,0.197444161506026,0.815423444410817,0.13826608325612,0.00777411352602536,0.0769602591404058,0.00778748955058631,0.0344769212842487,0.101348661006612,0.0128687509763939,43.55331545,5.40910888,6.0423000825,-0.22500507,0.0897879855,1.247798165,0.038683510975,0.86592428975,0.501276081,0.47247131875,48.31855155,6.174866655,9.23973388,0.29675553875,0.1197807165,1.543584245,0.06903997445,0.99764265,0.8956278335,0.52142496
47.033157259,6.0875377996,6.3276107798,0.0359546107146,0.097928464895,1.3030391219,0.044309813027,0.91241518578,0.54953303241,0.49567604204,0.992828685478895,0.21976337265739,0.729289731322762,0.129078816209034,0.00764601606167666,0.0828196658108689,0.00898945628369058,0.0632139906595495,0.110479721149696,0.0138924557862237,45.0565155,5.6600884325,5.0547725,-0.213982497,0.083246730625,1.1487988275,0.02908054645,0.77095656475,0.32636073225,0.47004754775,48.98652585,6.5025592475,7.771872645,0.28591161975,0.11251201275,1.4733802825,0.0650697964,0.9967460595,0.77696087725,0.52409338175
45.164608485,5.7831566139,7.5759174499,-0.09738930711503,0.100112389826,1.2691498342,0.056617943459,0.91301701733,0.51904915045,0.51253347074,1.0709489038238,0.200769942831708,0.825247097731056,0.129010388463176,0.00971903219406011,0.0756617483560278,0.0101311667118834,0.05113640330999,0.101525150256856,0.0154664676236892,43.087485025,5.4345494025,6.1065379025,-0.341481125,0.080490758825,1.1260170825,0.039217497525,0.79110390575,0.33284069875,0.48484777675,47.308385825,6.2278397425,9.2714836675,0.15888749575,0.11920221875,1.4217356825,0.07961435775,0.98929486475,0.74016274225,0.54581477975
46.178086515,5.5235265731,5.8276738931,-0.181590719972805,0.088193114225,1.3618003357,0.051441445669,0.91521574009,0.68066660397,0.48665920875,0.915221503811872,0.192817818038372,0.676716071901525,0.150813253829754,0.008288864718878,0.0922048303897909,0.0107849745342297,0.0532586155573887,0.1150041003508,0.0148164542086366,44.33607785,5.1517780875,4.699310545,-0.45538805475,0.071233159675,1.19636073,0.032630779875,0.801055533,0.47390787425,0.4602896615,47.966252975,5.908807275,7.3007226,0.11713064525,0.1037515825,1.5497155175,0.07297617085,0.990033471,0.93204290025,0.516374672
46.813012412,5.8111162276,6.2119842636,0.17359860269986,0.104666339561,1.23455543767,0.038380132715,0.91790918204,0.531735656,0.52115107349,0.909135754822947,0.20509223434161,0.657380406933546,0.136737740583901,0.00901315515275916,0.0930718008326784,0.00905772159453968,0.0690563540715478,0.10882090958216,0.0146128283457756,45.045105425,5.4226207675,5.0849319625,-0.10468876875,0.086923667925,1.0675190875,0.021667739025,0.7483918525,0.32799440625,0.49362056475,48.555305625,6.2127492075,7.592286785,0.42471548975,0.12285372925,1.43771588,0.057055114425,0.99698461175,0.76008719375,0.5500805165
46.198079509,5.5970121426,6.7658207145,-0.004361144126684,0.087181260858,1.4010452541,0.04777881724,0.9099776739,0.2129705763108,0.503829091,1.01502977595489,0.189012015802954,0.724358655498213,0.110867268671034,0.00822229458411865,0.0794502232727502,0.00947107909757981,0.0613272819616478,0.111167061766423,0.0142599407551163,44.21540845,5.26861382,5.4968175175,-0.221814263,0.071064625925,1.2590070275,0.0307226893,0.77209500325,0.02469405455,0.4770429365,48.3008195,5.9865045375,8.2526890575,0.21355907175,0.1030271595,1.561566325,0.0678845708,0.99764693875,0.44619088725,0.53192863875
45.800297913,5.8003245525,6.5819749489,-0.02609067121315,0.112772599995,1.2698547231,0.037481937489,0.9181631754,0.295077195247,0.49673293205,0.941474211620884,0.205775035826961,0.714553191831889,0.114056721186692,0.00790629047262944,0.0867511777018894,0.00833243949177784,0.0671738384777092,0.124878414688268,0.0137733695871495,43.861008225,5.423071975,5.325672155,-0.2518370015,0.098143911775,1.11182498,0.0222759205,0.7483066455,0.045000844075,0.46968991,47.545168075,6.227317835,8.135664205,0.194301246,0.12825184825,1.4516235625,0.054675695125,0.996308739,0.533157405,0.5244306825
46.018761695,5.6333550174,6.7448544832,-0.026780342308799,0.092681106247,1.5246868035,0.050177236635,0.91697564955,0.418469878667,0.48529367962,0.95027990707275,0.208451070282641,0.790642031148988,0.132137032097981,0.00896949461008996,0.0894889281717387,0.00964792299361509,0.0581675621195065,0.121880133519068,0.0139417552580185,44.1137214,5.2319397975,5.4234864575,-0.279011237,0.075991712375,1.365230585,0.032339910675,0.77829984175,0.20241376575,0.457653588,47.684939425,6.0779764125,8.49682887,0.2709311645,0.110771525,1.71069823,0.0696467933,0.9933636195,0.68693263575,0.512775783
44.597943243,5.7569993416,6.6841683393,-0.18916928318197,0.087091947132,1.2143781229,0.056842641232,0.88608561688,0.427995834089,0.47814445925,1.04874500013043,0.215910805044,0.710715440855997,0.123611968749727,0.0085606497801496,0.0723159914300632,0.0122121383144853,0.0715074051211201,0.126776404329547,0.0151837074500879,42.659468675,5.36497804,5.4185797875,-0.427007689,0.07073687505,1.078993465,0.035376366,0.71459687475,0.155030403,0.44767861225,46.79392245,6.177747805,8.2075020975,0.0664846844249999,0.10320769325,1.36337412,0.082222692625,0.9898318335,0.66514472475,0.50753857875
46.436347558,6.1496705538,8.6530072164,-0.14476804475454,0.096220367267,1.3425290363,0.057621310474,0.89369918319,0.57703872692,0.46387961742,1.23934003183131,0.223980646950563,0.889277902958761,0.139161758945816,0.00755041708230651,0.0827428944755291,0.00864687750019318,0.0453416013952864,0.107082777297564,0.013188537609419,43.951265975,5.73225467,7.077341,-0.42106933075,0.08151040455,1.197667835,0.0422043085,0.7957403695,0.38920823975,0.43766383375,48.779007525,6.6089649025,10.5976033,0.122217329,0.11050328025,1.520500835,0.074935195925,0.971054245,0.814908325,0.49000790825
45.893008849,5.9741499235,6.0737672985,-0.03201432003582,0.102704326337,1.4973861699,0.056614201355,0.948076848,0.414067376212,0.5154340457,0.892726989530745,0.227985459168001,0.698029762172774,0.140075195642854,0.00995157228298966,0.097329211824471,0.0105168287203697,0.0467527810050703,0.10177137991512,0.0155712185737179,44.1752669,5.549170285,4.8949445375,-0.3126002535,0.0829192689,1.336523045,0.0381468083,0.8268145265,0.23235830075,0.485843939,47.729123525,6.4569511,7.56215992,0.228117726,0.122133002,1.7147842375,0.07866566715,0.99864799275,0.61887168725,0.54700875575
46.440245825,5.5435452565,7.1981194588,0.05411653643503,0.101364472954,1.08526347652,0.03420008572695,0.710803627323,0.58161538017,0.52223006549,1.07924831760919,0.205579333868542,0.803682167362552,0.129478368126697,0.00848128449358647,0.0707909860608423,0.0130303415296829,0.205488780613936,0.101193025147222,0.0159087131547746,44.315588725,5.18130155,5.8581995275,-0.20134547925,0.085560434925,0.955554735,0.0078742212825,0.2923692595,0.39149734775,0.49087300125,48.51561535,5.9335570875,8.90056896,0.30775505525,0.11883911375,1.2373878525,0.0600202049,0.97962916075,0.78470173,0.55223081075
45.953059191,5.9050475119,6.331343386,0.13648386507777,0.097018000344,1.3772197936,0.050168391258,0.92965191283,0.419309932162,0.53312306162,0.975951132883579,0.223377814065246,0.674395788861785,0.136591417539428,0.00951578019495943,0.0897182223846796,0.0100593382073198,0.0522110425017839,0.114182140713085,0.0154393935815799,43.994166875,5.4962754825,5.1295249975,-0.12483584825,0.078304925025,1.215770965,0.0322544448,0.796465961,0.206159887,0.5056174185,47.73216535,6.3551743475,7.7764400625,0.40957950675,0.11637283475,1.5633241375,0.071222879875,0.995132225,0.651002794,0.56461088375
45.835260588,5.9164265052,7.1826518648,0.0924489795061,0.093273495054,1.4747668462,0.068722898385,0.93548134523,0.46345333929,0.490892853,1.07097164032384,0.23160440665841,0.816955633867647,0.138425810173645,0.00899598811945183,0.0918323111438497,0.00949756435203128,0.0383048373512181,0.109844228417745,0.0138930148084815,43.764607625,5.470196045,5.8146585225,-0.2087086285,0.075453169475,1.306412515,0.05164151835,0.8485812735,0.259007029,0.4648988945,47.887784725,6.3636887475,9.10428392,0.361451757,0.11046259025,1.656229915,0.0880760787,0.98989562025,0.68674252825,0.520052114
46.449495437,6.0409360332,6.6681611863,-0.22636382485613,0.085905655124,1.3230951817,0.043716366022,0.84533435444,0.52484342068,0.50240973149,0.974452449295867,0.231967137077294,0.749395794827729,0.137637948085253,0.00918117849887921,0.097360018161107,0.0102699347808587,0.0852267827716584,0.126195078802127,0.0147470628602272,44.64406705,5.6046593575,5.3501038475,-0.50207377525,0.06775425615,1.157715245,0.026069747575,0.65148428,0.283605878,0.47583611275,48.448041075,6.49767567,8.2862895175,0.0319685404249999,0.10440352225,1.5312388275,0.0651049157,0.9825601545,0.7885099885,0.53350265725
46.084443849,5.843613628,7.1218302902,-0.1753673093404,0.088846297483,1.4056415773,0.056516066543,0.93120820007,0.53529809012,0.5191887276,1.02038821786092,0.210684312757728,0.742764744210175,0.134295000120694,0.0082582136999139,0.0782731120977587,0.0103799896574518,0.0407525248932109,0.0986691902343624,0.0145420178115367,44.066813875,5.45724444,5.762349455,-0.43192877475,0.071537220225,1.27181118,0.0389031038,0.84310753875,0.3577145345,0.49094647225,48.152076375,6.267300015,8.723077885,0.090124251575,0.10448305675,1.5697743,0.078217625425,0.99698554,0.7277801005,0.548824372
47.369631135,6.0586150216,7.154176319,0.01256521544093,0.100460950062,1.4953116327,0.062645035056,0.94164096503,0.45466892953,0.48771681054,1.03449018660326,0.213950842414885,0.720984628483366,0.136403160775037,0.00788528028138915,0.0965156553978328,0.00969849475867923,0.0370295201004939,0.102010967908945,0.0136945417204383,45.260120575,5.654930155,5.8735478625,-0.257650901,0.085898227475,1.3233748925,0.042670174175,0.85080708825,0.27207990125,0.462248479,49.4178489,6.50165851,8.61116972,0.2909019125,0.116063968,1.6934042725,0.081269059075,0.99332444175,0.672965363,0.51551623225
44.89638104,5.7256219098,6.6437417088,0.18129710482667,0.107663086054,1.2997374373,0.050913811633,0.86458854938,0.52634928039,0.48008649366,1.02436925842419,0.215427695434241,0.784405201335408,0.139207817707494,0.00924028681090922,0.0847374972929038,0.0116662296139401,0.0766249173164168,0.116065846826048,0.0143392383825506,42.92825725,5.33258892,5.24573558,-0.0741690597,0.090202662875,1.139550845,0.02737312,0.69078017075,0.310999884,0.45301969775,46.806651125,6.18376002,8.318541845,0.46180381325,0.12678479925,1.4763669775,0.0734153987,0.98124289825,0.77688062375,0.50959587475
47.087217881,5.9544648146,7.0620642692,0.03701547007852,0.096532929383,1.2966657418,0.049285907135,0.85306918407,0.2869819802987,0.51319155647,1.03878485240202,0.218882610802271,0.787121956382754,0.113467434775369,0.00811309465602595,0.0905069118937503,0.0120312929564568,0.0789079496293912,0.126257287653522,0.015787181977275,45.100750575,5.537818325,5.740247845,-0.19452815625,0.079977827,1.128183615,0.023690902175,0.67220033825,0.0373966267,0.48544610025,49.0534968,6.4185381525,8.754642425,0.25264092,0.11286399375,1.473490955,0.07238807165,0.97614435325,0.53770458,0.54649747925
44.77357042,5.5356378946,7.4800144071,-0.039166435134409,0.098570018428,1.2281082207,0.034912770614,0.88521210361,0.407077849553,0.51032739961,1.03851231053965,0.198426386568415,0.802921289687498,0.117040466150448,0.00801854333466935,0.0827568956495137,0.0080843413549236,0.0878067801325251,0.137346208360683,0.0139888822293543,42.88755185,5.1750201675,6.0506299325,-0.276326332,0.082351167475,1.077857865,0.020471498775,0.67745104725,0.111955969,0.48425373275,46.82849405,5.94603402,9.299861995,0.184425748,0.1138027565,1.39964942,0.051420908275,0.9962441675,0.668433747,0.539615873
46.435207517,5.8069560212,7.6528692696,0.02382174351126,0.107846828668,1.3637609456,0.064156188248,0.91682558998,0.59177381085,0.47741580071,1.15001863578454,0.22191976751289,0.809485058235123,0.149678352040938,0.00915174854344144,0.0901347455234224,0.0111560949672803,0.0475023368926146,0.111491673118485,0.0139821367896614,44.199756475,5.3904949675,6.19455236,-0.27299786675,0.0910569712,1.1978325175,0.044008644575,0.80771443675,0.39437471475,0.451875808,48.72565865,6.275834115,9.34497952,0.33045370125,0.12580209675,1.5451221325,0.087904742525,0.99107554325,0.8336878675,0.5072521055
46.42004417,5.3921076105,8.265185595,-0.1106738345753,0.096109164041,1.3669294763,0.053477253103,0.9224285429,0.53962119899,0.5173844243,1.32285974065636,0.181828328092074,0.859052008058331,0.134893695281351,0.00794157415205881,0.0786425287234397,0.00928476015454194,0.0422387494494131,0.0964755888662356,0.0145015758239023,43.4374874,5.0450612425,6.7721267625,-0.37402878325,0.080161298375,1.22563793,0.0366947013,0.8300947105,0.35647083425,0.4877431695,48.841817425,5.7452838175,10.133484875,0.137096151,0.111088881,1.5317763375,0.073515452925,0.99195777225,0.7448511915,0.545771255
47.402369748,5.1831632293,6.3825863747,0.08285953472937,0.104018173796,1.4767289383,0.063299932601,0.933218301,0.34088766986266,0.52734953679,0.907152310933139,0.196647710565614,0.680461647621769,0.131209703511715,0.00915739383137786,0.109067594302404,0.0104601921274972,0.0410489825587781,0.14011534042513,0.0157401766722391,45.602729175,4.84390305,5.1761877925,-0.16976108575,0.08633371095,1.257347405,0.04362371,0.839332319,0.0295638384,0.495811691,49.134513825,5.59252584,7.8086563775,0.3335523225,0.12263652425,1.69453744,0.0837625568,0.990339747,0.59225586875,0.55942603475
45.318728789,5.4864861348,7.2138809922,-0.12952396399085,0.096871073491,1.4081023112,0.052948157742,0.87425421157,0.433751688306,0.5079432987,1.10113644098353,0.200856179951522,0.788207519699606,0.134705609897971,0.00918217330371211,0.0917848441113105,0.0114298058154018,0.0631237481411851,0.118252042911029,0.0155094619498714,43.247442575,5.1184537175,5.7717970025,-0.39022112875,0.079008376025,1.2487891925,0.0319774803,0.73731659075,0.182684557,0.4791567665,47.446150575,5.903751075,8.92186383,0.1262112085,0.113950935,1.591933125,0.07640697105,0.98184643425,0.66599015375,0.5394016455
45.377803193,5.7136732484,8.0005467024,-0.18827112379495,0.092553548231,1.2568946198,0.034034444691,0.89405077098,0.3314394939997,0.49459605186,1.13906526255363,0.217653513250405,0.857866842684985,0.12958915330667,0.00867871964706388,0.0817423576022103,0.0101333953563639,0.0817784697652394,0.136188918660366,0.0149489685476963,42.761899725,5.298927025,6.44239493,-0.4609349395,0.075100201225,1.0932560275,0.017562704525,0.682502706,0.04419011685,0.4673540325,47.522328675,6.15529717,9.8912595525,0.056728316775,0.10950759375,1.4303358,0.0571451754,0.994730914,0.56563961425,0.52487469775
46.358198533,5.8375329188,7.4359037571,-0.27685546154405,0.082007876126,1.4061502698,0.04085248452,0.88529115436,0.4021290661671,0.50810700513,1.04604693042046,0.203521258173813,0.790256374714581,0.14264058787821,0.0090322142334256,0.0917322412464128,0.00926386381323384,0.0797750572677616,0.158059161880965,0.0151795901759464,44.36444705,5.47408185,6.018943935,-0.54497248575,0.06384919685,1.239260935,0.023695289525,0.69620272925,0.038341388125,0.4794137035,48.351313725,6.276821595,9.22817955,-0.00461143818250002,0.099358523675,1.59401351,0.05914172565,0.997030559,0.6918304465,0.53768759275
46.44714606,5.785263632,7.4149702761,-0.176872040838559,0.091752282934,1.24750200201,0.047406551315,0.84636439006,0.3759925812406,0.48840247436,1.10887167564218,0.219452643409806,0.856988846807433,0.126770942705423,0.00884929916674766,0.0833648102237255,0.0106276881116453,0.0907152417180801,0.133038795270805,0.0158868655821837,44.33234395,5.407712625,6.0186658975,-0.42672817,0.07492617505,1.09475146,0.02836555895,0.64947335525,0.06850352815,0.45918408875,48.6603975,6.2519481725,9.3462675575,0.0602385826499999,0.10961308275,1.422660275,0.068775656875,0.98632952975,0.6352362575,0.5214882285
44.088856196,6.1060535487,6.0503385101,-0.10056820918523,0.099961732113,1.322007838,0.039743265085,0.92848881986,0.51974495918,0.48733397274,0.904331051960407,0.212035935761717,0.688144999490602,0.12311428787585,0.00891278528228447,0.0754435268349371,0.00785548347678747,0.0686442323155794,0.0984990098242599,0.0137217844353303,42.32642115,5.720840935,4.8267854125,-0.350535146,0.082884495325,1.1870441725,0.02611053485,0.74637020025,0.34654141525,0.4612781465,45.801314975,6.54338719,7.55038431,0.1377474895,0.11763067275,1.47881531,0.055535598175,0.99836414525,0.731491692,0.51718501
47.093216253,5.6267777365,7.1544710617,-0.03793367205205,0.095131131875,1.4166288562,0.046084675348,0.91060468404,0.468010448632,0.50949377521,1.07564310654276,0.210084280614784,0.75643246586046,0.140073476238446,0.00860903217666036,0.0960733970385422,0.00883513901408191,0.0615517839251244,0.111526528255665,0.0161760740428971,44.9827398,5.227814995,5.82880689,-0.30751046425,0.0789542587,1.23444518,0.0300247991,0.76178871075,0.258753873,0.47915928725,49.337020525,6.0580339925,8.7930078925,0.23384539025,0.111584918,1.60726975,0.064463536175,0.9909066485,0.709124254,0.54396872575
47.122696373,5.6628284164,7.4741991235,0.05415271383593,0.105032599094,1.20074707081,0.05357866481,0.86104169713,0.53179994705,0.49013688705,1.12596247230326,0.190807434399446,0.810058081125075,0.125584712106031,0.00799449665204914,0.073782159250008,0.00996619645811873,0.0576994970273351,0.105637821578419,0.0136088524372043,45.07263815,5.3244347025,6.14935353,-0.2169671445,0.088455271775,1.0672400425,0.0345993145,0.73634022,0.32773964075,0.46564938025,49.484080875,6.0603701575,9.416570945,0.2766340955,0.11998082825,1.3620606725,0.073295632875,0.95753886275,0.73819761825,0.51889076825
45.850570116,5.7143829834,7.5415654709,0.08032891681692,0.113636175285,1.3890462017,0.050946769913,0.94150964353,0.6382371067,0.47925209796,1.11082994125205,0.195033043432958,0.782717071648337,0.147561456643774,0.00912689259776442,0.0814955069795956,0.00842038743237276,0.0455686616909638,0.116473297507095,0.0136198414133733,43.582767075,5.3523803225,6.23060956,-0.20410987525,0.09698801875,1.243176395,0.03517650415,0.83778214125,0.42223156325,0.4505697655,48.01358445,6.095164285,9.29607732,0.37365000325,0.13168394975,1.554540195,0.067855811675,0.996865716,0.8830866845,0.50744872975
46.721786368,5.9385660644,5.4427953553,-0.093378053653,0.099567020682,1.17481245835,0.0488211913276,0.78119841205,0.301398484531,0.48595059736,0.811826724170935,0.231416159384208,0.63839331779382,0.122761841257254,0.0089054838297818,0.0966378028162397,0.0150194783128135,0.100016847932172,0.111717775549207,0.0151427625025131,45.133228825,5.5040559275,4.38885283,-0.329878624,0.082639701175,1.0051435325,0.01959935285,0.549396348,0.047080011325,0.4581290265,48.338066425,6.399579,6.86801511,0.14967471125,0.1171431485,1.37401843,0.075800267125,0.93757771075,0.51692919025,0.516113657
46.5940049,5.8007126155,7.6336042199,-0.042726087439055,0.093948889733,1.3573084049,0.056741354953,0.85638736698,0.19849559073896,0.49799618459,1.10130820011509,0.227959172277697,0.825099678427438,0.127355352554216,0.00868701729992933,0.0907352784317135,0.0111385222407063,0.0658441936207092,0.128674508784919,0.0152945653339745,44.475202275,5.3632036125,6.27974975,-0.27765908325,0.077804515075,1.1936591125,0.037492757975,0.715478973,0.012410684375,0.46817927225,48.69184845,6.229858585,9.44004563,0.219117619,0.11061120225,1.5437740875,0.079169007225,0.9762469335,0.47897763625,0.5286374375
44.323823147,5.4668104445,6.9705333241,-0.012521540478132,0.109637624561,1.2442608928,0.039778017286,0.91021858669,0.53527584198,0.5168411113,1.0241843174265,0.190964530494799,0.729493779150181,0.124518404797557,0.008055555944153,0.074058280866007,0.00814816094247526,0.073454475996685,0.101623836661025,0.0152964362576667,42.29692065,5.1088650225,5.65576069,-0.24544672775,0.094157647475,1.110519575,0.024333205475,0.72809635575,0.34269888225,0.48906344775,46.3497196,5.83473051,8.642064855,0.23438191075,0.12491101825,1.398664905,0.056117624575,0.9971384235,0.74452322825,0.547050015
45.526314887,5.9073154371,6.4305154531,-0.2048860680986,0.091811687553,1.3005012911,0.042867325212,0.92660152114,0.43681777935,0.49457800238,1.0006146716213,0.21578812649793,0.714773991596928,0.123668202567428,0.00818192657918746,0.0779944560557993,0.00866751175762627,0.0612236015479482,0.0947128246561271,0.0134638579211038,43.46882045,5.5165455675,5.2289269325,-0.44715822675,0.076602456075,1.1602627025,0.0271034047,0.7780636665,0.25879471525,0.46902649975,47.51987605,6.3530422075,7.91928563,0.0323253878,0.10820985675,1.45990767,0.060270535725,0.99752479475,0.63714747575,0.52189902075
45.78532724,5.8923137876,7.6286070274,-0.11388841995378,0.102917923994,1.21175266018,0.050273761741,0.83153854638,0.452228012686,0.48562593086,1.07826541404055,0.217230041695616,0.854357778314666,0.123395618235156,0.00870260682569287,0.0828294139253886,0.0105771766102247,0.0762984018420236,0.125638154927379,0.0150058403943767,43.67517945,5.4757135925,6.04646681,-0.36733593475,0.0847535753,1.05743736,0.032205656925,0.66723111975,0.193389083,0.457364964,47.9116227,6.329835465,9.467391175,0.11429013025,0.1197176715,1.3814448225,0.0726535485,0.96593079175,0.70334486375,0.5158188605
45.138323573,5.4525066018,7.1699009053,-0.18057195137562,0.104043490698,1.3839265767,0.04950867813,0.93617782915,0.43229079866,0.50286271463,1.05201664853545,0.206572425136113,0.776470947545353,0.133863052832098,0.00849166999991186,0.0805701088342094,0.0080443584534299,0.0432367816420277,0.117641276915091,0.0138681346010962,43.087171475,5.0576824825,5.8452228825,-0.45024372475,0.086900836375,1.23082148,0.03557909975,0.833752173,0.20011788975,0.47749400575,47.159140475,5.8559851375,8.8269570875,0.08430177005,0.1195622815,1.5511073575,0.066140169375,0.998335992,0.6822924705,0.5309746635
46.25916456,5.3926631731,6.0012934484,-0.1874546886346,0.100476883585,1.2819419018,0.037344768961,0.83331819459,0.362167404786,0.52150050744,0.925077141696105,0.192375449658443,0.674731455475901,0.116703586288524,0.00928795369465894,0.081014939607753,0.0109240734616251,0.103009334333543,0.127553093262526,0.0159813576918288,44.47674605,5.03203011,4.824223895,-0.4056416225,0.083100629425,1.1317600025,0.019734502675,0.59248766975,0.10685055225,0.49168968725,48.00885735,5.75103981,7.4482223825,0.0338233101749999,0.1185496985,1.4456780225,0.0622476057,0.99008882375,0.61008831425,0.553716054
47.672284125,5.8125354401,7.4390828249,0.12321329806576,0.10795023644,1.27174062024,0.045959425745,0.88605639293,0.57073531391,0.50787187199,1.16176661838334,0.21193286509231,0.816570246360532,0.154396156281035,0.0094496843009088,0.0967016515006184,0.00985227767639034,0.0712591154141245,0.12394236725907,0.0157961121815515,45.4097646,5.423968145,6.0460060525,-0.166260517,0.090349935175,1.091041025,0.0267931979,0.7221587625,0.363017027,0.4758782385,50.11061195,6.23862545,9.2869361575,0.42775518575,0.1272616095,1.469824685,0.0652691339,0.993317926,0.83122532275,0.53762523125
45.514427034,5.5946734921,7.3790652839,0.3398051274375,0.122782816458,1.3341984493,0.0516802848271,0.80374188832,0.467573272558,0.49821891972,1.0950629537459,0.220322210689828,0.814612253827815,0.146003169078574,0.00996682721823976,0.100254391982283,0.0144804898997813,0.0940946089115448,0.15326174170297,0.0167881921432961,43.363493125,5.1862712725,5.892232745,0.06373515905,0.102892744,1.1471668025,0.024339906875,0.598163649,0.149083877,0.464778418,47.7419213,6.0550622425,9.0981257875,0.63844050675,0.14280338575,1.5422757275,0.080812598475,0.969894079,0.7685408825,0.53131277075
47.868433917,5.5783404082,6.6354126764,-0.11550012750244,0.099912302156,1.3296773735,0.050891164323,0.81702883295,0.65573288646,0.51142744589,1.02661798361886,0.213309587337102,0.750964789236059,0.159102851817935,0.00862214443521713,0.105630542875559,0.00984843498972151,0.0854483694882051,0.114509459344989,0.0150517385547802,45.981257,5.1970098975,5.4218344875,-0.4311995005,0.082311897875,1.1420900575,0.0300807028,0.61896779025,0.453484334,0.48371649025,49.881714325,6.0043207525,8.310910435,0.18130100525,0.11564509975,1.5502706725,0.0693923202,0.9524471385,0.89539961675,0.54306174875
46.326618365,5.6416022821,7.3751041012,0.052861521481816,0.088452789212,1.4007170773,0.064669435353,0.84902992704,0.2802766189263,0.49859977465,1.07361394657913,0.209736915297819,0.767430639965057,0.124740172107945,0.00856562462685829,0.088784920894026,0.01167527549752,0.0581872615941269,0.12640616426202,0.0142379608080751,44.331581325,5.228327555,6.008736245,-0.19068830175,0.0725588887,1.24176929,0.040068311625,0.7269413265,0.028269951875,0.47142035525,48.52300405,6.059247345,8.9603732775,0.29160757675,0.10540594925,1.5868785175,0.0864574945,0.94762186975,0.52095118125,0.52573367225
46.367450987,5.849168281,7.1104165855,0.14250175401385,0.114641195442,1.2895627135,0.045847425491,0.9115096643,0.443009361326,0.50350477844,1.00256734276563,0.223033355751749,0.762424350901294,0.132155517088844,0.00853200903545105,0.0819385488177807,0.00933262571399276,0.0648963638036689,0.122765223599404,0.0149849135391791,44.323956475,5.4365258325,5.7316729875,-0.13786432375,0.097928260175,1.1285541525,0.0287127621,0.7588457815,0.19800499675,0.474013217,48.34822055,6.3391603475,8.76104479,0.40318745825,0.132168162,1.45588342,0.065918942225,0.9934126165,0.6829134855,0.5328405555
45.49438333,6.0671552358,6.2050700876,-0.20991676401159,0.102151766115,1.366421697,0.051722589459,0.94962830538,0.54995141271,0.49766753322,0.943192005135521,0.227794845102027,0.686151007247563,0.146496680613476,0.00954522074153093,0.095074737241808,0.00935115458284489,0.0414948781584839,0.11054902832856,0.0142401105302187,43.611930325,5.6374558125,5.082976095,-0.491838674,0.082104892975,1.1823077,0.0353266657,0.8375051065,0.33655406425,0.47119071975,47.34912045,6.540196315,7.8004720925,0.073648173175,0.12008994675,1.564366,0.071566921325,0.99880281175,0.7675499015,0.52692461775
46.983165126,5.4924097952,8.2917911991,-0.14244143156135,0.094047524447,1.2379926008,0.040480608816,0.843025532,0.345950332358,0.51515054345,1.27281552648545,0.19652903706091,0.811028396215902,0.122914645124144,0.00749468030773064,0.0794667232723099,0.00884655275059583,0.0662152966140036,0.123672562414855,0.0152934277038097,44.423462975,5.1332712325,6.8077340475,-0.37885823975,0.079685890675,1.090186635,0.02345079085,0.6976873885,0.065340092925,0.486373878,49.37428775,5.888322635,10.037621925,0.0894245365,0.10846573925,1.39720224,0.05800817565,0.96148002025,0.580698798,0.54472328825
45.912528657,5.4445134367,7.2343205442,-0.081659375248396,0.096793765807,1.2656915801,0.051127819986,0.829391843,0.49918002197,0.4808687358,1.03303512258763,0.195970004464266,0.771951775514254,0.113622384212839,0.0083605901529975,0.0748759372134701,0.00984101042439855,0.065913988006773,0.0979358772283427,0.0133379744765402,43.893265275,5.0864030175,5.926266675,-0.29714440375,0.079626616075,1.1378071475,0.030641710525,0.68674882425,0.320083449,0.455769675,47.8195094,5.84544001,8.8868207625,0.14685443075,0.1141175825,1.4163505475,0.0697490812,0.95036404825,0.69997926225,0.50758845875
46.474300861,5.930547498,6.6298598316,-0.04429820933092,0.100566562986,1.25063272849,0.045333723598,0.86012914362,0.38162950837,0.50009893769,0.923341106699476,0.218893596073644,0.754402616497972,0.1198093917639,0.00849895582596038,0.0846930083285224,0.0122139869507993,0.0828452107988226,0.108081695731012,0.0149404210999736,44.5734523,5.51715114,5.2985797525,-0.28702008625,0.084938247475,1.093042355,0.0218804769,0.66387073475,0.16034296825,0.47132734275,48.3111113,6.378854525,8.281284135,0.18191404175,0.1186397675,1.4039293575,0.069101592575,0.984918428,0.587101487,0.52956885625
46.996475896,6.0040612899,6.0583864441,-0.1233027096772,0.090640297639,1.3668315672,0.0622950182,0.91061674215,0.58391714178,0.49045949323,0.896837632972936,0.229576164681407,0.714485048524749,0.149510004291513,0.00859775262426588,0.0957938576055732,0.0103397198443398,0.046939045281871,0.108869226439695,0.014651435401551,45.25526515,5.5710827575,4.765786575,-0.399152614,0.073494068275,1.18019754,0.0431725338,0.80745584025,0.3954902795,0.46143095225,48.73027165,6.477045905,7.5329347225,0.16263689125,0.1061402825,1.55428573,0.083249223075,0.9834232225,0.81015944525,0.51831752225
44.451165527,5.7789577753,7.8090599172,-0.098152113146651,0.090227365572,1.3780959003,0.055263525468,0.91494993699,0.57396878491,0.48813047566,1.1431535259399,0.19563239612339,0.777288518637706,0.134938466930376,0.00809103119587032,0.0802122655050985,0.00818449790118757,0.0495827329403236,0.0970900337306699,0.0133669701091603,42.244335875,5.4101937225,6.51396967,-0.3567243915,0.074182467475,1.22636792,0.040945160175,0.80818594675,0.40362921675,0.46333820375,46.598929975,6.1577519275,9.4551109925,0.17090557675,0.10573904425,1.5422840825,0.07394170105,0.9950311115,0.7794933585,0.517358911
45.957205091,5.8762134169,6.0859697409,-0.17752538767053,0.092670372578,1.318052302,0.049078669213,0.85696552041,0.432087779916,0.50530809318,0.880249078040445,0.214936565840604,0.650294370141333,0.141360109277232,0.00987686442882862,0.0913600132836579,0.0123839434332576,0.0837429668510466,0.115537715332278,0.0158944601184354,44.30471285,5.4628465375,4.9536434325,-0.4596980805,0.07338249915,1.1468638525,0.026886216925,0.66400740125,0.21027557875,0.4751874255,47.61617135,6.3136473475,7.4769991825,0.1284941635,0.113368606,1.5156747825,0.07379466075,0.98705068425,0.66691751075,0.538588591
45.444936685,5.5209502859,7.7331713849,0.15469998872238,0.087400990005,1.3063018594,0.048528543617,0.90625354855,0.6369576123,0.48549815771,1.05399370487459,0.196604612494822,0.810690022462716,0.143129929326976,0.00848798507147261,0.0785775735799409,0.00947098318153931,0.0650387503947063,0.103619513572135,0.0141130547076657,43.28839615,5.17206091,6.33196301,-0.12211963,0.070465349675,1.1585021275,0.03080855165,0.745583851,0.4495251945,0.45892465825,47.387321225,5.956359785,9.4138527775,0.440674741,0.1051826035,1.4679788175,0.06841409555,0.99527778325,0.8513554365,0.513034603
46.982458525,5.6943812048,8.047546875,-0.11887471651917,0.104789438813,1.15692506024,0.0349399898887,0.9021688763,0.514837779,0.4968247897,1.08952074479142,0.205364156600709,0.815232931482535,0.125534359267084,0.00819225503932841,0.0824504762127794,0.0085768397527586,0.0797640632528901,0.115563390449401,0.014504752283327,44.7583011,5.2937453625,6.641860055,-0.37040969,0.089923903625,1.00410834,0.019063873075,0.698625719,0.29266641525,0.469071993,49.042285575,6.11885569,9.8779706725,0.126449301,0.12098715375,1.3311203075,0.054036182625,0.99585988,0.7517508125,0.5268252475
45.348029526,5.4628561289,7.6048934011,-0.08064731588573,0.086786226666,1.2787941281,0.0358377565055,0.79471639593,0.61564900869,0.52514299436,1.10656254340322,0.188924752227674,0.782494591416438,0.134798447439589,0.00865720579935059,0.0793053121911371,0.0123457652605042,0.134956431753231,0.124852074739427,0.0141850996581129,43.227537375,5.08561624,6.2493487425,-0.33701680125,0.06957505655,1.13469198,0.014814464575,0.4984892365,0.3797987375,0.49806745525,47.498099375,5.8268265,9.3421176425,0.1828337885,0.10301996875,1.44683928,0.061064701,0.992522132,0.872252198,0.55258695025
47.977225868,5.849402575,6.5590353501,-0.09305748551432,0.09707036998,1.3118686071,0.047174710935,0.79574578025,0.53157137024,0.51117296986,1.00133516937643,0.236691827839865,0.744023767533121,0.149295464169615,0.00900294013678775,0.0994517784589262,0.0126585318570126,0.0963837091316575,0.110847604092965,0.0149324881460322,46.074451875,5.4337987125,5.33300373,-0.39099423825,0.079724046275,1.1273657525,0.021995941475,0.564268427,0.32257622675,0.4840498345,50.004104675,6.3600089225,8.2904535675,0.20453297775,0.115290676,1.513991835,0.070634787525,0.93756763825,0.76268696125,0.54201368625
45.927760905,5.4549567485,6.6780029992,0.091692395948138,0.12846978028,1.11981648573,0.045455915529,0.95586783181,0.63071861644,0.50760540035,1.04908875943508,0.191504191666906,0.717457708245102,0.139069877808353,0.00796156555147837,0.0789122479654901,0.00852357759270439,0.0385345357026129,0.109960911722946,0.0143925435167171,43.998486525,5.109409035,5.4200040575,-0.18724824,0.113484491,0.9782970225,0.0295943481,0.86304484375,0.43782500225,0.481160297,48.1207156,5.853221695,8.2806211025,0.3693621935,0.1442391175,1.2823337525,0.0631895435,0.9987708545,0.862279547,0.5360832035
47.238522901,5.7454880976,5.8629487431,0.00182472604117,0.097477632053,1.4848799965,0.05976333578,0.94497070539,0.58089058718,0.49449469913,0.834577688547089,0.205518014490807,0.682615589658168,0.153054050143888,0.00846674615802306,0.094197111563435,0.00963435914771458,0.0366741557018942,0.108329050975472,0.013909254375106,45.57818675,5.3492018225,4.7370205275,-0.28191784625,0.08115790315,1.3181354225,0.0418130854,0.85760396325,0.39096261925,0.4680421505,48.9309951,6.1508311975,7.3772560325,0.31159312325,0.11337812075,1.6796828875,0.079847033975,0.9960830955,0.80092054675,0.5229443365
45.672392163,5.4825468087,6.9490691264,-0.14949180497603,0.099319013124,1.3275508969,0.051870443275,0.93817569899,0.4847899682,0.51244941392,1.02651006591797,0.195932574833771,0.745484734445845,0.138862124846255,0.00906127702037024,0.0844404775972178,0.010198379126136,0.0434998719717064,0.114925713361219,0.0158991939401795,43.818329225,5.11063102,5.6653625475,-0.41033127525,0.08112442665,1.17612837,0.033177772925,0.83402008925,0.2812280675,0.48319569075,47.7880526,5.8885445575,8.567475905,0.111524454,0.11606079625,1.5059702725,0.072400687025,0.99543341875,0.72684640925,0.544952081
44.147318371,5.6310618343,7.3693097451,0.21216288157004,0.11051572378,1.2845872591,0.044694603975,0.82092468391,0.53322773557,0.4848895889,1.11740835183952,0.192375832085162,0.798535925427925,0.122436491191236,0.00840407812670117,0.0720610980876424,0.00883392793029826,0.0866914738345245,0.109200512431864,0.0134610445712972,41.9808245,5.277504945,5.9205339225,-0.022462732675,0.093663231825,1.14559427,0.02929261565,0.6132296195,0.33510808925,0.45916591175,46.3406701,6.027772105,9.028390505,0.45476701,0.12679857725,1.43423544,0.062592301275,0.9579960085,0.76100236625,0.51173745725
47.057001554,5.6700556382,6.4244591861,0.133607534495061,0.116795338516,1.319237471,0.054986509039,0.94417354984,0.449567162788,0.50516003874,0.945168265216079,0.206524932080683,0.69973650104773,0.126338036964313,0.00822216836257824,0.0950407597722691,0.00902950843138805,0.0394849886285474,0.121240672223031,0.0140525628182576,45.082834775,5.2845601425,5.2068916175,-0.1092224225,0.0998451156,1.130386155,0.0385297281,0.84922455775,0.2157197415,0.478831377,48.919662775,6.07691202,7.9123185425,0.3779273255,0.131968955,1.5079157525,0.07263083885,0.99556245975,0.70069789975,0.53346149475
44.550912954,5.5245532241,7.2629274327,-0.248608412741,0.088326751849,1.3843022047,0.049328181054,0.93668045435,0.51075850258,0.50702779386,1.2659823183308,0.196241726282417,0.760384725052685,0.133138690015925,0.00859224513924236,0.0761990319712121,0.00863064171511418,0.0505614477734141,0.0995443191905026,0.0149568071240992,41.987955075,5.161654955,5.85608687,-0.51461748925,0.07136779505,1.2499175375,0.033381975925,0.81096244575,0.329543657,0.478857809,47.06819435,5.9116454275,8.834787085,-0.00598585158250001,0.10430604225,1.5417202375,0.066807553725,0.9978113565,0.71588110225,0.53974545025
46.614738037,5.7529219283,6.562935878,0.10778895556863,0.103440354112,1.4039758509,0.039266173819,0.90002783367,0.481135900261,0.48241452678,0.894284588355632,0.209259221102798,0.749206267604732,0.130419046089216,0.00802108996724677,0.0780075170366581,0.00827886895598616,0.0734215141811936,0.132000119969731,0.0142321138940845,44.9665755,5.3903958575,5.2414163475,-0.13315208225,0.088045140875,1.25344712,0.0252484644,0.72430454525,0.2047280505,0.45616506025,48.46625155,6.175467875,8.055600895,0.36665241325,0.119245738,1.56717842,0.058480501325,0.99460935675,0.725368128,0.5127426
44.130821773,5.8234015404,7.4080724654,-0.20495685198074,0.078769353028,1.3547081273,0.046458902771,0.89099832508,0.454218302077,0.46553735529,1.06914884584625,0.209687127232487,0.750125650808292,0.122570705392207,0.00831627177564422,0.0768592364046218,0.00963843595847778,0.0696221407330734,0.126177359942441,0.0141951773275741,41.9400818,5.42355517,6.1032016025,-0.43023373725,0.06264725385,1.222069215,0.02887762935,0.72453887925,0.21991897225,0.438838286,46.20124385,6.2364689325,9.0046806025,0.05481465455,0.09548593995,1.519552555,0.06614050775,0.9926601055,0.70201922,0.49347679675
45.497284201,5.8007723682,6.652564395,0.17623195294469,0.116133550239,1.2806440351,0.060196108661,0.94319728717,0.414534327822,0.51559253409,0.955929750110787,0.205927572190976,0.719109858848888,0.123908305243108,0.0088508882359583,0.0800537721251077,0.00968604955909372,0.0413061186429526,0.11562787969836,0.0148994751704211,43.46367545,5.42531096,5.385593075,-0.095624459925,0.099516417125,1.1302830275,0.041494914525,0.839486788,0.17119644325,0.4886698135,47.36977605,6.211458775,8.16697629,0.40812276175,0.13462340825,1.441512545,0.07972328845,0.99783131225,0.64030018025,0.54599137425
46.751859327,5.8906055203,6.7879780702,0.2783030905167,0.110296825454,1.4076439219,0.051315731979,0.89572308986,0.340142224767,0.50528613901,0.963401158331628,0.203349028173288,0.731115791379062,0.128575520897101,0.00856210985643584,0.089008625072454,0.0100216622555749,0.062985192660004,0.136561696771545,0.0134166271898376,44.787332325,5.4995116475,5.494185125,0.023270401775,0.093697227625,1.2476305625,0.0333924067,0.762648,0.050728610575,0.47940434,48.658128075,6.2667216975,8.386761575,0.526418658,0.127345796,1.5968576525,0.07260695855,0.99453084975,0.601189145,0.531509485
44.864841099,5.7286320317,6.6673245925,0.01924332172229,0.094418296291,1.3411320051,0.041648788967,0.94430338739,0.53946464545,0.5080346948,1.07554610061801,0.219358636495493,0.765452744024981,0.126499759269447,0.00858876634769206,0.0780532895094757,0.00825661195649069,0.0527764280725904,0.110843513129192,0.0152101003023527,42.820987125,5.322902945,5.348796505,-0.22457864675,0.077965239475,1.203527195,0.0248128355,0.79788502625,0.347126151,0.47923658725,46.989067325,6.177608775,8.365727325,0.273192524,0.11146787725,1.50365217,0.057429395925,0.99864279025,0.78672709675,0.53847565325
45.041409389,5.7405468425,7.0653618714,0.020884073418455,0.087101472984,1.27931371709,0.047206175175,0.78688319546,0.48331831527,0.49453406674,1.00756743909468,0.205992739248449,0.739511132128815,0.133192188051353,0.00895136460390646,0.0800721227498889,0.0117543612673872,0.106811348186877,0.120374921191393,0.0144186837560246,43.08488815,5.3435494725,5.75065042,-0.2393455075,0.06982993605,1.1423484275,0.024968637975,0.5598616455,0.25751629275,0.46792062275,47.01082685,6.129952615,8.627112905,0.28655874725,0.104978349,1.4528409075,0.07122396125,0.9869382495,0.7329482,0.52414691425
47.082570281,5.5954797801,7.4499615107,0.092997878786445,0.089209781294,1.4711352003,0.051100243998,0.9164084476,0.54251743676,0.50254344549,1.13047351035573,0.209635915233572,0.828905535674774,0.161473916044837,0.0094145189831271,0.0868818501986164,0.00963126555446275,0.0522096756150598,0.116291762085094,0.0155600469561657,44.891160025,5.2003326825,5.9929241325,-0.19758624975,0.07084409955,1.299865495,0.034968094175,0.79494114775,0.3152588845,0.47307242425,49.44071085,6.02048644,9.1063996925,0.42790894075,0.10814575825,1.645324275,0.072117871,0.99251602825,0.780535822,0.5336498725
44.723662266,5.6840874878,7.0193772266,0.03460919223171,0.106759222472,1.3294576898,0.05437068075,0.87343414204,0.2985926127073,0.50931649706,0.928531197367725,0.192019169655531,0.734500326081147,0.102689181670451,0.00742299375297323,0.0776425459077382,0.00875312800537928,0.0531191007429089,0.108768891818232,0.0137476819568681,42.82121175,5.34489618,5.7162802225,-0.16405011175,0.091905290525,1.181745805,0.03662796885,0.755802376,0.089261789,0.4817876265,46.57664575,6.0911804425,8.68295021,0.23104576525,0.1206621225,1.477729455,0.072175502825,0.95992388025,0.520493976,0.5353924795
46.234535534,5.5250086567,8.0281329035,-0.25521264213575,0.08053662402,1.3215288679,0.053088943558,0.93355267978,0.62212015781,0.48438450035,1.26113415441225,0.200572584288735,0.876064190537315,0.139883919802876,0.00813832252091494,0.0800355636389577,0.0086543969688388,0.0434769525035216,0.107808848856349,0.0139461104842903,43.824326175,5.1505273975,6.542354585,-0.5289755635,0.06498838575,1.1726038225,0.036625764625,0.82837186075,0.424546254,0.45840798225,48.5835779,5.93574832,9.87809623,0.01633948315,0.097460965675,1.4895772425,0.071564062675,0.993596349,0.86217729275,0.51224405475
46.992286388,5.899311191,7.4022747461,0.000425771308713,0.106007816837,1.3155161418,0.041644980265,0.90873675896,0.51473576257,0.48941023923,1.12068373727396,0.220110339146759,0.807219826998083,0.136594965917115,0.00830222867142804,0.0874235439188021,0.00908538748578797,0.063674897521446,0.103611935457897,0.0145372866490752,44.69851975,5.512461335,6.110543565,-0.2756042635,0.0900845176,1.168994715,0.025235917625,0.76284763325,0.315117464,0.46198216575,49.2720939,6.3636188775,9.191317565,0.2716274505,0.1227664505,1.507967505,0.061484676975,0.99504036575,0.72444309925,0.51861014425
44.968949838,5.8406053031,6.2082414751,-0.03840918192646,0.093874140043,1.3589564525,0.048869094959,0.94657216754,0.68572146877,0.50321551538,1.02615053925815,0.212404781059507,0.664909351720569,0.149349868563664,0.00940956299777125,0.0794324630513162,0.00962554244157093,0.0476532699309926,0.109672015249089,0.0147808125122205,42.97295695,5.4532153975,5.0274012525,-0.33905309775,0.07624578225,1.2205026375,0.03094750735,0.811064631,0.49711406325,0.4759957355,47.028231775,6.2720270225,7.5795059725,0.2648808565,0.11367398375,1.51802333,0.06823820165,0.998358127,0.936907529,0.5323571445
47.012165962,5.7674717747,8.3616692441,0.015739597153077,0.108313329259,1.3314712957,0.067994175005,0.94499286073,0.489187257381,0.48445525782,1.23079873249043,0.208800701833695,0.847019613758674,0.149135161416828,0.0096800461416235,0.0964202928640416,0.00889013606637996,0.0323498375995186,0.132618332857395,0.0154436840117623,44.67863955,5.3741591475,6.8865362825,-0.256036865,0.0892770278,1.1561343325,0.051256874075,0.86655031025,0.22419304325,0.45597046875,49.36401715,6.1919607625,10.079012375,0.30427399225,0.12732590625,1.5200778025,0.086169351775,0.99270555325,0.75762779825,0.5174756675
47.243615924,5.6782899749,6.1860634701,-0.067874645526158,0.102524185474,1.2750174321,0.04658419467,0.96523961313,0.44380908293,0.49823748698,0.968881014198247,0.20186611690802,0.65995127296037,0.1286689290767,0.00740851602255085,0.0805994368289868,0.00707512177706802,0.0271247992793584,0.10138451181497,0.0141176778607454,45.54235345,5.3009434825,5.049588675,-0.30513863775,0.088132703175,1.118585945,0.0344210223,0.8988192075,0.2561487435,0.471340936,49.245895525,6.0954317825,7.6313958825,0.17536631175,0.1174355125,1.43340498,0.0613860351,0.99864349675,0.64865146425,0.527268211
46.343907868,5.8029680916,6.462591188,-0.059501058414146,0.09577386392,1.3475416638,0.055994933643,0.92138132874,0.47064126474,0.50330379875,0.878849384495763,0.198851963461617,0.71332355983263,0.129671531193725,0.00823437641366533,0.090375738485009,0.0108437047911639,0.0557614215148192,0.10695059286544,0.0146902875741572,44.46723855,5.41448234,5.24339012,-0.32972623,0.07891976975,1.185767845,0.037616282075,0.7941054165,0.26102105575,0.476139468,47.963904225,6.203106115,8.042176665,0.179219407,0.11263530525,1.5338017725,0.077586102675,0.99616882075,0.68175050125,0.53455071
46.445064821,5.3785820636,8.599879757,0.29217526225888,0.117863995113,1.4110832301,0.053236375701,0.93413963704,0.52459763665,0.48439554707,1.15682810375197,0.196553350862954,0.836292644430581,0.132667404302625,0.0078089622267989,0.090853760813799,0.00877054472720466,0.0436877054612372,0.109957550904447,0.0141069321426717,44.282513675,5.0171635025,7.0875567725,0.060344274875,0.10290462,1.2406199775,0.0366291036,0.82591213625,0.31192715175,0.456383092,48.79628915,5.78998545,10.4387789,0.558492637,0.13370665225,1.598986455,0.071374111325,0.994345544,0.76015964825,0.51240240725
46.194353915,5.7478356218,6.3326003083,-0.20404741527301,0.089392693459,1.3606621157,0.062203000004,0.90342168415,0.61025331321,0.50224630297,0.966231143617477,0.212194564413065,0.690474749664578,0.14746275965789,0.00979881331099824,0.0818912086745307,0.0100693364953918,0.0531864236842381,0.11613881805572,0.0143968646259885,44.397152225,5.34571465,5.13225722,-0.4859493535,0.070675695,1.2160091175,0.043035786775,0.7841490345,0.38630172725,0.47561144025,48.0716413,6.185431545,7.8286512675,0.079895671825,0.109239035,1.533798905,0.081787555225,0.988076484,0.85347351725,0.530727435
46.02012271,5.7930373256,7.6884009959,0.0453479354690717,0.107104728711,1.5799364658,0.069354580815,0.90913781024,0.3426292031936,0.49428071245,1.23928588481196,0.2229199806486,0.786435258267691,0.151531062797719,0.0102441333393409,0.106371319589645,0.0114301165928676,0.0597156296936838,0.15451340006808,0.0152378863408951,43.435995125,5.3760127475,6.333923425,-0.249879802,0.0862071031,1.3860982075,0.049419316425,0.77710162125,0.035931518175,0.46529745375,48.3515037,6.23014859,9.36982132,0.33712307025,0.127196438,1.79394652,0.09254419765,0.99240078025,0.6232987245,0.5249524565
45.767527032,5.6437780634,6.611168424,-0.05997197381832,0.100413934284,1.3036876064,0.043892102787,0.92126949185,0.47852400543,0.52119011701,0.918802920399296,0.181687167929596,0.701935985037919,0.116029671430016,0.0075472884380604,0.0757294577385606,0.00854788317231128,0.0519947916259832,0.104679892221518,0.0131463556395784,43.8571701,5.313867535,5.3841106325,-0.28863818475,0.0855320598,1.1673103625,0.0282982601,0.80472473375,0.296717173,0.496891186,47.409687125,5.999170885,8.1408576975,0.16629809025,0.1151195135,1.4652175125,0.062105583725,0.9974292285,0.69725627975,0.54852186925
44.522498704,6.3043971412,6.8447466119,0.04032239316797,0.098430829339,1.3989576562,0.053831547245,0.9094210199,0.6373829032,0.52378443177,0.987928663937259,0.228731037977114,0.760016557704138,0.143483767221265,0.00879901428157572,0.0809924967832783,0.00887618104424673,0.0497419280686328,0.110825103121721,0.0156606427082747,42.663229925,5.88735609,5.5966562875,-0.230804895,0.081103022325,1.2447918075,0.03788698185,0.79998724775,0.4334229675,0.495074055,46.5157817,6.7652959425,8.464030915,0.33078872325,0.116455818,1.5665081125,0.073187036825,0.986778963,0.88085249475,0.55623012175
45.88623505,5.6569165202,7.0425741802,-0.043946554102688,0.086321425349,1.4068751347,0.046775151268,0.89440606243,0.57644115836,0.4959528063,1.11270303298499,0.20967121155227,0.768760932035146,0.149616276500145,0.00978194904664648,0.0918714950192098,0.0106262092990038,0.0623641582358329,0.107145966094967,0.0150877136087102,43.71415005,5.2523855975,5.651012155,-0.33631873425,0.0670969244,1.2424659975,0.026132970375,0.7576542465,0.3691162685,0.4660395075,48.051238975,6.087130295,8.6315754825,0.24128995475,0.1058378355,1.5985727425,0.06822920375,0.988601927,0.7851846455,0.52531843325
45.487715634,5.3936035443,7.1676427824,-0.11044866602774,0.099486101514,1.24225283708,0.05080766134,0.83164990219,0.5287319994,0.48940338197,1.0179447764103,0.205467039720901,0.739445990843659,0.124484985543231,0.00877274768760902,0.0762504500871626,0.009404672553343,0.0818869695425656,0.112315636809218,0.0146603758149006,43.490086175,5.007137415,5.7791422075,-0.339960024,0.082501064175,1.0964010075,0.033603265975,0.648136664,0.329575536,0.46181889025,47.558654125,5.8128244025,8.6445598625,0.12445945675,0.116161969,1.38944209,0.07066140995,0.9644602375,0.7630435295,0.517381788
45.443386144,5.6699822608,7.2305574338,-0.053904284684919,0.094273149556,1.3679897661,0.047547593092,0.87887014006,0.461389519752,0.47487380027,1.08960838624505,0.22054898707893,0.821427916942688,0.131988922832591,0.00890543324774647,0.0871528428761062,0.00930957493271711,0.071572380256324,0.126331474089505,0.0151421276423024,43.270004275,5.25154592,5.91291835,-0.322285815,0.0769784171,1.20822938,0.031092961475,0.71926721825,0.21676074025,0.44525873425,47.5761552,6.124205375,9.0499737425,0.1977958155,0.1118346515,1.55422653,0.0676731723,0.986086762,0.7158200285,0.50560341675
44.84727244,5.8400516205,8.0023586463,0.042909082620873,0.119371574196,1.2451008442,0.050627626519,0.86972463305,0.27124151332259,0.49479267432,1.15165937829044,0.207215853278726,0.835756916204752,0.11000227715621,0.00762552561990728,0.0823017009076493,0.00861254387297864,0.067493139291789,0.149847143694237,0.0156653794844324,42.4685525,5.4485249625,6.4855822225,-0.18074354875,0.105045222,1.091697415,0.034877934725,0.721797822,0.01318232095,0.465663786,47.082393675,6.27401063,9.82150815,0.25885581275,0.134486656,1.41586018,0.06791209645,0.9788002095,0.57274763075,0.52615757425
44.902114591,5.4358197691,6.9077337774,-0.26158446405743,0.093468121683,1.4253206457,0.058142068299,0.93714749876,0.60413659704,0.50601815951,1.09813238493338,0.186286070430492,0.727432315435533,0.142674811519621,0.00977446438920537,0.0815459113515731,0.00880859622397868,0.0412951873985555,0.107692211518929,0.0144090335657529,42.691700425,5.08485045,5.6566294725,-0.5355370665,0.073294283925,1.276417935,0.041699257625,0.836863368,0.3945534135,0.47818078875,46.8326309,5.820931855,8.4879196575,0.0123768206499998,0.11136617375,1.5905665825,0.076172193925,0.99559248725,0.81999029175,0.53760532325
46.402370695,6.1245239407,5.9466986441,-0.002440279014123,0.109752275216,1.310905414,0.047821278762,0.88322345598,0.367807960864,0.48535307622,0.917729077271624,0.238311760011248,0.685495712743259,0.133024150854457,0.0093371927880148,0.0877950482089501,0.010944461359051,0.0784121101961111,0.153612679142509,0.014949059129426,44.65519355,5.6832014175,4.771103265,-0.247955922,0.090864953075,1.1329158825,0.028403125475,0.718058239,0.036040957275,0.45767810375,48.241386225,6.631172315,7.4607059575,0.27136674925,0.1281897205,1.50144301,0.0698823755,0.9961257205,0.6524512175,0.51466615025
45.700383987,5.4911080489,7.0353476622,0.23882393196381,0.109851087148,1.3617220275,0.041720115354,0.84703763129,0.55922769303,0.50280594921,1.07327181631803,0.21636656258612,0.729293371375365,0.145752996419479,0.00917776595198666,0.0918829758248447,0.0134205157580475,0.0895621974432141,0.121116390526001,0.0157371158889919,43.652497775,5.09160061,5.764272525,-0.056072053975,0.092547004775,1.1985817975,0.018963918775,0.65341284775,0.32774326225,0.473915678,47.775568525,5.9289439175,8.6117904425,0.520023857,0.12758506975,1.553835875,0.0688788804,0.99030397875,0.80843508925,0.53471101275
47.323510206,5.6540804561,7.8935698555,0.07860375986051,0.098356561939,1.3377347885,0.040294036097,0.92741068415,0.64400209286,0.51384560086,1.18151124462794,0.209469528795215,0.800878486648811,0.161476546100977,0.00874517364819932,0.0894022030607772,0.00860252861412903,0.0561899389039196,0.137685973276733,0.01571879254634,44.9889313,5.24636565,6.583077535,-0.2343703985,0.08116394925,1.17733957,0.024777291225,0.79122829625,0.38795593525,0.48393968625,49.69992405,6.0931187175,9.5351774275,0.41013840925,0.1155180505,1.517264495,0.0575672468,0.99620251175,0.93005862425,0.54414164225
46.200228817,5.540599009,7.0571250599,0.04294520545677,0.103143840747,1.2512770756,0.039200007474,0.87533238887,0.49297176484,0.49713652496,1.00041485852356,0.221389140421246,0.754385646919197,0.134976310338777,0.00873836821877571,0.0839394964233067,0.00948605761526033,0.0837511146069392,0.101300419556939,0.0147778282481158,44.1618813,5.11096253,5.7908154275,-0.23904486025,0.0856001282,1.0998597175,0.022143367925,0.68384160275,0.3016770035,0.467738094,48.141900375,6.0261207875,8.77173689,0.310012001,0.11998089675,1.4224212375,0.06042069165,0.9933452345,0.6986460475,0.52612187175
46.971746009,5.4024109838,6.8650695926,0.06371719521498,0.10857717897,1.3106717268,0.04690837935,0.92599333489,0.72200028661,0.50760612779,0.998613847449508,0.202437501578154,0.769168681251882,0.159288150040689,0.00919852656858505,0.0862786439881181,0.00886061648647238,0.0596890647595993,0.147055177337785,0.0149902397422488,44.97467225,5.016498115,5.6270092575,-0.23763515425,0.092047581,1.1421005025,0.03090487275,0.7728916335,0.4577695015,0.47904031875,48.989413825,5.7910257625,8.5722442675,0.382185066,0.12711518025,1.4823714875,0.06525173235,0.99787319125,1.055013015,0.5371817435
46.710081162,5.3656768833,7.1564444551,0.05044394053626,0.107812166409,1.2868123449,0.056068770315,0.91293552357,0.61967126751,0.50687748459,0.970393858032787,0.179909655745352,0.789155023002547,0.143020869185562,0.00842616218962979,0.0814582643238314,0.00961641706015915,0.0449947092218921,0.102027161254415,0.0136781409535396,44.93717325,5.0198197,5.7597724925,-0.22695050375,0.09089422135,1.1403189475,0.036454842725,0.8126685665,0.436890289,0.47977639725,48.645905825,5.7210468275,8.8178902375,0.32887482225,0.1238825325,1.44102436,0.07377511225,0.985964315,0.832363271,0.533424579
44.076822771,5.9920548216,7.3594965456,0.2000704575385,0.09777559775,1.18972496792,0.049733578178,0.95770722146,0.69400531523,0.52033628967,1.13325567923553,0.220798871319044,0.831385154382019,0.137084255645095,0.0087947426140694,0.0758626076714072,0.00794357410617921,0.0425276809849185,0.119380665264962,0.0162258152046191,41.65780055,5.5785857325,5.8378876425,-0.056270735925,0.080913894425,1.05409938,0.034631836825,0.84199377975,0.4739782665,0.4899869355,46.20038695,6.4370552,9.0490181225,0.494007666,0.114961322,1.33903456,0.06653929225,0.998531014,0.94961201725,0.554467813
45.709182388,5.6050415195,7.532439762,-0.05450079047796,0.110566514083,1.396467065,0.05046185659,0.92313222894,0.446581180626,0.51586014712,1.15878832035385,0.201457281177057,0.834449475706014,0.135377211523093,0.00865310191050634,0.0909057265236412,0.00957638220701401,0.0584186357640824,0.128753213393632,0.0139934361431395,43.365717575,5.2122496,6.0790446575,-0.31014744575,0.093250931425,1.2175565375,0.032994674375,0.76974203475,0.18569572575,0.489288455,47.909943725,6.0246554125,9.29472818,0.203289361,0.1281011195,1.57753405,0.069631919775,0.99366904675,0.68916621225,0.54433055975
46.323267479,6.0130945984,6.5594320783,-0.17493700886241,0.104616115561,1.3090908299,0.057862909549,0.95800068767,0.44929834984,0.49252368202,1.00103698821501,0.21488519577833,0.735573704689131,0.123224593006087,0.00795681838480468,0.0797875620476274,0.00905625098011774,0.0318711354637219,0.0952157495736637,0.0134368187809667,44.3917711,5.6090550625,5.3417304925,-0.406003063,0.089028894275,1.1620399525,0.039345992525,0.88120228,0.2656231225,0.46693024525,48.323069925,6.4409209225,8.2544680275,0.0583334515249999,0.12038051725,1.4719861175,0.0741986344,0.997927665,0.6385911825,0.5180099745
48.049734154,5.9562692854,5.7669701842,0.02953725219953,0.093827938628,1.20110623252,0.0319650550929,0.80434097049,0.418568304841,0.48857550976,0.810006351530156,0.227225724020848,0.619275955701293,0.124672109394878,0.00764671021845313,0.0802849974580223,0.0108588591220295,0.107973348559293,0.109057272145208,0.0135137827880469,46.49069805,5.5417995975,4.6567382275,-0.20975568125,0.079001754625,1.056780535,0.01498612135,0.562832997,0.173171585,0.46418831325,49.61798585,6.4017374625,7.0722596425,0.277769068,0.10857619375,1.36990972,0.0561153833,0.9736586345,0.63028592475,0.5139259935
44.959228147,5.8888993794,7.0593424129,-0.111107469867813,0.090039119375,1.3953465303,0.049491126917,0.90002998667,0.50750992421,0.51665908068,1.10891333179664,0.214885926629154,0.807414564387483,0.135252435313873,0.00912697276725615,0.0780154552372393,0.0103706323129723,0.0672888156658756,0.111917076209145,0.0152870881078608,42.9359684,5.4958384,5.6571157225,-0.37934141825,0.071453052575,1.2404498375,0.0310910401,0.75171250625,0.295273615,0.4870394315,47.381019575,6.3205458975,8.84014687,0.15807428025,0.1081031535,1.5510095325,0.073165510325,0.995847318,0.73998267225,0.54903651625
44.320418493,5.68665736,7.2164984583,0.025454750862444,0.104922677857,1.2928556186,0.04519569251,0.82170180954,0.57963564287,0.5062633242,1.0690637471255,0.200241510618999,0.784725450496446,0.135195009896244,0.00942403112127036,0.0837269944379575,0.00940731011691496,0.110532124897475,0.125827294385632,0.0150893002083732,42.2741778,5.3223961775,5.878087925,-0.23777320225,0.08684858525,1.1345962825,0.027359733525,0.5659208465,0.3595114465,0.4779238125,46.338193625,6.0893609525,9.0805388625,0.30484474975,0.12373179475,1.4791254975,0.065012491125,0.98949505325,0.8588536335,0.5366033395
47.111792526,5.7212004535,6.4272786819,-0.125001969795305,0.099165109046,1.26683914,0.046497756167,0.82926435006,0.398810552667,0.51708708367,0.956720672480148,0.210646244725205,0.742159523313936,0.126221159762269,0.0089329085721816,0.091111698547578,0.0104744040095182,0.0904787278790901,0.117886755138827,0.0148512551498787,45.31253735,5.316487805,5.0952802375,-0.3600645685,0.082705009925,1.0967195325,0.027741062,0.6236891095,0.178448221,0.48795947825,49.055077475,6.1574556275,8.0347373875,0.1302768405,0.1171153635,1.45814791,0.0683872615,0.979173551,0.63476780675,0.54782787625
45.927677171,5.492475009,8.1296206015,0.0261616101041,0.0995076986,1.4603652891,0.063084125168,0.88799109013,0.11134610144742,0.50158866476,1.1706131949657,0.198177476337662,0.845892358176042,0.10783232287873,0.00731577208008125,0.0816601632560615,0.00963945669238828,0.0401766777953904,0.0794179249605379,0.0136156882889293,43.759942825,5.145467675,6.591867225,-0.19459464225,0.08514722585,1.317452295,0.04151679215,0.80628142975,0.003683533135,0.476029481,48.325427625,5.893391,9.896508635,0.22598248025,0.114255624,1.627850425,0.081064459475,0.9655110435,0.30076197125,0.52774213325
44.919245176,5.8915432423,6.5205646263,0.015151814219379,0.107653366858,1.2649306446,0.038165403629,0.85160363662,0.2311859461482,0.49358481127,0.954540329565058,0.214749029066062,0.762324634505812,0.110952881245764,0.00827181724269866,0.0778555625357713,0.0096082672509384,0.0913450819099404,0.134198207438688,0.0150300406774133,43.01232035,5.512167775,5.193162505,-0.20302747975,0.0913177705,1.1208708825,0.0211683647,0.64613383475,0.010883564075,0.46537046275,46.792225525,6.3085658825,8.109647295,0.2360069165,0.1241656865,1.419368145,0.05917657295,0.990872898,0.4896095825,0.52340484025
44.563803834,5.6706841531,7.1962389726,-0.04421853212673,0.102859572911,1.2766005768,0.045298834955,0.90166365386,0.60723671251,0.49110085182,1.03800259177227,0.211565207658257,0.755304009654192,0.127175825158368,0.00782075136479292,0.0724919812553784,0.00915978342850085,0.0700976564115501,0.108870104098413,0.0137885514414021,42.7214477,5.27705637,5.8719182575,-0.30204806075,0.086983684525,1.1333489625,0.028130728925,0.726592188,0.4178573185,0.4639541745,46.679625975,6.1027276225,8.970281325,0.1744042325,0.11790990075,1.4224632675,0.064474992825,0.99187002375,0.844782116,0.518364884
47.403038393,5.8646338466,6.6589657869,0.08193982899716,0.09674193431,1.2904034763,0.041303371294,0.88582900912,0.52995670569,0.52942779709,0.959627831679598,0.199250477126475,0.815638899880057,0.136224971097905,0.00828436600623744,0.0790792563517736,0.00865561969425791,0.0739055440166383,0.117644615374538,0.0147391996840081,45.572386425,5.4977244275,5.3222200925,-0.18774619875,0.080900871425,1.14252863,0.0261285219,0.7192294475,0.30548908625,0.500409198,49.3173365,6.27180898,8.44856675,0.335094215,0.113530089,1.4498093425,0.058888583125,0.99264764425,0.75811149025,0.55894921475
44.931925945,5.8288962692,6.5012905449,0.11668522082319,0.112058938323,1.2040106152,0.042463627368,0.86947483135,0.13794165687096,0.49972895962,1.00696454357458,0.199141163535191,0.676764121729874,0.0905044592181397,0.0071429850526123,0.0660549574299412,0.00928899200400091,0.0704251491375232,0.0877080189428175,0.0135320242846974,42.95977125,5.4519889725,5.3675416525,-0.076337707225,0.09741218945,1.0791387875,0.023595268175,0.712718225,0.00999941447,0.47401605625,46.85044325,6.2243903475,8.06936976,0.28505179825,0.12594461175,1.345142545,0.0605428247,0.98420533275,0.3226407355,0.52696499675
46.716238634,5.7001416896,6.4136585831,-0.29487005104831,0.090922574898,1.2676869113,0.037493829065,0.85747698698,0.51800164455,0.50022164762,0.962723132345485,0.197411587334548,0.690845671030107,0.136649099061289,0.00856714054047731,0.0813665087051752,0.00960037346659765,0.0929595150085154,0.104006496993551,0.0152060023867993,44.840245675,5.341942865,5.2042349525,-0.581219077,0.0726877689,1.1215562225,0.0205224117,0.61503682575,0.33401658575,0.47149558475,48.4301867,6.111578235,7.8398275175,-0.0459191122250001,0.107276136,1.4431368575,0.05794967375,0.9868747,0.737004908,0.5316047015
48.373951503,5.6776115295,6.3406059566,-0.07725843573219,0.094067565486,1.24346470664,0.048350871486,0.94060923606,0.51284815088,0.52198366253,0.878090498628118,0.211523879250091,0.724498045204126,0.140898738558226,0.00861653514371744,0.0889496864618865,0.00926790625312276,0.0425200356952647,0.109053621460952,0.0153231619244282,46.6584239,5.278824175,5.010591825,-0.3363684895,0.07787071195,1.082699725,0.031629354775,0.833842788,0.303041448,0.4943295825,50.028829875,6.110587145,7.8509937925,0.212440522,0.111135262,1.427917735,0.066618252075,0.99707732875,0.748118938,0.55208147775
46.156813969,6.0153392267,7.8880153434,0.1930051370954,0.098538821373,1.4071469315,0.046569003761,0.91174028407,0.2459463473515,0.48509661611,1.23478114911432,0.199954827671225,0.783161556024603,0.102907627561151,0.00686283064013835,0.0800988533410356,0.00782080960019619,0.0539374136043367,0.13583784031533,0.0141411960792702,43.8013245,5.645436055,6.4863454075,-0.023625686725,0.08489263155,1.2499021775,0.0321868288,0.77742397975,0.016058058275,0.45799442975,48.47152205,6.4302838825,9.47619356,0.389720556,0.111629076,1.56833163,0.062281070475,0.986920189,0.534352848,0.51404391225
45.52275554,6.0476023028,6.292470725,0.00193675844018,0.094199714141,1.2884952846,0.046313462392,0.8900191337,0.56217509788,0.50391069436,1.05421024997793,0.239578573849974,0.739430828267746,0.145255878259368,0.00921904790561813,0.0835365324594329,0.0100008079834164,0.0826366702826856,0.123670857111121,0.0150032366948801,43.657072875,5.5973699625,5.111426625,-0.293181207,0.077084876325,1.13378758,0.0281720844,0.6906767285,0.31882920475,0.47758096425,47.757274925,6.571550365,7.938316715,0.2812359,0.11375942575,1.4516539125,0.067206420725,0.9932274125,0.810970902,0.53508526325
46.109300579,6.0301457043,6.9144303705,0.11546491145335,0.111705978359,1.4095973661,0.048461153968,0.93567401943,0.398267385666,0.48435519157,0.936136322257471,0.214333995558632,0.740773779603802,0.133968150591102,0.00819718549007432,0.0927974834273613,0.00805116228740504,0.0514133056732277,0.144983389368025,0.0145683890993389,44.227541175,5.6374831625,5.618913505,-0.1451953345,0.095742097875,1.2465910425,0.03437157845,0.80963836325,0.038314642925,0.45604224225,47.897995,6.44050151,8.589644455,0.3735567145,0.1278365795,1.6060727825,0.06475455125,0.9971270115,0.6528924505,0.51439709325
45.617335522,5.6511700247,8.4291993996,-0.00313598144074,0.096446815722,1.3733252046,0.049559475262,0.93185805782,0.66308694032,0.49376433535,1.14398437236859,0.197442632193664,0.823704473916847,0.141486251967233,0.0080676708499831,0.0864630893124214,0.00801031425002131,0.0438876198848442,0.12398281784167,0.0140428158315262,43.378741325,5.28145307,7.038023675,-0.27487933,0.080514248725,1.2124007025,0.033942734075,0.8318291735,0.4338108315,0.46676661,47.80347535,6.03145145,10.153948375,0.2788682565,0.111567562,1.54483781,0.0654017158,0.99308355975,0.927666113,0.5227212805
47.195772963,5.6116594866,8.2672916791,-0.130100599813228,0.097816383247,1.3785323135,0.056668790032,0.92454100632,0.60630839996,0.49665812961,1.22170701647814,0.193144194201315,0.810567071109704,0.151165164440095,0.0080540283410421,0.0864713436334467,0.00978784247641944,0.0397329560279022,0.102889821519419,0.0143356138578445,44.650963525,5.2298757375,6.8190908625,-0.42622922075,0.081717360275,1.2205696175,0.039913234125,0.83795883,0.4254106175,0.46930954675,49.411574825,6.00311303,10.02081665,0.1597341945,0.1132031095,1.547684795,0.0781567461,0.98793577325,0.809574485,0.52504834025
44.831667822,5.5443448451,6.5775080672,-0.2729954520285,0.097285087953,1.23639535473,0.067866885756,0.93803126644,0.66580659906,0.51140388909,1.01612410148059,0.198707064526297,0.739139778084506,0.143325282106963,0.00910893290628996,0.0775307405873885,0.00812823756077922,0.0403823630337517,0.115973546498469,0.0141578037288409,42.716275875,5.1673240375,5.30411246,-0.576440136,0.0787352046,1.0946861775,0.05216883095,0.8410293625,0.460015185,0.483005876,46.8002659,5.94299405,8.1060837575,-0.014988712925,0.114903977,1.38933046,0.084690801025,0.99310789125,0.89799217475,0.54101893575
45.865352404,5.5616695892,6.7535389126,0.16926631504702,0.107319075444,1.431331703,0.044604946454,0.8913698513,0.68775823205,0.5027904557,0.991560210967633,0.202895439082246,0.736758059986096,0.161520996101186,0.0100103650214232,0.0870142881269549,0.0114341304962929,0.0780911461845301,0.123847393899326,0.0147896179554608,44.005603975,5.1992659325,5.4298063225,-0.14853752075,0.088930058375,1.271682165,0.0246530592,0.70565511925,0.476898988,0.47611894125,47.74511825,5.9810055675,8.3998700775,0.48963219525,0.12766103625,1.602236905,0.0711599159,0.994290555,0.94840764,0.53180660425
47.714689107,5.3856116319,6.7744310258,-0.0464162764096,0.099697429507,1.4583057643,0.05594151275,0.93021064286,0.421812726342,0.52459167911,0.964216802514836,0.202502296998101,0.724194778709216,0.146363160004213,0.00885079238281143,0.0948729874012016,0.00961000357207933,0.0444252564398833,0.109401462853842,0.0150808424620501,45.73634085,4.99620251,5.43489185,-0.345333241,0.08159749255,1.28108755,0.0390822171,0.8277795485,0.19830702775,0.4969634645,49.594303,5.7924089525,8.2959731275,0.23663964075,0.11645008,1.6591444125,0.07712111985,0.99414167075,0.639909928,0.55630521575
46.763221973,5.8464942914,6.4662844824,0.1885041262407,0.102814717946,1.3114472586,0.052937451041,0.92977999954,0.378844516791,0.51738316999,0.969215624835866,0.216753708842522,0.690771065748322,0.123122647333457,0.0083302970743894,0.0900135589315663,0.00973837997906945,0.0459873151338922,0.0974183111491424,0.0152512883337269,44.785376875,5.4452476525,5.2792713075,-0.058845906575,0.086542444275,1.150206885,0.0348035474,0.826995899,0.19264247525,0.48761589975,48.51402495,6.303537245,7.946538595,0.4153814945,0.118400317,1.50245812,0.0711223519,0.9954998665,0.56671198325,0.54824569
46.502830934,5.4669834832,6.8851384777,0.0791721750028706,0.108434622846,1.4378924128,0.06150532542,0.9489139131,0.44568670106,0.49751007145,0.89034663582519,0.201542520954007,0.743334507187467,0.135154131483386,0.00922729141825397,0.108203033880143,0.011964878979547,0.0418770895695368,0.107140663074359,0.0154333690912539,44.75638325,5.08071803,5.61175644,-0.188364561,0.0908854355,1.23060193,0.0358162191,0.8467778865,0.24949238275,0.46869160125,48.220655675,5.871675725,8.58305347,0.348882433,0.12749466275,1.6634218325,0.083195650375,0.998621755,0.67403030625,0.529494973
47.457426951,5.6660276175,7.2048605946,0.06820325118247,0.116244530103,1.23669952322,0.046003316453,0.92137533005,0.63375642938,0.52694175486,1.03840919669053,0.217473915376945,0.791833821878078,0.15159671673711,0.00889709041894613,0.0903857762087483,0.0104332341468285,0.0589247414205005,0.127669094877049,0.0164799307721625,45.459693025,5.269117975,5.8278573025,-0.213679966,0.099975688925,1.07523442,0.026943536175,0.78208779975,0.3963427125,0.49427331825,49.492089025,6.112927865,8.8125698175,0.370094049,0.134319928,1.4183074325,0.0680292038,0.99606309075,0.89595945325,0.5580379045
44.39141726,5.8971857416,6.8515827433,-0.030896538825527,0.102621517577,1.4039119377,0.048554628241,0.91751524559,0.49543546745,0.51467231291,0.972613785778759,0.215363904520013,0.728902772573483,0.140476617726992,0.00968464643200001,0.0837870770643771,0.00926420166066562,0.0731987999574455,0.123611494639419,0.0163820972244151,42.476259775,5.4782299775,5.582408795,-0.3210936245,0.083800597725,1.247329945,0.030783457,0.7281068575,0.25912930725,0.48552514625,46.27034325,6.320017955,8.44567856,0.2336312885,0.1212461475,1.58531027,0.067937565225,0.99819420625,0.75802166775,0.54844791725
46.669720581,5.7319155373,5.374538241,0.12649685530593,0.110213703152,1.4237677546,0.060786335094,0.93902489385,0.53410898727,0.50893199285,0.839665239888464,0.196280851820769,0.606191250770927,0.135819949289329,0.00911799415847876,0.0871089411950091,0.0092133366742242,0.0406572051792822,0.106923061904146,0.013968550485957,45.04998435,5.356941515,4.23444478,-0.14138629175,0.092891737275,1.256752675,0.0429443216,0.8476796365,0.337441688,0.482673186,48.238089225,6.1290593025,6.59871136,0.39659041125,0.127721397,1.610289005,0.080046851625,0.99481358225,0.757473199,0.536125437
45.672137428,5.7322840034,7.2631360125,-0.05977558303761,0.099742454552,1.2873900023,0.046429424886,0.90950346352,0.52424459906,0.48929733298,1.0974757399793,0.211927213574529,0.766270921554009,0.132580757485934,0.00861546823494805,0.0786587467737512,0.00977353359882905,0.064743043089309,0.109490486985275,0.0142331232890572,43.4592081,5.3230846175,5.911107235,-0.32559662425,0.083037020675,1.1493829625,0.0297765124,0.762082127,0.32178174275,0.46336104325,47.708170175,6.1485867375,8.92011969,0.19656070225,0.1163808555,1.45216936,0.07047813855,0.9968549305,0.764509624,0.51802003825
45.736480425,5.4997263681,6.3868183648,-0.07435250317294,0.099321484155,1.55512439,0.060419733393,0.9182765827,0.49428277924,0.49552978839,0.850537468880872,0.215615773437153,0.691725314896055,0.145442794648959,0.00913591519539715,0.0958934006042773,0.0114244338758559,0.0485829939906342,0.122164381651854,0.0140124429650418,44.11058355,5.079418345,5.1975477525,-0.36079104325,0.0834754519,1.3774491425,0.03890114925,0.80185345425,0.2382518,0.47022585925,47.345854575,5.9329062325,7.8661315625,0.20787453875,0.1171261655,1.751435235,0.082581367775,0.98974868425,0.737677057,0.52461194375
46.638321111,5.7960267727,7.8822951914,-0.05214614392946,0.096561041896,1.30102482654,0.056701351404,0.82783414924,0.468860269417,0.50988485532,1.17746531520561,0.205464864174882,0.860353999659352,0.135512359874658,0.00914106374878542,0.0875102369091215,0.0104433775436227,0.0720622147290684,0.121801212902666,0.014324433312995,44.31336685,5.4002377025,6.500438005,-0.345588974,0.078733341725,1.1374374275,0.036512980575,0.67708546025,0.23017784275,0.483705432,48.8753958,6.19514679,9.88563979,0.19789515075,0.114463962,1.4819657,0.077582935225,0.9478428975,0.70514574325,0.54097039875
48.151118088,5.6618074229,6.8395164144,0.03439525057326,0.086036498306,1.3464107168,0.043947998344,0.89754831516,0.69190305504,0.50219156393,1.00387971576401,0.21830516468554,0.711893447683403,0.150719958849303,0.00918889031015101,0.093279768228707,0.00994589266610677,0.0602124818544081,0.113421535838649,0.0161644345327874,46.03428105,5.240684705,5.5780473675,-0.257348225,0.067614446525,1.18034259,0.025489504625,0.75957649475,0.483198613,0.472310431,50.023067525,6.1101813775,8.372590465,0.3403320405,0.1033800135,1.5540774475,0.06508357705,0.990644671,0.929618299,0.535510756
47.495706205,5.8851084753,8.1513736298,-0.03528737042304,0.09752555707,1.17188612408,0.041629970622,0.8978987162,0.56031513132,0.50122834255,1.14590556610412,0.203708417756606,0.883362936397926,0.141785968470369,0.00777550828296293,0.07289305255508,0.00802472723752959,0.0612645614606507,0.103105819143961,0.0143089246818036,45.341427875,5.500115745,6.5335767375,-0.31599243875,0.081148567,1.03348957,0.0280661901,0.76940691925,0.37047160125,0.47418242425,49.931657925,6.308649895,10.0812447,0.236471808,0.11222519975,1.3100992025,0.059943180425,0.9936670555,0.780018266,0.53004685925
45.370059972,6.0340768306,7.0824511687,0.2490502856985,0.12286299322,1.330105838,0.068851174978,0.95446216306,0.318799982207,0.50905672803,1.02894943511648,0.217826813215703,0.782262845784138,0.117315201310962,0.00798900300298007,0.0833743189912882,0.00891643586349335,0.0367973003535041,0.116551947749856,0.014446523571092,43.398534025,5.6079990125,5.7108996275,0.022855969475,0.107105777,1.164899495,0.05185097545,0.85870891175,0.083756237575,0.48355355425,47.543692475,6.4639400075,8.7981133775,0.47906787125,0.138558893,1.486239355,0.08629360345,0.998408065,0.54656056,0.5382565225
44.610243713,5.3609749622,6.9621984058,0.18376253507463,0.111193778343,1.2696471828,0.055254924366,0.92560220894,0.52567106384,0.47175591143,1.0553062671006,0.193726882810885,0.771580073203881,0.134949536320402,0.00902167282958048,0.0793398509029221,0.00943105107425501,0.0517018791162708,0.111896548852236,0.0149227539922677,42.5782536,5.000671205,5.7230481375,-0.0678696784,0.093864354625,1.1221262075,0.037975490675,0.80317676175,0.33355391225,0.442995024,46.74212525,5.7492109975,8.7721390175,0.45889126825,0.12816683325,1.4242424475,0.074515360875,0.99679992925,0.76748118175,0.50339830675
46.269590484,5.8788041042,8.0317656413,-0.0877088025148,0.080941387882,1.3865772823,0.05299789064,0.9712403237,0.4133951496163,0.48288978332,1.19665063485526,0.232581500021149,0.819185550806126,0.134965468967867,0.00805121753197875,0.086229469282625,0.00717267575189804,0.0238603858885849,0.132061653618224,0.0152265711879477,43.976305525,5.4482881525,6.6582140975,-0.3432249595,0.065059836525,1.2280204625,0.039661475425,0.908687,0.0733960066,0.45454324,48.707881125,6.3532616675,9.8104110475,0.16832168525,0.096007659725,1.57109041,0.067339676775,0.99905691225,0.6525077195,0.514771303
46.078038674,5.9516145049,6.3430501556,0.13543530474354,0.118163688959,1.21337934681,0.051712830884,0.92158622821,0.48702381214,0.49746867219,0.960881358369342,0.211424196228077,0.72964350046903,0.126486500727113,0.00851832586722341,0.0843029691152246,0.00947620787994454,0.0584022479879859,0.109150200016857,0.0149041819497576,44.22893335,5.5465835625,5.115132895,-0.1113725385,0.10158359525,1.061590625,0.03451531175,0.7760263025,0.28259318025,0.46953599475,47.9567017,6.39156207,8.0297220975,0.3782064755,0.13418901625,1.391338525,0.069935222725,0.9971210675,0.72748113675,0.52746909475
45.590634345,5.7419219501,7.2554978319,0.01091418126079,0.102465483217,1.4122563557,0.051215598215,0.93362930617,0.5240111319,0.48852714604,1.02402903815789,0.204992715726172,0.774646251512513,0.123194032549602,0.00801741318088284,0.0835390055064044,0.00793393660624356,0.0482284743853256,0.110396611986158,0.0139322867152103,43.501185375,5.3853994725,5.9788660225,-0.22451876375,0.08713226095,1.254194235,0.03687262025,0.81869168825,0.318200839,0.46082969325,47.595790675,6.1668624475,8.9717750075,0.256371161,0.1185938885,1.585377,0.068827901825,0.995331697,0.74388815975,0.51585645425
45.243667214,5.7185619484,7.9519641978,-0.04793779419615,0.097205712037,1.3957305931,0.049515998971,0.95018661292,0.56542695711,0.49442032421,1.1923763648583,0.210506012414413,0.802190896197466,0.132434822520652,0.00795289892263782,0.0864693877853803,0.00743747040690738,0.0443785085781683,0.103396203467535,0.0134373459883524,42.8894664,5.3181922575,6.580077425,-0.30235094075,0.080779363775,1.24609398,0.035389825325,0.834675008,0.385345211,0.46918864975,47.48618805,6.139940355,9.7188611075,0.1884375735,0.11231872275,1.58932596,0.065449062025,0.99860331125,0.79588136825,0.51998737875
46.624561747,5.6509285902,6.6121994435,-0.00182798849135,0.096272212194,1.2928266279,0.045245502433,0.84406230007,0.42359201418,0.49503611813,0.986905948612775,0.205223883799473,0.71912778224643,0.135555177361779,0.00831191003689692,0.0801367249769651,0.0113422222133182,0.0795685107232524,0.105960276415758,0.0146934919886717,44.6740008,5.274113485,5.3741594325,-0.2596510155,0.08059540355,1.1541060675,0.023980978975,0.6669851985,0.21817712125,0.46779874825,48.6946233,6.080024375,8.11492808,0.2517331425,0.11314258875,1.45385996,0.066281799975,0.970185652,0.63009480475,0.525791758
47.282828599,5.5668695662,6.1345999368,-0.1536726270089,0.096341297319,1.3825029352,0.054925989261,0.89919120716,0.57023224958,0.483733563,0.894325854573419,0.21453965991031,0.664072568544736,0.147959545945295,0.00943136820455779,0.092038968619132,0.0115005767891259,0.0543452990525076,0.100914540688879,0.0140420328620926,45.602013475,5.137925315,4.9095783775,-0.4426006445,0.07835067925,1.21044725,0.033787788425,0.7740373545,0.3860832155,0.4561244775,48.982723475,5.997676225,7.6017633325,0.12396983275,0.114346843,1.5579353975,0.078744672925,0.9825503625,0.7820034485,0.511051856
45.734346566,5.5594612569,7.3475639785,0.13055556766555,0.113295081284,1.3046612609,0.048750076404,0.95384302159,0.380993424009,0.51019621595,1.12453188499673,0.206172458695804,0.777367983059061,0.13228833966675,0.00853423876431907,0.0903689905582037,0.00829243286343397,0.039013143055211,0.118763080985382,0.0162207523179029,43.60483175,5.18576856,5.997056895,-0.136914701,0.097053576875,1.141182795,0.0325984932,0.85011356,0.152547294,0.47903923975,47.937861875,6.001688205,9.020885725,0.3879951875,0.129509174,1.49175375,0.065120775675,0.998508855,0.59169127325,0.54211952325
46.440032984,5.3943322315,7.3806726993,-0.04284822667485,0.093642744542,1.3780994552,0.066127922238,0.88351764076,0.49344926289,0.48778721276,1.0137706996326,0.187121300993012,0.794760934154237,0.150320145101876,0.00909540047979768,0.089500246403054,0.0119206878994665,0.0482788958595451,0.103919491808733,0.0147243105839577,44.454093125,5.0358907875,6.0045128225,-0.34706629325,0.075988372625,1.2191308525,0.044451176975,0.77155261075,0.31164458525,0.460825605,48.4284052,5.749011475,9.10143836,0.281121316,0.111051884,1.571980305,0.092061412725,0.95880275225,0.713971083,0.517478965
44.556175656,5.9115513024,6.8915115285,0.12278593015126,0.109452045336,1.3491688781,0.058428783656,0.92178248232,0.67972163645,0.53075857212,1.0025537716785,0.202819008274767,0.693936994389655,0.136962415597469,0.00929139427865456,0.080367491909764,0.00891369143292446,0.0563912312183332,0.128209748023941,0.0158692959982776,42.542493925,5.5328299325,5.73016276,-0.1470243995,0.091523896225,1.2070844525,0.041554293025,0.7862346915,0.459656327,0.500251975,46.525565775,6.31991928,8.322678795,0.3843834965,0.1273621015,1.515756415,0.07607864055,0.99680756575,0.97231452475,0.56104149075
46.54620001,5.3227905681,6.4297075569,-0.079671927613709,0.095222511975,1.4301875899,0.062240069453,0.87402038603,0.49287589284,0.49159224522,0.949824679004926,0.189016960136198,0.685088165823289,0.133737459470476,0.00891871412342126,0.0874479742390657,0.0106088375626952,0.0519860709795223,0.110300496391336,0.0154253316586789,44.8128156,4.9612886075,5.2254432,-0.35086435275,0.077845234025,1.2681201825,0.039222518125,0.75792422,0.2856500325,0.46220740575,48.331780525,5.718330275,7.80256983,0.2080865825,0.11258479825,1.6119328525,0.082328485425,0.95958055825,0.71037792525,0.52061223525
44.330131228,5.5601486103,6.2363168529,-0.112040336107362,0.098660414851,1.3979999403,0.063355677528,0.85220843985,0.69498307519,0.49129416382,0.939919348175654,0.216504265329623,0.745560166354656,0.155459567905295,0.0105372644165255,0.093034800241797,0.0116272897002809,0.0742657093700716,0.127271172217432,0.0151646916186001,42.4323529,5.1668125725,4.973862755,-0.4199014255,0.07881331215,1.2254814375,0.04104043845,0.69490511325,0.47365814775,0.46307303725,46.17623585,6.0064126925,7.942053805,0.190376321,0.119673804,1.5827449775,0.086147535375,0.98058167025,0.95973865775,0.5217246505
46.445447477,5.7619706654,5.3222951212,-0.079781842748361,0.094274218624,1.24262270955,0.043754338715,0.79138281167,0.456552739182,0.50026934576,0.759164299943969,0.217867336563014,0.641089497211115,0.144067318258186,0.0101970459182582,0.090348611721569,0.0123221711009913,0.103983576843414,0.117143124991561,0.0148544437589208,45.046827975,5.34225319,4.2711293525,-0.3608939935,0.074891530725,1.07786748,0.02179205325,0.56533785275,0.216756462,0.471742263,47.98541435,6.2178547975,6.7892347975,0.2026282565,0.114205843,1.4257309375,0.06913497395,0.9543329795,0.673063416,0.53199732925
47.126165626,5.9160889251,7.4068088579,-0.078202037468766,0.101130155732,1.4224718243,0.054360981047,0.90384985461,0.347627183479,0.50010750345,1.0193724913813,0.209514610182992,0.79856080549529,0.129570333772197,0.00856075799807153,0.0939799591902231,0.00978535618991689,0.055339509201929,0.140772939897639,0.015394602824238,45.207066375,5.52546601,6.105519805,-0.33549505975,0.084344360225,1.25096467,0.0364596621,0.7763971125,0.0648301845,0.47101240625,49.25597595,6.31963672,9.1366709225,0.1516424675,0.11824386225,1.62755103,0.0737861313,0.98895812975,0.62488348275,0.53238354575
43.641878352,5.6879757265,6.9242128217,-0.12183042167603,0.09472839985,1.4657172063,0.043617764689,0.8654625803,0.432825875347,0.49270787161,0.939672189815871,0.18720651071039,0.725038820703384,0.127210305879917,0.00885063470556638,0.0802493769694563,0.00868745919702075,0.0988989748822362,0.131098694556414,0.0137285895079387,41.7285894,5.340974075,5.6861827925,-0.37515227275,0.077287722375,1.3248108225,0.027060124925,0.63036414325,0.18506638825,0.4659946305,45.4778244,6.060742305,8.4637396,0.11387612375,0.11116675375,1.6360008275,0.061310654425,0.98904754925,0.6929751635,0.5208804
46.958181679,5.6723637776,5.5437253336,-0.0401032266664651,0.094517775225,1.3976560425,0.061067453153,0.84651697988,0.43853323097,0.47672392508,0.857075688529258,0.206367014282593,0.642554501293424,0.134055254492129,0.00900923570042668,0.0916303569710239,0.0102581704147495,0.0681627111038147,0.0944814915796982,0.0129181795013783,45.33055835,5.26683805,4.3788998275,-0.296096511,0.078692960175,1.23170143,0.0412170178,0.6948722645,0.258934102,0.4517081195,48.603849375,6.1121883,6.905674075,0.2348929725,0.1136530985,1.59271919,0.081000052775,0.962781696,0.64319002475,0.502004536
47.03741674,5.8609977128,5.6913027291,0.04185645815929,0.116252417527,1.2473091568,0.051124619899,0.92805007089,0.52640174836,0.48357793706,0.859046344488334,0.216191995485898,0.681978783652141,0.136574274144529,0.00822243828333994,0.0843107271348446,0.00821759706544345,0.048624175616259,0.0998899798727596,0.0135787744854479,45.315604425,5.434473055,4.5824311925,-0.21922294325,0.100370269,1.0931793525,0.0349627904,0.81740924825,0.34504143025,0.45712961825,48.65430125,6.2755189775,7.1100883525,0.29284499475,0.13259969975,1.42067897,0.068284673575,0.995216714,0.73738341225,0.51073864875
46.56783571,5.5614763939,6.9601084664,-0.05616311197294,0.101807399607,1.24549682826,0.04707670674,0.88437750043,0.31946915349587,0.51668574353,0.970509721345956,0.21423387858015,0.779140868941688,0.123711771976443,0.00824617952913187,0.0862427778582471,0.011192895041631,0.0632316909010114,0.116531280042411,0.0149328570294232,44.6165117,5.14595817,5.6117629975,-0.290050409,0.0853791308,1.0864875475,0.0285194022,0.74227256925,0.04912020895,0.48796592,48.4804636,5.984307295,8.62537484,0.18684183425,0.11846855425,1.42926927,0.073844439725,0.98553820325,0.53527112875,0.54482439725
43.474613163,5.6501568004,7.8054184587,0.11245830781152,0.098611895621,1.34506713,0.05606652653,0.80383241829,0.507091913907,0.49843895436,1.08796271479514,0.200902865376106,0.832762474535363,0.132321523064845,0.0100597323297922,0.0835992658901622,0.00968007683346946,0.0907348669398283,0.146852169593238,0.0155324782194966,41.41752095,5.2773857325,6.36059142,-0.163949034,0.079337937325,1.18542488,0.038966662,0.602414436,0.21169836125,0.469103939,45.681620525,6.0719262175,9.724153465,0.35743490775,0.118637755,1.5014974275,0.077841809225,0.95079156325,0.784225411,0.53163693775
47.520804524,5.7033191338,8.0048575059,0.2525228273195,0.124930809687,1.21810606157,0.042184736144,0.96078747019,0.50849691794,0.50199471343,1.13173249137244,0.209096698646507,0.837383878383743,0.131279520343823,0.00790648461325376,0.0811749563365962,0.00821140746973275,0.0389029448586269,0.114150829397364,0.0135481074480446,45.361153325,5.322195645,6.47921733,-0.00861724774,0.107817433,1.064244825,0.027951193325,0.85307878275,0.29311395775,0.476087676,49.717108925,6.13703571,9.717872605,0.4893100165,0.13903013175,1.384560355,0.060786595475,0.99941669225,0.7447296785,0.53047911925
47.185436608,5.3872216995,6.6355767427,0.20199163203406,0.118586841294,1.3224757566,0.057536327828,0.92735827909,0.50189565178,0.50818106127,1.01702064955343,0.198678929441756,0.69663477827896,0.136712132596889,0.00871920378750373,0.0913829891297475,0.00947939256905197,0.0449248140088695,0.109550670411097,0.015426490268828,45.082216675,5.02871291,5.383679465,-0.07913298135,0.10172629675,1.14528013,0.038647275775,0.83183938425,0.30760586275,0.47829556,49.1612006,5.801603135,8.1256356425,0.46620347675,0.13611759725,1.50223535,0.075212802625,0.9961855215,0.73967876125,0.538863294
46.61086572,5.6488499637,5.5785239688,0.3261246583922,0.117926546917,1.3635303348,0.061979092456,0.92505932581,0.412193204331,0.50935989944,0.872081905074052,0.219144297601181,0.646022726734916,0.128747316155864,0.00875136788174237,0.0918086862111019,0.00907467494001321,0.0561535601814205,0.132241663268365,0.0160566124067717,44.882868875,5.2433882975,4.4061712175,0.063378733325,0.1004264495,1.2076578575,0.045455732275,0.78122896625,0.1194780775,0.47823660525,48.206852975,6.1213266275,6.910944105,0.550754489,0.13465551125,1.5539720275,0.0803065219,0.99690494075,0.66618418725,0.53959473375
46.492970237,5.8688065941,7.2041507727,-0.00984988101499,0.109292297407,1.3057645275,0.047575333869,0.91022652738,0.60423088813,0.49879241245,1.09471590274301,0.197805320697258,0.711464787572279,0.136885130949212,0.00823409374233215,0.0854907217896585,0.00816110468495731,0.0584342165866611,0.118547662498802,0.0145444922230718,44.30968215,5.49310906,5.98180636,-0.2733237685,0.09302976575,1.1517991675,0.033034362125,0.77026926575,0.39571240725,0.47247882775,48.61492225,6.2813861175,8.8542523525,0.2520898085,0.1239013665,1.4703784075,0.064763802125,0.9931739985,0.853425335,0.52798931575
47.986515323,6.1419194292,7.5025364259,0.0810790583218,0.088786543164,1.4574059546,0.048284738508,0.9290000679,0.2917552387482,0.51552322839,1.12019311757258,0.234515435282013,0.831381586308928,0.128080932247828,0.00799680160132912,0.0938014643526008,0.00923483996945419,0.0439749084483533,0.125967613575437,0.0157165305834139,45.806900325,5.6881369875,6.0756983975,-0.16444715275,0.073411800725,1.28001376,0.033166214975,0.8228294065,0.055119395925,0.4862914885,50.100963425,6.5889363975,9.2310528025,0.32629058675,0.10432237575,1.653216675,0.06932563985,0.992716366,0.531127426,0.54831995075
42.869153304,5.6947670134,5.7614909679,-0.273850515945,0.099479661929,1.3613137378,0.072780275856,0.8320719096,0.3666746686887,0.49875293677,0.781561696210853,0.198529496220724,0.655236253899273,0.110149567637635,0.00981178921214471,0.0802544836753521,0.0156937635178008,0.0785207001858374,0.126866143327669,0.0148260834065354,41.33829695,5.3332996075,4.664811795,-0.4780800835,0.080498717575,1.2183022825,0.04263991295,0.66999251525,0.10174964825,0.4704862155,44.343972575,6.1278283575,7.2064597875,-0.052865322675,0.1192508085,1.538512375,0.1042636815,0.97245179225,0.605722908,0.52838344875
48.615448397,5.5709581476,7.1213288463,-0.1831630311381,0.094224331771,1.3645317911,0.053411834879,0.92538166436,0.52703920002,0.49837721746,1.04674331062625,0.210119548498348,0.792827282261934,0.147042377226672,0.00860830220169245,0.0990133179791979,0.0100436984029627,0.0449049495771498,0.104273865336896,0.0152054546539965,46.550889725,5.1674937125,5.7146791375,-0.47286822625,0.076403022325,1.19577891,0.03433072485,0.82246366825,0.34911174375,0.46794166225,50.71410155,5.97565574,8.852456115,0.117681251,0.1106857985,1.5764475925,0.0726639693,0.99496381075,0.74785147025,0.52805946125
45.887380322,5.5200751098,6.5470944672,0.14160407336504,0.101431843088,1.2795714013,0.045951405836,0.89584154796,0.47239791768,0.50879543653,0.943824605679414,0.202314397413725,0.697226127296331,0.12975859542129,0.00905991168895409,0.080289329571029,0.00854447434916859,0.0709967393326224,0.124339622974238,0.013884627677903,44.18877035,5.132881425,5.248084785,-0.087241248525,0.084169002025,1.13786583,0.0303753354,0.7417014775,0.23704000875,0.48255994125,47.730439775,5.94392959,8.06640473,0.42483167725,0.11976681675,1.4377584325,0.0630975168,0.99401125325,0.72447872325,0.53700396425
46.577142488,5.7023038884,7.3444839205,-0.0608807116737,0.088748729041,1.3005531809,0.042699977102,0.9461177472,0.56718813438,0.50087240432,1.036029698419,0.199296689877583,0.760501633178827,0.142462803527642,0.0086679942710669,0.0807347332818274,0.0072939961313509,0.0531602648249015,0.0906495548161342,0.0143012089783066,44.551965875,5.31575402,6.03967813,-0.33043103625,0.072474047075,1.1535156775,0.029647662375,0.797888876,0.389313245,0.4748197425,48.631011125,6.131627815,9.161966775,0.2367690575,0.10621597975,1.45985927,0.057562672075,0.9983315725,0.748310504,0.5300091455
46.226869431,5.791530845,6.3192497107,0.054378740905901,0.113449703729,1.3711869808,0.058673655631,0.93785832841,0.3752882205821,0.50429201509,1.00198970425574,0.201248084120928,0.691154522401729,0.13385586320415,0.00961376032599273,0.0891771512470156,0.00878135104371198,0.0413406649120929,0.127846117595766,0.0158005011280454,44.453120025,5.39191937,5.1104864875,-0.19505809875,0.09481944575,1.20950353,0.04229160305,0.8394217395,0.07668882355,0.4755893925,48.2667494,6.1870956525,7.7861569575,0.3330371605,0.1318452355,1.556260675,0.076745751525,0.99448965825,0.6118174325,0.53628140875
44.847367436,5.9738296193,6.9231905511,0.08642915618593,0.103129549832,1.3562267688,0.053755173396,0.76393447884,0.2551096030273,0.54583910545,1.0585105555144,0.215434041567936,0.776242121505539,0.115253499441494,0.0091319679575234,0.0875580494248164,0.0143177358691483,0.0938035235919555,0.155338190104137,0.0178392565862061,42.63861425,5.547543655,5.4882689,-0.130959062,0.08542597225,1.1902576575,0.026465537,0.5763578805,0.02218492165,0.50991975275,46.8311983,6.4056131275,8.482107815,0.324312058,0.12120186325,1.5325776925,0.08333303945,0.9436290325,0.5886162685,0.583177941
47.185313071,5.6234417561,7.656497301,-0.2072044739273,0.07917572679,1.24582695426,0.0359283247465,0.71429486879,0.3478365110172,0.51135265653,1.1293597441729,0.19804534177718,0.754217776189629,0.11980005801715,0.00839862038914964,0.0750941528046577,0.0106581528601612,0.131905823963897,0.111948211985654,0.0149994187228527,44.9897793,5.25798546,6.32343651,-0.43897198425,0.062316128125,1.1047611575,0.016869253525,0.441585916,0.14828056525,0.483121497,49.46333705,6.042315155,9.3141030675,0.0384010673,0.09591777625,1.4018312,0.057364206275,0.955231751,0.5866457465,0.5435505365
46.023086764,5.8750136525,6.1504017822,0.0171278025759393,0.097587323168,1.3230922526,0.049445167337,0.90667484992,0.2967566291066,0.49696504559,0.86813326288502,0.202779428696554,0.68601008706446,0.127071978225252,0.00857601637729176,0.088145672061958,0.00945723982666785,0.0577589879483165,0.139726469296287,0.0143694769498691,44.367313875,5.5079042025,4.8651020025,-0.205552496,0.08152552595,1.1544450475,0.03195481925,0.7620059165,0.01234173495,0.46957959275,47.7055515,6.2747278525,7.567398335,0.27834588125,0.11542350575,1.5111761825,0.068616271875,0.98991147075,0.578127201,0.52839201275
46.900174256,5.2027715734,7.4299301795,-0.01851603035742,0.10833277309,1.4552393338,0.053351829754,0.92996020777,0.65673096847,0.51608183282,1.04872182093268,0.195223921725943,0.787089029495929,0.156105345053117,0.00874740492191273,0.10023986918998,0.0100911164019918,0.04695888579684,0.11865819044836,0.015212613790211,44.73645145,4.8511642475,6.1017272925,-0.33813618825,0.09202394665,1.27287,0.035277126825,0.8202910395,0.4551652525,0.4873892525,48.869735725,5.6031483175,9.07005721,0.27851668375,0.12580846225,1.6602427875,0.0732331567,0.99486353325,0.909215072,0.5472011765
44.643162548,5.2818759375,6.1921485298,-0.12657254391022,0.097874939802,1.3439973754,0.049711360535,0.91251365454,0.377924326242,0.48343354597,0.907644590339112,0.18339060948382,0.677343617436963,0.113382704192753,0.00772237714293769,0.0742280900228501,0.00941788501838499,0.0553920658323398,0.11577942429191,0.0130446052941958,42.89969755,4.93167898,4.9978602125,-0.33677449725,0.0834659073,1.2064904925,0.032472292025,0.78711634525,0.16279940425,0.45804046025,46.396680725,5.63611193,7.70915423,0.0955705504249999,0.1136088685,1.4993624875,0.06973342125,0.99593073775,0.61342885225,0.5089620885
44.199747773,5.5927645482,6.9893511922,0.05864066651,0.106791541746,1.327172061,0.057554864382,0.92171501931,0.2802021137964,0.53103854996,1.03811050751037,0.202435125548803,0.803106399101111,0.118029749940597,0.00888194357803891,0.0826451174598348,0.0095245622320183,0.0539965071277631,0.114563409762519,0.0146216403706878,42.015684,5.217314665,5.734812635,-0.173996082,0.090559075025,1.1724899975,0.0406410819,0.77900946725,0.04766471285,0.5034163235,46.05365585,6.0228864975,8.8288178525,0.29474306625,0.12397959275,1.49798217,0.077998723325,0.992616218,0.501198905,0.5597042375
44.963336129,5.4246958945,8.601048174,0.0955358151616,0.09976733694,1.4334440794,0.050976664339,0.95780884525,0.49522867204,0.48298402825,1.26451899650119,0.197635017931859,0.914422777893739,0.133648673283948,0.00778171267943664,0.0814045345866925,0.00780913163220513,0.0327190258237905,0.109499157683664,0.0138610782868324,42.52193945,5.050928345,7.140163525,-0.15656484975,0.0842666659,1.28295169,0.035904253775,0.87342545175,0.282719196,0.45556953825,47.2401069,5.8401550575,10.451279625,0.34891788875,0.11576163725,1.601022325,0.066210460275,0.997936984,0.717958579,0.5105938525
46.833174383,5.7406493282,7.8247680272,0.01803948963196,0.104264919665,1.4238963471,0.064912943037,0.90379574208,0.3904848028,0.52370524759,1.06013341264709,0.202766436320905,0.811614426259074,0.147217071880357,0.0100941928598305,0.0993400424958528,0.0126829885618767,0.0481839447370088,0.110353710955896,0.015320042194451,44.88560985,5.36739702,6.475323615,-0.25735580525,0.085290735175,1.24650932,0.04299343745,0.7864172095,0.17241345275,0.49494804625,48.8519835,6.137791195,9.5737481875,0.3066736905,0.12472245075,1.61636833,0.08940253885,0.98782251675,0.616935644,0.55356801925
47.677941541,5.8158588804,6.316208008,0.04547366725778,0.09962641473,1.4104727852,0.044504659238,0.86904440016,0.42942511934,0.50289740148,0.99397219355946,0.219343449689176,0.688611218281615,0.137650260865291,0.00896803643677662,0.0944936298934386,0.0102650649629453,0.0747862490401092,0.113707927105736,0.0144364507163826,45.83969495,5.4061942075,5.0606970275,-0.222018519,0.08251859575,1.2254154925,0.026179000125,0.6996872985,0.21725402025,0.47430307125,49.5944029,6.249144355,7.8712524775,0.3139525535,0.11833184325,1.5937889025,0.0646623969,0.99221309625,0.666609798,0.533359148
45.996670509,5.6613379709,8.4574944511,0.074246319751006,0.103874238734,1.2709960377,0.039291718909,0.88160220924,0.175812752803241,0.51924648221,1.28103857478048,0.20762630249285,0.863830233339315,0.100511475273161,0.00695806780062189,0.0797248263264784,0.0100076006477638,0.0760910458595998,0.0993918860173361,0.0140593221213168,43.31771525,5.26577185,6.9664440375,-0.134212968,0.0898405564,1.122112715,0.0224481184,0.726739205,0.0077210836425,0.49379592325,48.717849225,6.10045096,10.309064825,0.27510951075,0.1170060825,1.4379668725,0.0607466332,0.993206321,0.3772830975,0.5488790265
45.314614992,5.7948380355,6.5179673302,0.01804527258435,0.103800342229,1.3867976026,0.047142015104,0.91035655918,0.52185933501,0.50801071819,0.890698140758645,0.233776941222524,0.68453901177315,0.148083463637113,0.0101148525627935,0.0978116034423988,0.0107603074198906,0.0628463127420283,0.10179068180649,0.015797980669039,43.53039035,5.3544373075,5.3631468525,-0.2529174315,0.0835599495,1.206071185,0.027528591725,0.758390859,0.333971756,0.48038308075,46.986154475,6.28138771,8.0671585225,0.32398223825,0.123471263,1.58755303,0.070119000575,0.9931571745,0.72714352375,0.54014336475
46.121800603,5.7209801606,6.6464885659,-0.1408850634463,0.097777865128,1.3518541577,0.046334308065,0.94820534831,0.60021146805,0.50582476599,0.979176697794181,0.199046791983073,0.714085731984296,0.135435181804761,0.00771853754565237,0.0710624047825493,0.00723196579209122,0.0419946823293677,0.106911540083602,0.0127500695306934,44.1075032,5.345980795,5.380078505,-0.41289818075,0.08255804425,1.22480535,0.0329718422,0.850625723,0.41148008775,0.48004773225,48.03885175,6.155723785,8.1275567325,0.12102612525,0.11244169125,1.4996078625,0.061302179825,0.99844557625,0.8384461055,0.5325959895
45.850575147,5.4964289155,6.9657469515,-0.11903387426835,0.094880709445,1.4552530856,0.05854846491,0.93102512592,0.287932866389,0.50548959749,0.968024225666459,0.220831512999491,0.735133228427211,0.124218142021694,0.00876658780985543,0.0918823349492215,0.00998159765115303,0.0462275430262195,0.132410305838381,0.0145775553875703,44.172489775,5.0832474675,5.6318814525,-0.35231954825,0.078824934475,1.28072586,0.039204483525,0.82371996075,0.03935123925,0.47709535275,47.8776145,5.9407599525,8.46425874,0.1429778485,0.11391882925,1.6463804575,0.080013585225,0.99517102075,0.540860256,0.53375618675
46.806306236,5.6320456846,6.6154561022,-0.04335762729731,0.09175431535,1.2300431249,0.055176475876,0.7807543103,0.52221132825,0.49701586277,0.954329271552303,0.20318726365903,0.7272222307716,0.134654981027768,0.00888155861346022,0.0898933004902596,0.0108612713302763,0.0852585129570712,0.125945387239347,0.0143484703451324,44.919691975,5.27235675,5.4014360025,-0.30478947125,0.074675917925,1.0681114775,0.034330565275,0.58772913625,0.29497733375,0.4706100805,48.53715075,6.03619789,8.27163896,0.2114279585,0.10915978225,1.41793385,0.077598067325,0.9241263035,0.78619506475,0.52736440625
45.291882365,5.5040707927,6.7596932581,0.14918121527682,0.107992278784,1.2238334413,0.039601406532,0.91666823126,0.71027452333,0.48810174367,1.01229557895415,0.20306362206521,0.691358568790696,0.14267728850694,0.00831369115973712,0.0759937269599795,0.00781466761804095,0.0672724191875672,0.11556837819871,0.0130668288103828,43.38118585,5.1248711025,5.5440122275,-0.1159674605,0.09235613495,1.0873247725,0.023414769,0.75458857225,0.4789809485,0.463041408,47.287269,5.908744285,8.2223974175,0.4267084565,0.12511369975,1.3821977,0.0548219488,0.99679421625,0.9260058615,0.51399627825
45.745541964,5.5914488618,7.6624698309,0.01441642924285,0.100600429248,1.3311775445,0.049800530844,0.91883430461,0.66611442401,0.48606145194,1.08125215459124,0.211850935850016,0.825979477738544,0.146674793726738,0.00882080782363473,0.089120869823928,0.0115983417639289,0.0587204834451377,0.12755030632746,0.0150892623328023,43.595138575,5.191560115,6.2619769575,-0.27591623475,0.083078030725,1.16394172,0.031760955825,0.78875689125,0.43512070125,0.45748692175,47.8469639,6.027241215,9.4428647475,0.2934848305,0.11774557875,1.51732921,0.078444837075,0.99662000275,0.934236894,0.51798937075
46.511291246,5.4696703201,6.5239447095,0.06371059684462,0.106182923059,1.5380907069,0.076688431152,0.91447156769,0.4965265225,0.50123562959,0.9931456579026,0.201013201270324,0.680934813084835,0.150716216132979,0.00963674660087134,0.102241168419373,0.0102706971110437,0.0396452175478341,0.101137007422729,0.015045425161241,44.5237268,5.0744798625,5.283179585,-0.243876753,0.0869100415,1.3619087575,0.058006059325,0.8256123585,0.3188097085,0.47405486575,48.4466877,5.8624607225,8.028407305,0.3409666065,0.12501715875,1.75769589,0.096658925,0.981959595,0.7063286695,0.5319937595
45.329685783,6.1552366994,5.4986462777,0.00464236658141,0.087994870528,1.3256727106,0.054464623259,0.86464548083,0.4550322281,0.50798898766,0.877269063762641,0.231611597698831,0.670681202397686,0.135289584354531,0.00950618721027443,0.0879510857590406,0.01092904500145,0.0671313478033858,0.121234657520395,0.0152277286592796,43.60180435,5.7057474475,4.294249615,-0.250665439,0.067794901925,1.168560345,0.033079148675,0.70734292425,0.232019087,0.48000059225,47.067837725,6.6295266425,6.9159795925,0.287594889,0.10578120725,1.512524995,0.0741583636,0.97303682175,0.70945805675,0.53872418775
46.755787477,5.7476636673,7.6102913535,-0.05058551231666,0.083804286671,1.3179666662,0.041469862822,0.89189915897,0.57705640666,0.51133947564,1.16060219562116,0.216752061711184,0.851269960988532,0.141765830355618,0.00841633959381468,0.0838447167779649,0.00924471200787386,0.0756777210550054,0.127753628410273,0.0152113206048327,44.517705275,5.3350411175,6.1417986375,-0.339369007,0.066529068275,1.1687130775,0.02563981415,0.71324231725,0.3455257805,0.48232153325,49.12223015,6.1898809825,9.37926146,0.23364477175,0.099769082525,1.4995591975,0.061689135775,0.99591763975,0.83997521025,0.54228946525
46.246686303,5.5980386671,6.71539501,0.10070039914215,0.106545450096,1.5959738676,0.061606074735,0.93969624331,0.62477243482,0.51093695098,0.912929180859817,0.206891553688924,0.738595681114984,0.150848532328017,0.00986250746129493,0.0973565934391908,0.0110479067629616,0.0501767248759829,0.117771876066547,0.01572696854216,44.39691425,5.224697755,5.4044399025,-0.18811026225,0.0881207715,1.42201056,0.039252642125,0.81110900025,0.398942979,0.48189405975,48.03595585,6.0352167525,8.25367732,0.3845286075,0.12568015425,1.78834972,0.08143879695,0.99842650775,0.86602472975,0.54321856825
46.204117179,5.9757307002,7.9886437313,0.20563842266,0.111473582188,1.31421676,0.04899580942,0.91235989057,0.2923024559309,0.50707550204,1.2138013296688,0.220808651181188,0.790534783169251,0.119045121720475,0.00798441117687977,0.0819735771943758,0.00898596972948657,0.0575354144964162,0.144629043197432,0.0163628957500795,43.996100425,5.537631945,6.58392811,-0.03990532305,0.095664811275,1.164436665,0.032066181225,0.781543024,0.024376482075,0.47677493,48.894805475,6.4352362825,9.6757229625,0.4316961095,0.127294539,1.4973179,0.069035318475,0.9912121755,0.60957921775,0.540224481
45.723047755,5.4611810849,6.8593628701,-0.101516588331198,0.09350452179,1.247056462,0.045135945835,0.85751438119,0.58707053501,0.49602280702,1.00771333395881,0.194362534740005,0.789842596142433,0.12924011077727,0.00873651401594567,0.0740420481773162,0.00978402887818777,0.0776311745991862,0.101481885161865,0.0145394833839113,43.798836025,5.1012021025,5.582875515,-0.3587279095,0.0758370902,1.1091391475,0.026124517175,0.6992973585,0.4012100365,0.4700810005,47.6982463,5.8625516925,8.5506178675,0.138146559,0.10907118175,1.39597401,0.063132368875,0.99194970575,0.79726514925,0.52577504425
47.659082949,5.500189596,6.0032789807,-0.12571254733321,0.09624879726,1.4293817263,0.05569311501,0.87711937116,0.366977881362,0.50325781965,0.976804773038328,0.20885925188686,0.676002755980316,0.146587637069482,0.00979948411184327,0.108349107431903,0.0112431105708404,0.0570724218981763,0.139866165201255,0.015149263712145,45.8470636,5.120695195,4.8486614375,-0.40329663025,0.076675579575,1.23044537,0.0350589664,0.7553558785,0.053055641825,0.473696285,49.5924755,5.906633305,7.49734955,0.15735611325,0.11547403475,1.6515356925,0.077514516775,0.96707952325,0.651127001,0.53404666125
47.456543557,5.601626182,7.3769119577,-0.15177627086613,0.088756299101,1.3024875746,0.056722780381,0.81687320075,0.393114772978,0.50203166091,1.08512124153995,0.19291813175777,0.765145644687561,0.126171808274511,0.00798136316677152,0.0814255198940666,0.0103963759436058,0.0673003571327439,0.140772258518459,0.0139981241462153,45.35310025,5.215276595,6.0102885675,-0.3955981145,0.072942716425,1.1584852625,0.03610424885,0.6722471095,0.035935797525,0.4769145025,49.439352425,5.979081935,8.9663911325,0.087358577525,0.10343097225,1.4689176575,0.07787395295,0.93034084,0.64614822275,0.52998143225
43.893353915,5.5737626908,6.679271501,0.021707955797067,0.103808982751,1.3003303866,0.047446738486,0.94177541928,0.407145727497,0.4955062548,0.949059508136263,0.190582595664056,0.727759142702905,0.10752909030251,0.00735654653233466,0.0685068022937363,0.00813276958481514,0.045561282280518,0.100889967703026,0.0127909801934126,42.054230425,5.2059585375,5.3516078675,-0.2020012475,0.08973700715,1.1690442125,0.033389616725,0.8264351755,0.1850712245,0.47059411375,45.734305175,5.9611928725,8.225667135,0.221756199,0.11791264125,1.443332025,0.0642589394,0.997325798,0.59153921775,0.520869727
46.131239934,5.6606607636,6.445862764,-0.1929418913964,0.09563610755,1.3607224295,0.054680055692,0.94627822315,0.65706862331,0.4913020351,0.918523530537083,0.214112962361731,0.684323249497928,0.158132652941251,0.0094866087393698,0.0925907729601392,0.0105868560426522,0.0426068359722301,0.11713083760341,0.0166314600280275,44.32957335,5.2724971825,5.334632355,-0.48123641025,0.07700876145,1.1962510175,0.036208953125,0.838957403,0.45429126225,0.45858080625,47.960412175,6.089944045,7.9371743925,0.108966523,0.1148035445,1.5596918675,0.0761895379,0.99708177225,0.916792552,0.52542292675
45.129477229,5.6679179663,7.9028893061,0.05139906210994,0.091254153942,1.2551090164,0.041932055343,0.93199026093,0.58420573406,0.51754442961,1.14701278897263,0.213302524530269,0.820130163800438,0.132303331538981,0.00835236943988469,0.0773697151509494,0.00748316869640523,0.0548459564266738,0.121508042394648,0.0165575667376074,42.9200551,5.27934411,6.502543065,-0.2108940155,0.0752458653,1.117049955,0.027336325375,0.79921064125,0.36905649625,0.485935659,47.31015805,6.1110786875,9.608338875,0.303984102,0.10689023475,1.41603787,0.0572910289,0.99709262075,0.837965506,0.5511843485
46.117291694,6.0528232517,7.2229602323,-0.0259718091145,0.085909478317,1.2648398846,0.067925441098,0.84731204463,0.439249729166,0.49573746162,1.12061464521427,0.224238053507018,0.801105952407675,0.12882333778807,0.0089048123619816,0.0833125810394695,0.0138777372860425,0.0663075330407515,0.134285727722978,0.0164792354902913,43.856883225,5.652237095,5.814030775,-0.2866161325,0.068051227375,1.119481915,0.040569268025,0.7102033955,0.16610702675,0.4659237355,48.188479375,6.5337445925,8.9421907075,0.21459060425,0.104295067,1.42759295,0.09363196665,0.96308663025,0.69523254575,0.5310936515
45.434161392,5.8866472924,6.4318529695,-0.13820783510352,0.098710037499,1.3325896315,0.050044801031,0.9455195467,0.44998842566,0.50533778447,0.973418863445728,0.210426990052583,0.681133125880646,0.12305743552282,0.00817271779081724,0.0660410873168553,0.00837495081019732,0.0433938899280601,0.0989574835059846,0.0131801601904001,43.534624425,5.496170955,5.22474445,-0.393623552,0.08373583615,1.208572085,0.03461169665,0.834128954,0.262622098,0.481174421,47.386394875,6.295782075,7.8465761325,0.10142831275,0.1142979775,1.4696750025,0.067426452875,0.99780371,0.64755998225,0.53118321275
48.270607934,6.1145287087,7.8652997421,0.24065175252271,0.103870644545,1.3065525798,0.054197979905,0.89988961272,0.44538772361,0.51167160549,1.07614709105928,0.236618868820741,0.804372817553228,0.135677518426907,0.00819271684949451,0.0964012209721976,0.00757240763783274,0.0521680008415935,0.111571205815629,0.0147836416404773,46.140540325,5.6820121875,6.4129185175,-0.0067507616675,0.087447209975,1.1327939425,0.03933552315,0.78295119125,0.250830584,0.48391656175,50.318982025,6.577633965,9.4904186525,0.51833298425,0.1202903755,1.50523006,0.068612837475,0.98588813875,0.68374281625,0.54227430125
43.750652941,5.2791304892,6.805796329,0.117314237388485,0.095257009044,1.3535992421,0.0435011092265,0.88163050296,0.56233092331,0.50467520658,1.01213793731181,0.211008958147011,0.757649244963371,0.141403105522918,0.00971458955796226,0.0884281555834588,0.0116416103253293,0.0912871809477973,0.117762301023142,0.0162025344122459,41.861864,4.8952624175,5.3860781475,-0.1570575765,0.077250676725,1.193678705,0.020952688,0.65218904475,0.35162569275,0.473095088,45.88322235,5.7185623475,8.3429529325,0.39121536575,0.11400496425,1.5446437575,0.067020616325,0.994371605,0.82429474125,0.53486127925
47.854857506,5.4932325141,7.6766673556,-0.17354428570432,0.098436806563,1.05725301897,0.028971197165,0.82592688746,0.67619211167,0.48914031366,1.09382206592705,0.202743230567063,0.804365398946588,0.144540458277437,0.00798744314626734,0.074894667424497,0.00848068303250582,0.121072866160017,0.11166167161627,0.0131642696183412,45.773143875,5.1028043575,6.153738835,-0.44090266325,0.0833838689,0.91751001975,0.014855627525,0.555283831,0.47538611375,0.46467092725,49.95721605,5.877080665,9.41880753,0.123441113,0.11386476475,1.2098328225,0.048065784875,0.99179052025,0.9173338825,0.514587918
46.288960402,5.210620735,8.0003511266,-0.1503658327777,0.09932212095,1.3434069684,0.050298175597,0.92844126199,0.53871776672,0.52721015232,1.22787530859347,0.185531464607122,0.789179970466116,0.139192497993592,0.00850685969673078,0.0920763545417751,0.0101426941619346,0.0499552690222909,0.118947379412449,0.0154913953339968,43.94476355,4.8425569325,6.63795917,-0.425069974,0.08122011395,1.1784034075,0.031134651,0.80928034275,0.303828058,0.49859981025,48.648178975,5.56454974,9.691983025,0.11125895175,0.11470073775,1.548881195,0.071153879725,0.99513946725,0.77983334825,0.55826063025
45.417883384,5.7675876967,5.9733318568,0.055717297867322,0.101869194817,1.1932703228,0.051850634443,0.76574809298,0.36654521244,0.50005637835,0.83861884301382,0.202371257292706,0.659495129546242,0.108066943738109,0.00832428432732682,0.0707186698682694,0.0112153996608878,0.085483421860515,0.0904588992945607,0.0156490964068581,43.670465525,5.38042913,4.8185327475,-0.13982282475,0.08611054885,1.0606801225,0.028890060925,0.58408076775,0.2083676,0.47060099925,47.02401185,6.1770098475,7.3080216675,0.27394108,0.118527753,1.34819353,0.074161895375,0.95096301775,0.562708446,0.5315420845
46.569048542,5.8977289825,6.2146734705,0.026392391758696,0.110311700768,1.3982199513,0.05531612591,0.91044315062,0.60061045798,0.49568705999,0.889388727572495,0.227868889990948,0.674756971141615,0.159410134393051,0.00986263425239096,0.0969475444496279,0.0116353435866627,0.0636600974354007,0.119264294482053,0.0150800629270786,44.933360575,5.4789945175,5.009444835,-0.26726932575,0.089775068975,1.20946595,0.033853635575,0.76858743025,0.36836260625,0.46546000375,48.29156775,6.366128595,7.6785127175,0.347616707,0.130654362,1.596146485,0.07973120295,0.9968446775,0.86484247225,0.52480523225
46.547248752,5.728500242,6.737954673,0.354862474429,0.112785765399,1.3198931994,0.047447631808,0.86432231511,0.4046204583103,0.494360798,1.06121453563785,0.210356938404166,0.732439673824024,0.126777401598806,0.00816554634231167,0.0889364463961156,0.0128646188338749,0.0760858475221306,0.129826571951926,0.0147084357382094,44.531050475,5.319127765,5.4564024775,0.1078668035,0.09569607445,1.1581670925,0.021502177,0.68766185425,0.1064346935,0.4678479985,48.7723111,6.1394668425,8.286761505,0.583697622,0.129962868,1.5111823525,0.071424211975,0.9749843945,0.63841812775,0.52440244725
46.056411064,5.4462088729,6.5412424328,0.081334100198555,0.105362746637,1.4835338066,0.069531619147,0.96864291049,0.46428518352,0.50321089988,0.951973997571665,0.201853970623422,0.764610402566388,0.13772961119073,0.00964361203021724,0.093707065670731,0.00995796790166916,0.0237168644445292,0.0929214750918845,0.0153320373990913,44.23456305,5.07798038,5.2628777775,-0.18389716275,0.0861710668,1.3123983975,0.0506863225,0.91154660375,0.304968199,0.4750877265,47.935221425,5.8377197325,8.25350807,0.344098969,0.1242562815,1.6745707675,0.088989113625,0.998335915,0.643274863,0.53411058825
45.421522933,5.6608723693,7.1366794489,-0.04942066172079,0.100353617339,1.2461492773,0.037339150942,0.91164090895,0.44826826347,0.51860366198,1.04606336688412,0.192497733273257,0.733680514200584,0.12985105373714,0.00845532255724856,0.0812259357349483,0.00849686149035626,0.0798504759991948,0.104016093061738,0.014403848932958,43.4701459,5.3157277125,5.8637495075,-0.301168374,0.083340858725,1.0958178725,0.02246912235,0.6991738975,0.262561646,0.49250674075,47.520297325,6.034435165,8.663844825,0.1877500845,0.117630069,1.4100416725,0.05651768845,0.99753816025,0.66889891575,0.5483222605
45.085512911,5.7330440836,7.3803203643,-0.1813370833335,0.083454862108,1.3750856909,0.050054990397,0.87076939404,0.52577968903,0.51584394405,1.12435918559813,0.211014507902852,0.801272602257809,0.138285034854546,0.00900059273285564,0.0843678027365656,0.0121737707869514,0.0765699182557211,0.110398813606327,0.0152951509046701,42.774353125,5.3520488875,6.0321020325,-0.4592247445,0.06644756035,1.2198480675,0.02986405135,0.69994644375,0.315154796,0.48851487575,47.01039435,6.1654508,9.077555835,0.07662049645,0.10083188825,1.546531945,0.07848875495,0.9917022825,0.737572519,0.54647983475
44.995937776,5.8149385737,6.1576254088,-0.2341823726373,0.085001350911,1.3094146974,0.050815562072,0.91323485112,0.66025823129,0.52685044717,0.837387462540058,0.202227118246802,0.682237304834217,0.132213059716652,0.00915244115235693,0.0767378473715767,0.0105860529174516,0.0632625398467857,0.110130837906375,0.015582751797348,43.2560503,5.42897936,4.944510005,-0.478092128,0.0669772825,1.1690011575,0.031153578625,0.751601068,0.47703129925,0.497167797,46.6846959,6.2481181675,7.6145201625,0.03242740345,0.10423319075,1.4675511775,0.073410385325,0.9955391225,0.881974383,0.56088123075
45.345978336,5.8055419929,5.5538315581,0.014810509849693,0.091327367593,1.4096406538,0.048687569313,0.88835322371,0.402967211065,0.49794217806,0.860055844285212,0.210771173602031,0.619193971202165,0.128283321434297,0.00916200987089137,0.0814894288998475,0.0101606213064056,0.0726196416785269,0.127501162293459,0.0146990589756731,43.6230295,5.414818235,4.4622547425,-0.25233943325,0.073547260825,1.264634465,0.030693619125,0.72599709375,0.144086283,0.4686581355,46.9758822,6.2378052025,6.8816569275,0.2522789225,0.1096834375,1.57419154,0.06980094095,0.99229933625,0.655674366,0.526480511
45.607516584,5.4909161889,6.1379237618,0.3183344898033,0.113087610873,1.3379178734,0.067322394452,0.89492379737,0.66393077446,0.51893171313,1.02580787260645,0.197069972178151,0.661969042256471,0.143448224880722,0.00908042323244453,0.08983350371123,0.0103522099071879,0.0554185762856044,0.118077796016083,0.0145683951292088,43.50086695,5.1205350925,4.9800274275,0.05716102805,0.0960833533,1.1759991,0.047384809025,0.76293669575,0.4466514395,0.4925577735,47.504314825,5.9042046875,7.4925573625,0.610278403,0.13109773325,1.5316243925,0.08868863125,0.97467092025,0.90463166,0.54949002875
44.263814921,5.6824695551,6.7169328345,-0.03834677101146,0.095014534493,1.4373674236,0.055728749421,0.94571648488,0.52769214578,0.48180241057,1.02842903115242,0.186636994342875,0.659846797285753,0.123748761963183,0.00799764612694997,0.0804216697386872,0.0091014477309483,0.0365257692627375,0.102910712711658,0.0126925530856173,42.240064625,5.32618029,5.55340018,-0.2848542755,0.079379171625,1.28791813,0.040495097575,0.8612563065,0.3426507885,0.4574234345,46.331183675,6.040866445,8.02119895,0.19696739225,0.109798223,1.6095572775,0.07448294175,0.9976250685,0.74400688,0.50643295625
47.52682692,6.1250624071,7.4889892424,0.216109653953103,0.092485096184,1.4041218987,0.072797957803,0.8977948028,0.45412649812,0.50496065146,1.12334720684817,0.22051773641227,0.857596487067696,0.13937828838323,0.00931578829202925,0.0875427489021376,0.010541464499819,0.0429847643479663,0.101664327953008,0.0143652784433109,45.354186275,5.6991917325,5.99735249,-0.065211948225,0.07476449305,1.236806435,0.052636228075,0.79892067775,0.261035623,0.4792866875,49.690521975,6.55817711,9.3575659325,0.50014692775,0.11026650675,1.5953683875,0.09306146865,0.96536407125,0.6742384925,0.533426582
44.123283408,5.5583660057,6.6986880612,0.17761060712677,0.09077975044,1.3020936388,0.040875571563,0.92777343341,0.29723118358537,0.4989944283,1.01708329588727,0.202059597336625,0.70970181975904,0.107498530252398,0.00846897326085767,0.0789881266744696,0.00774147500226568,0.0731500707014051,0.134216490690918,0.0139825271972744,42.214821075,5.1863064425,5.4258174875,-0.03686780105,0.0744073721,1.1473505875,0.0271902119,0.722199187,0.03349838245,0.47222199425,46.2270359,5.9881843775,8.221230885,0.388730027,0.10689325725,1.4550735025,0.056453175275,0.9980853925,0.5604418865,0.52688624975
45.295061023,5.6854615301,7.6094050383,-0.06425502571364,0.079824444369,1.3602677335,0.046972473763,0.8406512048,0.39099027837448,0.49906527986,0.997887367105364,0.205919634470553,0.78108062602222,0.125172411986394,0.00861607694875689,0.08438168581207,0.0115125543547132,0.081093611636839,0.138613165678911,0.0146562801324288,43.5047373,5.300874755,6.240117345,-0.30292038425,0.06265871625,1.2101203925,0.027031573575,0.66120494475,0.0108542869525,0.470417622,47.37942645,6.0998114875,9.2926946725,0.18536903325,0.095168228,1.53278165,0.0716647858,0.9777955915,0.65539658775,0.52835150875
49.108892311,5.6217509628,5.9004844514,0.19096499567617,0.112347625613,1.386865299,0.042400173239,0.94786537828,0.4725475012,0.50074568352,0.829591947090988,0.209574670096058,0.63248062363706,0.152734274869716,0.00813454277266582,0.102726266515938,0.00829990903095798,0.0466093369576483,0.110679018821118,0.0153885095499696,47.55043785,5.25171083,4.8143248675,-0.12769928375,0.0963953845,1.20938671,0.027257663475,0.82526094825,0.2538480545,0.4707833575,50.67974655,6.0377192975,7.184863875,0.4903483075,0.1293855425,1.5928612525,0.060188492175,0.998483574,0.69895420375,0.52871566475
46.235534184,5.8062202479,6.5243801999,-0.3229112488201,0.086022558433,1.293962849,0.037603949075,0.86848368923,0.54581514744,0.5036308482,1.01162692869947,0.217236259292556,0.760764790315868,0.131477690187886,0.00824021737294419,0.0857570767244505,0.0097913463273018,0.0871776359029698,0.102581257293155,0.0142218688694818,44.25824065,5.420726585,5.250585445,-0.58264095925,0.07041675605,1.14219332,0.0212803568,0.66815942375,0.36710532875,0.47747134075,48.377726925,6.2604791325,8.1591179675,-0.07373643835,0.103142258,1.4709088325,0.0573130141,0.990900071,0.76689956825,0.53225993475
47.153950781,5.6212758706,6.4221338738,0.07883170453164,0.105878455524,1.15562137079,0.045013029829,0.91025934061,0.58629402671,0.48681451534,0.973216304439935,0.21125453247587,0.737801582082434,0.129825883309352,0.00784557934974125,0.0816563333394796,0.00932968582862465,0.0586497803408656,0.101529245372853,0.014284671956424,45.418508025,5.2247974075,5.2436368525,-0.17468867525,0.090776583675,1.0060635325,0.028881133025,0.766017294,0.396244133,0.459881387,49.172623375,6.0506350275,8.08597562,0.33525010925,0.1219927545,1.3156135025,0.0650692619,0.9910610085,0.79761300875,0.51480001525
47.517531011,5.5271296028,6.6951872358,-0.10262208359753,0.094105641861,1.05503452388,0.032215055589,0.91668686219,0.55216178654,0.49399215123,1.03599753636863,0.214209461663608,0.712409407585942,0.129875145539631,0.0075385121724577,0.0848761100567311,0.0081154540575158,0.0696318460993666,0.0924716803000808,0.0143114696008268,45.4474269,5.1255620975,5.4618887575,-0.35253265,0.07929320465,0.904168928,0.0173021365,0.758994882,0.3840220555,0.46667517375,49.625686425,5.9687948325,8.2977957875,0.15871866,0.10886553575,1.2268514325,0.048578726325,0.99811612,0.7619580855,0.52289594775
43.81302107,6.1076708762,7.0912894981,0.29538568236893,0.119624124091,1.3710740768,0.052208484722,0.94127153775,0.66942315458,0.48663917778,1.04047174506401,0.219710042846248,0.792065260701384,0.139826776884696,0.00886110671022188,0.081792229200203,0.00879920025260127,0.0469156391663275,0.122133911818803,0.0149308377035193,41.819516125,5.72880199,5.7651087275,0.00783277293500001,0.10274997225,1.2203643675,0.03676362005,0.82522691625,0.43896623075,0.4586936845,45.921588475,6.544488045,8.7922798,0.56608385375,0.1370832445,1.54824745,0.072037964575,0.996921365,0.921974687,0.51909808675
45.919861775,5.724917274,7.6462240082,0.16966105050751,0.107182238803,1.3501328402,0.053022880889,0.86140129942,0.358216514747,0.49339639973,1.13603863147872,0.202994535902245,0.834111695405297,0.119751847848729,0.00842209701325104,0.0809762850957436,0.0100863665943106,0.0627746272072692,0.125711834665278,0.0144239037623269,43.7289839,5.3528157575,6.2141808625,-0.07720978455,0.091078753825,1.1915495475,0.033372286825,0.71702091825,0.082993411675,0.465571115,48.098098325,6.1271148425,9.349991285,0.39750178175,0.12349499825,1.5114138675,0.0716759782,0.966121553,0.618763736,0.5214353985
46.561890976,5.6914871057,8.299052249,-0.00234606437258,0.087106958428,1.3968206869,0.048304442416,0.86557145488,0.65799655304,0.51040392424,1.29148081119086,0.213840471237365,0.83158435494942,0.148071281828989,0.00899389302920853,0.0902331841203949,0.0105906035212185,0.0975616289626565,0.118947360023567,0.013901714373547,44.0317242,5.2704562275,6.88045075,-0.28515761725,0.069326055075,1.218410005,0.028761024775,0.65240140275,0.4539411615,0.48326120775,49.078760175,6.1259692125,10.063576325,0.30560726775,0.10468567075,1.57044231,0.07110724605,0.994839218,0.920139874,0.53846823775
45.267798701,5.2565887325,7.3519864624,0.093833646451911,0.097475141446,1.3259181377,0.047015847544,0.89313513108,0.55595719132,0.5116000642,1.02134224807541,0.183026949275501,0.756554404187224,0.130586027828056,0.00914051384171409,0.0745331245443056,0.00961073659217602,0.0718554687684517,0.102085267638346,0.0148750602801179,43.10097345,4.8736902425,6.02945083,-0.1597163585,0.080362751125,1.182153235,0.0310761951,0.73852405925,0.373375886,0.483244704,47.1703542,5.6265730375,8.9300911825,0.34533317025,0.11566220025,1.48029585,0.067321875725,0.993704149,0.773105377,0.5424432555
46.274032354,5.5994957068,7.2505735823,0.087720208719654,0.101385962481,1.3646922993,0.047573723285,0.88681239699,0.54037850805,0.48061194786,1.11319301741988,0.195066483856338,0.795782990986152,0.138450342758828,0.00863255689103874,0.0790576326760575,0.0105863715427934,0.0692041458101318,0.106750308423449,0.0135030779667019,44.158536775,5.21910254,5.8216612275,-0.18690770575,0.08336873685,1.2199017975,0.0290886148,0.736829574,0.332466289,0.454336093,48.49626215,5.97326699,8.92841554,0.3350866455,0.118437098,1.530414855,0.070059405075,0.99069878975,0.7579751945,0.50691325275
45.57200572,5.729383237,7.4750681993,0.047060667987276,0.094958996017,1.3901918536,0.055047887039,0.92174455058,0.65992319246,0.5082390215,1.05862700993695,0.219382024198057,0.794901856866051,0.155294347032132,0.00985351073538773,0.100471081824592,0.0119101957844722,0.0507897317077548,0.140080810568442,0.0160593529001735,43.461730525,5.34505644,6.062609645,-0.2491797915,0.077182105975,1.20900778,0.03472043085,0.798054369,0.3777059195,0.4764553525,47.586368025,6.191466265,9.078854235,0.344463075,0.11425566925,1.597195225,0.0811073599,0.994186778,0.93367011725,0.539925409
45.404134765,5.824606905,5.8818900337,0.1404825400342,0.10677745092,1.3080620662,0.037276705958,0.87482553484,0.58283131336,0.50088852837,0.816727860456686,0.216055545124711,0.706322997859045,0.136509238923518,0.00843589332043215,0.0814673030038716,0.0088071243560657,0.0923653162300632,0.110859135278694,0.0140488527611451,43.741050925,5.42850534,4.65312468,-0.124793376,0.09031326175,1.161626475,0.022386848825,0.652756057,0.3971934525,0.473686855,46.9686161,6.2612991825,7.3167071075,0.41850382375,0.12189116075,1.479619035,0.055132553375,0.99563326275,0.847713256,0.527891654
45.547287707,5.5071605531,8.3993949951,0.078389873674171,0.096119233909,1.4464974935,0.050257078849,0.95760537983,0.448203327462,0.48989906978,1.09897024552271,0.211620634863558,0.840007325814525,0.130088764153421,0.0082741165791154,0.0817931672377911,0.00766470817616096,0.0331141630701981,0.133999938391235,0.0142131275434238,43.41704445,5.1252938325,6.8331108925,-0.1644311925,0.0806677493,1.291377805,0.037136292325,0.8757740785,0.19774141225,0.4633216305,47.6287333,5.959479025,10.028959675,0.36559346575,0.11298071075,1.61325567,0.066620140275,0.9972662285,0.71128274025,0.5182336595
47.012441926,5.7245754619,6.7448003193,0.12416220981968,0.106519060738,1.20511499316,0.041173446956,0.93450999245,0.462996703765,0.54367096412,0.976303208376286,0.205195705918424,0.728965439955576,0.137006629476186,0.00835786744431813,0.093347898520577,0.009231780686978,0.0556575167607238,0.114712534714164,0.0166539335287492,45.055309675,5.3239530825,5.4957343275,-0.14915620225,0.0892219035,1.04743771,0.0252938481,0.792427415,0.19846149125,0.512445839,48.926722775,6.1266349825,8.2668143325,0.3715119145,0.12232444575,1.411977715,0.059742986125,0.998251665,0.6670258105,0.57670236975
45.82181381,5.8543252878,7.2769723981,0.085047446303538,0.102592863273,1.3231010851,0.04033972515,0.89112586993,0.49475125945,0.47418844425,1.05393240870254,0.204204249292016,0.787828846727348,0.13166769714309,0.00825224835357823,0.0795438664310817,0.00842635371479934,0.0749600782584934,0.108719395284819,0.0142947737975849,43.6505443,5.4770709775,5.94334501,-0.168821254,0.086253143775,1.1770588325,0.025321409875,0.72367742525,0.29032518475,0.4444649995,47.9595581,6.2927133825,9.03351489,0.33909447875,0.11870645375,1.47597255,0.0579902102,0.99156675225,0.71781943725,0.50254817875
45.747643081,5.451854153,8.021768847,0.08817531418185,0.090684679809,1.2543489822,0.039839161688,0.89283508939,0.52781666433,0.51513462254,1.21132765105375,0.21082004207225,0.854130076692237,0.131648974617543,0.00843445756349178,0.0829109078142499,0.0106199177656747,0.0668629475047035,0.105375357049934,0.0157369412657232,43.360273,5.0575896275,6.49896061,-0.18141551275,0.073629572675,1.100784665,0.022363057025,0.74453690475,0.3239425555,0.48371462925,48.041740225,5.8895375575,9.7090705875,0.33516920475,0.10668825525,1.430873125,0.0648701405,0.99515178725,0.74567014075,0.54589769175
45.698489692,5.7583357731,7.355975714,-0.29389575748628,0.083291845428,1.3908902798,0.065522889998,0.82278464016,0.419021264795,0.46355130217,1.16723484337002,0.225301377115652,0.781372147682638,0.130297528826877,0.00909283634723662,0.0906896237753412,0.0117151574036614,0.0601895619979728,0.124231224809592,0.0139527611665406,43.616506825,5.333757975,6.03275641,-0.5525879895,0.064951008025,1.2160591175,0.04297979195,0.689792407,0.17796475275,0.43793083925,48.1378223,6.1948384225,9.076631745,-0.053424009375,0.100406101,1.578985675,0.089115156725,0.93165097925,0.65469690375,0.491628497
45.499006093,5.6963679171,6.6278845518,0.01514400963379,0.111806982252,1.3065834243,0.043457156925,0.91862520007,0.436382339825,0.48511770854,0.973270041467892,0.196591065498986,0.703900910136686,0.114083008656623,0.00732792441561418,0.081119796774631,0.00833439264137527,0.0655207315222986,0.127636153705217,0.013237375568111,43.667244775,5.32949985,5.38585964,-0.2051361365,0.097104499025,1.1593391825,0.0276639337,0.7532310885,0.15818514975,0.45955834675,47.41447235,6.0904215725,8.23589522,0.2382624955,0.1255725745,1.4918667,0.0600718644,0.9981765995,0.68145413125,0.511402457
45.580442274,5.7519075765,7.7334115169,-0.1763632104976,0.089928835439,1.2370857849,0.045303736827,0.84922422652,0.59123484561,0.52648239418,1.14734279530637,0.213509019502468,0.860131905148958,0.137071437079582,0.00890442590126369,0.0815892056077863,0.010724826492741,0.0834620908338318,0.119450399512511,0.0161745434565074,43.482866275,5.362807895,6.3150720375,-0.4434683215,0.071728599875,1.0810249975,0.0273659786,0.66176064475,0.35995401525,0.49655433125,47.974670825,6.177211245,9.6692386025,0.08683192195,0.10669029575,1.40309719,0.067385698075,0.97095795825,0.8253394275,0.5602757455
43.646471413,5.6611628794,6.3624587144,-0.1549327832887,0.09510538992,1.2412274234,0.044242334622,0.7266905393,0.65830812059,0.50556966989,0.943486006825705,0.197928187303104,0.686090662792169,0.129570171301885,0.00865647792448209,0.0747590948971739,0.0133275592679863,0.132781910623644,0.126279367920095,0.0142972808500956,41.822051625,5.263223865,5.1826005675,-0.414755341,0.078509824825,1.1041110775,0.02094902185,0.4443523735,0.40104844825,0.47816040675,45.403672725,6.05181764,7.71010246,0.1140815685,0.11235240375,1.39716381,0.071630942575,0.96714735425,0.92274961475,0.5337500535
47.477071159,5.7590008964,6.9349539132,0.09048469864368,0.099941125315,1.4342792775,0.056404757546,0.92305938942,0.57274721094,0.5014919104,1.03194558962411,0.221042676828972,0.821148370826429,0.15855447761905,0.00965979999359792,0.0987093668788587,0.0126522575368553,0.0510630281429961,0.110242619682461,0.0153431806770642,45.5926171,5.3514352175,5.5646760975,-0.2388242575,0.080044455025,1.25536824,0.03375248315,0.80156459125,0.3636941445,0.47291601525,49.73609435,6.1706155225,8.7415814575,0.398109795,0.11849502625,1.6374187575,0.080991553075,0.99518286375,0.7989006805,0.53475823425
46.406717852,5.6863886845,5.6092929653,-0.3376681604491,0.076087014266,1.3177345771,0.052701568327,0.93894088954,0.5567788978,0.48810285905,0.805104726734438,0.20266853798083,0.668316725729037,0.142070062272044,0.00934686138527482,0.0869822317962201,0.00973730761465521,0.0382226083120356,0.0969198995645899,0.013854853377955,44.87673815,5.31306779,4.5010133325,-0.60936780325,0.057446182575,1.1701126875,0.0344149965,0.850303382,0.379149489,0.460339118,48.0852122,6.124168785,7.1128820675,-0.0668414977,0.0956237201,1.50629146,0.07305095395,0.9944642295,0.770379621,0.51652077425
44.871045787,5.6108462139,6.050420692,-0.032137375493246,0.093481409999,1.3251037624,0.044449017368,0.95518014171,0.3216964701591,0.50430052275,0.967304208414182,0.203014289617892,0.633165873030525,0.109914567745923,0.00742459317521168,0.0721529684081793,0.00715648498135426,0.0390486846567878,0.107388396330789,0.0141992326553577,42.958491075,5.2413855925,4.9265789675,-0.260172179,0.079023387825,1.194768025,0.03185475325,0.855904307,0.101750984,0.478572922,46.706194,6.0351693575,7.3566888275,0.17276373775,0.107911097,1.4737755775,0.0595244213,0.998447292,0.5214986725,0.53283980875
47.395184787,5.7675330465,7.3443135394,0.10794796113675,0.093817591222,1.13655931781,0.040409557213,0.87657119691,0.53303995053,0.51773821586,1.07869571643635,0.190270260305227,0.776483627735812,0.12293570360925,0.00743168778421664,0.076768122333481,0.00922688802797183,0.0719367330746664,0.107225859648676,0.0154249408664411,45.2517761,5.4259031425,6.0291799525,-0.13422649425,0.0794263669,0.99560564675,0.024019207725,0.7195542855,0.33988777875,0.488392652,49.5036443,6.1364373725,9.0482822575,0.34763043825,0.10789990625,1.2993224175,0.059836486675,0.98964797475,0.766385667,0.54896532175
46.591863139,5.8003527615,6.6274226738,0.16201955728766,0.10248097178,1.3633300033,0.053371542944,0.90322672807,0.52598320373,0.50123516851,1.0098790198345,0.200921006450811,0.714705009985674,0.134657963773204,0.0084344690647816,0.0829880714191246,0.00942483522121649,0.0542895815415517,0.118254308127005,0.0140448501030822,44.61923915,5.4221046675,5.353076715,-0.09822676345,0.085570124775,1.2086975675,0.03528553905,0.77943249775,0.326723045,0.474806258,48.549582775,6.196938365,8.1304974825,0.41931264225,0.1193104015,1.53099579,0.0714240342,0.9927058955,0.78182837875,0.530465579
44.912639862,5.710680648,6.9224660335,-0.07377515165719,0.091207954551,1.2986883704,0.056585606495,0.85194754686,0.48951298409,0.51100873234,1.00843777085989,0.199911831836178,0.771030513533856,0.135832916620674,0.00917966938757717,0.093456924196757,0.0115186559947704,0.064518942936825,0.111714219271652,0.0154951044798216,43.103987775,5.3347112975,5.51100963,-0.355723771,0.072831870275,1.131699065,0.03577206235,0.71666257375,0.29954435375,0.48212847025,46.990917675,6.1220859975,8.491525845,0.18817787125,0.10910054725,1.496158035,0.079609658625,0.9619078635,0.72087166875,0.542724638
46.742767397,5.9355101843,7.1196646193,-0.07509618766231,0.099322306775,1.2473789433,0.048149465946,0.95892195789,0.50055773355,0.5236120004,1.08609765716679,0.242429609053301,0.826017394912839,0.142554747595746,0.00935635196230076,0.0935474019958589,0.00883920306703712,0.0366122872165237,0.108516422644047,0.0168245428114445,44.59188585,5.4884882475,5.7091191525,-0.361655514,0.080950248175,1.087385365,0.031778883875,0.86568061425,0.29081859775,0.49274720075,48.90873665,6.445455135,8.98858611,0.204029623,0.11773762425,1.455604135,0.067136087125,0.9985550695,0.7103290265,0.55908167775
46.933527528,5.8637581097,6.3274933638,0.1993424633427,0.117829181501,1.17724309656,0.060464433504,0.91257856377,0.388698391582,0.50120484228,0.91754336372376,0.226751960124129,0.696091530485976,0.120653236061777,0.00820033055452938,0.08547002948443,0.00878225028987007,0.0593410835561198,0.114314549205439,0.0148325255791956,45.309938675,5.4455710075,5.1015826575,-0.04246520555,0.1008097875,1.0157287775,0.0429061985,0.77564272825,0.15832206175,0.47166196575,48.77893535,6.3556213525,7.8387214175,0.43334472975,0.1341433785,1.355859255,0.07747868555,0.99621535375,0.62715775975,0.53178549425
46.630954147,5.495752017,6.4560191791,0.0949479725615,0.10209872354,1.4345992044,0.047857132917,0.92731578709,0.66857126435,0.48849857253,0.959745194567649,0.204080872460039,0.727866003891844,0.160841154473764,0.00975313014797564,0.102673612536867,0.0100113182516379,0.0605021546328013,0.112304222428839,0.0153769926301792,44.789194025,5.12845515,5.143671275,-0.21905023,0.08182958715,1.238448925,0.030385510525,0.7762383705,0.46045476825,0.4595281005,48.467074125,5.88882878,7.9793908875,0.401812559,0.12004389675,1.6420745975,0.0687172619,0.99740760725,0.89949880675,0.51872168025
45.16149349,5.6195772199,5.9008858419,-0.20049796667843,0.0913116917,1.3221034355,0.054112395539,0.94896597029,0.43916326204,0.4998922973,0.86953180854865,0.220400539003062,0.662181329283303,0.133306437178397,0.00923118090221271,0.080684795693228,0.00881091296266634,0.0427143969194062,0.115678158924563,0.0160517799527387,43.406503925,5.2043295675,4.667615275,-0.455146332,0.07379372105,1.17493941,0.0372643477,0.841409643,0.23145344025,0.46859633725,46.88719175,6.0301039525,7.2949258325,0.064300456425,0.10897063775,1.4780481925,0.072840416725,0.99761784325,0.68138075775,0.531124577
44.815435463,5.4397648846,6.4393476205,0.007778678552,0.10385604859,1.22605157844,0.02470180610714,0.70620604227589,0.3759316951525,0.4971764838,0.956945946900034,0.203488589741483,0.727458922938888,0.116897444199622,0.00883627563138987,0.0733485761463793,0.0107037372973548,0.239001072562986,0.13664932243072,0.0144165386174453,42.9237596,5.0689334525,5.1611864075,-0.22139649125,0.087441893125,1.0908775275,0.00586313829,0.18460534475,0.059062941175,0.4701783265,46.80485755,5.8538697825,8.0310081075,0.2292980415,0.121179627,1.377587605,0.047657558275,0.98474334675,0.61923889975,0.52513678775
47.585120288,5.9654863151,6.4732522275,0.15093820892085,0.10510852709,1.3139903027,0.06294870755,0.90134486464,0.52447986473,0.49838244437,0.891787564082148,0.215290079603275,0.733560534089005,0.137495910219445,0.00838121681173173,0.0806069498464699,0.0103593999159519,0.0442700188404067,0.102335692091103,0.0147366316637939,45.926337675,5.56495937,5.196582015,-0.108396505,0.088510878175,1.1719741075,0.043331736525,0.805415489,0.320981044,0.46839255725,49.456471425,6.398425895,8.068372895,0.41813754675,0.121702238,1.4840213525,0.082700758975,0.97422842875,0.716430449,0.526484447
47.072843775,5.3279959575,9.0034272308,-0.114053217952316,0.102614102501,1.3282142567,0.043443943453,0.87336172359,0.30211567850936,0.49987935647,1.29858684070567,0.195200699172892,0.923976172449177,0.116232111219385,0.00709062231062096,0.0820051361317957,0.0101422026349339,0.0648153916983473,0.1481979721094,0.0146084890005417,44.394314575,4.952412145,7.4892261375,-0.33474166875,0.088666160625,1.17905649,0.022914286825,0.71530902825,0.02050357265,0.474460201,49.77662745,5.714525215,11.06866265,0.1222489235,0.11610974225,1.4965683975,0.06278154565,0.97955951725,0.575376097,0.5299928365
47.215863729,5.4287414059,7.3057987498,-0.065537968830889,0.096333899578,1.3838447532,0.053257617136,0.84404910576,0.50916652117,0.48986543825,1.0296015443554,0.212281695749881,0.785678670153983,0.142381959955742,0.00877586857139226,0.0832654949462621,0.0104723760282479,0.0648497235366629,0.108298338569454,0.0143639133589686,45.28193385,5.0079861,5.8962682375,-0.33584067925,0.0789628149,1.232674725,0.032401469075,0.69839156525,0.314389386,0.4618668925,49.20455725,5.8592593325,9.0359671125,0.20256588275,0.11317077975,1.552039955,0.074044553625,0.95666292925,0.7557233035,0.51940397875
46.595226979,5.7093768902,8.1439215341,-0.019694482863503,0.097223718203,1.3568105826,0.0599341932,0.95502629625,0.61837323377,0.47710886907,1.21189985936646,0.211966854661354,0.840059264775534,0.139246370790441,0.00840932025447748,0.0864081743629778,0.00868591028765694,0.0327848594383201,0.105629860236016,0.0140301379186674,44.2409442,5.3224374825,6.603870725,-0.2675158505,0.0821092151,1.1986787075,0.04340596685,0.875033434,0.42949895625,0.451906423,48.818686375,6.140533985,9.94302862,0.27721752325,0.11312218275,1.5198997775,0.077884698025,0.9967229355,0.8292495215,0.50684192325
44.50007858,5.9070766542,7.7443828163,0.293104959235186,0.105706152211,1.4412488681,0.054652936198,0.94324660393,0.5220602752,0.49364600441,1.16026624309811,0.226506452275974,0.881039167599163,0.143586856610097,0.00909946022215098,0.0939201289104902,0.00878261194935066,0.0505153069556449,0.121779116459971,0.0151194789189215,42.2087127,5.4734897375,6.333556945,0.014226529895,0.0887027497,1.2717808525,0.039013958375,0.80907231225,0.3025326,0.4647998105,46.718225075,6.3709777775,9.6772993175,0.57660673675,0.1225637965,1.6393258275,0.073295254325,0.9979353635,0.7668859505,0.52533998125
46.651461908,6.1349217465,7.7431049759,0.037043898218476,0.105242035407,1.10646518948,0.045713226318,0.95988008321,0.48722188458,0.50517197828,1.11689200846763,0.231784578689206,0.785685508971231,0.120277618396282,0.00776558406115934,0.0894506945698391,0.00802385522385814,0.0367839275289322,0.100956741227915,0.015469335429432,44.63667645,5.695341585,6.333582335,-0.21030511675,0.089137530625,0.9383000345,0.027985290275,0.85120172775,0.3051095225,0.47556336125,49.03942075,6.6289577475,9.46349075,0.262902123,0.12001466925,1.2850577575,0.060269431525,0.99874962575,0.703690658,0.53713767625
45.641158589,5.4978423247,7.7909071216,0.14747598968023,0.095955000614,1.299881423,0.038191646177,0.90004053017,0.53528916837,0.50489938241,1.15099075294432,0.205352596434322,0.823983572766273,0.137304981070474,0.00815770783633938,0.0788464384471689,0.00804406745006269,0.0738692324771206,0.107667646135151,0.0147015159582271,43.407044375,5.1256204975,6.352704515,-0.10739556175,0.0800132261,1.154512975,0.0244057756,0.72334856575,0.3221596775,0.47612647125,47.8935145,5.9361105875,9.6049103875,0.41061777625,0.11139890825,1.4572014725,0.05483637165,0.9958452635,0.76756497625,0.53426877725
45.757107251,5.4943225849,7.4538073506,-0.162643910116269,0.085758881401,1.4118321174,0.052338541423,0.90238438148,0.361365586134,0.49766318329,1.0397722363277,0.206066121875877,0.752049287507956,0.117452027362199,0.00736861304816964,0.080544978849148,0.0101110311804643,0.0594948785564161,0.13457588376507,0.0147218239892334,43.859498025,5.119217895,6.1291162675,-0.39972370075,0.0712626614,1.265696955,0.0347768148,0.7595984055,0.06989232565,0.46885927525,47.853608225,5.9157274525,9.1241895525,0.073660119475,0.09986553145,1.5893611,0.074426669925,0.9929304355,0.62310545525,0.5271777745
45.019776535,5.8936298384,7.0894480214,0.02196252970594,0.109810322608,1.3066503008,0.050774900767,0.9212728987,0.60589552387,0.52776564569,1.06607010626081,0.207271956415559,0.805940998516075,0.129542072835183,0.00907095176908585,0.0783454885663403,0.00925495483401951,0.0526070441054785,0.108050967383824,0.0155119596627457,42.95309995,5.4742123075,5.7266269075,-0.22587356375,0.09185782235,1.1596334725,0.03381056905,0.8034341925,0.4068776205,0.49810063225,47.0762803,6.3084537525,8.910905515,0.269388217,0.1276734405,1.4624491075,0.069848830825,0.99492736375,0.826208327,0.56028296875
44.826285498,5.3991379489,7.2801438826,0.20324427816663,0.121088466794,1.3265309151,0.057462878495,0.95694959873,0.56410748328,0.47728286434,1.01599111817048,0.190990162064339,0.773750189203581,0.14008323782959,0.00883188322940677,0.0863976988324224,0.00899580916897189,0.0318152873798751,0.112838621487209,0.0136486661939222,42.956262575,5.048749925,5.9012197725,-0.06339946085,0.103842314,1.16162007,0.040849352475,0.8771341475,0.3464106145,0.450874443,46.882025775,5.7931622225,8.949498735,0.4823322335,0.1384969295,1.5049211775,0.075705605525,0.99705539775,0.803270853,0.5045931765
45.00016014,5.4263271297,6.5465016712,0.064408395491661,0.100998291177,1.21911171375,0.0332527699722,0.85051112994,0.4483114725,0.51218023944,0.975053608068422,0.191736281050068,0.707810057342297,0.11433914728142,0.00836496105036649,0.0818949959855662,0.0104040309970229,0.121254550007334,0.10045985974286,0.0156542984754022,43.07623575,5.05581256,5.2776038325,-0.1521173295,0.085194636325,1.077137425,0.015420667675,0.5672326985,0.26508755625,0.48434006775,46.949755525,5.8093218175,8.0364023125,0.29307900025,0.117330782,1.393096805,0.05545001895,0.9959421265,0.64767341975,0.5462410585
45.845200986,5.8030009364,6.9927466825,0.11563978539147,0.089669410735,1.4789326066,0.054490212791,0.94642690088,0.2221833534684,0.50868525791,1.00576981988303,0.220441866714504,0.753768448842131,0.132834339415784,0.00890138600105472,0.0873833440268001,0.00863535120241834,0.0424858173649653,0.109946227774005,0.0144489440550684,43.982591775,5.4014033575,5.6069761275,-0.14200866325,0.07153166375,1.321865995,0.0381102352,0.846065319,0.026177950925,0.481190073,47.857224675,6.2854461325,8.5984919825,0.375496895,0.10719177225,1.65730015,0.073343748975,0.997855284,0.43996400325,0.536562501
46.750162809,5.7534298578,8.1661807831,-0.15682018006025,0.091211536702,1.2704577174,0.050424360379,0.90259790026,0.62207802755,0.51180120115,1.09026968506871,0.188834652448033,0.820131567526017,0.151902510177128,0.00859358933430951,0.0761265125694112,0.00685785267190829,0.0552400906499904,0.104019191671947,0.014186773697018,44.621097575,5.3991019275,6.6623722575,-0.43655326575,0.075304448375,1.1264782525,0.037153746525,0.7834891285,0.439416266,0.4856420445,48.908845775,6.122604945,9.819124385,0.1398215385,0.109147974,1.4250318775,0.0639776108,0.98880145575,0.84827003975,0.541196011
44.917785243,5.9787037644,6.9752215539,0.052833968108831,0.105860445685,1.09972710653,0.047492741206,0.80067147117,0.51058385344,0.51074780629,1.0308063902884,0.22785211722277,0.821934741909855,0.124615890070333,0.00888655847661439,0.0788700294827176,0.0125363634149068,0.0989572776730395,0.109069245849355,0.0152224782194227,42.881579125,5.55917107,5.626719185,-0.18023988825,0.08925192615,0.94719476525,0.024573758125,0.56832129625,0.2985235225,0.48256460775,47.038369125,6.4519306275,8.8075384475,0.28813206375,0.12306281075,1.2552179475,0.073198745275,0.956771062,0.725093329,0.54250435625
45.92097581,6.0959081208,7.5688310579,0.058584878316,0.108047683818,1.2980606967,0.06126236063,0.96233919749,0.45037904907,0.50404611146,1.02632107392831,0.231323651245244,0.821605553984503,0.133715141747358,0.00915279328889735,0.0942184722281786,0.00942064445971072,0.0312398929961931,0.10064035431066,0.0156592551115968,43.885884225,5.6594043025,6.084151205,-0.207819708,0.091018681375,1.1380438975,0.0450058273,0.8834080155,0.26128320075,0.474605589,47.9073624,6.5615149275,9.28542121,0.31775728225,0.12679549,1.50263247,0.082327224475,0.9989400525,0.64206993925,0.535220597
46.663145873,5.4587599921,8.3977380957,0.078907250517655,0.108785644153,1.3209478526,0.039694617245,0.94663272781,0.381937342665,0.51962065229,1.15145146074554,0.187760695356312,0.86086703213349,0.125920801063822,0.00751949705668885,0.0793176152658775,0.00656836434537781,0.0498039664729442,0.112597283868092,0.0138412261661349,44.2795281,5.1352180925,6.8823760775,-0.15973394775,0.094840202325,1.1696380975,0.027758998175,0.8173708395,0.15842185175,0.49385829425,48.984988125,5.85836147,10.25361285,0.30965426275,0.1232446905,1.4816828975,0.0526975169,0.9979044515,0.60190526725,0.54910254275
46.753583092,6.0433703276,6.2712170657,0.2681642725753,0.114472708265,1.2644753561,0.0529864678,0.96733483068,0.56584411134,0.49834528524,0.95319007783666,0.214761846149109,0.770582073700833,0.139600497075536,0.00877171788865359,0.0929596141598448,0.00843214886227951,0.0311626970974417,0.0987427262624588,0.0160530430156958,44.853212075,5.659518565,4.9858387725,-0.00339407283,0.0973675931,1.0999237825,0.0371146172,0.891044181,0.389549177,0.469386241,48.5367966,6.4821974,7.953790815,0.54353541475,0.1314160655,1.46716171,0.07055132935,0.99905791025,0.77114084625,0.531029769
45.627201514,5.4521916671,5.9096097257,-0.031842301810779,0.099926250053,1.3039691751,0.041290761728,0.95674582803,0.53924314954,0.51877331641,0.906729832816901,0.201031426188629,0.689270031231093,0.140671192455501,0.0091011919589836,0.0876020889104818,0.00748659081186494,0.0408362980907916,0.0991377091334995,0.0143975606972167,43.915151075,5.043434,4.64652333,-0.30329310725,0.080933153775,1.1402118275,0.027106819775,0.85294534375,0.3671700785,0.491965898,47.509564275,5.84171654,7.4249589675,0.25181873175,0.116968965,1.48405841,0.0568654451,0.99906362625,0.7529867815,0.5469525285
45.923246689,5.6649781985,5.6516187277,-0.02817769017737,0.101410051979,1.18921106473,0.036611954731,0.90706106542,0.460178306905,0.50352500023,0.907203143847774,0.196828024518097,0.666578068522791,0.123963675885997,0.00817467769364883,0.0768291479580308,0.00817358039390487,0.076745341802552,0.118161414143546,0.0147774058582394,44.101946775,5.3067219525,4.481116795,-0.26840324975,0.085516944725,1.04754761,0.02171790655,0.722714346,0.17391531025,0.47552575725,47.6464703,6.072892475,7.09179761,0.207146469,0.11659386525,1.34821582,0.0538108771,0.99637035175,0.69413240825,0.5333418975
45.805795625,5.5198022477,7.1273290749,0.28948932381059,0.113767943504,1.2722877876,0.043193909124,0.92324841791,0.49063823247,0.47808550735,1.0627163506594,0.197063389083311,0.755339647764093,0.130457303548952,0.00782449821201373,0.0878527723915582,0.0092014648621577,0.0525740722610131,0.1076205681718,0.014004470847439,43.69792855,5.1576072425,5.7309336125,0.023499730425,0.0982022445,1.1201827875,0.026697272525,0.7989273365,0.29775486975,0.4520670645,48.071105725,5.907088325,8.6905384925,0.541650327,0.1301861655,1.4462447775,0.062462037025,0.993987394,0.73774639425,0.50601236425
43.130990323,5.6662339091,6.5709247173,-0.02734723206561,0.097159390141,1.3184576739,0.061904178267,0.8922640159,0.53500295351,0.49782889198,1.00647385102037,0.203920944275799,0.757534765825292,0.133356418370654,0.00938145024935472,0.0768003515893705,0.0108665991091854,0.0613948661737711,0.10212907339531,0.0141194640670888,41.284950875,5.289904655,5.32774188,-0.28309993525,0.078975305375,1.180856615,0.040373677925,0.75684372825,0.34882372225,0.47082739325,45.196270775,6.1012554925,8.2988840225,0.23873108575,0.11545859175,1.4904426475,0.082944845275,0.99012697625,0.75611135775,0.5270953075
46.081097507,5.5657129949,7.4786235005,0.02398075702041,0.110517053214,1.3051467974,0.053857876596,0.885768154,0.2955071457806,0.50149051403,1.0983060517421,0.217180621089494,0.803019901078448,0.123292157878724,0.00917029816235342,0.0801500397416458,0.00914977226211276,0.0619040824689794,0.130277780061083,0.0150634455603393,44.010603175,5.1564409275,6.0801491625,-0.2139974365,0.093465464475,1.154382335,0.037534691225,0.745043504,0.039846002025,0.4726058465,48.270257325,5.9875767925,9.203861915,0.26251256775,0.12930575025,1.4662671075,0.0744945322,0.978128354,0.54416922325,0.530711823
46.987702768,5.4804653946,7.1395128572,0.15642947206044,0.106930626115,1.3764258191,0.050529625074,0.87223360403,0.52865577638,0.48155443049,0.968786266006385,0.197233573770481,0.720033124440722,0.140279576525527,0.0089581911451988,0.0877763441238557,0.00981443017012597,0.0585033474080685,0.11595455255996,0.0137194927063001,45.023817025,5.1149022725,5.9122699675,-0.09138186175,0.089230999575,1.2191239375,0.031663896725,0.744846431,0.306443324,0.45584393575,48.758467475,5.862175735,8.7595069725,0.4262104435,0.12393144275,1.5687827225,0.068884660025,0.97359087025,0.7792489585,0.50862193275
45.593523622,5.3986930275,7.4629845507,0.17916045373744,0.100570093721,1.33762939,0.058183607948,0.90859601679,0.56838379518,0.49425574635,1.12297877451292,0.194323231308916,0.770871033000318,0.142787634550501,0.00980239133400865,0.0913209498456017,0.0126635033446464,0.0577868177548951,0.143760888526045,0.015327443265276,43.08982065,5.0534736825,6.1562727425,-0.100561478,0.0822331305,1.1825540775,0.036648119075,0.78688798125,0.281325511,0.46468427275,47.895198275,5.7936124225,9.1463911075,0.46333100325,0.12001727825,1.53411709,0.084782271725,0.99249328425,0.86498889625,0.524494342
44.109826233,5.6022005075,5.0809394781,0.10625361597525,0.112352830105,1.2881426892,0.041572243519,0.85486158152,0.54610260619,0.50613432161,0.763361902130434,0.188394933189444,0.602494242895816,0.124339401899454,0.00883763037274225,0.0781342116089373,0.00918287161485929,0.105120957521957,0.103198610412892,0.0146663822358768,42.584335475,5.254262435,4.05639753,-0.13269878675,0.09459633955,1.138632615,0.024717648575,0.59466359925,0.354075963,0.47934561725,45.63851325,5.9773722725,6.347977,0.35729235175,0.128915639,1.44089266,0.061714567775,0.9891843455,0.75564329325,0.5367360205
45.95860047,5.7185462631,7.9998966248,-0.193001185211072,0.092493264274,1.3803409559,0.053679316189,0.92679980516,0.66238017825,0.48993329272,1.26988604366828,0.202871163973603,0.849164182738865,0.154521558134256,0.00851969157686273,0.0824615498319349,0.00830201348218624,0.042848547093173,0.110294743716314,0.0146622721708634,43.3961833,5.349586765,6.5831301675,-0.49653743225,0.076032281625,1.22751511,0.039499953575,0.82195429725,0.47260821025,0.463651912,48.348802825,6.158707805,9.8437010525,0.1012679675,0.10965471325,1.5530033725,0.0717461969,0.988488867,0.91740983375,0.51937627025
45.6507529,5.6476126704,7.6751863819,0.11815864637626,0.099328970675,1.3383973486,0.038718057209,0.8364369587,0.21287127792636,0.50224542833,1.16522118762467,0.204760451225117,0.832748287368596,0.0988036045718429,0.00753233267525387,0.0709524594315859,0.00950154340224193,0.0996781491267754,0.1281933855555,0.0144218163092279,43.36237465,5.2678773225,6.17638705,-0.05843758915,0.084660003825,1.212444775,0.02211118805,0.63064419725,0.01066624215,0.4723761185,47.980347175,6.0530875775,9.39097282,0.31655460325,0.11375788025,1.474259095,0.059440637225,0.99190920625,0.482032739,0.5315003975
45.77940779,5.6762104039,6.8994352954,-0.191769547864222,0.078603398211,1.2692731962,0.054280352413,0.85453593355,0.40601871538,0.52069615075,0.991253191187594,0.214359632154422,0.772997945179993,0.117390247292554,0.00835024328169194,0.0788723346156399,0.0102430737301418,0.0658303910798744,0.0981280207803822,0.0152305013891572,43.791691625,5.271004365,5.6022535225,-0.415246348,0.06313894535,1.12315904,0.03256625975,0.7096135225,0.2398331,0.49227488225,47.77005395,6.1103173125,8.6842123425,0.030295012025,0.094959728325,1.432658255,0.072133743175,0.95240048125,0.60797152225,0.5514982775
45.976529733,5.7705937573,7.6515186066,-0.041191263687238,0.114167320622,1.3221761119,0.058938987818,0.90808288211,0.51635040854,0.5058510644,1.11981107381428,0.212834123015189,0.759399245025292,0.139005638724244,0.00934499379401286,0.0813857756319189,0.0105247065688119,0.0499722915820412,0.126006111825933,0.0161144815777148,43.8244014,5.3681249,6.3183464775,-0.320173875,0.096413588525,1.174016535,0.0385413368,0.7953736325,0.28277243975,0.477316874,48.224019675,6.1936961075,9.2443145425,0.225094315,0.13294652175,1.4934357975,0.0790504088,0.98834878725,0.77644862775,0.53868255
45.760676883,5.7314647248,7.3844690508,0.19158668569201,0.116533165582,1.2562035526,0.045940927045,0.95349173191,0.47719380225,0.50231240098,1.13795451648795,0.207066879594062,0.739390248852198,0.128440073347966,0.00794440407020057,0.0807273848331501,0.00809181245445958,0.0430318527595374,0.11290462067514,0.0138696077008887,43.55938015,5.3343125525,6.0528355025,-0.04293500615,0.1019940065,1.1034982525,0.0302398816,0.8411382905,0.256381052,0.476157828,47.91184095,6.1571420925,8.8840106825,0.4570861525,0.13274265175,1.417622015,0.06135845555,0.99789399925,0.72218724025,0.529945554
45.887322661,6.0620654817,7.6430258156,0.014764733188775,0.089368630485,1.2884979143,0.041988563654,0.89593736554,0.65541329075,0.4962090157,1.07859052311127,0.208781840558471,0.822758858475983,0.139724674359923,0.00823686830172711,0.0837076897051161,0.0090521186775896,0.0740969933936178,0.121551891796908,0.0134596807129485,43.864901,5.6607863375,6.2519405075,-0.247793789,0.07315060315,1.1313304925,0.025939474,0.7174758625,0.43088188,0.47161977225,48.00164885,6.4688194075,9.41401539,0.294101304,0.10498496325,1.450646005,0.060607973425,0.9949277195,0.916704205,0.52410405425
46.43874162,5.9744497964,6.7033519328,-0.051705233087786,0.104494696405,1.2911458506,0.048444380894,0.83065673258,0.393705041269,0.5161863139,1.0494879180118,0.210508272878085,0.714499327760952,0.129372455334476,0.00888230964023329,0.076384373630911,0.0120731954996036,0.0899162945174278,0.113688717580649,0.0153844445296751,44.399940475,5.5812212025,5.580253155,-0.3003191045,0.08814753065,1.1549337175,0.023895284325,0.6293968455,0.16971462925,0.48686095525,48.69629785,6.4153914075,8.277743215,0.198196758,0.12185080525,1.44715871,0.071550523175,0.97280700975,0.6172413215,0.54737080225
46.181568034,5.7779521657,8.0443881104,-0.2171194705426,0.099407544872,1.3138899724,0.0447150751,0.89791237452,0.49620057242,0.48519392939,1.18834764820814,0.200515364946434,0.84743482512676,0.130116988412177,0.00784699747127403,0.0796483718145471,0.00904214943948268,0.0612285538633135,0.104443998769275,0.0133876637098993,43.759592,5.388604185,6.5751570675,-0.4554000985,0.08396275945,1.161342225,0.02856194045,0.76221298225,0.3120388005,0.46063837375,48.494987825,6.161550735,9.8908269775,0.0595745266749999,0.11564582825,1.4759746875,0.06308937,0.991663715,0.7077903665,0.51341001425
46.208320954,5.3231100441,7.6825788667,-0.15076096942628,0.084719168238,1.3769685941,0.048219520975,0.88460160185,0.420279695707,0.5063751162,1.13786861983995,0.204611505800766,0.853029874618998,0.128679688692381,0.00839429212519341,0.0878546141988505,0.00887775277795747,0.0623641688021146,0.108867865086086,0.0146089103455951,43.788607775,4.9442620875,6.2009434575,-0.404400157,0.067391772775,1.21255746,0.0312303744,0.745790554,0.21908391775,0.4783694595,48.31123455,5.72282088,9.5548638775,0.10681987675,0.100966649,1.550206165,0.065991638275,0.98204450975,0.64925686125,0.53550409975
45.812479506,5.7009901023,7.3597688276,0.103576089043433,0.110136688708,1.4038001031,0.046153509345,0.94622168519,0.487777819688,0.51352085946,1.08389922522941,0.228058244908213,0.785326668616736,0.143242792123927,0.0092644829151948,0.103719217971327,0.00811150890232315,0.0519494052982531,0.151212430146485,0.0160393768314622,43.59343055,5.2756507225,6.0183682425,-0.1762584605,0.091245333725,1.2154695775,0.030591454075,0.80529166,0.15802134525,0.48452803125,48.109400575,6.1711582325,8.980976015,0.37194857025,0.12878611625,1.6134742725,0.062873206,0.998990802,0.80331155575,0.54525053675
47.658291638,5.3541275646,7.1611660115,0.08974254761037,0.100979922904,1.2595425948,0.043567863704,0.88046996506,0.57381895745,0.49380807527,1.02471261339676,0.197846738186902,0.725955509772256,0.131886654102814,0.00783228351449209,0.0767608839377325,0.00910324387175809,0.066443186272451,0.103794419878209,0.0147337042920515,45.628786475,4.9810741125,5.9573315775,-0.1870296725,0.08587172205,1.1231520625,0.02734240985,0.71959627175,0.385474835,0.467573852,49.83004515,5.7489717875,8.7180478525,0.33909922525,0.1152741035,1.419763385,0.06241796135,0.98986545725,0.8038158815,0.5212926435
45.357168984,5.875843649,7.0612940138,-0.089626779985758,0.086162537553,1.20394974204,0.0350773109838,0.81798528569,0.42792265346,0.49651814367,1.10228136201005,0.222420946445613,0.734278960396964,0.120347845594428,0.00866343662921843,0.0794787116914849,0.0103415841636198,0.119538309812372,0.11928539032191,0.0151959792063726,43.3059338,5.4476346175,5.76723313,-0.319003827,0.06995100055,1.0557908775,0.016621441225,0.55816364575,0.20870996275,0.4690330205,47.59118015,6.31304889,8.5595376775,0.1378099175,0.10412801375,1.36245586,0.057039956825,0.985148261,0.65362855775,0.52684178525
46.179956232,5.5764321412,5.4149839513,-0.2512650433695,0.088695945531,1.10787472726,0.01987447005468,0.5985736175486,0.4602667563043,0.49227126391,0.847911684184776,0.208595523881633,0.615590611551237,0.117154353804598,0.00817560217212326,0.0765012896509976,0.0111731264492357,0.318330820180985,0.126618653840437,0.0151499534292863,44.50406715,5.184349625,4.35040609,-0.4740914655,0.07257283225,0.9684597715,0.001411658615,-0.30207101425,0.16792414875,0.4639510765,47.853204475,5.980470245,6.7200066075,-0.0294727223250001,0.104399844,1.261729685,0.043380908125,0.98065094825,0.68747202275,0.5247950885
45.253687643,5.8391820096,6.9358677533,-0.087795249234019,0.088802443178,1.3663920906,0.051967071803,0.92102609459,0.45072976304,0.48610726895,0.949855954872774,0.203942734903259,0.736075954882456,0.125230977442029,0.00834695494782334,0.0830398552555282,0.0091442707317987,0.04332790812631,0.108631732191143,0.0133004307889329,43.41626265,5.457734565,5.7040417625,-0.3306357255,0.072764368,1.21221821,0.03489667525,0.82056794925,0.248453754,0.4607968365,47.0359684,6.2449601325,8.48932942,0.1702619005,0.104626151,1.5541229775,0.07217779685,0.98978575825,0.669395146,0.51128070325
47.216385469,5.7021127404,6.9997015235,0.18493518789119,0.105749667777,1.2732528924,0.044558214376,0.88776667322,0.63016470494,0.47923362965,0.941818723337821,0.199323785157578,0.766453475026596,0.143388225957648,0.00807006761829594,0.0830452076824774,0.01040124587765,0.0669616402992254,0.109123977911554,0.0138531912031768,45.3487999,5.3249145075,5.7024089975,-0.09146271925,0.090672134775,1.12197998,0.0259723607,0.7382633265,0.4314210305,0.45364382425,49.081647275,6.0989979825,8.466730765,0.47854319975,0.121982007,1.44938511,0.06717267835,0.991646511,0.85749899075,0.50575123825
45.646931854,5.5901681171,7.6582054558,0.053483664621593,0.109275568381,1.3399284516,0.047304983886,0.89283958214,0.53247854673,0.53089422685,1.16407175346412,0.19795864898718,0.791876519231872,0.131237507251301,0.00868135270458305,0.083772879033268,0.00949127674193795,0.0608913986066437,0.117557805857038,0.0159601633772182,43.48936905,5.221087045,6.1910274275,-0.19611099525,0.09222306215,1.1849166125,0.02912916935,0.7544206245,0.306526299,0.49894214025,48.048053425,5.9916875875,9.380604735,0.30962026325,0.12761684075,1.4986871925,0.06656752835,0.98834074825,0.779202288,0.56206080025
44.847849033,5.682165395,7.4470383334,0.12834107431383,0.119684037456,1.22436670069,0.051094676207,0.8860688001,0.66086305252,0.49000695939,1.12099592229198,0.205474506994436,0.777118385827547,0.12911323483285,0.00765199816841371,0.0703938878519965,0.00956380067680236,0.0682376874050175,0.104794836656874,0.0133923807323296,42.6882387,5.2976468875,6.13219407,-0.11342067225,0.105042658,1.09824186,0.03111204865,0.7228727745,0.46838589725,0.4637960355,46.963641925,6.068775875,9.10016685,0.384439129,0.1340984115,1.3621927475,0.069483207775,0.989824399,0.8791153215,0.51773537075
47.195431406,5.7947507862,7.6822989046,-0.008802186260982,0.094236827338,1.4755643594,0.053634149133,0.8960058103,0.56074236448,0.51272840875,1.0942202665019,0.208049750260536,0.804271492771826,0.141356563106434,0.00869881300567445,0.0883315529493284,0.0104032291293472,0.0571557751597412,0.108349532832981,0.0154359685568902,45.06748215,5.411684725,6.09051397,-0.260138338,0.07697043505,1.308603205,0.03494368385,0.77554766625,0.36779326325,0.48339821225,49.563541925,6.205669935,9.4416994575,0.2690714435,0.11038249,1.65956771,0.0768116306,0.9890987795,0.77559223875,0.5441936295
47.088458952,5.4403301094,8.0595696408,0.12564414856975,0.097073947529,1.4354663186,0.058629406637,0.90163479833,0.55948854983,0.49513490349,1.20609104807132,0.19351036977785,0.843804326243629,0.138781063831254,0.00838596467862533,0.0914009484421724,0.00923773525120223,0.0494000872513389,0.118812448122679,0.0128543211759036,44.711613225,5.083179485,6.5494760275,-0.14471968875,0.08084469915,1.265344075,0.042272526925,0.79331936475,0.351872705,0.47060458825,49.3093578,5.8584197975,9.8180375675,0.401967316,0.113173973,1.61948183,0.0775116487,0.97987802725,0.7920201185,0.5213786555
45.949560203,5.9577782866,6.4804647327,0.06489511675343,0.096039212311,1.4397602586,0.057230111161,0.92319033095,0.5862816668,0.49402063458,0.967146382166741,0.226447155369996,0.699582003387912,0.152006733105441,0.00939750782586779,0.0868019551823542,0.0110641314196186,0.0549393134694053,0.106048691453276,0.0154478136715903,44.140312075,5.52836725,5.214830985,-0.2405178695,0.077198228675,1.2842176325,0.036567793375,0.7914443205,0.3953633605,0.46534088675,47.9658923,6.4014373425,8.08234368,0.36443962425,0.11390804975,1.62441702,0.079739174325,0.99649602675,0.80290491,0.5243450985
45.329769141,5.8138342181,5.5435064182,-0.21174934510267,0.102006449218,1.2369548716,0.05267338857,0.90638220466,0.68371154098,0.51685318099,0.816121912902796,0.217467707047686,0.626683020699065,0.153475967593447,0.00979439168657318,0.0853020818722708,0.0102152174167864,0.0621927416450762,0.123955546412817,0.0152120382151977,43.746679575,5.401026985,4.42467986,-0.51734318175,0.08233358895,1.0708635725,0.0322456448,0.76308443925,0.46826096975,0.487228409,46.96966175,6.2585032125,6.893092105,0.0856574965249998,0.1207681395,1.410223275,0.0736607856,0.9933414875,0.934240575,0.5476565105
45.54028181,5.9094325592,8.0015306331,0.096629676652991,0.097086215104,1.284380836,0.055102313635,0.7944767199,0.19501877653949,0.48544527092,1.24181751256193,0.225830774753693,0.925968450337512,0.116368586392662,0.00804412470988491,0.0884932006777144,0.0124886127644101,0.0785595503066083,0.125992931016537,0.0155360419458823,43.120517775,5.4983898525,6.441880075,-0.134416868,0.081345277725,1.123119355,0.029240034625,0.6390462425,0.00989765201,0.45715613,48.1140668,6.4012953225,10.13146225,0.33511559475,0.11258496,1.475502715,0.07989240265,0.93819677925,0.481239924,0.51758110375
45.570314825,5.959883382,7.9046926588,-0.04602428418755,0.099433455187,1.2405892224,0.047453301273,0.93969529041,0.50573019329,0.51053855736,1.14824168248611,0.207590247085941,0.841452190013888,0.121674820162269,0.00708135596951814,0.076013636635253,0.00836495950439835,0.0429904431523551,0.104311953982454,0.0142511277732666,43.513810675,5.564951185,6.4148495275,-0.2880082675,0.08559152395,1.09839797,0.0299240219,0.835271771,0.3239109815,0.48428132675,47.9358702,6.393540985,9.716775645,0.17185513625,0.11353589375,1.3934150925,0.06371267945,0.99508341725,0.73144382375,0.539012909
46.246875776,5.7414194651,6.5207299563,0.00680067301418,0.117758666995,1.31698609,0.074668113253,0.87915148482,0.55589099152,0.49965022432,1.01736841038908,0.220663972114055,0.729241265616401,0.149689092770519,0.0101458443754578,0.0945176728772765,0.00933312855472615,0.0585054073051361,0.120274569526309,0.0155270035538166,44.28150555,5.3396767325,5.1541702525,-0.29659166475,0.09837292735,1.143020255,0.0536879684,0.74769759325,0.32899517275,0.47134293425,48.277346575,6.189099955,8.1121488225,0.2868796075,0.13691933375,1.516269805,0.0924201783,0.97206367975,0.8078358845,0.52986587825
46.040963959,5.6379594788,8.4472797846,0.14363712793153,0.097548592612,1.3362175637,0.045332043731,0.92415511787,0.47560783691,0.48570675174,1.24228709504623,0.198007015949495,0.801673275562056,0.12131643172151,0.00716605487145148,0.0869581423813784,0.00755095290857734,0.0497028281577171,0.12349348870395,0.0140273020810216,43.7466963,5.2673993225,7.112996775,-0.083464603075,0.083469574075,1.1868441275,0.032303471525,0.81036303675,0.229437862,0.4590829455,48.448011525,6.0440115825,10.228223825,0.38847431825,0.1116371325,1.5188992975,0.060922038775,0.9954662365,0.7291317085,0.5148061
48.377516122,5.652902271,7.0557899015,0.170241158897344,0.103108399653,1.5009584645,0.06086970988,0.9486067926,0.5503025093,0.50285745703,1.05570665891952,0.221487661687711,0.830695605781319,0.149693691395797,0.00846485617199266,0.103295059176613,0.0095663993245156,0.0293101660357804,0.103997529590072,0.0148194593623645,46.262612475,5.22537592,5.6312146075,-0.13334305825,0.085823152775,1.3175823225,0.04232068465,0.885854801,0.36772801975,0.47521269225,50.56605805,6.099848735,8.9400608125,0.452923455,0.1196112725,1.7237530675,0.07948488585,0.99625644325,0.769112466,0.532552825
45.148975089,5.8070221055,6.0963146187,-0.103176376299467,0.094879372412,1.3701091801,0.061046961172,0.90746759693,0.375953401749,0.48542550878,0.931058750029507,0.20166732891769,0.688050380146736,0.11248339250108,0.00868078942977726,0.0769901018757871,0.0104062689359639,0.0481067931374738,0.100544600139503,0.0129861433171059,43.397623825,5.42930982,4.89117701,-0.32307348225,0.078603460725,1.2270295775,0.04200399675,0.79419392275,0.1624686315,0.46125710975,46.935729025,6.2241102125,7.5543822575,0.12703307975,0.11221516475,1.5198452975,0.082720299725,0.98750445725,0.58237515875,0.510785242
45.134167459,5.7227959368,6.6309877962,0.06664876989999,0.091383067924,1.5459654817,0.059606192897,0.96994964905,0.3203728919453,0.4892790922,0.999735019753621,0.214959743331702,0.716380030038857,0.125734970392376,0.00832003619183978,0.0905062814391206,0.0085637092089601,0.0245158795467198,0.131697981632228,0.0145155534272567,43.080275225,5.31878852,5.39635918,-0.18085555675,0.075922586075,1.38093127,0.0439664039,0.90361368775,0.049989502375,0.4624330425,47.0798632,6.158981795,8.12956667,0.31464844275,0.109298495,1.7224721825,0.077072521875,0.99923220225,0.5704368,0.5179713525
45.835487708,6.1218743557,7.671406632,-0.21201669143396,0.096836233169,1.4752051033,0.044043939073,0.9056535228,0.1839134640612,0.51774716508,1.12648044943841,0.236804620377891,0.740433508236532,0.129572163987223,0.0083428065567248,0.0922689075017115,0.0103759280960188,0.0672650702625187,0.110343112799506,0.0159678056480203,43.726315225,5.709340505,6.3733001225,-0.46661018975,0.07989161755,1.3153454925,0.025494642725,0.74170205,0.014649063675,0.48765318675,47.9313412,6.62887748,9.2291169675,0.0225624489749999,0.11237507375,1.664693565,0.065797415875,0.9915359615,0.42738500825,0.5483224285
45.310883346,5.5421775046,6.45118402,0.17855522358705,0.109658706063,1.3068541265,0.047817115674,0.9407162092,0.67354723944,0.49486060123,0.950779071245863,0.191460419785738,0.754159653019919,0.153305184803517,0.00909740440841504,0.0784787301466641,0.00945060614354838,0.0543493417923235,0.116382058787983,0.0151615991147004,43.450221675,5.1783437775,5.1365042125,-0.118863669,0.091248995275,1.1636082975,0.0305376285,0.79338915,0.458071891,0.46651440975,47.108352,5.90718665,8.11649849,0.48241357375,0.127078485,1.4645255025,0.0677113064,0.99870321125,0.92416710075,0.5253073805
44.880710355,5.3925894419,7.1514106851,0.15458623592886,0.102847595414,1.519271986,0.061153021632,0.96290403477,0.376985016468,0.48571202124,1.05398890440201,0.204965381533954,0.763214191918761,0.139784556254477,0.00901964053601729,0.0995359743347285,0.00897865571081912,0.0303530695818793,0.11759239695552,0.0146517745490224,42.868382975,5.03846966,5.8179333125,-0.12594655225,0.085929381475,1.3405184575,0.0438557625,0.88415459175,0.16087059175,0.45928916225,47.086687075,5.82777158,8.8187317025,0.40712118025,0.12018273175,1.7073883825,0.079952341325,0.998443857,0.614462721,0.51533971975
46.617112432,5.6908062535,6.6600967099,-0.02837613000878,0.091505106438,1.2430804959,0.048423060722,0.88646267158,0.72799675363,0.51432835275,0.996580931350401,0.206462030179438,0.732929605604298,0.15842645313121,0.00925943889155746,0.0812794667438305,0.0103173007984276,0.0691639598196804,0.108884942799126,0.0148946846042334,44.655892725,5.3039610275,5.384664805,-0.3344450085,0.07489743985,1.1021749175,0.028588953225,0.729305374,0.526391054,0.4853888925,48.5779928,6.1009000825,8.22219403,0.27668478175,0.108875803,1.4031123225,0.06929660215,0.99048322675,0.95208818175,0.54417614675
46.223267603,5.6071521044,7.3964049205,-0.11367357988919,0.089057632378,1.399398503,0.063709765578,0.94367034498,0.53445533799,0.48964340044,1.12542394783033,0.201268252178805,0.806190932716265,0.133008775610357,0.00812664306073574,0.0807312924297795,0.00752606692363184,0.0303989346318873,0.104049759546501,0.0135160741423428,43.942651225,5.24628417,5.9919172825,-0.3763498755,0.072379995,1.25137474,0.049660383,0.87008645725,0.33854882025,0.463581975,48.41201395,6.00292536,9.121668465,0.141253049,0.10509867925,1.57130741,0.07846716735,0.99101438875,0.74371625475,0.514471633
44.388746905,5.8667903453,6.1443890191,0.2974309169078,0.095653381503,1.3077142537,0.05142808,0.82182870535,0.50483726527,0.4881685886,0.873164374566228,0.21416602629319,0.707488979617993,0.119578170474024,0.00876302856751873,0.0750915470129711,0.0114436274451074,0.0950679113813459,0.107516806326923,0.0138674270740789,42.470033375,5.4562041375,4.964301595,0.062161614425,0.07831055935,1.17905742,0.030333552375,0.617474263,0.31125049725,0.46210995125,46.059640425,6.3010187425,7.695274655,0.5321150635,0.11328143875,1.466976595,0.07265312125,0.977921306,0.72521893625,0.5174684225
46.414535705,5.3016075671,5.2565482849,-0.01067588418727,0.103395757281,1.3455059029,0.058772791034,0.90954243681,0.576464856806,0.52925932658,0.823995530626266,0.214250946882712,0.60482785296788,0.15536759106748,0.0101406915217488,0.0962602342740492,0.0110316108496176,0.0495877832213687,0.138005693072313,0.0162623750264118,44.794698425,4.888171935,4.2003805025,-0.3202561725,0.0839916284,1.16723996,0.037832961075,0.79153718125,0.290235439,0.49703348925,48.07480715,5.7271339725,6.5750425525,0.28804381425,0.12333465375,1.5376178525,0.0812055845,0.9887020645,0.81642192,0.56309883175
46.968332753,5.9050927261,6.2882941449,0.083615829558636,0.094931258197,1.3358454454,0.043119594522,0.83685204428,0.397411410759,0.48316206218,1.00854698838096,0.214208269504062,0.705411694590878,0.139081895637005,0.0090574635113283,0.087581562098333,0.0106848682626281,0.0892916579121107,0.124996826547847,0.0138469336366265,44.8526985,5.51143321,5.00955961,-0.205897594,0.07717769335,1.1752188025,0.023633105125,0.62652606375,0.13873349425,0.45732658625,48.99763215,6.36746083,7.76552335,0.3651407185,0.1127116675,1.528837765,0.0646543132,0.97581739925,0.63270687925,0.512153247
46.222567003,5.5586280753,4.71824212,-0.28481622686691,0.08988446122,1.4397598112,0.065860048831,0.94563297969,0.43426801674,0.48928164167,0.746841735487134,0.204762763538944,0.572653872503314,0.130203721170852,0.00938008847703687,0.083414835116841,0.00983515605316273,0.0387895538749998,0.0918212952771559,0.0140026401259605,44.7364523,5.170646975,3.6926240825,-0.53673667925,0.070493026225,1.2827661975,0.047562189025,0.8553323005,0.26563499,0.46335067525,47.59420565,5.987376705,5.928187535,-0.0165172884,0.1082688795,1.6032673725,0.086908593325,0.9971009665,0.61956137175,0.517755884
46.67921108,5.6524586561,6.2318180116,0.04209714032634,0.095277154855,1.452762374,0.064487238669,0.88244461438,0.67461938707,0.51185755966,0.943396705977066,0.211748110303329,0.695818810822844,0.160349237503164,0.0102742392816885,0.0914735361400529,0.0124097397683397,0.0529505728097815,0.126098806959244,0.0152563899514439,44.96310495,5.2556776575,5.0220129875,-0.27620506275,0.074487139575,1.2886771225,0.041304412575,0.7537847365,0.4478239305,0.48277308225,48.547282375,6.0891256825,7.7459416875,0.3583232085,0.114194164,1.6360607275,0.088179314475,0.96337548175,0.94055288175,0.54296504375
45.825718654,5.6920875211,7.0427902064,-0.14803327038267,0.094111649456,1.2985407583,0.0349246728683,0.80240780406,0.424353926483,0.48626633927,1.04993032862636,0.203191400514169,0.774010857491158,0.128044082326402,0.00846876914477402,0.0851961960770653,0.0115074969676977,0.108570793152517,0.116314887301224,0.0139690972586759,43.771656375,5.3214621275,5.7118958675,-0.414183655,0.078488576875,1.1569453825,0.014621735675,0.572443539,0.19808205775,0.4593288335,47.812012275,6.07624478,8.65438907,0.09577971145,0.11085259825,1.49315848,0.0598136602,0.98687326275,0.64993452875,0.5157321095
47.843702677,5.6098082454,7.0202415829,0.37465390080509,0.115218394764,1.2831603075,0.062240242723,0.89539764729,0.66660754466,0.48841932421,1.025506398184,0.192375316692769,0.747851392644518,0.148529648594583,0.00876221902341511,0.0822742321048778,0.010736347191536,0.0492450588580886,0.112075251712317,0.0142987326518651,45.69338515,5.2507756175,5.7443556275,0.08595856075,0.0985391379,1.1305957175,0.042659658875,0.7790994465,0.4633009325,0.4605090215,49.868084275,6.0063209825,8.6473987525,0.66654523725,0.1320312975,1.4581326775,0.084128512375,0.976464823,0.89442201825,0.51735177675
46.400691938,5.5943436301,7.0030873629,0.06288834920739,0.101534350833,1.4031642885,0.049971012666,0.90427781374,0.51750295274,0.5068123047,1.05833232683049,0.203426631114265,0.78256434169032,0.144236963988986,0.00893360345328958,0.0879516908072595,0.0107441235757355,0.0634132558079322,0.128885093211978,0.0148740232833015,44.2321727,5.2032622625,5.630623925,-0.228621804,0.082947573725,1.2466733775,0.032635697125,0.74496564875,0.26990280625,0.47829599975,48.448693375,5.976505995,8.567416255,0.33278110775,0.1178726735,1.5808870175,0.072832349125,0.995409234,0.77714278925,0.5362013195
44.398104885,5.8446745248,6.906943605,0.03457584257109,0.103941720808,1.4774746139,0.052163955644,0.93342719562,0.60528764967,0.4906552113,1.07295325445401,0.198454450887569,0.735324405970125,0.146688360199728,0.00820390997747261,0.076431150035802,0.00899863126228774,0.0536691143623398,0.109355003092697,0.0134283790714944,42.204001875,5.4758184175,5.60610276,-0.25510535025,0.089158619675,1.332489635,0.035978642325,0.805638234,0.40405606025,0.46514815,46.359806925,6.2499182375,8.4328607575,0.34576412975,0.12059713425,1.6381348925,0.0721118069,0.99817452975,0.83556044725,0.51624547075
45.011015278,5.7838956082,7.0854415095,-0.05153448733239,0.099615391474,1.4068855289,0.058397020276,0.96480013936,0.45122319472,0.49691802259,1.05968569248413,0.207675458105494,0.766607140639396,0.125240735118431,0.0084230843004132,0.0790946425756346,0.00733074429657135,0.0292730642575874,0.0955122457305205,0.0137373519816075,42.946853275,5.379129795,5.74515394,-0.29258453125,0.082639926925,1.2720482525,0.044954739125,0.892858781,0.273162823,0.4699876045,46.967232925,6.2029409075,8.705308045,0.1853866535,0.11431524225,1.5671618425,0.072870780675,0.99866476025,0.660609853,0.5246278695
45.767823029,5.5107017126,7.0430296529,0.1043188849133,0.101052217443,1.4369462939,0.051627687546,0.9561270983,0.388186043615,0.49325325425,1.04511856844673,0.198661963435229,0.772376246837037,0.131549104651422,0.00807371491918309,0.0913068123893851,0.008693027263888,0.0336681945616953,0.123251474209759,0.0133108744783575,43.848153125,5.11927975,5.73564099,-0.1717488155,0.086303630775,1.259643855,0.034757125,0.8721358915,0.118436814,0.4683480245,47.91123675,5.9163234,8.79650592,0.35236225775,0.116836463,1.6158533625,0.068183073975,0.9976272765,0.63084111175,0.51944667575
45.243890295,5.9912933305,8.5344400449,0.01796010104597,0.113848653667,1.3232998911,0.062092939115,0.97499363208,0.53952759255,0.50788375356,1.28387817697816,0.204456016565009,0.888836698829891,0.140686891235495,0.0086184159649301,0.0783624435781797,0.00794062960389908,0.0226809660782379,0.103082139025211,0.014882823240228,42.69708405,5.6065473575,6.950517875,-0.277436945,0.09669252675,1.1704094175,0.047690607675,0.91749665875,0.35157222425,0.48073588075,47.9379602,6.4068213425,10.469788725,0.272892101,0.1310396615,1.4849393425,0.0777262753,0.99937404575,0.75785024525,0.538877361
45.500041673,5.6325232995,7.5797067736,0.11802370626497,0.110418519751,1.4203747161,0.049786155801,0.92711768285,0.53230554712,0.50973393649,1.19225490169274,0.195340615464953,0.853826318720012,0.141451651507675,0.00942284592348327,0.0863673212976595,0.00871116896334261,0.0598562474425381,0.117274441049889,0.0154136738965247,43.35732415,5.27010528,6.0370922175,-0.152077715,0.0923106806,1.2660734675,0.0330000562,0.7739247205,0.30887157175,0.481480234,47.958485725,6.0388541175,9.358594635,0.40654675425,0.129363824,1.60072956,0.06651766795,0.997891319,0.7605034605,0.5408528965
44.537356999,5.6218031854,7.4463886945,0.063481106586085,0.091970468294,1.4150089003,0.052955608303,0.91966320092,0.465418483712,0.50308205823,1.00385847401555,0.202580638917962,0.826235766978226,0.127804894399633,0.00846803064054879,0.07667393229244,0.00807150251019,0.0540944705913564,0.120089068104756,0.0139036226315981,42.638407275,5.2537285725,6.115886825,-0.17844365125,0.07558028285,1.2779042925,0.0385896513,0.79204013825,0.24676794375,0.4771516775,46.595983025,6.025667985,9.330135255,0.32442444675,0.10850171775,1.580180415,0.070557295275,0.996901187,0.6972466415,0.5323650005
45.221339908,5.6370335466,6.8332382552,-0.23509826829173,0.094530630892,1.2601786382,0.052359280386,0.79270033422,0.353523703799,0.49880161781,0.975929160558354,0.195938003943408,0.782497773356381,0.117115620830593,0.00889994840352673,0.0777989097732334,0.0119648123713442,0.0789692632726722,0.116113474827389,0.0145938166778215,43.19484205,5.2638117775,5.5236842475,-0.4623449735,0.0775176789,1.114216245,0.0283828673,0.62308597775,0.1192400435,0.471460083,46.952789275,6.02395121,8.423667715,-0.0141685870325001,0.1115639885,1.4093932975,0.07550290595,0.93279241875,0.58385163,0.5278504375
47.845218277,5.7253464404,6.9261665111,0.057964430426257,0.092738149354,1.4719747729,0.053346722269,0.92433074045,0.55813344215,0.4867591659,1.01015354249085,0.212377178571688,0.70926678426642,0.14932817647676,0.00925807600621297,0.106291652850487,0.0118356168026664,0.0471338543419555,0.126563541227995,0.0144953939342304,45.705196475,5.340876865,5.7174695475,-0.22364564075,0.07636980435,1.2824788,0.033108868175,0.819360023,0.3017584065,0.458355203,49.703016375,6.1566627275,8.4627783225,0.349592053,0.11198015,1.6937742925,0.0771355861,0.994599712,0.8076613485,0.51573976575
45.534942349,5.7956636603,7.1063591303,-0.01351375730231,0.100155797782,1.2802466171,0.053572652591,0.88311852359,0.63903319209,0.48554417885,1.04434361292731,0.19503101084998,0.8026928301817,0.138996454635097,0.00850455924018406,0.0795691699989754,0.00965754172327371,0.0535091511552989,0.110273485558346,0.0133625928487342,43.4938133,5.4193846075,5.7028130525,-0.29587246575,0.0829435665,1.1327585,0.0334325218,0.75881582,0.4326793025,0.46140574925,47.48096315,6.2149581925,8.8903892375,0.25596229475,0.115923606,1.44633225,0.071264624175,0.967165631,0.865083749,0.512941711
45.644010669,5.8918282468,6.1739514872,-0.11515777803194,0.095390003073,1.23210057987,0.046840481022,0.82071917118,0.23728072101445,0.50143700868,0.920981222121531,0.238180193692114,0.737843553514232,0.122704152036363,0.0102235551246618,0.0920904315041751,0.0137957714784684,0.106151317076842,0.139700489647897,0.0170069984704325,43.879162175,5.442482685,4.944112925,-0.3566279125,0.0755530094,1.04236704,0.02333804065,0.6043563785,0.014097733925,0.46816474975,47.5045184,6.3617897725,7.90473802,0.12451876525,0.11535035225,1.422031635,0.075210086075,0.9876396645,0.51832696375,0.5368524325
44.449085104,5.8966465866,7.2103239736,0.15439017296809,0.101486258839,1.4214929819,0.059000326543,0.91420348608,0.61764950148,0.51461415587,1.10260054688422,0.21611966393593,0.775782173588918,0.148618666374877,0.0092507727916764,0.0885865991156442,0.0106554555392016,0.0545261424205341,0.113892566646586,0.0144379845494057,42.232732075,5.4803021975,5.90512429,-0.145430026,0.0842866921,1.2657667325,0.03754631145,0.791541121,0.40690973,0.48707132425,46.582477625,6.321349205,8.8663555525,0.46547401675,0.11951792,1.60510147,0.080776696125,0.99191564775,0.85532389925,0.54531039725
47.752540883,6.0508633653,6.2984852429,-0.22216487555559,0.081705254468,1.4104829597,0.061169799396,0.94914769183,0.61483750828,0.46617300493,0.909704177050806,0.226303591135049,0.756379290864269,0.155982424872517,0.00899880884522093,0.0893490077746213,0.00931539645668461,0.032736141864512,0.108940564505888,0.0138834278175322,45.8498754,5.635365225,4.9708951725,-0.53786921575,0.0646059142,1.25748762,0.0442338214,0.87394999875,0.409394827,0.44011417975,49.584436325,6.50994533,7.9834492375,0.08596951405,0.10054393975,1.59799638,0.08071683635,0.996441292,0.84775059025,0.49295036775
45.699453463,5.2562457864,7.6353836032,-0.04569809636817,0.097982573725,1.3700369607,0.046528576596,0.89870853066,0.51629966568,0.4999063618,1.07832028979169,0.192268624322184,0.795257352530559,0.142667660452518,0.00817371771021547,0.0910687766830205,0.00845236789354691,0.0600685235876421,0.111658062390646,0.0141573438602134,43.673701425,4.8866923075,6.18754948,-0.333850606,0.083275187475,1.19691527,0.030811537925,0.762772454,0.30186497975,0.47210219875,47.86439675,5.6555252325,9.3592409925,0.238122604,0.11471070875,1.5471116675,0.063100335675,0.9930497465,0.76135978625,0.526640933
44.124909771,5.6848368636,6.6097713671,-0.014496021019982,0.09960256733,1.425871386,0.052333208155,0.92815937203,0.45914458992248,0.49630351721,1.02106412648544,0.205734438528155,0.757368241000331,0.127996686303393,0.00931605139855009,0.0809617225765019,0.010180434289705,0.0586463399481362,0.113046831093695,0.0145834826287735,42.018035825,5.3007999925,5.2242267725,-0.265955682,0.0819959517,1.28643242,0.03325368445,0.78195606575,0.259242929,0.46821637975,46.0874904,6.1092327625,8.14432729,0.23943483275,0.11752593925,1.5869226175,0.07207614485,0.9981049245,0.68163848825,0.526169485
47.348376201,5.299471238,8.6521414274,-0.09103158883665,0.097402922906,1.5280890271,0.059079411399,0.91388782463,0.32893891604256,0.48147515796,1.27430516516267,0.206963027352866,0.888972753872043,0.130742597815155,0.00773323396895593,0.101910757754679,0.00967251231097175,0.0442127668306062,0.150553638152104,0.0153147629961888,44.74332135,4.9215792625,7.10696674,-0.338255043,0.082595261875,1.340714505,0.040019404075,0.8095201375,0.043896501,0.4542434115,49.8156789,5.738658435,10.5484255,0.1728244155,0.1123108495,1.735681265,0.0773430132,0.98634217125,0.6406623155,0.5123597045
48.337408954,5.820917845,8.3266752476,-0.143770946876519,0.095348335863,1.4146161669,0.058650536851,0.91057850667,0.54328167149,0.49619919897,1.28243019506606,0.227506016863516,0.844756115969836,0.140650454988259,0.00875652219577365,0.0922825909800478,0.010445004207684,0.0497527276358743,0.114024300770516,0.0134428167267229,45.8789526,5.3916128125,6.7888644025,-0.43375688775,0.0775657527,1.251553305,0.0380055031,0.79409834775,0.33645529925,0.46986465175,50.87836865,6.23131994,10.11021445,0.1391955655,0.1131982,1.6017245025,0.079797640425,0.98942648125,0.786041935,0.523062479
44.874030186,5.5701050835,6.1228564717,-0.04115898713303,0.097263089488,1.3044625731,0.040656541254,0.89624531745,0.2283051293128,0.46568343874,0.867030962613496,0.193077121335112,0.689221584361851,0.108559667194157,0.00770436700383616,0.071590574932735,0.00941654811732077,0.0764814299431382,0.118461551755992,0.0128116346005534,43.300608975,5.21731287,4.9258682075,-0.249185873,0.0819724445,1.1724290625,0.02476661625,0.72576343225,0.016947807025,0.44254427875,46.57850515,5.983202595,7.6083863625,0.18598003075,0.11222994675,1.46018825,0.059543888925,0.99502221475,0.46333521875,0.49191912275
48.07880252,5.2651325636,6.539350932,-0.17911444108814,0.091185348024,1.3996555577,0.048864043787,0.86389780816,0.51814115512,0.50606130515,0.948093412984932,0.205881823969215,0.71791590443262,0.150424623300417,0.00939874075826994,0.095124534229087,0.0129686470981017,0.0651814355424395,0.104342786260255,0.01475809074381,46.266994925,4.9257668525,5.2477274425,-0.46597306875,0.073222220725,1.2334204125,0.026365100425,0.73262558725,0.32549664825,0.47823490425,49.9672398,5.7089439375,8.0361241825,0.13603785,0.1096637155,1.6083711075,0.07830580725,0.984934356,0.74176934825,0.53458920425
46.545563151,5.5306297535,6.7187379602,0.05062148125957,0.108439647692,1.340004942,0.049123536334,0.95847531804,0.2049683647123,0.50921503146,0.935551501921172,0.203279844180834,0.726280912555967,0.10857064958436,0.00807775271946676,0.0721156089174293,0.00755019120467104,0.0380732185686821,0.120118567328972,0.0139543963917111,44.531459325,5.1403820375,5.4682334725,-0.16737762475,0.092123202425,1.21064197,0.035043176525,0.85555716625,0.013874810725,0.48300689,48.398838075,5.961126415,8.4469424825,0.2484640255,0.12327793625,1.4922146375,0.063774690275,0.99897705125,0.46159839375,0.53710598375
47.482941421,5.6355638792,6.3510735427,-0.05828378777359,0.093958276477,1.21193989842,0.0350829608963,0.78681427249,0.60397385339,0.50200754034,1.08680976453603,0.190401439000361,0.723500508858433,0.142535791889154,0.00864634325302256,0.0877296778543652,0.0126081811954245,0.121823052334127,0.113266895460822,0.0143390201365104,45.342625625,5.2769711825,5.0938048375,-0.336246546,0.07645413265,1.0656948325,0.015021118575,0.526013316,0.40599971675,0.475285607,49.492626425,6.0140451,7.8679316125,0.22955084,0.1111539795,1.39886712,0.060556967775,0.9898368455,0.849413854,0.53166050675
45.559364078,5.4580496306,7.2235777359,-0.07124626808146,0.094899046864,1.2562451231,0.054285410657,0.82734950596,0.307758233639,0.49774087149,1.05287795283615,0.197199747187406,0.76114896397383,0.111940851725672,0.0081771208217645,0.0840532333754182,0.0117000105282155,0.0654939494907231,0.131709608346531,0.0145146740274314,43.4112883,5.0885057175,5.816862045,-0.2939572625,0.078685242075,1.0990709825,0.0313726472,0.68022448725,0.043505405,0.47087400275,47.63779425,5.8367919725,8.81569467,0.15132026325,0.11096144925,1.42854973,0.0773560431,0.942702032,0.55845624425,0.52785978925
46.556142337,5.7999760189,6.3434490466,-0.2173925862237,0.093529945299,1.3451524848,0.045575350152,0.93449649388,0.14937252907936,0.50153959396,1.11120035991501,0.211635901091354,0.721431616190328,0.109090674067835,0.00797418083731309,0.0863843950194959,0.00965550078438346,0.0484688155146349,0.100882714962853,0.0147698886310812,44.245340075,5.401017635,5.078704735,-0.43505239225,0.07790785095,1.18446243,0.0291673549,0.81421258575,0.0080536603025,0.474063904,48.618300475,6.239967265,7.92126018,-0.013391725475,0.108563604,1.5196887325,0.065504466875,0.995739102,0.3619617605,0.53179425225
45.23511131,5.2484675166,5.8264575246,-0.07953627768953,0.102756856106,1.2766277642,0.058336181003,0.95944291979,0.39689392593,0.4899176749,0.849334460876441,0.182344221361325,0.622704927763139,0.117493675152997,0.00849580671210767,0.0718312193701314,0.00893570916158084,0.0302955494601547,0.0868720690553664,0.0150089419100647,43.5985887,4.893465455,4.7420409975,-0.31662601025,0.085519337825,1.148198705,0.040938543175,0.88209126025,0.2372041325,0.46046351725,46.849315275,5.6090321725,7.15135643,0.15603136825,0.1189594135,1.4220782225,0.0749160785,0.99891103675,0.567815189,0.518873503
45.131523402,5.5428201201,7.1936555232,-0.0766447563063295,0.097500958224,1.2910371741,0.051010505983,0.91389744678,0.65189516964,0.51994740347,1.01726542994844,0.186417489975436,0.820856722338589,0.1516433556259,0.00918746606529289,0.0783129372991661,0.00949273099222814,0.0529914128933591,0.106855931562677,0.016293372659267,43.266618325,5.17676351,5.7761348025,-0.35495829275,0.079136266625,1.145466015,0.0335679242,0.79269137525,0.46122634,0.49025147175,47.19802665,5.9146657925,8.8915463725,0.22609161975,0.1155105235,1.4564668825,0.0702968754,0.99255116625,0.8864281455,0.55354098125
45.765261624,5.4137978157,6.8663903943,-0.08150269630844,0.098482058928,1.4232846826,0.073277680337,0.86551369579,0.63123286888,0.51511956435,1.10989504681713,0.198819628204529,0.776347935327005,0.14794192520482,0.0100844950060414,0.0901193587758772,0.0139150287449879,0.0492224754764497,0.112001058376693,0.0156582494632736,43.638955925,5.0214353775,5.5658975275,-0.3603589015,0.07810742525,1.2511075125,0.04530714915,0.76644771125,0.43637566375,0.4852578515,47.914716175,5.823635785,8.60234765,0.21508896725,0.1171231655,1.60083394,0.099845661175,0.96731697875,0.881439167,0.5495271075
45.432945245,5.6640005011,7.2513871321,-0.026611506772726,0.092658050278,1.28473252402,0.056696028659,0.91843658122,0.45166000028,0.49112338202,1.11262352517288,0.215387150180058,0.813276087807422,0.13252806482978,0.00875940745503076,0.08208804555349,0.0102975158119814,0.0443008569319173,0.106736486142374,0.0147015478210213,43.433095525,5.2557143,5.7353877125,-0.26765134675,0.074413014575,1.1224021375,0.035630099475,0.81687106275,0.24993902575,0.46373329875,47.620404725,6.10668714,9.0894531175,0.24584040525,0.109785503,1.448789575,0.077360500525,0.9918996175,0.6601608135,0.52085330025
46.073197279,5.729887031,7.0471162329,-0.14996168453641,0.09157967734,1.4898608768,0.060635357296,0.90644761324,0.52157765146,0.49288726864,1.1206055551081,0.221818774371938,0.798915732001541,0.143279770514136,0.00907960925017197,0.09465524402126,0.00959958001745342,0.0529061173443003,0.12177626074246,0.014330828143147,43.833600825,5.30827024,5.6729057275,-0.4470727195,0.07359833735,1.3256038675,0.043942489175,0.79081553375,0.293682217,0.4667430385,48.1275109,6.174576735,8.9206521325,0.11118130575,0.108499408,1.6857101925,0.08131457115,0.993107273,0.7756002885,0.5217881395
46.158072509,5.2376352068,7.0218390245,-0.0595282897675205,0.099378079084,1.6427702271,0.06941605984,0.97749116012,0.437042690154,0.49797039016,1.12466894245898,0.18630482355362,0.777955087150852,0.143669361996812,0.00873136424730131,0.089304051728243,0.00805280759280113,0.018838502965113,0.102215323206678,0.0140619999484954,44.140531525,4.896627345,5.66813837,-0.33823780875,0.082656714875,1.4687395075,0.054544369975,0.9299751395,0.24314326725,0.4702285595,48.47802875,5.6005542125,8.667222945,0.2205923115,0.11580375725,1.8287542725,0.084781850175,0.9989337745,0.64872638875,0.52589537175
45.888308744,5.9531866227,8.0828536295,-0.198332800049571,0.08072369488,1.377252125,0.040983126252,0.82647221931,0.261048091571261,0.49474991169,1.11747926441339,0.209994978111966,0.829874934200299,0.124105376024406,0.00789520083480886,0.0912523918272664,0.0085041545511133,0.0899792024617281,0.130331397518185,0.015675376395372,43.6125613,5.5408022825,6.57413944,-0.450129261,0.064647312225,1.2185218875,0.02592324235,0.61156383025,0.0255676587,0.46700519775,48.1473153,6.3751053325,9.8972012025,0.0506854963749999,0.0954273743,1.572016955,0.058705062475,0.9757873105,0.50777578175,0.526753491
45.455233772,5.9990001422,5.6086267221,-0.068285479969951,0.083876882381,1.3856972943,0.0419142097795,0.85879977733,0.58976723565,0.54191895784,0.841526947936038,0.214648584074716,0.634319652264674,0.146037854041515,0.00961335936701976,0.0854091442263582,0.011633271401447,0.109034159669228,0.114256877929023,0.0158472727483075,43.89230315,5.60889758,4.449238595,-0.3719273145,0.064567900475,1.22364997,0.021411108,0.60236576875,0.39247128175,0.512717954,47.143827075,6.435964055,6.9054599575,0.1998840885,0.10343206775,1.5655799075,0.0672999181,0.99645630125,0.82594322325,0.57369840575
45.077868181,5.6141013903,8.3709083398,-0.23720390397159,0.091887522312,1.2828219741,0.05180023269,0.90963789874,0.416624701603,0.49432484339,1.14472093150466,0.197796455690776,0.821370563777745,0.119523771115498,0.00803790996374424,0.0802950761420492,0.0086393187113863,0.0548707998088002,0.112177275647659,0.0150910836865383,42.63711005,5.227643585,6.8558069975,-0.46343233375,0.07624256585,1.119214625,0.0343336182,0.772829412,0.202747532,0.46683631675,47.269206275,6.0124067825,10.10277135,0.000546168123999926,0.10858483675,1.4394544675,0.070134200575,0.98864659525,0.64878157325,0.52470633
45.057538386,5.8775517931,6.9553891826,-0.15405137226787,0.094541620501,1.2600903141,0.040796387912,0.7421207186,0.433159851326,0.49563653748,1.08853575931161,0.20369570029921,0.805357772474371,0.120166643843567,0.00858530026057222,0.079821150371686,0.0121360743052898,0.131148934414028,0.145411191398194,0.0137360561581115,42.89659015,5.496886965,5.648280605,-0.38515786575,0.077911428475,1.1067416275,0.019808974225,0.46460976325,0.12200852095,0.4689967595,47.1424498,6.3246553725,8.8642796925,0.084006538875,0.11110628025,1.41676147,0.06447116225,0.97387582,0.68632905375,0.52225586
45.040754004,5.7207141642,6.1316106325,-0.002632762243785,0.101448713084,1.3938708288,0.046829979355,0.89869484753,0.51524674317,0.51161936972,0.946139261013731,0.21529064912415,0.724904818950452,0.145214599330699,0.00957249480156298,0.08857521220171,0.00890528076793904,0.0803924919122985,0.145831785642717,0.0157267713028211,43.25959645,5.3017314425,4.86103138,-0.2738881545,0.08422044265,1.2258389725,0.030049052575,0.68630730025,0.21145687325,0.4815449395,46.826857425,6.1407759775,7.738041755,0.28725828,0.12058114775,1.5641285875,0.0661369104,0.99564433125,0.789412297,0.543426041
46.02603917,5.8611640229,7.6465478507,-0.144882845884447,0.074103263657,1.4465388106,0.047846949642,0.87761253417,0.54869230584,0.49900478037,1.06313373746333,0.212403099491659,0.869862360176596,0.136797387363399,0.00793414210934094,0.0890130261035967,0.00927571032845439,0.0627315905337614,0.105036075300742,0.0128344426806786,43.972735625,5.4828130125,6.09367405,-0.4120310475,0.057867863475,1.2820072775,0.029152934675,0.7295003375,0.356512805,0.47442747175,47.99078275,6.3168240375,9.5201264275,0.11230948225,0.088524347525,1.621202585,0.064579147225,0.97103000675,0.76228560375,0.524732329
45.718290235,5.2126827468,7.3902391936,-0.022751570655696,0.108324323034,1.2402125281,0.044775128114,0.94002064854,0.52189703963,0.51404139111,1.1087479302162,0.190627563564945,0.766109258144647,0.133773998284103,0.00860561564408909,0.0747629914873969,0.00765152227981573,0.048971343238617,0.0913844579397978,0.0143420323358238,43.582004225,4.8787670925,6.06816067,-0.2861526685,0.09167264425,1.10689833,0.029914629475,0.81602070575,0.36004544,0.48635059825,47.92050025,5.6032534475,9.0204690925,0.235677038,0.1248958035,1.393895985,0.060135523525,0.998143102,0.71129060725,0.543669417
45.255906354,5.868744842,7.293142013,-0.01664625361671,0.104618324229,1.2198064029,0.044391686352,0.88641158002,0.59898946305,0.50676181406,1.15743959207568,0.229624955462963,0.839301518418303,0.145787081142768,0.00930650126118113,0.086946445169282,0.00978229665833275,0.0731781792186005,0.103299926869685,0.0161572860341801,42.932360825,5.4635894775,5.888927265,-0.30564421375,0.087188766875,1.0720707425,0.026627245,0.723952459,0.41188504525,0.47723772825,47.501013975,6.3276012075,9.06436468,0.2539040815,0.1237432015,1.4135705925,0.06424663935,0.990149937,0.82476832475,0.539777854
46.578542878,5.9400920802,8.3102595698,0.06753039559281,0.102473812006,1.2460580355,0.05319357498,0.93813719418,0.40138517918,0.4864893411,1.27228551473587,0.223038147482127,0.822862570632479,0.12490448126154,0.00783491745753361,0.0826328700943813,0.00860055518371473,0.0386980556589113,0.103448644025162,0.0133998833976316,43.8189742,5.520057705,6.84346444,-0.17939968875,0.087216049275,1.095351545,0.038032187,0.85239582025,0.2094483575,0.462057402,48.865474325,6.4122016075,10.0059227,0.31275574875,0.11724677325,1.41875326,0.0711136036,0.99572502675,0.61453188725,0.51432193775
46.326891962,6.1845014081,6.4375645612,-0.01223757478948,0.100640643145,1.4079275922,0.055369508999,0.96899343294,0.52916713129,0.49146116385,1.00787129171282,0.227097575294799,0.696075902158613,0.133268106270751,0.00792468149964488,0.0878788197307915,0.0080172637552173,0.0292987197122837,0.10592555496506,0.0137289319927996,44.35463015,5.763333085,5.2051472325,-0.2823848365,0.08539899755,1.2585347525,0.041294225825,0.889697837,0.33748881225,0.46565865375,48.257935625,6.66884941,7.8730266525,0.24303526675,0.11730414775,1.6032187325,0.072485583425,0.999319035,0.74581056825,0.519805517
47.561749379,5.6351831234,6.8818444287,0.03442683603011,0.099820595987,1.4199780306,0.059443142241,0.91370125616,0.68729242581,0.49803401459,1.10431452853047,0.208971876409658,0.723471645971727,0.168284005864019,0.00949676272055496,0.0957449561395536,0.0112054068831054,0.0495054725687504,0.122170732272609,0.0149198896529046,45.43191065,5.260134085,5.5687058825,-0.29612580875,0.081933165325,1.2518009775,0.0387395115,0.807288269,0.46260957725,0.46992010175,49.657105075,6.06335068,8.426157055,0.37013992075,0.118351954,1.62065188,0.083064659075,0.99082953675,0.9556849085,0.5297733775
45.951607983,5.5065987328,6.6887669599,0.20127089083992,0.110683361802,1.3083652395,0.048734171513,0.87752516772,0.318166824061,0.48476728503,0.914772164131583,0.195210259802244,0.74563322484276,0.112639829218727,0.00763429438543034,0.0816983302829812,0.00932383916179041,0.0679469986208215,0.131877554030551,0.0143661009761588,44.16941515,5.15898334,5.4208806925,-0.020061782925,0.09564247135,1.1730991375,0.03152019825,0.73096168475,0.042558301675,0.45716196325,47.763599325,5.93171782,8.32033136,0.410612017,0.1260675345,1.484537615,0.06743785055,0.984614872,0.58167481925,0.51434646475
44.425018249,5.7187128693,6.0762776803,-0.02361662030436,0.109441262937,1.3329415227,0.046537789965,0.89780242759,0.473201072593,0.50946173039,0.905721656026172,0.214397221433509,0.677586318810327,0.12306368605937,0.00858418155144826,0.0732451688809129,0.00962454413269973,0.066673403943656,0.113374376982858,0.0138548912066997,42.687389525,5.33364398,4.837208605,-0.25811257725,0.093324352425,1.20076366,0.026103454775,0.73009652125,0.24231395125,0.484625564,46.28159365,6.1374950325,7.52008343,0.22302574225,0.12640416275,1.4719518,0.06495636035,0.99368900325,0.7114988895,0.538418882
47.047637582,5.267671309,7.0410885742,0.016067901866752,0.09423682556,1.4769795773,0.079108491469,0.89660620706,0.453044082579,0.51096131784,1.07853317807898,0.192515718912839,0.723851268036273,0.148175558634556,0.00990483308301233,0.0954066842624493,0.00966045023323901,0.0353003516057532,0.112281863549906,0.0143784768281953,45.018751325,4.91072286,5.7957608275,-0.2603762755,0.074924889525,1.3020312,0.061983567075,0.81894909775,0.22763277225,0.48304933225,49.31237545,5.68677363,8.6095607475,0.307777783,0.114532481,1.664074655,0.09991174665,0.95514421375,0.6977959025,0.538811938
48.214401341,5.7958598532,6.6189596493,-0.05865572564786,0.0898599606,1.4006582434,0.064533409472,0.88518986904,0.53511776489,0.49591819522,0.951098474608937,0.204844882542801,0.756531520945501,0.140178821530708,0.00843270048558649,0.0987777515376375,0.0102184998745321,0.0419566121011935,0.0940036019449241,0.0141008545499985,46.176475025,5.4170403175,5.3193369125,-0.345919342,0.0724464839,1.2308546125,0.0440898688,0.787582161,0.3749772815,0.46929489975,50.014027275,6.1902228825,8.368662355,0.21243892125,0.10570133775,1.612471915,0.084772167725,0.95310341275,0.74209009925,0.52360049425
46.713007699,5.7310811956,8.1362122603,-0.12633595702495,0.086185297002,1.4040244328,0.042644867442,0.91065406565,0.162992558579565,0.49704969868,1.15452200939723,0.222450373120703,0.79712097728064,0.109356713637353,0.00755046137353715,0.0908634308042034,0.00827854772513765,0.0657552478299727,0.111489118449839,0.0145175549905131,44.4442456,5.317807505,6.7873930125,-0.32975283375,0.0719426467,1.230559075,0.027436909175,0.76026297825,0.00809810876,0.46887171625,48.96178075,6.194601415,9.9270010875,0.095976825325,0.10108191125,1.5850287325,0.05990075665,0.996589772,0.415877455,0.52515785
46.865959645,5.7228354864,7.3524874005,-0.18598221821649,0.094945823074,1.4577313892,0.044297650826,0.95784411542,0.5844096121,0.48170547603,1.16997584711792,0.208247273564337,0.830039329971393,0.149425593969112,0.00809883218007128,0.0908017792762095,0.007584206470968,0.0342838644914796,0.111493269331856,0.0132059195076723,44.6017937,5.3279103025,6.02051595,-0.469142655,0.079765917375,1.2888639725,0.0301675343,0.8711356535,0.386718761,0.457129473,49.3036323,6.1376135275,9.150525985,0.10324856675,0.1106895685,1.6388986525,0.05995853435,0.9978395795,0.81602140225,0.508631874
44.582921425,5.5753481278,5.9843504321,-0.0331231563178186,0.080544487578,1.3395676034,0.041554845362,0.93607759758,0.46537014359,0.50434926128,0.900856212327923,0.198773342993181,0.694976435260636,0.119524745154042,0.00822014196297044,0.0746175337582262,0.0076416274917273,0.0585173825490042,0.102946183249676,0.0147249552933612,42.78416245,5.20830555,4.799777285,-0.25801316225,0.06455623165,1.18875879,0.026916075825,0.79213510425,0.2804921705,0.47651656825,46.27171045,5.9742642275,7.4909797725,0.1904464735,0.096102585475,1.5023389575,0.056183697,0.9982053635,0.6877390695,0.535095378
45.66731951,6.2186944657,7.3530876822,0.1941205909723,0.096305988542,1.4134469629,0.052969372525,0.94526637377,0.3928336186272,0.50050012686,1.08780233808424,0.221115708965038,0.795460016968391,0.121130760521404,0.0079390802044957,0.0792462344471443,0.00872531536094148,0.0431032546500395,0.125275478463814,0.013934568856761,43.546219975,5.80766934,5.99185522,-0.059968735225,0.080636267125,1.26932168,0.038483048325,0.8363232035,0.05979570125,0.4741920515,47.784657275,6.6426577175,9.2182266025,0.4201283385,0.11122988175,1.587313955,0.0725836113,0.998130655,0.6094126045,0.5275062005
46.48784415,5.6831488674,7.258829272,-0.02785385111657,0.087719934018,1.2858181712,0.037306375663,0.8975838694,0.3176075095266,0.49013937809,1.03714731578452,0.206468932361178,0.776895843322787,0.123303009660727,0.00783670113195428,0.0766460683393197,0.00832778905797893,0.0735551601151775,0.130789949705643,0.0154473399622529,44.407620925,5.2661819125,5.880689995,-0.2877526565,0.07228729225,1.14415607,0.022266399525,0.7174415785,0.060013873925,0.46063533325,48.56877045,6.1209178525,8.9106094,0.21294824075,0.10308184175,1.4505770275,0.054424591375,0.995130316,0.56198911475,0.52087449025
47.921392693,5.5706563905,6.7111547093,0.02835480618594,0.09662879657,1.2601171931,0.043234721375,0.86586778063,0.456069802,0.49208239314,0.972956988867233,0.215358283394594,0.742516873611495,0.13836577858374,0.00916723969366806,0.0809973624203185,0.00995692705914376,0.0766193908045393,0.103858008602571,0.0151436398681219,45.97953595,5.1532994575,5.4192313925,-0.2259591565,0.0795191837,1.1111259475,0.024094235875,0.69252724225,0.27167232025,0.463938874,49.72114355,6.0086042325,8.2848149775,0.33369217425,0.1143718315,1.438175285,0.0651278581,0.97949924675,0.67984157275,0.52199370975
44.432954685,5.770830117,6.0326200061,0.00509921297796,0.104293041113,1.3203832426,0.06889077104,0.84381647506,0.60766714312,0.48900060562,0.937002040987846,0.203514417946711,0.659357914115156,0.144174578927001,0.00889298519137133,0.0837289078414447,0.0127699303389019,0.0656399020909923,0.111892445280351,0.014602123181521,42.58607275,5.414160365,4.8918118875,-0.269922974,0.086705338775,1.171495485,0.044737697675,0.69985576875,0.4087755735,0.460510407,46.185010875,6.189906365,7.404168295,0.27610705875,0.12212297675,1.4884353625,0.095087455675,0.95619541525,0.847740339,0.51812509325
46.377711647,6.0829098756,6.0550205879,0.0290329381284634,0.098894215686,1.4461503244,0.046866269511,0.93255761758,0.3019004795741,0.49621913707,0.895563832095017,0.213940810533807,0.655765769635331,0.127724393599939,0.00902411713528273,0.0868910094997712,0.00848241943821841,0.0600536552220187,0.108654961933948,0.0143889077402731,44.521292575,5.69568757,4.8960488375,-0.22277061925,0.08056025445,1.287593335,0.0320486488,0.768128058,0.0977428535,0.46868530825,48.05842175,6.5097087675,7.382341975,0.26600887625,0.11481997275,1.6317778075,0.06513975825,0.99789669775,0.5224643475,0.525690761
45.974133516,5.8591732149,7.0815584578,-0.285967108511,0.082925385702,1.3724059478,0.046040814525,0.92935652438,0.72786093314,0.50516122346,1.0509809621309,0.229147285516203,0.760583594053775,0.169868777086814,0.00968566801530957,0.101772507242979,0.00899833653775481,0.0522258743817771,0.128184742022582,0.0151313396704812,43.89304545,5.4354552525,5.8077522775,-0.62905243525,0.065164461875,1.1912600775,0.0290651728,0.79812291475,0.51132001725,0.4775795495,48.102934625,6.361011355,8.675976015,0.035681154775,0.1021716655,1.5902658125,0.065106859975,0.9957599655,0.99175453575,0.5342537625
45.34472462,5.8338451817,7.5571944009,0.20539412614858,0.100277081521,1.2755593654,0.052505074686,0.96201459376,0.5991593226,0.49563294617,1.09648225934467,0.233178654859285,0.791020735373552,0.149356344672396,0.00872357082136768,0.0815226448301007,0.00785691487054173,0.0312051770426355,0.112789713826972,0.0141691619011949,43.285875225,5.4060758325,6.25648372,-0.092093454925,0.08376355325,1.1337281825,0.03779753195,0.88044379975,0.3925191765,0.4712635855,47.465284175,6.3353209025,9.3607653475,0.51190318725,0.11736926725,1.4484452,0.067722125025,0.9979751885,0.841761309,0.524861885
47.168186217,5.8842536534,6.5896737101,-0.01765268514154,0.097455787713,1.363249305,0.05572170524,0.90501856089,0.50658968621,0.48601647378,0.98255659229705,0.209452172368046,0.761171871216197,0.134231571056915,0.00826290778745104,0.0823926502935726,0.00893028654589782,0.0487709704212258,0.102257313890722,0.0129603714189444,45.208213125,5.4860238525,5.2888716,-0.30004055875,0.081402622575,1.197736045,0.039610858675,0.80362824075,0.3125879795,0.46180927925,49.104353,6.3120259575,8.205281395,0.23871399075,0.113231124,1.524937015,0.07459528025,0.986469941,0.71478796775,0.5149069745
44.149616568,5.7946613087,7.4218739719,-0.02622287951522,0.099923285399,1.2898953576,0.043639266324,0.90981375162,0.49789880026,0.49954697881,1.09045181322219,0.211996209423221,0.77236490189369,0.113778651864847,0.00754050248574413,0.0691698672887533,0.00891979734506486,0.0698926065393743,0.110286422818208,0.0140371374662579,42.023836425,5.4001282175,6.091021875,-0.25697741175,0.08548722235,1.1604474925,0.027843395325,0.742932533,0.30889979825,0.474214355,46.263334825,6.21093026,9.1814967775,0.20022205725,0.11440371425,1.4350299475,0.062047019625,0.99734366275,0.7376379455,0.52891421825
43.802578129,5.373675476,6.154828195,-0.00125215388412,0.097701306517,1.3819345523,0.062807752782,0.86803706018,0.6246157832,0.51667184765,0.934101874178763,0.183201284423218,0.672161083158122,0.140660804954522,0.0111751590744554,0.0833436660479844,0.0120105560847775,0.0842341951922704,0.127965635892151,0.0160975032579855,41.9800695,5.01833359,4.9724716825,-0.2870407845,0.074672816075,1.2230582475,0.042267886575,0.67964275525,0.3862934695,0.4862753695,45.6587813,5.7523194,7.5817082525,0.27384557825,0.11915588775,1.5451243325,0.090027089925,0.99559126875,0.89549289725,0.5476806515
48.432021696,5.732124434,6.4425195204,0.31732150512999,0.120333980334,1.3797445142,0.068240429788,0.95096916042,0.513670127738,0.49069486576,0.944785920693104,0.211833961497416,0.725282052968259,0.149202415084862,0.00912356162974233,0.0949501436998252,0.00921549587735023,0.0304690676749852,0.113963872871743,0.0134732465195285,46.6540917,5.3216502175,5.197654065,0.020119977425,0.1024602025,1.21424537,0.05069270225,0.8754233955,0.282267824,0.4660727725,50.321002525,6.152064525,7.9041440075,0.61692363675,0.137672167,1.58578555,0.087300705475,0.99579405,0.7242150915,0.51625817875
46.327010734,5.5008303097,7.4957757521,-0.0045868388854557,0.093894039465,1.4181770626,0.057986495411,0.95000564323,0.14125564975798,0.50621120019,1.1456058502145,0.201691371380383,0.867695056976687,0.119222615896571,0.0075570717108073,0.0916947818683012,0.00816602226302669,0.0308547692627352,0.0888121166915142,0.0148206627088026,44.054505375,5.10753431,5.984925475,-0.23190396675,0.079104500225,1.2447470775,0.04129421415,0.87708187425,0.0080616073175,0.47819260575,48.4084182,5.9222746425,9.29411473,0.2374904265,0.1091046795,1.600170815,0.073500145325,0.99363349975,0.32156718675,0.5351843535
46.806994164,5.4391743321,7.7602243571,-0.06820278522033,0.108449914978,1.2877059027,0.054017961802,0.85880385508,0.51684833097,0.48743331259,1.19238272765298,0.212395970390675,0.81506488606956,0.132301199628664,0.00875938353435486,0.0842399939059438,0.00979897935660728,0.0746240164141762,0.117507969639257,0.0142647294948423,44.372886675,5.04774787,6.416643465,-0.32631950275,0.092262072425,1.13707536,0.032992518525,0.69572789725,0.28079067325,0.460053738,49.21630255,5.8419211175,9.5032357575,0.19818410325,0.125920701,1.46004613,0.0705240519,0.9844440375,0.75742015525,0.5160483865
46.206769518,5.4507199213,7.1433348736,-0.18529153172166,0.092461265977,1.4224275585,0.046936092377,0.89545641858,0.44893736084,0.50336336052,1.00043079829041,0.197443680514705,0.781646386012205,0.138214044639163,0.00870232257890196,0.085596749685165,0.00841009429501291,0.0600030799316288,0.0966854220945545,0.0134608964123741,44.1801108,5.088735915,5.8102454225,-0.452003322,0.074713099875,1.267159625,0.032508208825,0.76655841275,0.256845809,0.47911532125,48.0782831,5.8528387,8.908790315,0.0901861342499998,0.1095902865,1.591448495,0.064658110675,0.986748348,0.65151966275,0.531034865
47.438575934,5.5161196798,6.0852768928,-0.108744677665667,0.098985538071,1.458708032,0.057911191461,0.97173497836,0.66738518251,0.46827071403,0.889832354179731,0.205563567037294,0.695040944435133,0.159268889428508,0.00873252777493366,0.0984865348401712,0.00972860521914293,0.0259817662153501,0.0996210466600468,0.0132360675077669,45.62802695,5.130557395,4.86459805,-0.41234434225,0.082355985675,1.2838711525,0.04026563765,0.9020718825,0.4883322325,0.4433872935,49.088126125,5.9193920225,7.62854719,0.1939806005,0.1168002115,1.674459905,0.079496868025,0.99883418375,0.87808460975,0.496251732
48.401260088,5.5133776022,6.0400787537,-0.11845300458624,0.095856974986,1.1796305178,0.0316287945409,0.85930587497,0.442249754008,0.49501318162,0.962707166119365,0.203140576167274,0.645899941451932,0.128715716260632,0.00835661141910385,0.0919858070171793,0.0106347783189009,0.116128389476751,0.118500409637662,0.0147523927012899,46.428373675,5.13217915,4.856388055,-0.3772837115,0.078859566975,1.01836544,0.013139285375,0.577447909,0.18389326,0.4678724555,50.366697125,5.9245525525,7.396104875,0.13333191775,0.11151543825,1.377751575,0.05302495,0.99459567025,0.6622953805,0.5243627975
46.90988679,5.5717575524,6.1633474299,0.083316584355548,0.101344548567,1.4000824013,0.064013834993,0.89778420093,0.485835936805,0.49661522175,0.993175403308713,0.209373099706066,0.709053222271722,0.134510851775752,0.00926895838557719,0.0949726551453726,0.0125775055623722,0.0523987453745042,0.115885728679032,0.0152340489040593,44.8764265,5.172914225,5.0007055775,-0.19303103925,0.081599276825,1.23183127,0.039231886375,0.7798004515,0.253380984,0.4690968265,48.82036005,6.009245025,7.7507429925,0.33423205775,0.11895961875,1.5911436725,0.088157949225,0.9849569865,0.7240687005,0.5289648515
45.528619451,5.5471211518,6.1653995471,-0.006109772479596,0.105996272332,1.2843291613,0.063874088089,0.84863033157,0.5260503153,0.49741465808,0.915853384750887,0.199807668641816,0.681778586214256,0.129717531556014,0.00927278621599112,0.0806406187459174,0.0126118842388669,0.0647348542178023,0.112963272160441,0.0146643849971033,43.6326385,5.17129706,5.03593216,-0.2628192985,0.089079330225,1.1304573275,0.041387557725,0.70246149875,0.32377485575,0.47035494475,47.290409125,5.95617223,7.66542926,0.25007275275,0.1243288015,1.44253371,0.0884850002,0.96560557875,0.7675763735,0.5265357085
45.792529117,5.9136824923,6.569345772,0.13771963894074,0.095442248906,1.3479547066,0.048863442003,0.90111445701,0.49681164728,0.49494909908,0.939790076914877,0.214031040834627,0.717426160190988,0.137161008935514,0.00875862838185578,0.0920510180384683,0.0101528877593124,0.0663547198206848,0.112759396807266,0.0143167489069732,43.762505275,5.53532255,5.331001165,-0.1281911725,0.0785141846,1.177132745,0.0322478061,0.75136700125,0.27991135475,0.469565041,47.517354525,6.3418928825,8.1169237825,0.42198708225,0.1129457485,1.52682336,0.07079218915,0.99368798575,0.72706805425,0.52308926675
46.835235588,5.503541332,6.3076564408,-0.053797387031693,0.098582867288,1.3148236392,0.041942451152,0.93201973205,0.3891038036441,0.50229048982,0.983726314553736,0.189960163367146,0.712090804711234,0.121208965571178,0.00793047138098208,0.078889031151168,0.00726978121605883,0.0546265059295534,0.11340250819676,0.0133939702650137,44.984843475,5.1537650875,5.0585239575,-0.2863156885,0.082807734325,1.16392522,0.0283220858,0.797680377,0.138633653,0.47749463575,48.90174975,5.8946812375,7.819216135,0.18480189525,0.114161253,1.482715125,0.0565395494,0.99721367525,0.6037000065,0.528838932
46.314731283,5.9127389835,8.0191581286,0.0176184094856762,0.09553772628,1.4560311538,0.043977628536,0.90685356213,0.27989431051039,0.50120498397,1.1706725053877,0.230655123240436,0.857203478571111,0.136739120474123,0.00869293894583768,0.0923201266851338,0.00936492984383648,0.0661157889288131,0.164090167887407,0.0159111104640605,44.108685825,5.4915759475,6.5147748775,-0.2512285045,0.07955059695,1.2855015825,0.02541995055,0.755835357,0.013642696475,0.47220647125,48.680796475,6.38303819,9.8644155825,0.288343896,0.1126797535,1.654976065,0.0618016813,0.99448053325,0.58576821925,0.5349108495
46.024036496,5.7979400669,6.9162464727,0.2411219796831,0.104057827649,1.2717878978,0.039686779842,0.89928011315,0.49044419965,0.49630074616,0.94411396217587,0.210422521556315,0.728467852980244,0.133419213640758,0.00832054355384768,0.0833620228740859,0.00863542013407874,0.0769928373518559,0.102051728179909,0.0136427410122569,43.933402825,5.4156705225,5.6814414975,-0.023617187575,0.0877233062,1.1023635,0.023433363025,0.71444063575,0.30627625275,0.47149737375,47.7935156,6.21306555,8.62609028,0.4929166525,0.12020732575,1.4310733275,0.0573830327,0.9938433235,0.704438614,0.5232164895
46.816567551,5.6078033005,6.7416784071,0.05523872343898,0.109507149195,1.3472562081,0.052320641587,0.92865657548,0.56527757903,0.50275918846,1.07531191917496,0.210414805599437,0.732035867544582,0.138091955652978,0.0088706429954347,0.0880496165919974,0.00952572341276392,0.0516714971134066,0.0989557209937169,0.0144724088929103,44.8787466,5.220717,5.4194307075,-0.21715439975,0.0918667865,1.18290315,0.034316553925,0.81308967225,0.38087017525,0.475929297,48.99797695,6.0432272875,8.1870434025,0.31197983725,0.125432871,1.5257741625,0.07192755635,0.9968538985,0.76916440775,0.532024499
45.730491858,5.6688638114,6.842799221,-0.08753069241889,0.091911193969,1.3436928718,0.049408957964,0.87563725415,0.469105707642,0.50610479798,1.06963973638984,0.206854437111275,0.723508040367189,0.132472220448497,0.00871597870679043,0.0859532255116922,0.0100783115124273,0.0669992848262106,0.12431235811785,0.0151592481200841,43.571359025,5.2892753175,5.5073700975,-0.36612655425,0.073703270775,1.18668259,0.029164387225,0.72742091625,0.22725445125,0.47809397925,47.761517675,6.0925890325,8.30193941,0.16474776275,0.1081578295,1.5155411225,0.070101467775,0.98371567175,0.711312334,0.53775255975
45.909475073,5.8022455223,6.0097163764,-0.006486309063515,0.099060469608,1.4225025194,0.060911520791,0.95956803718,0.56040468878,0.49955901501,0.886180304264831,0.197112244339099,0.702326305951678,0.146788602828536,0.0100091026157172,0.0834862974721155,0.00846219955936806,0.0333201297051924,0.106552743297599,0.0147945959284437,43.95434175,5.423855655,4.8621622825,-0.2891419105,0.078737035,1.2690110325,0.044701901925,0.882439138,0.366063184,0.47200479225,47.553891675,6.218016965,7.5708664925,0.278737834,0.1185320195,1.605817395,0.077685035075,0.9983918815,0.79551459525,0.52977413675
45.654907731,5.7704472139,7.5392032671,0.15981257205746,0.104360695018,1.2773156726,0.049212281237,0.85584955745,0.3194381952904,0.50498271397,0.982066631392823,0.200377405807741,0.744425743152793,0.110507808151437,0.00735008031981217,0.0749483058083517,0.00885435269003028,0.0681674912413693,0.124550536934228,0.0142054254894646,43.855141,5.3849681225,6.2958195525,-0.049887295425,0.09012288225,1.1298049775,0.032241409175,0.69940597775,0.055509549275,0.47715256225,47.479125725,6.18729802,9.18090316,0.37404546,0.11971103775,1.426107155,0.0662082778,0.970808372,0.5642575705,0.5334219485
45.319677822,5.4797756349,6.6378055182,-0.2182406813315,0.09666444279,1.2577697308,0.044692149422,0.90543395879,0.44974571275,0.54005594632,1.04968961528521,0.194097865163508,0.722652598461737,0.112884212630817,0.00800095819935861,0.0784658820496007,0.00972288372712617,0.0740020405170342,0.109796749717713,0.0157608852819339,43.365126025,5.1002322175,5.37782313,-0.451329411,0.080705067375,1.1164705475,0.028368739325,0.725155769,0.23181090925,0.511163875,47.444108675,5.85903091,8.260518155,-0.00848977218500002,0.11281844425,1.4275048325,0.0649694252,0.996263792,0.67707553675,0.57350982925
45.541411705,5.9050334742,6.8382535506,0.18279004402724,0.111686383943,1.413218019,0.049469328769,0.90003608639,0.46939924716,0.4999917052,1.09543235573328,0.225778620926704,0.73306618125047,0.130120382133131,0.00904575301995339,0.0847667447718692,0.0107183195753347,0.0727886971021823,0.120625257946866,0.0149858126466278,43.40823775,5.495007805,5.6200626675,-0.05843092965,0.094254039375,1.25878622,0.031079207975,0.72170803325,0.2608249035,0.47101974375,47.8043055,6.3552309825,8.4515862875,0.45425742925,0.127775096,1.588452215,0.07262167745,0.99437089475,0.724757295,0.53049179125
45.913173966,5.5878101599,6.7169320427,0.24965795613086,0.114382742953,1.18031654949,0.03285744247059,0.7428218373248,0.426001142828,0.5032385417,1.01973394336149,0.216333161300624,0.726967962529778,0.125719232766203,0.00855408842870947,0.0807970360238196,0.0157372324606382,0.205982172542119,0.134345790149412,0.0151373681151235,44.125911025,5.1958365875,5.406501255,0.0059402485675,0.097740468725,1.0276029675,0.0038619517375,0.33927100825,0.1241251695,0.47421570775,48.057250325,6.032496315,8.3173203125,0.48228263675,0.13126323775,1.3482410875,0.0702786406,0.98494192975,0.6789527245,0.53457183475
45.479719795,5.2075726283,6.9840135388,-0.05392613960797,0.091807709414,1.3850607499,0.049272947389,0.95048017005,0.63397941992,0.48808509791,1.07347341186134,0.189862116815406,0.734151825053081,0.152103943039873,0.00910873577078104,0.0839465921918538,0.00830865978383803,0.0430346183235654,0.10495703349971,0.0144862552465205,43.51724445,4.8704459,5.75383982,-0.33035788,0.073389072175,1.2269391775,0.03468227475,0.8429135065,0.44036849225,0.4602156015,47.5670106,5.579713585,8.5745464825,0.27686403925,0.109568398,1.5585109475,0.0661177611,0.99794769325,0.8489421125,0.517272452
47.100753753,5.715518513,7.8042084244,-0.05548003779608,0.094927722137,1.4089641295,0.049506041318,0.91927696146,0.5602323217,0.49429959369,1.22317559520991,0.212800066005752,0.816776674403142,0.154456577196934,0.00995105685897348,0.09648070479488,0.0103208550806183,0.0550706834200921,0.109493344325072,0.0159390576471245,44.71701785,5.2976013525,6.386046875,-0.35740874875,0.075026865825,1.22638535,0.030962052225,0.78182378675,0.35290367675,0.465852796,49.533583975,6.14368462,9.571883035,0.23844347425,0.1138209275,1.61593173,0.070624791725,0.99568613675,0.789266933,0.52718194625
47.545331782,5.2813363179,5.8826652619,-0.028993373827397,0.102482063308,1.4104614534,0.057186142093,0.89154862332,0.333123978114,0.46953809989,0.884503503944353,0.209442251381627,0.639425896750649,0.139051110819169,0.00950001334882674,0.0898200643673211,0.0112204504041924,0.0490923589192386,0.10926712873889,0.0137732916019817,45.810614,4.9098749125,4.7608943375,-0.3018303385,0.084552816575,1.240374565,0.036060067025,0.784196286,0.11915494925,0.44353130825,49.2815911,5.703089015,7.1970538875,0.24312836925,0.12106871125,1.5807328075,0.07834992355,0.9775493575,0.55866304275,0.49778033625
47.040790683,5.7083113243,6.7214511141,0.12066727745228,0.099481164465,1.11927737713,0.0382650143088,0.775978709,0.55964510329,0.49145571747,1.07626581745363,0.205756576476395,0.693819396036452,0.132049816291727,0.00885727312038033,0.0763469502483324,0.0120505679301609,0.120608972652762,0.105528409044543,0.01456765087451,45.00381795,5.32017478,5.44225524,-0.13104701725,0.0829053478,0.974447818,0.016927637125,0.51281170975,0.367801509,0.46418604525,49.22869985,6.14287445,8.149699025,0.382071583,0.11685147075,1.2830407,0.0609761989,0.983731855,0.77600881925,0.521024517
46.048308614,6.5046462519,6.5139429952,0.0395390378801,0.10339117125,1.3704366933,0.048030191808,0.9509432736,0.3084576234262,0.47960474706,0.953397427679703,0.237734789129075,0.729937994237755,0.120451303768248,0.0077317246756804,0.0849898015534948,0.00840836709548533,0.0388007680608528,0.130483188631277,0.0149925907266254,44.200057075,6.074171605,5.30693598,-0.2143017305,0.0879795349,1.21809588,0.032805360475,0.854605854,0.03796489675,0.4502942825,47.90191015,6.9738708575,8.080155925,0.2624687435,0.1190168255,1.5455123075,0.0651816596,0.9972480035,0.556851389,0.5110096155
45.215532809,6.0189553426,5.6378704613,-0.2082288443478,0.099387781387,1.20020682957,0.057815134733,0.93552748189,0.4993440106,0.53853571148,0.840935917140358,0.217336195233355,0.686302408376464,0.131035663893916,0.00900273460931801,0.0840229612602646,0.0104346910293141,0.0438859871816232,0.102973153596791,0.0158921882228469,43.513064675,5.6016610875,4.39399857,-0.46424283425,0.0818201422,1.03647046,0.037069598725,0.8317145015,0.3165368435,0.5067641025,46.838796025,6.45747937,7.158810415,0.0502600080999999,0.1172606985,1.3683092075,0.0790266223,0.996802527,0.71226240775,0.57044759875
46.636051837,5.7090665731,5.8236986424,-0.19792795236546,0.084350709172,1.3145193885,0.042754355084,0.91140535694,0.62567115471,0.50780926384,0.836100791161946,0.196333564242633,0.672809635531712,0.151956676412565,0.00929950362297469,0.0871552200477364,0.00913970950476732,0.0632690483458549,0.109490187934512,0.0136726798960644,44.9740298,5.3170001375,4.6859800925,-0.51089940675,0.06650662335,1.16037026,0.0271947715,0.75764718975,0.4004704955,0.48104766725,48.209944375,6.099898655,7.2103251725,0.0763741175,0.10168595925,1.4920898625,0.061706536075,0.99619792175,0.85367943425,0.5337663265
46.959401589,5.7676908751,6.8936387132,0.120849184518646,0.099497796194,1.3348376154,0.044098896083,0.88265675456,0.43374963986,0.49861498012,1.02962780292935,0.205999707012948,0.767876542413077,0.133601379656056,0.00871268156829658,0.0933017014429909,0.0112557297329942,0.0724095687263534,0.11660960304592,0.0144992726455976,45.0800997,5.3759403575,5.664831515,-0.135214645,0.083273708575,1.1627165375,0.026978534175,0.718867727,0.198084877,0.47213986725,49.0779856,6.22586232,8.7482076475,0.3938232175,0.11773604425,1.514153665,0.067829379775,0.99064018,0.66311840275,0.5287899585
43.746810936,5.4585975231,6.5724401601,0.002281956250501,0.101135189837,1.3605096919,0.041984156249,0.88250884923,0.49162396374,0.50374117359,0.995801143677003,0.199750792792267,0.687243283017084,0.136034251538838,0.00914736889486386,0.0884875072430232,0.01072876584426,0.0824749740061521,0.112517275324845,0.015960490726997,41.611125075,5.083948955,5.38484966,-0.26920833675,0.084157117175,1.1957275325,0.0238906906,0.67375783825,0.27718249825,0.4751136185,45.678500225,5.8509555425,7.9800046375,0.27059308225,0.1189171315,1.5398320875,0.063933489525,0.99350421475,0.723190603,0.53552894225
46.498609341,5.4966613777,6.1684467544,-0.02737999077995,0.092154917426,1.3538536874,0.047879152104,0.94988235615,0.59969531415,0.50858487789,0.87226829418165,0.180235496005498,0.689525417648621,0.143939739699795,0.00866195071847785,0.0827845801202898,0.00775453870501446,0.0385392428655377,0.106885585945883,0.0137826855294627,44.706567075,5.13264766,4.9652898925,-0.31241210775,0.076058294375,1.2001860125,0.033297399975,0.8559041165,0.40593736525,0.48092180275,48.14517785,5.8642148075,7.6670891225,0.2474145725,0.109784757,1.5178316575,0.06349389835,0.99720163175,0.820723041,0.5361423115
46.026451101,5.8156552375,6.4801963576,0.04080066894578,0.101438819938,1.3714806726,0.053491281398,0.90109400059,0.3281487642908,0.48391856299,0.949406618846388,0.202243979089332,0.725086573638985,0.119840523636476,0.00880960232520562,0.0785269480685918,0.00837367087681253,0.0573627397348961,0.114955912965176,0.0140602404421193,44.240668775,5.4370204275,5.24351061,-0.1788514165,0.084020318675,1.220585035,0.0366306619,0.77995957925,0.0725125151,0.45826281875,47.909584425,6.21356806,7.96657796,0.269858477,0.1184542615,1.53009599,0.070030935175,0.99446805375,0.53798418575,0.511972556
44.544880738,5.7911263881,7.8107188507,-0.03080526303798,0.092050257955,1.4268454228,0.047218769485,0.84604217986,0.473217673197,0.48885561053,1.13299724267887,0.209105204882048,0.82479236104719,0.136751377600823,0.00841032308242387,0.0816052001334897,0.0109310424055636,0.102680042893111,0.14097145544522,0.0140466252223185,42.442382175,5.410519315,6.3919361825,-0.32695333225,0.076581094025,1.2791060275,0.028349222225,0.6286980245,0.18188786425,0.46269712175,46.801747325,6.2419814875,9.6983541575,0.2234550105,0.108460408,1.585658845,0.0690388028,0.993145178,0.73365499075,0.51778371025
46.456540256,5.3786364698,6.3347748502,0.13217729482709,0.10889757009,1.2962856943,0.033333650691,0.88419959384,0.395357255097,0.4939606785,0.966193046084811,0.192582168976673,0.735890029591714,0.122210372055195,0.00858904534617367,0.0785669406007813,0.00810051019428226,0.0880560477823683,0.102919879107801,0.0142217630838486,44.54715365,5.0118417125,5.091331,-0.1074368095,0.0925203257,1.1543044475,0.01845164955,0.66878355025,0.197692703,0.46712164325,48.331606475,5.7395554775,7.9083135825,0.37500195825,0.12650096825,1.463924605,0.0511411236,0.99348300075,0.603116201,0.52352332875
46.684165941,5.6816803998,7.6722391025,0.07901820351216,0.089559765195,1.2529422229,0.033082472238,0.8859196248,0.62142310169,0.52410173286,1.01061676695734,0.206196616985766,0.874003027732272,0.139025757979066,0.00858471016678073,0.0787096986933236,0.00776171076784426,0.0843348000292887,0.113961864906152,0.0156191612945449,44.794092,5.31721917,6.0450342475,-0.19684914225,0.07450586215,1.1175870375,0.018898440125,0.6665210435,0.401544349,0.4936604585,48.749367,6.1218828175,9.5438516475,0.35051720525,0.10631755925,1.408433935,0.048877489575,0.994933609,0.84212431975,0.55520492625
46.432993277,5.4394730885,6.1590805513,-0.012439747814278,0.104844300874,1.3663758905,0.046161202198,0.93226296988,0.368585070425,0.49044199945,0.94993259010687,0.199120701669563,0.65474940937133,0.123305489956347,0.00841869316234338,0.0824919824550405,0.00796776805200522,0.0494128066480912,0.112083194434365,0.0135152483328126,44.56545155,5.082936245,5.0317704975,-0.2597132275,0.0886585425,1.2096225525,0.031194102175,0.8141792625,0.14716807275,0.46498025025,48.25007005,5.85216071,7.5827849525,0.215549243,0.12147480825,1.5263630325,0.061858930325,0.99670353575,0.58599076525,0.5176505795
45.57279242,6.0628308104,6.8379929659,0.12410102906099,0.107971978989,1.2535680544,0.037741592533,0.81101875813,0.444598585118,0.49283281903,0.913684760815559,0.210718588247139,0.760435723177986,0.122532969570445,0.00887517219851037,0.0686675871025154,0.0103215768683567,0.110599816985105,0.111587087429176,0.0139694177261239,43.861911275,5.6760122275,5.50990352,-0.1335849185,0.090261197875,1.136941565,0.019275204775,0.57462297125,0.21948500925,0.465289392,47.3561314,6.498415635,8.3577941775,0.34007833475,0.124662828,1.407537215,0.057754947025,0.977136647,0.66767184825,0.5205195855
44.77602311,5.630431271,6.8715520361,-0.090654709919659,0.089424797309,1.4442318474,0.054751763919,0.92779114058,0.403837358597,0.49855336571,1.01001799552026,0.200435346297791,0.70958205125842,0.125892503918055,0.00863765666880539,0.0846005404284531,0.00897361403589739,0.046466427920349,0.12550435115013,0.0135506892327324,42.881787025,5.2475946075,5.666595905,-0.33460411825,0.073068202175,1.2967870225,0.038334003375,0.8185828475,0.1506545195,0.4733498515,46.706438425,6.0788006575,8.36449398,0.149493835,0.107050028,1.6215476475,0.073980924475,0.9962907265,0.648762386,0.5267104465
44.995669544,5.8237642677,6.3291408244,-0.06784347667982,0.104560146858,1.379890199,0.062122409222,0.90168458559,0.52523380167,0.50155903616,0.931758217306036,0.21217778444697,0.67206742127809,0.129681295007425,0.00977515006707625,0.0906128164926509,0.0128749324875422,0.06516202372305,0.12453754177942,0.0145031780549877,43.028112375,5.43542222,5.1759537625,-0.30254315125,0.08530769165,1.2231935575,0.037141360375,0.7517975995,0.2869342575,0.4751109845,46.81378065,6.261632055,7.839377365,0.18877762875,0.12317545975,1.57965855,0.08867938175,0.9915149685,0.78649279725,0.531387903
46.255231228,5.7952516202,8.1420383641,0.13577447334273,0.101327279686,1.3177201925,0.043464267083,0.94791039465,0.59653460715,0.50162335066,1.05414741148482,0.207999670658067,0.813970447956148,0.133287245550633,0.00784797132750771,0.0739989487955833,0.00701706671921704,0.0415675542225964,0.110377621552859,0.0140639312316885,44.21306785,5.414769085,6.67378211,-0.1402400055,0.085825582125,1.174542235,0.03072546995,0.84973452625,0.39968649125,0.47404102125,48.268161175,6.229522355,9.862763655,0.40021440575,0.1168129345,1.4700190375,0.058868744225,0.99786347575,0.8309752745,0.5293418415
47.162074402,5.4380914288,6.915848373,0.064768492592296,0.098182681657,1.20348240375,0.05528233713,0.8271818184,0.56132155268,0.49241509187,1.03139481135761,0.214424415834221,0.750805824862422,0.14386039242741,0.00946232696092921,0.0906224750829441,0.0114006444347121,0.0640720999675871,0.111328332579984,0.0152576208999396,45.1034698,5.048813015,5.566322565,-0.2080876045,0.079732845625,1.0343451925,0.0329833303,0.68874651325,0.35333198275,0.46398466375,49.266540575,5.863292165,8.5338800425,0.3412640195,0.11570493725,1.38403722,0.077344372525,0.94070071475,0.78142938875,0.5236407565
46.84373995,5.4633553102,6.2686498125,0.109107454464331,0.109155468025,1.359033579,0.061910571923,0.92751429206,0.303156065726,0.54072624119,0.907358183830499,0.177263908260478,0.643598643010037,0.121969307352179,0.00854901162180671,0.0840019742369403,0.00815809985661669,0.0404860497498125,0.0989407019703245,0.0152964806636764,45.051812075,5.1300703325,5.12397139,-0.12257477225,0.092333018575,1.2040009325,0.04622645885,0.83789082175,0.1132526735,0.51106685775,48.658673725,5.8089577925,7.6058408125,0.35178448325,0.12517053,1.53105781,0.078020720375,0.9888717545,0.51526630325,0.5716933475
46.752525201,5.5165145372,6.9044465699,0.103970110451045,0.101054857299,1.3751175855,0.049875383511,0.95537184456,0.4984803215,0.47960517462,1.04044914430794,0.209673058435263,0.746792581966673,0.149564840357716,0.00872348976635923,0.0894563101511016,0.00955691218194716,0.0347938031594634,0.103488211936331,0.0142719790020676,44.847573575,5.13512368,5.586948315,-0.19268231275,0.084436104925,1.21919126,0.032882298825,0.8725478345,0.3041022755,0.4530815405,48.8499439,5.935752555,8.569076565,0.4035411065,0.1186277155,1.575265645,0.070211714175,0.997911425,0.71218257475,0.50796089475
46.26742133,5.7202380073,6.692954143,-0.03743142421264,0.096945770019,1.4703200127,0.053282811093,0.87969589862,0.19288571211069,0.47942814382,0.936812276949475,0.19986097157388,0.74967965634242,0.121373806058177,0.0080021287476468,0.0920234043357651,0.00936449709833051,0.0655504786966823,0.130257056683886,0.0139646965482762,44.4371472,5.35266209,5.4381451325,-0.26989398675,0.081715209525,1.29746299,0.036643716175,0.73626799875,0.008942567165,0.4530240935,47.974747525,6.11225643,8.31049373,0.197494436,0.111894902,1.65020715,0.073103887075,0.97845705125,0.475515955,0.50728623125
44.206535607,5.7552339424,7.4180896857,-0.193879106218262,0.101162920015,1.2389150905,0.046963137985,0.87345302788,0.59425281403,0.48725088908,1.10396220369551,0.195632302665859,0.867174715504796,0.126982274431628,0.00743694921384099,0.0691000488279469,0.00879293292087668,0.0793930089584169,0.106051934141636,0.0131832433862567,42.060968275,5.3722585175,5.91017822,-0.43585588925,0.08726527165,1.10264483,0.0302323571,0.6936765,0.40670349925,0.46227652975,46.3833072,6.1335343075,9.270786215,0.063944293025,0.11634224025,1.3704232525,0.065462867325,0.991031718,0.82884028175,0.5146766575
44.445885792,5.8231353542,7.5376576644,-0.21307421188035,0.088923412334,1.4018991988,0.044140117303,0.93519094495,0.445593823155,0.49033729389,1.09425622710888,0.226368618017212,0.815075370479258,0.133988652414809,0.0090299769189382,0.0928218772098947,0.00895787757079135,0.0507864374495419,0.129977228369721,0.0152354697742544,42.2774659,5.408127405,6.222196295,-0.4789303065,0.072109771175,1.2358003725,0.0287445724,0.8091896285,0.17501641275,0.46194131625,46.529873925,6.288476225,9.36999581,0.048164707625,0.108118637,1.58958117,0.06447192055,0.9967746705,0.69283531575,0.5219915525
47.211205652,6.1417248056,6.9542319462,-0.098136672840174,0.092630878247,1.3346598987,0.054768989653,0.94401029122,0.41205739968,0.50848128852,1.04061962641965,0.222932142934897,0.766944617817849,0.130560623774379,0.00834892708798121,0.0926697278199613,0.00872331364302388,0.0440465531498934,0.10473549865487,0.0148192244324772,45.12572065,5.73614114,5.6968648125,-0.3545997925,0.0756027264,1.1585367625,0.036466760025,0.82777552775,0.2205257935,0.4805774665,49.2125213,6.5896984125,8.5595307875,0.169090867,0.10906868775,1.51541351,0.0721274558,0.9967750345,0.624441142,0.53802278
45.249060674,5.3669649971,7.7912649117,0.02264591707347,0.091391992756,1.2350718389,0.038993389648,0.87845374938,0.50769195569,0.5046720353,1.18490617414376,0.184694418300944,0.815450019168952,0.1242549273499,0.00806409586921141,0.0728670962154353,0.00941850867771436,0.0709591202263035,0.111322290807674,0.0136211614987913,42.701867575,5.025428515,6.3746184025,-0.20575644475,0.076826115425,1.10154413,0.022718731575,0.7214556735,0.276259967,0.478669212,47.3657261,5.7374516625,9.673350805,0.2777957385,0.1076826615,1.3852925525,0.058596894375,0.9898071955,0.722465314,0.53315922625
45.286340265,5.9986085475,7.4496599793,0.05785550199191,0.096571515013,1.3812509662,0.046872728699,0.8842063435,0.352498933764,0.51352849873,0.999271561319749,0.214171660458106,0.755828798786273,0.123819063453546,0.00877235257457677,0.0865430863511285,0.00994709054195484,0.070948543726978,0.12328751171134,0.0154424443784234,43.401283075,5.5834159875,6.1274476125,-0.177333095,0.0790675519,1.2219035425,0.02883025665,0.72986797575,0.087468939025,0.48332840775,47.2919127,6.43656629,9.0453682225,0.3127516965,0.11394996975,1.57031335,0.0679204119,0.98632547425,0.594871442,0.54380055775
46.343916969,5.8637792479,7.048425604,0.31736207957615,0.112157946206,1.25083855694,0.051683463449,0.90253676396,0.63854648591,0.51472273422,1.10112479524679,0.197838721418147,0.744501052775627,0.142570899954492,0.00823486789098743,0.0825900535026448,0.00961522224873371,0.0513726792813853,0.0998472236266129,0.014982068582109,43.97737135,5.4874290825,5.66283474,0.026574051825,0.096371982175,1.0913465725,0.0333849829,0.783284705,0.4492073145,0.487384126,48.359528025,6.249783655,8.62873331,0.58179725675,0.1299028655,1.41935835,0.0712510098,0.9874588965,0.834637591,0.54409594375
46.89817492,5.5195291156,6.5131448817,0.04539967799621,0.098224788854,1.3493447439,0.060577431687,0.95118541828,0.79001131805,0.53885398316,0.989928213264008,0.194412726416944,0.736761823763655,0.172735448763494,0.0097075387737337,0.0878272827444994,0.00832438048686636,0.0336597979459488,0.117728485703056,0.0169616639052357,44.9387842,5.1178582725,5.17391374,-0.300515325,0.08004426525,1.192231445,0.0452504837,0.87274184875,0.59069671625,0.50517544325,48.94288925,5.8922153725,8.0402962025,0.3584117985,0.118079284,1.53424248,0.077469267275,0.997092245,1.0313755425,0.5710551825
46.649613356,5.9822455957,7.264549905,-0.043243002184493,0.10766027052,1.2519066884,0.041225790803,0.8125426989,0.2553537481273,0.51421825597,1.06867196904395,0.202142050912976,0.769107901556485,0.112791208434821,0.00747609368428669,0.0862682793752551,0.0127394465417586,0.0983614907582127,0.128383658051978,0.0150473910093679,44.53689535,5.6188483275,5.99443308,-0.26286112175,0.0934570979,1.09449618,0.0199908026,0.614516723,0.019605133925,0.48592314425,48.66871105,6.409357875,9.006766265,0.177386432,0.122622386,1.43250123,0.068168214475,0.98369190425,0.5062896635,0.5450552585
45.005239387,5.7291390655,7.7983247923,0.072678755879713,0.100382699007,1.2774956679,0.057417806479,0.93661682174,0.54822360186,0.47134072372,1.19614214943807,0.211600859054764,0.778619937338779,0.131123074796614,0.00816865568666891,0.0855273508581961,0.0110343067480085,0.0445283188759355,0.10434869135313,0.0141945362616177,42.427494475,5.3493784975,6.4922637,-0.167633316,0.084957494225,1.117283485,0.035854341,0.826869675,0.35385866,0.445242108,47.2394665,6.14502504,9.475134655,0.329385061,0.11574937375,1.4568186075,0.078160961325,0.99705177525,0.78335434575,0.50064069275
47.659777527,5.6175586967,7.9593341994,0.0245615980511,0.092651884596,1.4242862195,0.061098864237,0.91296033119,0.55361641606,0.48431960772,1.17497931698243,0.20111499287752,0.83867074166863,0.141610299413555,0.00821767955360212,0.0915574297300487,0.00718739193955063,0.0394597747026617,0.110022637602329,0.0133571007704548,45.320699625,5.258602625,6.44990211,-0.25013683225,0.076657599675,1.2546551325,0.04811775265,0.82220883575,0.35422182975,0.45992289525,49.895721725,6.0295191975,9.743565955,0.30457845875,0.108456207,1.6132630675,0.075324422575,0.9736119745,0.79556020925,0.512897063
47.216876731,5.9160855986,8.1693062174,-0.12401482771719,0.092959702215,1.2088028196,0.04595408419,0.83725133862,0.37472372238501,0.51980463784,1.22118321529705,0.223337233937726,0.832465811629323,0.12219245695423,0.00826095825566239,0.0770233644356566,0.00989810391271511,0.079891015172094,0.123384068644939,0.0152015876257406,44.996737875,5.52479303,6.701511005,-0.35832217225,0.077019219725,1.0745655325,0.0273716223,0.6569147755,0.063047021475,0.491667012,49.7806785,6.384762395,9.965414195,0.11626127675,0.10844905675,1.367721225,0.065244623025,0.9671596745,0.60154520625,0.5516267275
46.060704641,5.7640010883,6.6001728574,0.02914526566492,0.111925257999,1.4216107459,0.057244297379,0.94823341243,0.64457976301,0.48123053046,0.983421343846753,0.199070501534339,0.756652200005759,0.15343306144397,0.00833322699854745,0.100397179920481,0.00944148871117113,0.0356500858368625,0.106414820517343,0.0130507106537162,44.02824325,5.3881319375,5.291651045,-0.26133640475,0.095217079875,1.2373310775,0.039621322025,0.86238364675,0.4566593855,0.45586850275,48.1234247,6.17412757,8.2128786875,0.32951656075,0.12863203925,1.6219004875,0.076562397175,0.995079404,0.86768632775,0.50838861675
45.207393666,5.5858966015,6.752044157,0.1910762245561,0.09943046566,1.3672536576,0.056636891861,0.9558750657,0.2734959222611,0.49821086059,1.05735759177422,0.216444338487761,0.765395084562055,0.120203506150152,0.00824389195115532,0.088209665033423,0.00874746873315743,0.0360355083402606,0.128013112442289,0.0157927823602161,42.894591,5.1752476675,5.4139719275,-0.05298105975,0.082170796025,1.21045497,0.0399200018,0.862974441,0.026746705575,0.4688445585,47.19023995,6.011016335,8.441370255,0.4222015065,0.11475137325,1.53872106,0.07410794185,0.998491464,0.53393609925,0.5297537225
42.612423135,5.8361770227,7.3497796835,-0.000248818616142,0.096707812584,1.4926319044,0.044030256025,0.91900366381,0.1890091245789,0.50359768372,1.06647730960278,0.20436863813635,0.787903851214905,0.107350036608759,0.00826985323586386,0.0724471858639514,0.00846484527572008,0.0724597252039751,0.111231042394003,0.0150684681455894,40.456549725,5.4635538575,6.0203022275,-0.20345328225,0.07992958495,1.3549046475,0.027746123525,0.727552263,0.0156870051,0.476073959,44.6614597,6.247849495,9.0561905425,0.220690463,0.114623963,1.642777085,0.060172753475,0.99703545925,0.42855083475,0.53317787475
46.836012956,5.833121568,7.7311245359,0.023990450904062,0.089509420458,1.2577402328,0.050600454729,0.79225773359,0.62033376032,0.49683764327,1.14824479717941,0.210480835290957,0.868420808408374,0.133520214753204,0.00862129651693681,0.089697518379434,0.012769075105988,0.0856714120490857,0.106243712368233,0.0148869102974232,44.429461925,5.4650656525,6.2405642425,-0.23576907375,0.07168979375,1.0865082625,0.024865425575,0.60905595975,0.42939548175,0.46886727775,48.9041829,6.25445772,9.61031091,0.26827065875,0.106045749,1.4371542475,0.07413921425,0.94632507725,0.843150028,0.527728519
46.173803184,5.7207266807,8.1777525895,0.03374982716169,0.101495246765,1.5606356266,0.071237161387,0.94983977542,0.48357469933,0.49018093827,1.28575241677848,0.216816966407853,0.901434499249073,0.153230308430605,0.00946879584304045,0.0934513019329186,0.00831086229699869,0.0308723379061609,0.115027923354988,0.014344375961499,43.6221648,5.29631654,6.62325971,-0.26724025575,0.08330931315,1.3920189375,0.055400556,0.87886919725,0.25305569125,0.46301813875,48.595337925,6.169477285,10.195155075,0.35460940625,0.1218839785,1.760442095,0.086690916125,0.995285782,0.70523025025,0.5204496005
47.016375012,5.5939094393,6.4202481603,-0.017202411282036,0.096681653626,1.3492702403,0.050567609699,0.95129514178,0.467213148675,0.51038530045,0.961957621967586,0.217539809789127,0.704209923996941,0.13431513649565,0.00838612737954637,0.0836301377444634,0.00842150482103703,0.0376571764224449,0.0991314737589969,0.0149851473484782,45.10471975,5.2151934975,5.170494025,-0.28009495725,0.0807928296,1.1960910125,0.0350280921,0.86153116725,0.291373805,0.48305568375,48.894623325,6.0399671125,7.998447125,0.24352042825,0.11305682875,1.5230264675,0.067513241625,0.9972562365,0.6810051425,0.5411404635
46.917560321,6.2765850864,6.5663676343,0.00897453310358,0.103423743365,1.3486417574,0.047758095578,0.91963924916,0.52665784828,0.49398834957,0.949324876431903,0.219694312030378,0.75035988996025,0.137786423540914,0.0079308118127969,0.0907087285354417,0.00991728792459832,0.0506002229389854,0.132799923348527,0.0138530368409206,45.0801372,5.83136718,5.1813744175,-0.25334571375,0.088113859425,1.180477865,0.02977138265,0.802839708,0.272025549,0.467826967,48.96689945,6.7308852325,8.1052371,0.2750737355,0.12014361975,1.5447539925,0.0677969041,0.9897316765,0.787887987,0.5219324815
45.490713222,5.5250893342,7.0782327007,-0.1370482774316,0.093171510804,1.4096499551,0.063601551416,0.89218675062,0.30878618729394,0.50997671919,1.01689176986763,0.205783591203397,0.73489104350445,0.11759750788473,0.00834491487651019,0.0871090463385169,0.00889397144357996,0.0500386710051663,0.137675302454208,0.0141107207649021,43.4312216,5.132026365,5.7604173825,-0.3540523965,0.077000742,1.2368385325,0.0445513213,0.77788844025,0.046585416,0.48461233925,47.42685445,5.9307253275,8.743040855,0.0921493310499999,0.11026079075,1.58325278,0.079627509625,0.96905106675,0.57547502,0.53759376725
45.317420112,5.6615432275,7.1142074561,0.14918954761169,0.106996015939,1.2951313715,0.043470648747,0.92834320416,0.421140657473,0.50505435134,1.09407964371445,0.19564677182828,0.701499411438782,0.113445377871512,0.00730288159144204,0.0746337381468203,0.0074916882452364,0.0594595950361645,0.108784828786789,0.0136884437348659,43.03794105,5.284234815,5.85123396,-0.070750006,0.092344524,1.1631747025,0.028565194275,0.78426377625,0.219206477,0.48054198525,47.521122675,6.05034572,8.6268522575,0.370509056,0.12109350475,1.4474034825,0.0600809615,0.996908463,0.64165343225,0.534204929
44.866279789,5.8278162501,7.5454741066,0.08717776900899,0.099121873741,1.2752166043,0.064382723196,0.80661792897,0.73240651782,0.50354146721,1.13347575449284,0.196504106873888,0.776748871764896,0.150009926216057,0.00922680490511078,0.0847753122353062,0.0128264806175085,0.0662191317835297,0.124996834342844,0.0148579324414031,42.694802575,5.4610744425,6.0917388925,-0.20674135875,0.0809592592,1.11083508,0.04034967285,0.6681043275,0.514029016,0.47647357225,47.12683585,6.2176292825,9.1164256275,0.397275695,0.11774646175,1.443770935,0.089265293,0.92366882675,1.0062949725,0.5330352965
46.493731249,5.3242333144,6.6611839832,-0.03223677090592,0.115426147655,1.3306302365,0.050755885856,0.9105409769,0.2848190762887,0.50859219067,0.998942357241468,0.196145936546676,0.678586715784286,0.108575593975544,0.00754449813583049,0.0783666905957533,0.00805362858868603,0.0534434377781798,0.121531097959472,0.0140992756148864,44.567648875,4.956691775,5.48341831,-0.2449909355,0.10147828875,1.1904093475,0.0355535942,0.78775870975,0.025661030125,0.4812580745,48.393700325,5.71547943,8.0662321,0.1740147935,0.13112037875,1.4962119,0.0671946061,0.993605973,0.5075493575,0.536617668
45.91848323,5.8242378804,6.5108668968,-0.01556133458347,0.100288715701,1.3064758849,0.049718350454,0.85554892774,0.69056943911,0.48950650395,0.961554306153798,0.209319354247695,0.752587590407385,0.148587347639379,0.00959697557249182,0.0728168586389633,0.00902165680647748,0.0707038691253052,0.118564368726935,0.0139898227695865,44.1021744,5.41706297,5.226816395,-0.2968151465,0.081037538825,1.16941908,0.0316509299,0.710342871,0.471539722,0.46072544175,47.89538085,6.254640025,8.1616264625,0.2864137995,0.1180448025,1.4508485925,0.0686042417,0.97397790375,0.94422855975,0.516008208
44.668858616,5.5796282126,6.6074082071,-0.05399640841736,0.100878174475,1.3407068352,0.061322586884,0.86077600601,0.531702531,0.48560016495,1.0019420828248,0.209091525151101,0.759665754033764,0.135422205341697,0.00981725257352049,0.0811154254524301,0.0113158192138163,0.0737873369380163,0.117081139340596,0.0151503703178659,42.549028,5.2007612125,5.2656856425,-0.322627354,0.08247607145,1.19216414,0.04122604115,0.7021238,0.33723714225,0.45488529175,46.631938575,6.01489142,8.1164577025,0.19820547475,0.1207004565,1.5201481425,0.0846878965,0.97474384575,0.78698963675,0.5140703015
46.746404826,5.1971350251,7.3496464319,0.027795104230812,0.096693002009,1.3410912984,0.050103331468,0.91094563645,0.5424987905,0.4973924072,1.1801937655193,0.190860395732435,0.718998796595381,0.147121858016237,0.00862830222336786,0.0886263480585979,0.0102744615653719,0.0523325652229655,0.102171069156054,0.0141636605241095,44.246265375,4.84282831,6.05942431,-0.26745882825,0.079440262775,1.1702462675,0.029844111925,0.7771637245,0.34751034325,0.471121149,49.0057803,5.57623967,8.888633155,0.31246129625,0.11279548,1.5296385125,0.07065868885,0.987489501,0.76127354,0.5241778485
44.347770609,5.5413605791,7.944858632,0.293316616139994,0.103124167524,1.4389430013,0.052566190184,0.88962659133,0.27437648549767,0.51164577416,1.22850803108653,0.204418250389468,0.830604691859704,0.12410147193299,0.0086832217532574,0.0901405404796226,0.00970465277616252,0.0669047453592098,0.146655640479114,0.0160145555689119,42.140793675,5.143127525,6.5185213275,0.037083149225,0.0857727635,1.2776213325,0.0330423855,0.7454875705,0.02341367195,0.48327886,46.792676375,5.973618845,9.722430525,0.526439663,0.11993931525,1.6290186675,0.071824393575,0.98876906375,0.56619131925,0.544078808
46.226097346,5.771645501,7.2488990705,-0.087736912196474,0.104035824023,1.3670686498,0.056205219338,0.95356621955,0.494910787447,0.51963569779,1.0030727930469,0.217761288920148,0.769030840415305,0.154578839260871,0.0101867849882135,0.0976206232962891,0.00969589002709668,0.04013076325104,0.139675016078335,0.0165985758424126,44.43002805,5.36319714,5.9329079725,-0.38656530075,0.0851125751,1.176876515,0.03722288465,0.8510206355,0.17570650925,0.489167291,48.427557025,6.21680139,8.8380793025,0.2165919335,0.1242827115,1.5529276375,0.074789126125,0.99704294775,0.7624166825,0.553558264
45.755717509,5.9857444326,7.3723310497,0.06452265102936,0.086144164932,1.3280881428,0.049408989188,0.8840380623,0.50571475566,0.52050061161,1.06478732216092,0.208791852538928,0.791161799879614,0.133076049757234,0.00873554586871524,0.0852714945116358,0.0102294030507473,0.0644373439382518,0.116117666147657,0.0148005372995834,43.57698295,5.5854424425,6.0308120825,-0.20778167375,0.069205091925,1.1739778125,0.03222138375,0.73805546875,0.27502000075,0.492149854,47.787247225,6.4119078175,9.1288526275,0.314144469,0.102174672,1.5046165625,0.071756458275,0.983156032,0.75686284175,0.551145726
45.654143792,5.7065615619,6.5296892485,-0.05039322167415,0.102994328196,1.22936499736,0.045516391275,0.8987179162,0.70018783908,0.49603246362,1.00118826947839,0.209737549684474,0.715858130564625,0.15115066440488,0.00936785878056325,0.0856659692587295,0.00967283384639882,0.0692083536249132,0.116992046772766,0.0151351638322383,43.62894855,5.32140945,5.27793385,-0.3270383805,0.085236764025,1.068060615,0.028797517875,0.72608602,0.4907150505,0.4674022285,47.585289475,6.1322641025,8.0164578625,0.2697503325,0.12237017425,1.408248085,0.066829188025,0.9929524455,0.9638243415,0.52628703775
46.227343951,5.6817799712,7.4816224035,0.058431668684186,0.104423395509,1.2853560214,0.055677274216,0.91155292242,0.432892515321,0.49813293259,1.04690933971553,0.197650779555183,0.809952329043638,0.122271605533331,0.00847983976051499,0.0840727701479751,0.0083298055127819,0.0459822882703463,0.127166931781255,0.0146282288056362,44.1743244,5.3020643175,6.06666265,-0.192055195,0.08684877755,1.1475064075,0.0406943514,0.8118718375,0.182174302,0.47138823,48.251322025,6.08775078,9.3715389675,0.29940258625,0.12114474875,1.47211576,0.072547895725,0.9918909355,0.692603824,0.52708035925
46.40752725,5.5748127728,6.6361144063,-0.1355690802251,0.091573647286,1.4729229274,0.050379255074,0.92658878549,0.482623059293,0.51778438866,0.954243629910532,0.19466644913389,0.671653813907256,0.135765875324704,0.00889613492789098,0.0810484659247941,0.00914058574324506,0.0538904024207501,0.110532821127057,0.0137605287064453,44.4667517,5.193627535,5.4425689,-0.40217342275,0.0744940173,1.3268081775,0.034575739425,0.7932009775,0.2570586075,0.491818607,48.154502275,5.98009665,8.13977527,0.1602011375,0.1106904015,1.641731805,0.070255208425,0.99692278275,0.7002002295,0.54588915925
46.259153791,5.9141906229,7.7081564185,-0.32864175771045,0.083961529436,1.340890679,0.050099753576,0.92878459624,0.441564085055,0.516835148,1.08024582334375,0.217058427104292,0.808035981574085,0.139751186048298,0.00816294136364043,0.0927426856029762,0.00884446477066669,0.0430275931947421,0.129289530996965,0.0161904006944061,44.1764564,5.4812986725,6.413317245,-0.61338100225,0.068356729425,1.1707000175,0.0321043621,0.8242418735,0.17759175425,0.48547483775,48.447379475,6.3214416075,9.506425335,-0.062862401875,0.1002101185,1.5300784825,0.066065708275,0.99170298675,0.68103128425,0.55120815925
47.000871917,5.744584949,5.8468317507,-0.084421061976905,0.096524957867,1.4097989161,0.056082883214,0.8882042623,0.374795003626,0.48827424348,0.873860057788606,0.213003890960541,0.636867534542462,0.131690351788486,0.00797507365193208,0.0940967837700867,0.0112306064633558,0.0524103680991927,0.122605395636278,0.0138943175615516,45.360986375,5.353491285,4.77652315,-0.331591931,0.08080794745,1.236737125,0.035331847925,0.763159086,0.13998242475,0.461815975,48.773748775,6.1517203825,7.185428855,0.182763401,0.1123709215,1.6032504225,0.078265584625,0.96879946425,0.60891655225,0.51538180725
46.899984854,5.670850161,7.6792754065,-0.06747559972484,0.097977489137,1.415905304,0.057460210703,0.9296151989,0.65930035806,0.50971587555,1.00328752055606,0.196147540695654,0.811312409285863,0.147727774139894,0.00894099806351046,0.0814261080431726,0.00852326087149523,0.042400356201758,0.10469327804302,0.0140367345241821,45.045683025,5.29638058,6.2745083075,-0.362341758,0.080657178325,1.263370335,0.0426502382,0.83958499375,0.4586914475,0.48311804,48.985849025,6.0595606925,9.3914872825,0.2099448,0.11530674775,1.58844739,0.07618228435,0.99046251575,0.8771569905,0.537377028
46.809971786,5.8757003933,7.8681430841,0.122568707335818,0.104557409782,1.3797141734,0.061426035087,0.940063776,0.3636274728298,0.48993717984,1.06448979716534,0.21916229974521,0.865672193264939,0.124010382062923,0.00789523234029213,0.092485093171139,0.00893040750124026,0.0412748326199183,0.130121232972237,0.0136369359686147,44.70408725,5.458143065,6.4061750075,-0.142557153,0.088681126825,1.2073834575,0.04489579475,0.84119687325,0.081848253925,0.4650920745,48.954982825,6.3090702175,9.74871496,0.349060022,0.12003755925,1.566059095,0.079623898975,0.99533933375,0.6117853655,0.516128719
45.591937457,5.8177718147,4.8382486714,-0.086413907642855,0.094244859048,1.4755110447,0.070227128417,0.92884303207,0.45282205729,0.48476083777,0.788615710960586,0.210789788766431,0.550711434796402,0.140302898477859,0.00995270037822785,0.0892705646212891,0.0109869898004518,0.0412196690526536,0.10084531574085,0.0145666245722026,43.984795675,5.422426455,3.8398718475,-0.36288672625,0.074454024625,1.3195824275,0.04837140545,0.8367518195,0.272820438,0.45826712875,47.15729055,6.2279278825,5.974354735,0.1935023635,0.11412362525,1.6563241375,0.091851019975,0.9940811165,0.68202390725,0.514066287
46.483669239,5.6594897018,8.2031639644,-0.2307277249431,0.091609360762,1.3011806294,0.038935851363,0.91093665712,0.59431606547,0.48391981746,1.23620493568427,0.226413138992591,0.841144968878274,0.146960487618811,0.00908269350238299,0.0921617069052605,0.0079874528534813,0.0754295408573048,0.115350727748084,0.0144586875037653,43.899452875,5.238115025,6.7890357875,-0.5312861555,0.074380673125,1.1244106625,0.0248960195,0.71250746,0.386717894,0.4563741465,48.8382073,6.1238850425,9.95247856,0.057742795275,0.109937284,1.479725505,0.054670921,0.99783757375,0.8395635455,0.512058225
45.621645225,6.2134189201,7.5448404793,0.096616004424842,0.084607332483,1.3610524628,0.052017657021,0.88437724911,0.58604264767,0.50809007954,1.15061391583612,0.227819260659595,0.764483845724188,0.157565652673205,0.00956756400223839,0.0869216585905107,0.00909124344126207,0.0588636886808613,0.139160469945435,0.0148466572921627,43.44028135,5.761524045,6.2388910775,-0.19136305525,0.065070132125,1.197795665,0.036286233075,0.75205431725,0.3088786555,0.48029706625,47.99732,6.64086098,9.20987884,0.42431950625,0.10303395225,1.5356126,0.070476930275,0.98551770375,0.86917595125,0.5388679565
44.824933006,5.842199873,7.6117922885,-0.05379406383996,0.09716779651,1.20220996814,0.048326142046,0.88581643053,0.61951905584,0.50224644062,1.09833561305595,0.222925833467293,0.783939034347171,0.1312683167196,0.00831503523384436,0.0707625833086317,0.00847770822565077,0.0658253002070229,0.112139109988779,0.0138659834955584,42.79714765,5.4251356875,6.2530774275,-0.30230567475,0.080561440625,1.0773678375,0.0334145215,0.74303296375,0.41919109225,0.474609861,47.006816425,6.3143329375,9.2846039975,0.2074117565,0.1133131775,1.3454759625,0.0635591501,0.986153216,0.84878193525,0.530762406
45.752803768,5.839440632,8.2400037474,0.20078320625057,0.111023672092,1.3252093294,0.046541128307,0.92697696827,0.53054361757,0.51579405303,1.3019623561149,0.213022824411222,0.841114874929073,0.123854204559328,0.00768016628328209,0.0809921424776837,0.00696705636113202,0.0507671502832811,0.099353707894428,0.0135458017897608,43.293946575,5.4352595775,6.76668625,-0.047811996,0.095809524975,1.1823092625,0.03325325625,0.8106772995,0.34481837475,0.491450371,48.42963265,6.2769413875,10.02307715,0.442628048,0.1263763775,1.492113835,0.0601443015,0.99378080475,0.7280459555,0.54317902775
46.580902578,5.531198352,7.3423704694,-0.077598092066354,0.097385147958,1.3465491986,0.055133529978,0.90199462735,0.55431231453,0.46893774174,1.10637078471199,0.196722242672253,0.754112024307706,0.129221136717093,0.00774750953925087,0.0724824151709289,0.00918100317173433,0.0519018107628057,0.0996480112639128,0.0122111148429356,44.352862675,5.15594378,5.9337397475,-0.32501075925,0.0826081884,1.20724483,0.03738928805,0.78489669175,0.3750366935,0.44517550775,48.7111209,5.9260525025,8.8399177,0.17469837,0.1133105145,1.4930461525,0.072190627175,0.98440892925,0.76166445825,0.49352135925
46.239382435,5.9712186326,6.9732124605,0.06766715705786,0.10395319941,1.3487237219,0.051269455041,0.89279844101,0.52229892477,0.50378427808,1.01926013152734,0.233544965783926,0.772452925602626,0.143893039699252,0.00873279365689022,0.0910774500831457,0.00998669701460926,0.0652084999780719,0.111823829081778,0.0146559477376058,44.2780219,5.555654245,5.59240965,-0.22988406,0.087040646025,1.17890378,0.033943049675,0.73961602875,0.317470218,0.476350066,48.2168442,6.4607651675,8.6768551675,0.34672482175,0.120479746,1.5404695275,0.07192197085,0.98773238825,0.74439279275,0.53344234125
44.806388765,5.3720857572,6.8610583179,-0.079333771834921,0.086313554176,1.3003447052,0.049981059372,0.88007030243,0.43152699482,0.50232230984,0.961716928044555,0.178702501591831,0.739078841516415,0.113577443919354,0.00847711094133721,0.0682975925674047,0.0098570286375889,0.0661601458973927,0.0947467154025066,0.0148636236875396,42.984643925,5.0480050325,5.6256007125,-0.3027631455,0.070164290375,1.1675221525,0.0325837436,0.7414126355,0.263340893,0.4749432865,46.678175875,5.71985721,8.43774169,0.12923727225,0.103637314,1.4333780975,0.07125241575,0.98862835775,0.63143368975,0.533462777
44.498615441,5.8293881558,8.1725545324,0.15964318255311,0.109393264999,1.4190556959,0.055423618222,0.96219382761,0.56979396651,0.49216965652,1.26982763751617,0.208359874102253,0.896145951030619,0.139477499525975,0.00835230577208677,0.0843882636720504,0.00801067155052531,0.02684421008867,0.119851855697397,0.0138364351898159,41.841463275,5.4152467025,6.5191767125,-0.1156468695,0.093708773675,1.2624254275,0.0416358504,0.899412788,0.34820082775,0.4660708605,46.98242595,6.2369670775,10.078874325,0.44337102575,0.12607951225,1.5918580425,0.072388283475,0.99809769225,0.810756451,0.51979659375
45.787872084,5.9647897361,7.2620084987,-0.02053340853992,0.094760965273,1.2128551757,0.043647021026,0.93620174251,0.3198522361675,0.49833180777,1.06491043228214,0.237202977975283,0.802661160528813,0.122977569802984,0.0083128123526502,0.0860203346955363,0.00895978908769279,0.0528772851629638,0.125657007425306,0.0163873554119441,43.76755045,5.483643145,5.8409221475,-0.26924351625,0.07816130895,1.0547671575,0.0273271605,0.80113138925,0.0858403874,0.468328148,47.85267935,6.44328127,8.917590855,0.227955819,0.11044126575,1.4003636625,0.0629740598,0.99783935275,0.59589763475,0.531445101
46.310979051,5.7777022169,8.5366697183,0.04375920022012,0.101292196796,1.3285324258,0.051878850392,0.92362359432,0.4233015598289,0.52508943484,1.20975302666538,0.205465694884877,0.896888407250738,0.137727389780978,0.00822370426899478,0.0925598819091052,0.0076716832163892,0.0510842549463782,0.165634202475085,0.015802999808017,43.964341625,5.3818070375,6.893282285,-0.21865160925,0.08424257085,1.15625932,0.037714156775,0.802542954,0.006304574755,0.49531664525,48.5912327,6.1931904825,10.336948525,0.307752784,0.1166735595,1.52649911,0.06871122015,0.995428725,0.67806324025,0.55652766
45.098256419,5.4675793133,8.3258998989,0.05568146932743,0.100692894406,1.2989557235,0.039918620839,0.88166275026,0.283134265587,0.49222625707,1.22994132242303,0.202051315874035,0.922846259667692,0.120593713229199,0.00792848764636622,0.0725053901446878,0.00796968430269085,0.0788161451044015,0.119124819078411,0.0141506980048431,42.6154327,5.10781726,6.5467501275,-0.18215768525,0.08462125195,1.1592535325,0.0248995572,0.6929147405,0.05757622455,0.465609835,47.253733975,5.8711810775,10.26633925,0.28702608325,0.11579469975,1.4470681875,0.05576276495,0.99271764275,0.5205527325,0.5206044865
46.637854826,5.5286819474,7.9840156281,-0.0750293343223839,0.104789384639,1.3156535199,0.059111247606,0.8773230585,0.46033071562,0.49729104018,1.15800670316778,0.212318035836483,0.856075564412805,0.141207592730165,0.00940806196210202,0.0875941795836925,0.00982094199157298,0.0650626429030154,0.124476708736236,0.0144759218003867,44.350955775,5.1208138775,6.4666676725,-0.37719349325,0.0859043115,1.15753237,0.037727506325,0.734797167,0.20100073925,0.47013596425,48.962073825,5.967817435,9.801064845,0.1828671625,0.1227470755,1.5022664575,0.07690627,0.980788629,0.7152540345,0.52686323325
46.336520738,5.618119787,7.4226079927,-0.04444976953714,0.108822809753,1.3372759686,0.058891855315,0.90617979862,0.417145634485,0.48354377229,1.16549665367187,0.215026874877408,0.801780395724004,0.136270127043682,0.00916063917452777,0.0961136474322767,0.00911364789628912,0.062288623451272,0.116606348314248,0.0162189597063385,44.022879125,5.2226091725,6.0213667725,-0.30529005725,0.09070558435,1.15345995,0.041321978825,0.746852597,0.18950812425,0.45172042975,48.50482095,6.0440471325,9.2234727275,0.21218608825,0.12752363225,1.5225973325,0.07823778445,0.99208725425,0.6652107875,0.51701309675
45.985646682,5.8291743827,7.629177185,-0.2390064984129,0.095657936313,1.3593486802,0.058628099757,0.91712043344,0.419289625236,0.51031843837,1.12005023055819,0.219310846612441,0.823299653309005,0.130119872557396,0.00893745537756302,0.0857859707785149,0.00928198259542905,0.0571493990254435,0.0991004942586566,0.014643787333055,43.935604925,5.4161619575,6.24929523,-0.4973725335,0.076263344725,1.20824946,0.041399300875,0.785508032,0.2194588275,0.481279686,48.2378071,6.27178533,9.4468769875,0.0022880841125,0.11406935775,1.5333081525,0.08005548275,0.99552098275,0.6132663475,0.53981197
44.968148822,5.5693519902,6.6404483972,0.103408605310606,0.11196498634,1.4251808414,0.056523155384,0.91315687188,0.74334804805,0.47363127552,1.01351507015131,0.219466451774867,0.746248498654237,0.163724146548903,0.00937214083842335,0.0854066966547413,0.0098041467772231,0.0658033367259048,0.129941555332579,0.0147398499654583,42.92061135,5.1651295525,5.3026844725,-0.20913698325,0.09437652695,1.2651286425,0.03882885255,0.7592530245,0.51500344525,0.44507406575,46.840539375,5.98959802,8.2648269125,0.44653227625,0.1306306285,1.6100908875,0.076537427575,0.99681714425,1.0060976775,0.50279375875
46.256982158,5.888935986,6.9553509379,0.08334956493514,0.104262400781,1.3194111641,0.039808240189,0.89206454986,0.456846787341,0.51420864231,1.0584517950977,0.205930430059382,0.773970969301672,0.129005052187539,0.00866292733940255,0.0801510906757886,0.00862905914245933,0.0809553802769756,0.141955306614923,0.0149069517382431,44.307600575,5.500449525,5.57464717,-0.16958122175,0.086514693275,1.166146805,0.024272704625,0.68773649575,0.117694904,0.4860171,48.4609073,6.2996560025,8.674153535,0.33971871275,0.1211054825,1.477167695,0.059084601275,0.9948745785,0.715026532,0.54262331425
47.142485116,5.6567456289,7.4516168547,-0.01807247849959,0.099282017524,1.24102848285,0.042379043563,0.93579094155,0.64132087888,0.52894257122,1.04869350711753,0.203416201958248,0.856557192599989,0.138774596988269,0.00838860901255877,0.0844671547164272,0.00879361617272076,0.0506626506957909,0.10897426342732,0.0169770855203303,45.0797343,5.3004183375,6.0488535,-0.30072945025,0.08303092585,1.0810629425,0.026134561025,0.81159910075,0.46046767075,0.498497103,49.2253868,6.092954785,9.518795795,0.228982049,0.11535642175,1.40920141,0.0597941738,0.99623546,0.8767114565,0.563759628
45.023790003,5.6016888887,6.2047549529,0.059552521631486,0.111864516868,1.2935294639,0.057435782974,0.87940476711,0.404977298775,0.50713873193,0.957156135413911,0.220377489406772,0.732122116846739,0.125063868034144,0.00895852139364617,0.0838138135108675,0.0110120428252835,0.0603831400771108,0.131102641850847,0.0156068616822238,43.082877775,5.1704390175,4.95998484,-0.1731975985,0.0943098808,1.1403925075,0.036536528025,0.740372558,0.16623022075,0.47880635525,46.800688075,6.050412305,7.8354554125,0.3195700365,0.129718527,1.460255855,0.079028036,0.978833764,0.66156374875,0.5396561455
47.844000432,5.9012744678,6.2422924809,0.10823766876757,0.110964021619,1.3297865887,0.051874823644,0.86690748105,0.3791001002156,0.48884631193,0.924370188142699,0.216353556609528,0.640053532406905,0.127991361851597,0.00824591518152025,0.0952175839674405,0.0122683206193595,0.0624714774207043,0.125752158978866,0.0132711325661292,45.96725795,5.4902082025,5.1202669275,-0.1406406485,0.094584172425,1.15782873,0.0294806905,0.7264337565,0.09735318135,0.464420341,49.683505825,6.328529035,7.620671755,0.36114400825,0.12718004775,1.54207442,0.076669547525,0.9759765915,0.63972580575,0.515346725
44.799087652,6.0114405906,6.192263676,0.14743293232011,0.103840286924,1.3302202842,0.042351102661,0.83077605329,0.59946492941,0.51412944277,0.919649397187052,0.219712638408866,0.707515015158424,0.150833607928858,0.0094043319222031,0.0792436540428736,0.00947563390523273,0.108303719851394,0.12659494219801,0.0152477375737383,42.877148725,5.6052620875,4.9636849575,-0.13521922925,0.0863407679,1.190218175,0.024263780375,0.58749886925,0.368832038,0.48577587,46.60042935,6.4578670575,7.6971307425,0.4496525245,0.121653799,1.4924547175,0.060822918,0.99153223425,0.86713853325,0.54782935375
45.523777711,5.7901976525,5.5683932691,-0.16104590516928,0.085268683807,1.3876828908,0.056078568161,0.92449497548,0.386418760047,0.51316753313,0.825355070022489,0.206253246468361,0.669763584903787,0.126151486140039,0.00919776042228848,0.0926370373002038,0.0104248537100231,0.056653414303864,0.123984026767219,0.015021201997637,43.981030675,5.4050256925,4.3571385075,-0.40961265725,0.06777182825,1.219241465,0.038341008,0.791031527,0.127200089,0.48355349475,47.155402425,6.2093526975,6.9803790175,0.078241786175,0.10447167475,1.5713284025,0.078646125575,0.9966704,0.61883935075,0.54273363925
45.407003368,5.709940975,6.2436795084,0.17485625758561,0.09842428111,1.3363312695,0.035423409055,0.86759758312,0.51822367062,0.49591398892,1.02311329497062,0.203756227515215,0.753064387582514,0.134877894734353,0.0094811180677532,0.0806528746371586,0.00870558023915719,0.100939813468364,0.114673833265484,0.0143195310920336,43.381091575,5.3302138475,4.99740679,-0.10132291525,0.079537392325,1.190333385,0.020192529625,0.62787527025,0.3054635125,0.469520855,47.374582575,6.1205194375,7.8806779125,0.4420655405,0.11689559275,1.52148868,0.05293663765,0.9942441815,0.76101940175,0.52650296825
48.467369947,5.9803646296,5.9267012665,-0.046810061212932,0.104831381523,1.31563591339,0.060568380427,0.89726149043,0.352605793362,0.49619349614,0.934708526757048,0.232360239446054,0.618061835556462,0.136212107704271,0.00838735020811326,0.0990265774093159,0.0115109256990997,0.0509918576128309,0.112889094319309,0.0141655518322985,46.501451925,5.5489736125,4.7195175775,-0.3296673535,0.088174831925,1.1344694375,0.035993815425,0.7909168515,0.13086281675,0.46933647975,50.308557375,6.45566862,7.235437345,0.2056724055,0.1210739365,1.5124507975,0.0823266018,0.9754497105,0.57104042675,0.52387531375
46.327088413,6.0383589026,7.748740293,0.01601410315151,0.099623412183,1.3649879691,0.048102801848,0.96341759729,0.58042100027,0.5028175604,1.11888538237514,0.217280517301927,0.826067371823418,0.143511712552687,0.00822839636695826,0.0883620034469231,0.00833173284551932,0.0299810203837634,0.113872942051094,0.0143295380610725,44.118383225,5.6221175525,6.3335767325,-0.27441192075,0.08389328725,1.20208933,0.03212414615,0.88630685975,0.3747079585,0.477339664,48.380499225,6.481545985,9.53709681,0.2936432895,0.11581465975,1.540886615,0.063698964575,0.99856160125,0.824369154,0.53297699175
46.354399824,6.079392089,6.7632072496,0.13556914759711,0.099572610358,1.4553930853,0.055568070865,0.92212131886,0.472382231205,0.52010746317,1.02182798912975,0.222506475333783,0.742142350628947,0.143575335419313,0.0090665917770477,0.0999396225485757,0.010768925247921,0.0525406717602422,0.136136526416605,0.016244849773122,44.241083425,5.6774911575,5.5508102,-0.145073174,0.08235837865,1.2827298625,0.0365191548,0.797961093,0.1838532285,0.48972035775,48.382448675,6.537375835,8.2347038675,0.4286131335,0.1177611555,1.664179465,0.07785799585,0.9948772385,0.73573792025,0.5523905615
47.127313892,5.6616753956,7.3538035972,0.1797173518209,0.107447166625,1.3598660158,0.0487001719112,0.88750103649,0.56324749595,0.51293436566,1.04520743740058,0.206915825036387,0.782866546874854,0.158507107198493,0.00895976864344309,0.106979324939822,0.0131522717454975,0.0706947130035448,0.116712296628054,0.014949235029112,45.142723375,5.26469856,5.8788825075,-0.1141501755,0.09119468195,1.153927975,0.02364635535,0.73188834775,0.34900804675,0.48527730925,49.08922805,6.096754895,8.906582385,0.483232315,0.124471606,1.5778329925,0.076661142725,0.9841713105,0.806770928,0.54314248275
47.679455879,5.2738088767,7.8796619598,0.014413352026476,0.0991790407,1.4847634547,0.063107614637,0.8851940989,0.5582430358,0.49364219067,1.12755515982394,0.211090046205835,0.777757728834402,0.165755698906468,0.0100894377535266,0.103978694702608,0.0100078418238976,0.0596495494574596,0.111684522668012,0.0151416682039789,45.52663835,4.90543936,6.41826146,-0.33020890375,0.0794268543,1.297126925,0.043488224775,0.7467574005,0.356763825,0.4657771305,49.932395875,5.722118775,9.58960837,0.3306764585,0.1191213195,1.7135271125,0.08197980105,0.981864223,0.7795164705,0.5282614845
46.942910485,5.8163326666,5.6956566953,-0.05196042913379,0.093114296663,1.3238730635,0.056346258863,0.90017305046,0.44061805833,0.50779747836,0.842031768895573,0.217159514441624,0.685062352785202,0.136002234771916,0.0092173805246937,0.0914674797773095,0.0121473896961695,0.0502034298862234,0.111897817318485,0.0151007741624342,45.255288975,5.39265329,4.4834302275,-0.32083235225,0.07541143735,1.1578480375,0.035529704225,0.78208910125,0.242339251,0.47800222675,48.574193625,6.2492624925,7.26488969,0.21580690475,0.111159555,1.5107066625,0.081808303025,0.981732724,0.66561818975,0.536273663
45.522024349,5.9454634392,6.3986980821,0.102661466679749,0.107730384629,1.3757441127,0.053491071416,0.94149435159,0.56560336423,0.51851949668,0.920376903121033,0.218393269366708,0.723789088372274,0.132048229981938,0.00865928162007061,0.0826789202668011,0.00923608599704065,0.0432129678048063,0.104397286840255,0.0145310252698053,43.805106725,5.5170805475,5.2219544525,-0.15372042275,0.0918565451,1.2338200175,0.03827871445,0.84322175525,0.3660598185,0.492652706,47.385357225,6.3786219125,8.0527162625,0.36297920925,0.12539026425,1.5508620775,0.0736987063,0.99816568225,0.7796619105,0.54873683975
45.734879942,5.8919686283,7.5713963696,0.12306561071989,0.105670139917,1.3653811171,0.062836894762,0.95349206388,0.42472639621,0.52400677198,1.06779984828279,0.205219627092523,0.829738694609424,0.124565363393447,0.00838048122320938,0.081654255911673,0.00956384739371974,0.0315130319881882,0.106918067215244,0.0160012233239095,43.653276425,5.5027843175,6.2899948675,-0.1190314175,0.0892539334,1.212472305,0.045492551225,0.87145643525,0.2299406335,0.49275827,48.004094725,6.31145269,9.373327795,0.36988982,0.1210945505,1.54174446,0.081863945475,0.99628071575,0.646575065,0.55472718025
46.831626294,5.5870622012,6.1668142488,-0.02878587829024,0.10452931744,1.2709065473,0.054186667905,0.8934495484,0.4880274244,0.52176166736,0.918795715122705,0.210874133728025,0.71722016707816,0.142661302406637,0.00949498973897627,0.087033930920378,0.00931307183703127,0.0629438584384446,0.10513490277929,0.0147586957401752,45.063461625,5.18788222,4.9652047375,-0.33442957325,0.084796615275,1.108351295,0.03632105395,0.74734178125,0.29123649125,0.49284186125,48.708268075,6.019098035,7.75598904,0.24349611875,0.1212547565,1.4598161075,0.0731187963,0.985135426,0.7190643805,0.551578988
47.555826815,5.7826459009,7.077275815,0.3749986336806,0.12649965705,1.2820683404,0.060116489716,0.92986468038,0.52152241534,0.50878776362,1.12239436951272,0.223345307936532,0.785295427351259,0.141067206498254,0.00924836690411084,0.0999866195666625,0.00995708054968092,0.0482751617595974,0.107409576096896,0.0150774655242333,45.473180475,5.34198991,5.619656675,0.090569483775,0.109243478,1.102446255,0.0407027735,0.82058340375,0.314174832,0.4799869185,49.735074475,6.229500525,8.7499871825,0.671152079,0.14439071475,1.4937218925,0.078543826075,0.99441261925,0.7438039815,0.53884618175
45.457284685,5.7073803238,7.1795857925,0.10377784632194,0.105081603362,1.3704503458,0.05174962529,0.89630056806,0.433576213398,0.51129339433,1.02154901422005,0.208492925326219,0.772301572144875,0.1270302559174,0.00860637391435306,0.0889061303569971,0.0101723726943623,0.0631712340267597,0.108121975757214,0.0151590870541788,43.473101,5.32136784,5.84910402,-0.136345579,0.0879494526,1.1976187025,0.03250147505,0.74444635325,0.196967724,0.48416117125,47.475644875,6.14429029,8.7928851675,0.35200594625,0.122773792,1.5436366875,0.071365103025,0.9903012745,0.66356380725,0.54170543625
46.224310425,5.8281898575,6.9301827804,0.27560246454838,0.118501208232,1.2746566393,0.050042415781,0.94111420564,0.69170527816,0.48927715627,1.01659396943157,0.213773809107997,0.763237525241149,0.160559919510858,0.00939611142241131,0.0841317099514616,0.00904041129248228,0.0444553654217207,0.125465709139339,0.0143950096578828,44.283158925,5.437377275,5.6489363275,-0.0346838694,0.098746559725,1.112096585,0.0312258718,0.83371160575,0.4779235185,0.46105073225,48.264219,6.266612695,8.644456325,0.58761216525,0.13796599925,1.4430293425,0.068867864775,0.9977796195,0.97002070725,0.51791600325
45.698633769,5.6817329205,7.1498730067,0.09793851639735,0.095474764979,1.2603892658,0.038347982571,0.83991619641,0.40547457588,0.50031364408,1.03102381436285,0.204740378231281,0.740004730876235,0.120150337989307,0.00837652332267682,0.0738098700629616,0.00899612825772301,0.0917677894243633,0.0977975887540549,0.0135001142637515,43.5922334,5.3111715075,5.77034262,-0.1229237805,0.0791565941,1.125344375,0.022296481075,0.627881907,0.22120379975,0.47416031575,47.566580525,6.1088541575,8.6908129675,0.3298411425,0.111937237,1.4123813175,0.057085418175,0.988075823,0.603019902,0.52753518175
47.498554276,5.7081699422,6.4737034546,0.016764398091185,0.099639324252,1.3036521178,0.052983812926,0.89934098651,0.65199974236,0.5079209837,0.956720591162489,0.213228894361151,0.676717846234846,0.149138824764062,0.00883297351923403,0.104352000644006,0.010509409603121,0.0630624859998024,0.111341618780931,0.0151141317129567,45.60089315,5.320989495,5.3445503175,-0.295816359,0.082398047125,1.1170075575,0.03293432615,0.7439947255,0.45349134275,0.478817685,49.335985475,6.175673715,7.97873099,0.32018720325,0.11610741675,1.5274493475,0.074439277275,0.9875145835,0.88771447975,0.5378917725
45.26048199,5.6924756764,6.8786868907,-0.00713907972439,0.090044282305,1.3916807639,0.056266402922,0.85927137048,0.2692940162933,0.5130789526,1.07809976524745,0.197272195093882,0.697717102497137,0.108006496771511,0.00746639272705772,0.0834960765517619,0.0107632574605022,0.0647270102111081,0.12529270414731,0.0145389682407978,43.281052675,5.3267999,5.61683447,-0.21631384875,0.0751647279,1.232205,0.035706778025,0.714133287,0.02012327225,0.4856013495,47.55158035,6.09007156,8.3097271325,0.203184391,0.104378649,1.5544228475,0.0799430679,0.96567759675,0.4977486305,0.5409130115
45.797236471,5.5516911855,6.5812670752,-0.039198722120503,0.092839990828,1.3532148217,0.046516349043,0.90714215599,0.55843077396,0.49690898975,0.896303434835284,0.219767408524766,0.746341554550475,0.136450571151394,0.00903431803457533,0.0890652379477811,0.0114475247061463,0.0703408875379355,0.126394003362444,0.015784848082013,43.962072875,5.11700244,5.253372915,-0.31556705475,0.0747085853,1.1944421725,0.028139843825,0.72788284825,0.32099073775,0.46829762,47.532096775,5.98841706,8.15556276,0.23362563975,0.11133757325,1.5279308175,0.0720851127,0.9954224235,0.8187420125,0.52836162225
45.513348142,5.7363655634,5.6934040671,-0.002381535958,0.105180347967,1.3374173598,0.048760234512,0.87788466749,0.386720820332,0.48776395992,0.861577524586789,0.202500084914933,0.666386006006659,0.121479672948242,0.00890196222971591,0.0719593019855485,0.0104134838450979,0.0840545851501151,0.116375243419564,0.0136704368124744,43.799159275,5.34113667,4.5455311425,-0.228671262,0.0889948057,1.20083981,0.031443631025,0.675119013,0.16289556,0.461655821,47.189110675,6.136775885,7.1295003125,0.230927561,0.12273721475,1.4815953975,0.073482984975,0.9937887595,0.6089076145,0.515728118
46.097650777,5.7043139449,6.4863581203,-0.044084180860564,0.091904985406,1.2965880898,0.048046496695,0.82521831871,0.51686190189,0.49483125467,0.883875001251718,0.200464430820467,0.755001508205559,0.138740439521473,0.00846079436940818,0.0800148664429267,0.00908114131468231,0.0788811877920955,0.112495428306572,0.0141631338211174,44.447697575,5.333315915,5.2163860475,-0.2994670705,0.0756207841,1.1469298025,0.029880193775,0.63871679225,0.31259369075,0.46795314275,47.842504825,6.13130323,8.146040095,0.25331465225,0.10873070825,1.4631172275,0.065170236425,0.9476408305,0.73736931075,0.52381729175
46.470936674,5.9969066263,8.1184205434,0.04664687457688,0.100200588355,1.2863923088,0.049983848987,0.9409917243,0.413109824638,0.49792810667,1.28009637104036,0.210932932231701,0.810698618409269,0.11931935641351,0.00779566457675929,0.0772956536733036,0.00922883438631321,0.0383743706729827,0.120996583617569,0.01407424753316,43.9074795,5.602445555,6.6634030675,-0.2024629205,0.083465415225,1.147381395,0.034329884025,0.852942324,0.17071217025,0.4732275025,49.011585925,6.4096571375,9.811210985,0.27199863825,0.1144027165,1.4444601825,0.068710901825,0.99644288275,0.643980718,0.52627242825
46.420247003,5.6613438524,6.8815541864,0.029077065177569,0.103197751722,1.3919432267,0.054237908878,0.91330491945,0.59725461034,0.51138648666,0.943009153003761,0.192423511012363,0.783316968821463,0.142895742696595,0.00937966248228163,0.0859786308893191,0.0103077079220856,0.0584055299106972,0.115498666766116,0.0156201810356765,44.45539675,5.283739015,5.567929575,-0.2451054335,0.084481099675,1.228766775,0.03626942945,0.77884544425,0.37855079475,0.48304851725,48.25278025,6.0441922125,8.5769331125,0.31080295425,0.122279246,1.56011445,0.075765295475,0.99576825025,0.841008294,0.54335467225
47.418109407,5.6069660792,6.3913973584,0.026083129500519,0.098435710084,1.4173811917,0.05986914329,0.92982056538,0.68289436868,0.5066339959,0.954914652118382,0.19724085753289,0.701624641932212,0.159629198675282,0.00988102862498465,0.0924465041735803,0.013353516075727,0.0508737538770608,0.117274305040471,0.0159020127424771,45.63479945,5.2335074075,5.20410644,-0.26602000275,0.07895912745,1.24483961,0.038132057875,0.81672747725,0.474633623,0.4779938365,49.3384398,6.0023382525,7.9476528825,0.3338264425,0.1165761035,1.6070359425,0.092904885825,0.996983182,0.92263432675,0.540022784
46.324090107,6.0161186618,6.5474678138,0.19660035556024,0.114122701105,1.3713792265,0.054418789741,0.92679893173,0.3208061029993,0.50918313514,0.916937807691095,0.220329934567634,0.737294247241177,0.123462468705198,0.00843913954142621,0.081664075065917,0.0085423894295093,0.0492875292108733,0.120755520854724,0.0153587469057765,44.6918154,5.6057530825,5.2696351175,-0.0504710267,0.0981989472,1.2155330975,0.0381912478,0.80414727125,0.055506821975,0.482222588,48.165053975,6.4525266175,8.265372975,0.4320788955,0.13092452775,1.5365497025,0.0714211815,0.99415169425,0.54306717875,0.54125913275
45.854184686,5.3563865149,7.4085895106,-0.05824113863994,0.091942436606,1.2637359744,0.0289042460609,0.84421802332,0.431616126461,0.51668125176,1.09934200493273,0.190889037825363,0.769863919485405,0.126428223895593,0.00841087135565351,0.0794832240228562,0.00895703709533234,0.121548855511426,0.117203633987144,0.0152320627764758,43.8156153,5.0050687075,6.03842994,-0.303579042,0.075017117225,1.1152263425,0.01227102985,0.55428515225,0.20555413625,0.488062424,48.013633125,5.7628412925,9.1643378725,0.17977893375,0.1081700555,1.4258693225,0.04721830375,0.9896648915,0.67993937625,0.5473068585
46.296111743,5.3338867463,8.7050877037,0.123750366986,0.101921528076,1.4113292667,0.061608085436,0.92430239289,0.59439395426,0.50839543144,1.26245596973328,0.199926769767558,0.906114775392236,0.152056237204638,0.00914688839824184,0.0819261323780017,0.00925039270553404,0.0450811445566089,0.116734986489311,0.0140788183930145,43.957403725,4.973228385,7.086764835,-0.184324774,0.0824530592,1.249091035,0.042971850975,0.8131340055,0.387106855,0.483754602,48.7648375,5.7458794025,10.640231675,0.43566556225,0.118355071,1.5733987525,0.0802460959,0.9912433575,0.81473544625,0.536383616
46.799317138,5.7439283934,5.6372218841,0.01505281705662,0.100549909507,1.4635285729,0.059988733356,0.89230260623,0.5136747575,0.49588527485,0.862688535500459,0.216745869132216,0.690173822174449,0.142767419710022,0.00959633325542789,0.0999121894703452,0.010984547591496,0.0592132063995342,0.108270280077316,0.0144583546579292,45.0835696,5.3306742725,4.50400148,-0.26453535625,0.08251300075,1.2922631775,0.039963705,0.76193981725,0.31195437875,0.4700346255,48.370146925,6.18208414,7.2647322,0.28314077825,0.1199268495,1.67548471,0.080874207125,0.981487647,0.75673200075,0.52733127775
47.312017268,5.3664673437,6.8647381766,-0.1881109666338,0.088057095733,1.3944645913,0.048656906063,0.93113172992,0.6117976307,0.49997184328,1.09449336666434,0.199834504717057,0.75209863091553,0.149109272696535,0.00896602401319206,0.0924076581094254,0.00872092459472906,0.0544577551374579,0.129068026471932,0.015378568615998,45.31297735,5.00059968,5.535036185,-0.477513498,0.0707465471,1.214223415,0.03230982955,0.8049422695,0.37826094825,0.47106219425,49.49384545,5.75538405,8.5994883575,0.0999282497,0.105115184,1.5729721575,0.067157931525,0.99698020625,0.8948403445,0.531030125
45.844495369,5.7961141372,6.7404670965,-0.013576513819478,0.101384131783,1.2913560916,0.047140165988,0.88890890249,0.48864036263,0.51969306967,0.954486184521482,0.215640557231089,0.709734533749221,0.123369422643386,0.00830753691953746,0.0765613199751207,0.0116530098484476,0.068020766489435,0.102053635775929,0.0152249012930814,43.985521125,5.3827908225,5.5767516325,-0.25728879125,0.083830475575,1.153828345,0.027633053625,0.729259059,0.2817150435,0.49074537025,47.790019075,6.24521328,8.258881615,0.21481232525,0.11754734125,1.4503975925,0.07250677535,0.98662799075,0.69408174475,0.5508977365
46.474829088,5.5337532977,7.4786340768,-0.1670305559332,0.09821142146,1.24105505791,0.036611796016,0.89926529447,0.53780188998,0.49877912235,1.08589018870994,0.197704525576078,0.781105769729561,0.137046685647932,0.00852051467838476,0.0903493431092948,0.00981367712471013,0.0768156571757084,0.109179759029693,0.0153335902891142,44.14102805,5.16321788,6.1179565525,-0.43771827425,0.081802315125,1.0739824225,0.0196054885,0.71993783575,0.33168584525,0.46967239025,48.61829135,5.9149517825,9.179085595,0.10775111675,0.1156744725,1.424384685,0.05704882195,0.9960841785,0.74597491025,0.52842436475
46.084840583,5.944927115,7.3558541581,-0.2895015057943,0.086650299033,1.3994862803,0.045496964889,0.96205665682,0.433917729063,0.52392073525,1.1008509955812,0.232916961462999,0.762908270939413,0.131596442749939,0.00837106372663133,0.0882308320340169,0.00722699794821673,0.0360884588785815,0.117312916490433,0.016056048915114,43.942695275,5.51682448,6.0529895075,-0.54727581625,0.0707333798,1.2426576025,0.031436051125,0.8750125,0.20935531525,0.49289966825,48.2147252,6.4142752725,9.0304635675,-0.0369189002500001,0.10325887675,1.576693675,0.061121238025,0.99874648175,0.68557751875,0.5569433765
47.401535087,5.8637667528,6.7205833957,-0.124160459620885,0.09069838869,1.334738619,0.040486950455,0.92040516536,0.53491524455,0.49620942807,0.990775861886226,0.219042608851906,0.71047541770934,0.132792033675937,0.00741119682091286,0.0824924573094362,0.00829616532971958,0.0583830722135039,0.0972594966792931,0.0138201065557234,45.302457225,5.45054284,5.4108005675,-0.3764686285,0.076188149075,1.1866514525,0.02553733285,0.7722392185,0.34843131875,0.4711355875,49.263362775,6.310914025,8.245200075,0.13112315975,0.1050796,1.5124684325,0.058886307575,0.9960371055,0.72661728375,0.5239657435
44.793037476,5.7522709706,6.8579872294,0.10171277108614,0.089578043997,1.4072742796,0.042318235148,0.80042847287,0.3101267108653,0.51655851477,1.06481576537347,0.219191993673975,0.728487913263754,0.128750155299214,0.00952011649560249,0.0806958824822606,0.0122706325537145,0.115631555984372,0.1544694921959,0.0152162278917068,42.70322725,5.35902625,5.6172199125,-0.1535812445,0.070703092475,1.2506392575,0.0211194893,0.55337401075,0.0355951515,0.48754244175,46.923288925,6.196861645,8.4330925425,0.34609118325,0.10796962875,1.5610340175,0.0675451152,0.98360590725,0.6091985625,0.545291521
44.786711373,5.6805330627,6.6225638377,0.00391344740025,0.112605771096,1.2914093964,0.046477919733,0.91244467168,0.2843582234288,0.49576700639,0.98523843964532,0.226732055887468,0.794958935040398,0.111766696230924,0.0089810866616591,0.0793448392068165,0.00861143389754628,0.0669524701919369,0.123748291662409,0.0142977201406718,42.828997925,5.2494089975,5.3048717025,-0.21498852625,0.09562457405,1.1499964825,0.0305898298,0.737662491,0.04104304865,0.46865777775,46.680484875,6.1514849925,8.3742938275,0.21855237625,0.13213727875,1.4534306375,0.064918973275,0.99701273175,0.5134369165,0.52485474325
46.440130802,5.7334322545,6.5391824775,-0.06167005097088,0.08885936696,1.3011229625,0.052785479936,0.90834194799,0.399511470181,0.47882261775,1.03630553282751,0.204117423153675,0.73553288563308,0.130939808186748,0.00822924874642557,0.0904383285282313,0.0107845473804223,0.051501064195613,0.112598611489832,0.0154370114346565,44.453114975,5.3209522325,5.2012276675,-0.314117901,0.074465170275,1.138108415,0.030444464425,0.78566279825,0.17850388625,0.450301914,48.644856375,6.141312985,8.20106719,0.19027670775,0.106118881,1.495373675,0.075126749525,0.984885044,0.6238702155,0.5100181235
45.250318843,5.9145415976,7.237163796,0.13043727805497,0.107420325004,1.2673827991,0.050563020805,0.863841399,0.3094586110065,0.50122312895,1.11294725964056,0.217296705185378,0.7426295795407,0.108073659668877,0.00772340000193503,0.0758557462623925,0.0106330226369782,0.0829674669079767,0.12161654319584,0.0144458314141959,43.100249625,5.5192373,5.8449765125,-0.082994466325,0.09228984715,1.132902055,0.0330189688,0.69198129225,0.062906301,0.4746109705,47.379117075,6.35000244,8.794387675,0.348749536,0.12262910525,1.4239612475,0.0729955128,0.9909865835,0.53295822775,0.5302756515
46.996081758,6.039236458,6.6089605322,-0.01247317901828,0.095536037454,1.4290655449,0.057968284661,0.91881746849,0.4662884477,0.4943413408,0.939079264945262,0.218625975819215,0.729048250488779,0.127170957260897,0.00812875692170787,0.0874919479198891,0.00949858029096358,0.0422667412229786,0.119188056243733,0.0137238884571932,45.2562982,5.64445047,5.355502635,-0.2563464685,0.080075646125,1.272978345,0.039602843025,0.822044155,0.22610930425,0.46874589825,48.88299265,6.4991265325,8.24850152,0.2436673385,0.11166975925,1.60932547,0.07622250825,0.9860535515,0.6977401595,0.522759761
45.041511854,5.842347686,7.3417622469,0.0204376724869,0.098421801297,1.2935660811,0.044682632265,0.94166597231,0.63818019473,0.48510978242,1.10601900125247,0.205614461984414,0.73315942077032,0.133754934724102,0.00728857439140966,0.0737017117553629,0.00659478619848024,0.0490564366736793,0.0995764679940419,0.0135458829438962,42.8605625,5.4482952125,6.076947625,-0.23664969475,0.083142895025,1.162766395,0.032281969475,0.8187361565,0.46766689925,0.45963080625,47.157166175,6.2341597875,8.9376933175,0.274560578,0.112417618,1.446222425,0.057896606275,0.998238582,0.83730392875,0.51165622475
47.332316331,5.9628069848,6.3333607595,0.20770989788618,0.101559708644,1.3526425084,0.048685648424,0.85433169919,0.69673813817,0.4753736908,0.944371863710997,0.22572323308601,0.751620005257354,0.167254199121039,0.00926287269805612,0.100619807719203,0.0118874855348229,0.0763405471427968,0.134058018806038,0.0138655901783445,45.42901225,5.5402423975,4.967402945,-0.11322240125,0.083376484425,1.1657955925,0.0267263347,0.68173324575,0.4443705265,0.44950058175,49.2098663,6.4247695225,7.8916634325,0.545437204,0.118921591,1.5679603225,0.072679847925,0.97357626525,0.98479787425,0.503133499
46.173200165,5.5596747641,7.1186573078,0.0236101655046163,0.101631719498,1.2896329624,0.050356464312,0.90132584607,0.49155591928,0.50963807565,1.02912326327046,0.194416216478267,0.741558676284268,0.138315622325189,0.00869852928034893,0.0832186441573766,0.0100246242127495,0.0638609221959075,0.111283829153858,0.0141918924019036,44.167792575,5.2003833925,5.7620369775,-0.24002263475,0.0861126363,1.153141595,0.03359636095,0.75536627075,0.2618544555,0.48143042775,48.0967737,5.95515683,8.6775562275,0.29440876375,0.11904655975,1.491856815,0.07208889065,0.99661277275,0.704733635,0.5373759825
47.663706235,5.5269844945,6.9199438258,-0.0278468301022,0.103802084359,1.15165014565,0.0450382285498,0.80685165344,0.52410058797,0.50372508613,1.0366490233926,0.217431379873682,0.795459002124822,0.14251391419025,0.00880739995822161,0.091858136362516,0.0122430163692613,0.0898608409375661,0.0998869606485374,0.0147678327038577,45.579005675,5.1187678275,5.6096262,-0.298044152,0.08672685545,0.990671342,0.021675716275,0.61086033825,0.34021784525,0.47667496775,49.635013225,5.960340055,8.737010275,0.2548677005,0.119992626,1.36250232,0.06905740255,0.954889569,0.7280592465,0.5330225115
46.341883961,5.9903387201,6.8132288783,-0.1762112632222,0.089940719126,1.3950523377,0.040053827022,0.92637382847,0.3388702640669,0.52431302584,0.990689267686167,0.223597565012678,0.770357722341113,0.131244438830308,0.00825306057849018,0.0897780812730472,0.00822601362389073,0.0596331329374726,0.132371058925798,0.014929819087556,44.3732096,5.59049067,5.484287895,-0.42563984,0.073562410125,1.2189323575,0.02398632045,0.78569852225,0.0754391769,0.49661165175,48.364687525,6.455008835,8.61356665,0.0718488206,0.10595953275,1.5855856225,0.057007198175,0.99711047225,0.60639992525,0.5541999555
44.986657588,5.4404319902,5.9294067324,0.12578523535651,0.106384153003,1.3422215744,0.049386811152,0.92602979633,0.55778192876,0.50280704232,0.896888334302872,0.191459135128641,0.674598947072268,0.125063796770953,0.00808861504345994,0.0828272710821549,0.0111902758929003,0.0545697701962297,0.0980780146409919,0.0138268530848035,43.41833025,5.0937070725,4.765918545,-0.11708758025,0.09081593425,1.19655754,0.0303836706,0.80592176775,0.382601693,0.4784972225,47.001827125,5.818235955,7.29027557,0.36359436875,0.122681277,1.512432665,0.073958929225,0.99732249625,0.75895515225,0.529883981
46.874998901,5.6515276553,7.7604506877,-0.152795693230378,0.086511471846,1.3607036492,0.041372015667,0.86891617841,0.42257544127,0.51829680847,1.13881793160581,0.21346874092234,0.801945791757822,0.127054554979295,0.00843407576605365,0.0812190647073911,0.00996631830927891,0.0762125392416076,0.102873672116138,0.0151539571825169,44.63899955,5.24467439,6.495445815,-0.397697109,0.070386463925,1.21057239,0.022961389825,0.68392063075,0.217668786,0.49096015325,49.10200195,6.0797298275,9.643836075,0.10602276225,0.1034446355,1.530136,0.0602274439,0.98616634925,0.63187751625,0.54865974475
44.51228198,5.9378243325,6.0345834668,0.0339878053448049,0.107179016932,1.2476808907,0.066942482566,0.83120724946,0.58227813803,0.50603802247,0.904678104348341,0.204108799400805,0.651753986040437,0.132751317571731,0.00936895109863387,0.0813655049752149,0.0124230374062507,0.0642843754099199,0.107736135660514,0.0151380353956983,42.63488755,5.5704090925,4.903216455,-0.2299959945,0.088732074425,1.1006088175,0.04382720535,0.69229167725,0.38912178,0.47698736625,46.430325375,6.3436181075,7.37919524,0.29780174775,0.12493334,1.4167840125,0.091585015875,0.9416791005,0.8308013675,0.5375603395
46.781548081,5.3947193582,5.0346513573,0.11272287438422,0.116763420543,1.3948412286,0.062917837056,0.85690709814,0.60117045187,0.50240694637,0.73625053870173,0.198658782507135,0.607093826871448,0.144825114087113,0.00959311927162635,0.0931708336478898,0.0135927532794411,0.0713563488287376,0.109857687319956,0.0141117186302119,45.3142318,5.0235258475,3.97028137,-0.172759222,0.098252449875,1.2217935225,0.035723041925,0.6990659845,0.3961390855,0.474339631,48.252353825,5.8086284275,6.2992541225,0.38470555075,0.136009651,1.5938639925,0.089960373575,0.9733897695,0.841406182,0.53099205575
45.898133694,5.6810808658,7.8575023636,-0.08563780505792,0.104241409276,1.3167838856,0.069506183287,0.89601710862,0.43769298734,0.51929597045,1.20738235615328,0.210026319267936,0.785595585627964,0.127425363068439,0.0086048310222644,0.0838382507405102,0.00956921367676437,0.0441731691134705,0.126492475965419,0.0138769011104523,43.481494825,5.27170407,6.3835509075,-0.33125626075,0.087576228075,1.1678622725,0.050797589375,0.800324477,0.191139822,0.4934588105,48.307368575,6.10484319,9.55452673,0.1706420395,0.1204239875,1.49153167,0.08675361935,0.970100936,0.69272590225,0.5467110065
48.223230336,5.6746360676,6.1922595624,-0.0856656938276,0.096834590475,1.3575404741,0.046487201628,0.93632031951,0.301969065859,0.49699820591,0.933148631193991,0.205252665640111,0.679219886957616,0.123961910657815,0.00830262789609119,0.0867235437083102,0.00892326116510831,0.0436633342770473,0.105801804958238,0.0148132606198816,46.297234775,5.29111186,5.0496100975,-0.31401005975,0.08117279135,1.2059678225,0.03198217665,0.8346661,0.0882155798,0.46969142075,49.9101623,6.0641723325,7.662919445,0.162715171,0.11275840375,1.53507463,0.0666888362,0.99528325325,0.5077537155,0.5277863585
46.722011307,5.762304649,6.7723740707,-0.1653489956258,0.096617972374,1.4057142144,0.062793861225,0.82636358447,0.464481328502,0.49960671171,1.03278883631494,0.209628425579907,0.741528783536432,0.145682911026038,0.00956084754437158,0.0976249619319662,0.0131232070287628,0.0681893054112939,0.135346062807561,0.0141367569585093,44.7025953,5.36488206,5.5283404175,-0.4674022745,0.0775824225,1.2207270125,0.03772293935,0.696412083,0.19064931625,0.4723333495,48.630730775,6.19387182,8.364027145,0.1038989625,0.11432385775,1.5946792075,0.087373591575,0.9585649425,0.73237232075,0.52836346925
44.325881007,5.6179465869,6.6880224207,-0.132821654202778,0.076977269518,1.350864936,0.059924940764,0.86863087471,0.5652539746,0.49600756106,0.927047844760976,0.212906071264051,0.670588815785642,0.128565931233318,0.0090393277005873,0.0829649427432792,0.0107551309067682,0.0627692233936324,0.113761600274529,0.0140720345277335,42.49160295,5.2252127725,5.5885332425,-0.3755945395,0.0582766627,1.1971270825,0.037549213275,0.734299667,0.35456346075,0.4699184035,46.25462675,6.0725862025,8.14611843,0.11621916475,0.0949759823,1.5209769775,0.081398621575,0.97598916275,0.7950956455,0.523936199
45.116504267,5.4617763483,6.6944822972,-0.02253815859077,0.10141697987,1.3271398341,0.060765607488,0.96872879449,0.48229942152,0.49403768869,0.982151543849753,0.206268487126136,0.714504356333566,0.125734766709068,0.00859734310123581,0.0888931783171215,0.00906669312526586,0.0272364918191519,0.113113952091126,0.0155792356735942,43.22794385,5.0682137875,5.437532895,-0.2805735485,0.084624121925,1.1646307475,0.04310748585,0.88970348025,0.25918042225,0.464926166,47.0126744,5.8767821675,8.1846312425,0.20585830475,0.118691787,1.5143887025,0.079060980125,0.99922073325,0.696988676,0.524560985
48.024699263,5.8192640864,7.5662232222,-0.09529757310373,0.093923818087,1.29008292665,0.065236903523,0.84601873332,0.67459858332,0.51940057164,1.14794736430824,0.233241205909648,0.827212730470973,0.175368462744566,0.0108592035453789,0.1032283547822,0.0104861256480907,0.0624440950809147,0.121410018668448,0.0162380431862842,45.74109395,5.380109335,6.15987097,-0.43076231125,0.073775555625,1.10790927,0.044660355075,0.70478191575,0.44601621825,0.48952089625,50.309551475,6.3031729525,9.3288327325,0.2472072115,0.11475138225,1.4998931375,0.087323029925,0.945236474,0.934836854,0.55303841025
45.624470003,5.9978182336,8.9467106592,0.05871067567586,0.10769217229,1.2514251456,0.0558064115,0.94702179365,0.80560333183,0.48611279138,1.26974170396264,0.199759619652207,0.94301519744316,0.158797677250842,0.00798989479801549,0.0780806109500359,0.00839403723725407,0.0442691919598942,0.129858481930857,0.0142714876064973,43.22521635,5.6082397375,7.35732633,-0.25540625025,0.092176916925,1.1135942125,0.03952007805,0.82680098425,0.5745684175,0.4586850555,48.362671875,6.4087723125,10.966114125,0.37913475775,0.124025647,1.414825705,0.07234095945,0.998490339,1.0651865575,0.51588344275
45.609044365,5.6089126443,6.4435712016,-0.0079953440159218,0.105589136591,1.2591452156,0.046925651167,0.91430842132,0.53292693995,0.50573199747,0.967377346190876,0.19050364253472,0.739931018660932,0.125773991565383,0.00825298458085792,0.0851239000567993,0.00940901626183981,0.059563665637033,0.0977536550406938,0.0153077210446887,43.6871032,5.2607573725,5.137684675,-0.24598680475,0.090002797675,1.1062898575,0.02954432115,0.7744235245,0.350137602,0.47770461125,47.5170526,5.98874033,8.04499864,0.242188323,0.1226944265,1.4366745125,0.065590220275,0.994697732,0.733990338,0.5379081765
43.699757298,5.7232032987,7.1794488216,-0.008228070908392,0.102197596172,1.2417417799,0.063353199457,0.82434597134,0.47570021288,0.50115115372,1.04798264396145,0.200966853596235,0.770487334183663,0.122340844414187,0.00898138684228319,0.0798487466097349,0.012474833356251,0.0702587897528078,0.101085615915562,0.0151074336756244,41.6302946,5.33309505,5.7987111925,-0.24850164675,0.08364262085,1.1016071675,0.040307837475,0.67919905525,0.302968707,0.47127176025,45.6987268,6.117016825,8.9014441975,0.243499204,0.1195116775,1.40905379,0.088050623775,0.9402721655,0.69136420725,0.53091909125
45.125303246,5.768067466,6.3741388213,0.05750262117429,0.096305601257,1.2993136331,0.047323475213,0.88327091482,0.60474137213,0.47950688989,0.866732668336938,0.214245228630597,0.708733053742734,0.131914282312152,0.00918634553783613,0.0761849869949723,0.00978925676669003,0.0794864294545752,0.117952881834013,0.0149406941543678,43.49364995,5.3650449,5.1638128025,-0.2106988245,0.079251416825,1.1627458425,0.029155210325,0.68744355575,0.37756959975,0.4512759795,46.865874025,6.2101059225,8.0067344275,0.32664308925,0.114792729,1.460455925,0.0693978618,0.9922247455,0.84619510425,0.5095603615
46.684898337,5.2687077827,6.8931731538,-0.07275423207788,0.096269443395,1.2335886447,0.032463064779,0.90374572024,0.4770911574,0.48361112282,0.965305648102291,0.188837471742668,0.715846023672943,0.117769827619827,0.00763931972260058,0.0756276580815783,0.00721923463434861,0.0757874688285018,0.111460114840707,0.0127474092277545,44.867050275,4.89074828,5.64032691,-0.32769115425,0.081296114425,1.0968116825,0.0191774867,0.7230023495,0.25481051175,0.4598845195,48.6862953,5.6611902875,8.47279981,0.1563868485,0.11109564675,1.395675805,0.048932173075,0.9961634115,0.700343802,0.50883784725
46.395351808,5.6758753304,6.702259795,0.0013516939737,0.107834041964,1.21914504441,0.051047130177,0.92355171335,0.63470051898,0.48767917333,0.909340954691599,0.184169041950486,0.695742730287689,0.145330436704016,0.00880609676465052,0.0862076343445576,0.00873204841472907,0.0555369722939887,0.0989482409343846,0.0143343139332082,44.68622205,5.3342606025,5.4869692975,-0.28915127425,0.09121731075,1.0698911725,0.034947723125,0.79283143175,0.45966484475,0.46085320975,48.191893775,6.0397412525,8.2339737725,0.283689074,0.12517600025,1.4016290475,0.06799469855,0.99504628875,0.84763831775,0.516672448
45.762675822,5.8644362494,6.8197323875,-0.02341579684088,0.103474338636,1.3789007463,0.061521622995,0.93713659825,0.58764187488,0.51740778318,1.1082652930067,0.221395422745143,0.769161131963605,0.142563022986981,0.00889762041054946,0.087132586978875,0.00946071241230159,0.0398684055869159,0.116965589464971,0.013435373716016,43.548274625,5.468810825,5.436224825,-0.30665215425,0.0863471176,1.2113433625,0.0438407628,0.8437333025,0.373316977,0.4924605,47.9195032,6.319849035,8.4671051425,0.25016732975,0.12084537175,1.566945925,0.08233155195,0.99741744475,0.832599564,0.54406086475
45.419123464,5.7320255256,5.670893052,-0.06708491463467,0.093897821222,1.4143172691,0.063389827344,0.91947962482,0.7175672358,0.48803336102,0.839183494610407,0.211791919492267,0.643455266835812,0.157046994119113,0.00985826048456091,0.0880631631876475,0.0111898573015642,0.0490004422334184,0.114831992559286,0.0146040420652797,43.664152175,5.3348182425,4.5176307625,-0.379757694,0.07417844855,1.2487763325,0.043257856725,0.814593629,0.5204501915,0.461881466,46.98648015,6.1875472875,6.9446992225,0.2207652345,0.112997111,1.5995383175,0.083837456125,0.99204257175,0.98222096825,0.51605046475
