"ests.1","ests.2","ests.3","ests.4","ests.5","ests.6","ests.7","ests.8","ests.9","ests.10","ests.11","ests.12","ests.13","ests.14","ests.15","ests.16","stderrs.1","stderrs.2","stderrs.3","stderrs.4","stderrs.5","stderrs.6","stderrs.7","stderrs.8","stderrs.9","stderrs.10","stderrs.11","stderrs.12","stderrs.13","stderrs.14","stderrs.15","stderrs.16","ciLower.1","ciLower.2","ciLower.3","ciLower.4","ciLower.5","ciLower.6","ciLower.7","ciLower.8","ciLower.9","ciLower.10","ciLower.11","ciLower.12","ciLower.13","ciLower.14","ciLower.15","ciLower.16","ciUpper.1","ciUpper.2","ciUpper.3","ciUpper.4","ciUpper.5","ciUpper.6","ciUpper.7","ciUpper.8","ciUpper.9","ciUpper.10","ciUpper.11","ciUpper.12","ciUpper.13","ciUpper.14","ciUpper.15","ciUpper.16"
43.377366169,5.7396331704,6.9272965828,0.23034145583586,16.4111026289,8.6100394693418,2.14246119896587,0.0142925998952821,-0.016877483437149,0.168544827024962,0.11630048913752,1.5764406353,0.075491686161,0.9419497087,0.4269483149,0.48553078138,1.0504418198182,0.193566959359216,0.726606072795522,0.105270141169828,3.85213991645996,3.69293149499769,3.33263389659559,0.029831517623747,0.091879172807167,0.26217427137294,0.502939781628094,0.0866892426804406,0.0111262527444276,0.033655110257467,0.112310945766316,0.0150802447165344,41.24908695,5.38007186,5.665910715,0.024408823625,9.01123159,1.4352074375,-4.2319197125,-0.04484104485,-0.1928672495,-0.33291999525,-0.87992266175,1.415830275,0.055648614875,0.8661860605,0.19811532,0.458534864,45.476311075,6.122207005,8.5115810975,0.43012047875,24.352283625,15.612253125,8.6747954475,0.06876115365,0.1652680195,0.6824356475,1.042691465,1.756174075,0.09741927205,0.9980367425,0.656599151,0.51799771775
44.986306851,5.8242568803,7.8244198938,0.3269187265957,15.929296658,6.94419258615,-0.68453410371093,0.000386561145491,0.052389525699529,-0.053851468610048,-0.06850035588737,1.396700425,0.070136902751,0.93825017168,0.64295311333,0.46294662655,1.16655222652438,0.213863403329137,0.82110736069935,0.12259019823201,3.81456261562804,3.05312537342257,2.91322180718204,0.0237244063500904,0.079498556131259,0.229179630232676,0.411739002691518,0.0829971698578863,0.00942763551776159,0.0312706422340259,0.0951241543509919,0.0133314840427397,42.8070013,5.4052084825,6.30322992,0.076104794375,8.256727175,1.305582,-6.6295687775,-0.048356330525,-0.112611919,-0.521540148,-0.88539957525,1.2518592125,0.051368238225,0.86753740025,0.46662977775,0.43716560825,47.43744455,6.2719501075,9.5922407475,0.558978376,22.87288795,13.25274145,5.166324845,0.049221987225,0.216227469,0.40642852125,0.7356928445,1.57867127,0.088794468475,0.99236983225,0.83081459225,0.48816950625
46.343856882,5.9979860515,7.1340362296,0.3298485514355,12.199040543403,2.2322547539912,-1.2885760109904,0.008988590637962,0.04607419693122,-0.10137071361062,0.113433663203538,1.3388389963,0.066003358515,0.9149153289,0.43361679541,0.49364853203,1.0587078197795,0.221187775792779,0.788581651022639,0.113222148839237,3.85909689278286,3.58570045955002,3.01503495531837,0.0243310820004727,0.0823280667131217,0.237189147516465,0.428705372223455,0.0809888986027508,0.00921226749518374,0.0368885320312122,0.0993874628149245,0.0151034704302792,44.236203325,5.5488783825,5.77440611,0.10723815175,4.3060350225,-5.0072270975,-7.042958135,-0.03837569085,-0.115113666,-0.5540609915,-0.74167728725,1.19300569,0.04778654875,0.82811546625,0.2608710495,0.4627796155,48.501584925,6.410255745,8.8705491025,0.5512675125,19.88138385,9.562636605,4.3394988525,0.054334881925,0.20780636225,0.3413831205,0.893347681,1.5056903525,0.0834759043,0.9703598045,0.64090855725,0.526083256
45.019500554,5.6666273971,6.3880278215,0.16706488888543,16.8726897245,6.80377781573,2.3829066724884,0.02543994642644,-0.032211488658865,0.18746038113233,0.1995414064882,1.2504010332,0.038326106048,0.95206502015,0.46174931456,0.50280952723,0.968118775733429,0.185905004447041,0.677059967095347,0.0944141424199451,3.26348748701067,2.82792341207559,2.47696648052397,0.0190190653641086,0.0662297575082843,0.19485995227884,0.342627346677578,0.0651459971367314,0.00638177825906612,0.0439476866366802,0.0960365409923436,0.012813993182986,43.198192075,5.32407832,5.2062269275,-0.018002574825,10.68137315,1.5009055825,-2.330042855,-0.011578039425,-0.164342037,-0.183301653,-0.453524259,1.13373359,0.026992531875,0.842234279,0.27427309475,0.47735218325,47.06329845,6.0372894125,7.998020115,0.3554978155,23.4285143,12.5556027,7.532487135,0.063150095775,0.099856809925,0.592571644,0.88673766225,1.38961368,0.0524698877,0.99842546625,0.65358729725,0.52692462625
46.599751959,5.5220276694,6.9511738498,0.2132618664024,14.07831486508,9.93683969193,3.2451297159956,0.010686171929769,-0.04061314001954,0.25529042339233,0.14817236898696,1.3220239236,0.047035528935,0.85445128946,0.56144070975,0.51238171206,0.993694835989113,0.203332348337638,0.720961838681419,0.126457131586838,4.27707481474863,3.66284717795263,3.08003276254784,0.0225614643810543,0.0797052525051465,0.242302446248717,0.402345186856141,0.081018258107087,0.0093248817308857,0.0645507463924781,0.0954051801096158,0.0148598726422948,44.67237685,5.1519103225,5.6893726175,-0.037139417825,6.166908265,3.1437390325,-2.8105382625,-0.03294382485,-0.2129470525,-0.2211016335,-0.63940172425,1.1683535425,0.0302356636,0.704731426,0.3867406895,0.484488025,48.6722887,5.93904467,8.6183298475,0.475341552,22.55634515,17.45574665,9.911970405,0.0560198389,0.115980475,0.7797626975,0.95540241375,1.4866372775,0.066958641375,0.9663671465,0.7531332855,0.5424132885
46.229063005,5.6015715345,7.7721525748,0.1198083993529,12.7667313026,9.554072694361,0.084847338058,-0.0134907516026275,0.043991768010317,0.00667483736841,-0.3564110754198,1.4001275839,0.052404613335,0.96621337925,0.50492877929,0.50012902626,1.1742427990671,0.198851853279045,0.850820894827188,0.112865753048433,3.80267742708467,3.29155768493256,2.5923300081617,0.0167579110007037,0.0671946568633288,0.203935461324826,0.312555562943328,0.0828233919939066,0.00747525954762223,0.0247851683003386,0.085120732494707,0.0139579650927892,44.08946045,5.222185515,6.2609710325,-0.110375431,4.7415586975,3.0364028925,-4.863901875,-0.047689084375,-0.0799059188,-0.38263727075,-0.941982248,1.2504039975,0.03919636795,0.905235447,0.35149253425,0.47432527675,48.619874925,6.00596958,9.66334505,0.3330758565,19.71107535,15.810790625,5.1037444675,0.0176267991,0.17644892925,0.40150539025,0.20989406375,1.56621122,0.06773858155,0.997628444,0.6847903915,0.52820444775
45.722044249,5.6747050218,5.9909814509,0.2837073748989,6.179503920596,8.850920520628,-4.2703078024581,-0.0572052967179,0.1597334601107,-0.33593994162146,-0.78494486796283,1.3048235715,0.042448698178,0.89303109814,0.493827309756,0.46232924337,0.862427425671801,0.197803717118812,0.669135686849153,0.113389253457872,3.8974786310099,3.51478622463489,2.81202925730237,0.0219929269236323,0.0752150804552612,0.221218934960277,0.384307471899727,0.0797366940014808,0.00920441936745183,0.0673256975072829,0.125595992369089,0.0135908247009609,44.088413475,5.317169165,4.7470435125,0.066202226775,-1.231322685,1.9502147375,-9.43352316,-0.09942270485,0.0036723394,-0.742123842,-1.466031925,1.15289982,0.026933511375,0.72708692475,0.25043849675,0.43656447225,47.3741173,6.070567905,7.493228855,0.50206211775,13.780928375,15.74965,1.4572240375,-0.01139673575,0.29954573575,0.1146380535,0.0356260070749999,1.4654890075,0.062363775725,0.99200308175,0.7492632395,0.4912278765
46.818368253,5.3925379879,7.4108609608,0.447152425974,21.6833905697,14.06490045897,3.93619983663445,0.014489640613263,-0.03950909153459,0.309656072554911,0.28021626563326,1.11272838776,0.052363177204,0.83598228934,0.47814289226,0.49543082545,1.12451040729572,0.228391922306783,0.772795973629496,0.126696686093941,4.75901853478152,3.97097822962005,3.1524719860578,0.0221817636667281,0.0814533297345963,0.248001151760026,0.401614311952868,0.0883036223108073,0.0121285253604144,0.0675814086556141,0.106928843604293,0.0163474448908481,44.817736,4.974145685,6.10905832,0.200102001,12.606603425,6.4762756,-2.264055655,-0.029040861425,-0.191968688,-0.17811051225,-0.53984737825,0.953529577,0.028774621225,0.687208006,0.27934819075,0.46612246375,49.14727075,5.862973285,9.1702744225,0.695837282,30.778174875,21.711703025,9.751400415,0.057396908625,0.12114024275,0.7671308585,1.0720148575,1.3135842875,0.075312738675,0.95237509825,0.70302742175,0.530337951
48.038225131,5.478896156,5.3727327909,0.118776217621517,8.7668236686723,9.874937631717,6.1213961389332,0.019329716881844,-0.119603336603,0.48156281799454,0.4031650303533,1.2842703043,0.041780465368,0.89725120723,0.58924042728,0.51078735198,0.87621904904844,0.210289465047225,0.621727526003958,0.134033830433626,4.89212817890655,4.25153423959537,3.10243754823245,0.0224308780224679,0.0808982336338599,0.244065002643474,0.409105710823429,0.0949283752091664,0.0098934700587492,0.0718157055397021,0.0972111685401206,0.0151554016973835,46.3378746,5.08400847,4.28549024,-0.129849806,-0.87127594575,1.06816457025,0.20263647475,-0.024104634325,-0.278659591,0.0159411656,-0.39888751625,1.1133158025,0.02383710435,0.73093404425,0.41679584425,0.483616736,49.749784425,5.9355684225,6.6246613775,0.386910749,18.33060865,18.508554925,12.188040725,0.0625026296,0.042443803025,0.9588184315,1.2264434425,1.4895758575,0.061807702775,0.9971724115,0.79459049525,0.54187222075
44.699524507,5.7903031806,6.0617376372,0.2770210184992,12.2349302437,7.6815218833033,4.1113096242696,0.02302672796802,-0.07524304093992,0.32343174763028,0.4523624337126,1.3540729658,0.045652009337,0.94520950645,0.6146431067,0.49404171846,0.971803460284566,0.221470382900402,0.677714430765547,0.128546256290977,3.82153566222608,3.4059620510761,2.70065913065255,0.0208008092433758,0.0716492460058388,0.212457582104455,0.379212685976022,0.0793596837772243,0.00807281724787326,0.0470592697387769,0.120228328592169,0.0156648117857722,42.7170547,5.39004496,4.8132612575,0.02242616985,4.86670967,0.62891969625,-1.2399077825,-0.01659361065,-0.216009855,-0.097542039775,-0.2741374575,1.196408215,0.03041594315,0.819215815,0.4159638095,0.463681756,46.52855495,6.2303880325,7.4964865425,0.52581934325,19.84369015,14.378370875,9.7855252575,0.0640790686,0.06673037895,0.76981542025,1.17524877,1.5084820375,0.062177671225,0.99829700125,0.88685956925,0.52663960975
46.652891951,5.5854393026,7.2946538059,0.08295989803843,16.0858229024,14.1710420047,1.3194495065587,-0.018056637116815,0.032595602256365,0.10379949425946,-0.48488879691458,1.2892051587,0.042132001615,0.90721260024,0.479618559,0.4929609418,1.07780956104092,0.218296537292978,0.828519955592188,0.114585374109019,3.75685256635464,3.54727736958053,2.66028032932401,0.018307835611907,0.0675610428562605,0.209281030629322,0.341464183514832,0.0789783619590676,0.00860677862845403,0.0562868241536442,0.0823593718253056,0.0147898404998685,44.48713045,5.1794150525,5.91845159,-0.15447025325,8.9118840875,7.2455980075,-3.6529701525,-0.054476919175,-0.096765924975,-0.2873747335,-1.13463567,1.15292378,0.02824995825,0.779478477,0.34236220125,0.465332082,48.63174165,6.0601687525,9.2268750425,0.2899744365,23.873891125,21.191846525,6.4857304825,0.0161776333,0.160234418,0.51022455475,0.13796248525,1.4569559,0.0616352327,0.98972591775,0.6577457725,0.52183281175
46.10935321,5.5923948336,5.6597819879,0.2713443437073,9.836357869741,4.733956207886,0.6188983644883,0.005719876598852,0.00601561280483,0.04868798460052,0.13977173047882,1.4489196048,0.060253859218,0.93147033269,0.43543593924,0.49642308432,0.87663572294799,0.210094731603986,0.678596919513696,0.120456445855173,4.56996920622119,4.07112823031837,3.33366810789507,0.0246632442591485,0.0856801608674894,0.262255631832568,0.4305508432519,0.098000672630801,0.0118992087079469,0.0399833747211534,0.0850675284357291,0.0150752272039588,44.5108296,5.20519326,4.4707261775,0.0346236963,0.96630095825,-3.50393557,-6.2649395925,-0.041537684125,-0.15718030475,-0.49285520925,-0.700168571,1.2682892875,0.037556910725,0.84486136125,0.27971807175,0.46718200125,47.940315925,5.993982065,7.0600408025,0.50824551125,18.8069211,12.41112205,7.176958185,0.05403769405,0.1840113175,0.56460260675,0.981904133,1.657488335,0.083571316675,0.99238224275,0.60531428325,0.52668063325
44.584628282,5.4915188039,6.1071535122,0.4395264093971,24.2049665398,14.1025650113,-0.0087003642002,-0.008315279953523,0.068599755354346,-0.00068444721736,-0.240333680498,1.5373353874,0.066881902319,0.88207032279,0.371292481992,0.50350816838,0.899003206582711,0.199628247541849,0.690523100437013,0.118464350314351,5.01197435353629,4.27693925024796,3.25202634540011,0.0259025026922653,0.0866279691509174,0.255832972672922,0.436185557204559,0.0930796084091375,0.0105162123887708,0.0439770962692892,0.110858628831668,0.0143466446337058,42.756144675,5.0971476525,4.8678143025,0.2181365525,14.518016375,5.543588175,-6.2159451175,-0.06040921975,-0.093339121625,-0.4890008765,-1.0998438575,1.379410985,0.046189172625,0.78796686775,0.1500886945,0.47774394325,46.3665463,5.89035289,7.5961721775,0.664519519,34.127318775,22.700611525,6.051502025,0.043599231775,0.23602088125,0.47606432775,0.60145602025,1.73630008,0.0865664606,0.9558953195,0.58752753525,0.531258573
45.760999359,6.0534749509,7.5428688968,0.290415304775,15.1402030285,7.57742794186,-1.0520119787766,-0.0070410668722158,0.065512730604527,-0.08276050786982,-0.19921698635106,1.2936979756,0.039255447332,0.88886641897,0.39540196974,0.50016945323,1.08226682324764,0.220252915426865,0.783329852045405,0.109575894475058,3.67763436732082,3.36085813258699,3.02525901746502,0.0228356222437929,0.0802818129052201,0.237993461826247,0.404950646608085,0.0859851659714456,0.00884374606540116,0.0756562017971151,0.100342926671176,0.0147681534568666,43.626412075,5.6177879425,6.2022006325,0.07419620705,7.703554915,0.38521142775,-6.8043818725,-0.05109084235,-0.0807233714,-0.53529248075,-0.96846816725,1.140159475,0.023664899825,0.697773254,0.200983843,0.47149880825,47.967352425,6.4862088825,9.16519443,0.501162732,22.329328825,13.914727575,4.5918748675,0.03624103135,0.220896764,0.3612372285,0.579638437999999,1.4775298675,0.0571842511,0.9918067025,0.59573442075,0.528899088
45.563701346,5.3909843948,6.255919729,0.2025761656933,10.01426530353,5.322565021827,2.2199974486649,0.0150086793273953,-0.0349346794042177,0.17464450991941,0.2513819356493,1.2616745061,0.044823050501,0.95665770481,0.346005145434,0.52003424628,0.949322387427644,0.200001373772189,0.707420695421501,0.0973207572240831,3.80017149339206,3.2388943998459,2.50854083125774,0.0171400657017651,0.0647598543763068,0.197343868199207,0.31166267635662,0.070721938279693,0.00785412000013571,0.0364008157601974,0.0933841107971101,0.0150231176267653,43.790216975,5.0246057525,4.9848842975,0.02115218655,2.59679339,-0.93497512275,-2.7469082025,-0.017485979875,-0.16364132275,-0.2160959445,-0.33504179675,1.13012623,0.0304122426,0.8656954175,0.17183994575,0.493596848,47.4046764,5.77605213,7.73697405,0.39767271125,17.552673575,11.735951,7.3956439825,0.0481761959,0.09305031935,0.581806356,0.876778797,1.4056361825,0.060916864075,0.99882267075,0.540786392,0.552151314
45.76659713,5.7148525124,6.3733026572,0.380497438114,16.7985080255,13.7914800207,4.1085626133805,0.0055442917713111,-0.04555006295775,0.32321564373647,0.21604164466697,1.2349912611,0.051334598332,0.88024190771,0.4511954539,0.4882641147,0.928300700871558,0.228443138998944,0.701152581890815,0.112216162003872,4.08013423053954,3.55245124871852,3.13105639895663,0.0259419333079723,0.0857495614587733,0.24631641378524,0.451808513142735,0.081266444734146,0.0105175444831204,0.059669580992539,0.0881971976646312,0.0159155751082047,43.904526125,5.291893035,5.157635125,0.17592597675,8.35206586,6.892321925,-2.0344014475,-0.046517507025,-0.20833621325,-0.16004389475,-0.69222716725,1.082748905,0.030837898575,0.75080434625,0.29257836425,0.45848336075,47.597104475,6.1848574025,7.8862036125,0.59727153375,24.3582442,20.7342306,10.266176175,0.054890725575,0.12368790375,0.80762760325,1.1066541075,1.4009372775,0.072597810775,0.9720505135,0.6298170845,0.5179062095
46.307980042,5.5702285376,6.8776565287,0.217657748116408,17.2193985109,11.6139695189,6.635096158309,0.034848305972181,-0.12522746114919,0.5219749767261,0.5292568852391,1.3963930896,0.04794995817,0.89706259753,0.49729120056,0.50284881538,1.01883751644577,0.204899016944856,0.75300152854668,0.116869881308793,4.38676883156829,3.53771351217307,2.79269015631154,0.0206153020929847,0.0734848598102322,0.219697551087683,0.373412797255667,0.0817289489195638,0.00995304476448654,0.0565001588380865,0.0986003886912273,0.0148167995114549,44.2286593,5.17778391,5.6093870125,-9.58047271999992e-05,8.55742406,4.8527270975,1.2679994775,-0.0072816453625,-0.27455514825,0.099751981525,-0.22489068775,1.2465506725,0.029179661625,0.765022531,0.30627880175,0.4755233,48.3328743,5.97585728,8.560213095,0.44835062725,26.039053775,18.614343025,12.135249225,0.07525179675,0.0179497493499999,0.95466535225,1.249834975,1.5619648775,0.067063966775,0.992134674,0.71689750425,0.532366453
47.692019944,5.5528834099,7.5608023715,0.3779952986,17.5416431204,8.827838675098,0.5180971972133,0.004186261282631,0.02861833696335,0.04075807891395,0.041062478051185,1.3519248606,0.047654592911,0.98095107044,0.40664440439,0.5092759188,1.19727361412648,0.205066535289814,0.841577061011167,0.1207657546139,4.41634908869782,3.66539269865516,2.52093502086792,0.0135140590187141,0.0614553329635879,0.198318904251796,0.268661577932703,0.0837120438458867,0.00668112195594764,0.0178851929405819,0.0741319000815051,0.0151496173241236,45.414798325,5.1563547975,6.1130029325,0.14278681075,8.16533053,1.756346165,-4.6484925,-0.022415886575,-0.09652243455,-0.3656912805,-0.479325562,1.1981011425,0.03505401005,0.937344996,0.2737726005,0.482026239,50.019895375,5.9690570825,9.3715482425,0.6314492335,25.964946425,16.026781675,5.557836485,0.031662298975,0.1492232925,0.437228271,0.609770169,1.521073155,0.061090314225,0.9994284245,0.56162624525,0.54030174
44.968437719,5.9056840946,6.7186744469,0.219153657724875,19.4742521744,14.1186849642,-1.3563026862156,-0.029231388863969,0.10554617757779,-0.106698689319493,-0.6789705393718,1.3525303473,0.049432460206,0.95257607313,0.57228884526,0.51667512613,0.98816351376047,0.214766278784506,0.718948046827976,0.119782002317644,3.86486807465723,3.43712940203724,2.93047986287954,0.0204512441048807,0.0769340492147044,0.230537300863344,0.376299407798458,0.079441857548387,0.00914169858936455,0.0355571642202847,0.103854440966952,0.0150413051217283,43.0586769,5.525611685,5.41022715,-0.00361270381,12.030218075,7.4275909675,-7.511850025,-0.072182314875,-0.0403423527,-0.590948143,-1.437373565,1.19446496,0.034878845625,0.8625666725,0.3919387855,0.487620232,46.9796115,6.3481624675,8.1946133525,0.450531448,27.0527456,20.492683525,4.283342215,0.00746567351249999,0.2655854305,0.33696534025,0.0447503053999997,1.5145579725,0.06897163295,0.99760540575,0.783067313,0.5465427495
47.191616721,5.9662695488,6.4742414233,0.3092529860553,18.4879309521,12.65857055744,5.408804302882,0.0241348431467442,-0.086614373678862,0.4255040819266,0.40182921397777,1.14715916227,0.036654980246,0.81845976937,0.44624965102,0.51599895378,0.934843549429758,0.223494238961459,0.676930174066594,0.10378601715815,4.05135705618965,3.75018612517223,3.0334371212385,0.0205505594651886,0.0760441712832945,0.238636823141334,0.365905248226843,0.0720522465897674,0.0105239026996507,0.0903425617389253,0.0936889064001583,0.0145891629978161,45.386587325,5.549414975,5.2910928,0.10659601475,10.794051,5.0938533725,-0.88364448925,-0.016280609525,-0.22616442375,-0.06951524215,-0.3060238785,1.01685017,0.019084158825,0.60526613725,0.279323052,0.4893013555,49.084400875,6.42464127,7.8516464425,0.511730615,26.40020465,19.668487475,10.96199315,0.062390131225,0.066161430675,0.8623667235,1.0799982625,1.29487598,0.0588019916,0.97296050625,0.6421164655,0.54503448575
46.97009307,5.5990688974,5.9578488051,0.3582319588299,21.0059604291,16.7154629144,5.531299701355,0.0122257349310169,-0.07030000115736,0.43514064677262,0.23796619779471,1.2560447046,0.046516924039,0.92301462026,0.69411869801,0.49970224916,0.88401361463786,0.210106086282609,0.713608691814338,0.139853143608215,4.61532624874246,3.91638981588527,3.12333882375675,0.0195420688835674,0.0778319145503912,0.245709281159541,0.372037676063652,0.0803704970519541,0.00863230690008627,0.0489478360104652,0.0996044176644642,0.015542945180777,45.1777826,5.2050904275,4.7002396425,0.0736747637,12.251600975,8.99414973,-0.5009196415,-0.026419195275,-0.22149963425,-0.039406741475,-0.466639455,1.1127315325,0.0307468122,0.79934809525,0.518599593,0.4695451265,48.698642375,6.0640797075,7.43910383,0.63416317825,29.5886129,24.0090739,11.650494875,0.05177549905,0.07412683865,0.9165302845,0.99992471275,1.42465532,0.063524639275,0.99280563425,0.91065277225,0.5315543015
44.58316117,5.7123043089,7.3272942744,0.1975118643717,10.052727767265,9.71734104279,3.9771614779992,0.0075563944735611,-0.06170439116011,0.31287847553129,0.213365426935304,1.2646011176,0.053058192406,0.8678107449,0.56279551245,0.49912310766,1.1206928814349,0.218795905969818,0.832238687317506,0.115176090822115,4.28050824689485,3.72058503617992,3.39236282915993,0.032116900425112,0.0955218106256577,0.266873074323032,0.521361285606993,0.0792243073088599,0.0116740947308294,0.0746274059349395,0.104226252624377,0.0160230104951567,42.26099405,5.298689845,5.93037058,-0.03170939,1.6093405275,2.7293137275,-2.8112102175,-0.058930974075,-0.247646645,-0.2211545025,-0.827431859,1.11057261,0.0318078891,0.69835122575,0.3777086125,0.469254126,46.6018884,6.1815050425,9.10012385,0.42237008575,18.1700621,17.254535,10.53990085,0.066104769325,0.13521692225,0.829161256,1.1671136775,1.41718699,0.077785355975,0.98396313275,0.774950526,0.536621994
45.314727868,5.2714230899,7.5125214456,0.19245172656088,13.1125742922,5.096266157143,-6.536936897537,-0.040044752744763,0.20354430402746,-0.5142529062878,-0.8974952280865,1.4022662943,0.064601578434,0.92205483438,0.58403757053,0.51888291576,1.08708710537011,0.182305201966177,0.792763726308113,0.119841571456287,4.08045884550569,3.53179162875818,3.08138452847919,0.0224043838933634,0.08055085097972,0.242408787254708,0.394221453417506,0.0751844455752058,0.009439274568942,0.0365340006894466,0.0924422448821399,0.0152601469253888,43.01917145,4.9325831525,6.0907021075,-0.026842579825,5.562584755,-2.3691348025,-12.249997225,-0.085600695025,0.030156797975,-0.96369240825,-1.6810561025,1.2568565125,0.047475781025,0.8376535985,0.40763757,0.49130388125,47.3837757,5.66949958,9.2424010925,0.43313701875,21.389967275,11.8624334,0.136393126999998,0.00315936832999999,0.359934039,0.0107298818999998,-0.073842129375,1.552199795,0.085048907675,0.98245360175,0.7844777475,0.54921707125
46.539929636,5.5320223056,7.1555860653,0.24617682821213,15.50601609981,12.7655219969,2.93845047552324,-0.001223460205847,-0.018510932190876,0.231164339033538,-0.02250182811148,1.4975162061,0.061685756431,0.98107410904,0.55371854565,0.48888454992,1.03828299807364,0.194838997012519,0.766764173204796,0.139555896643647,5.1709991311165,3.95405644676231,3.02504504504605,0.0177005496502725,0.0771835366422375,0.23797662887654,0.345756334706883,0.103123588470686,0.00972404439018164,0.0158953178440535,0.0858741108457624,0.0138300796435789,44.569881075,5.169753915,5.8362499025,-0.029374135275,5.52298634,5.04791268,-2.5469027625,-0.03236255255,-0.19152203475,-0.20036175475,-0.65178825025,1.306396035,0.04220616215,0.94236982175,0.40544558375,0.462237855,48.644150225,5.9304009775,8.837581015,0.51527173775,25.736435075,20.2477641,9.360365325,0.036753058075,0.11959549175,0.73636860225,0.70041379625,1.7000992475,0.080561832175,0.99917264675,0.740993752,0.515430148
47.058566264,5.7988093274,7.3425487563,0.20563345749367,9.3270002739811,3.97251297442309,0.3797356202634,0.006304859289831,0.008867658183687,0.02987334124667,0.084688591253951,1.3450848007,0.062387775388,0.94202824622,0.42154801482,0.50017570486,1.20096082581443,0.209064240592353,0.791763411703809,0.11590170379664,4.23296582058702,3.75885271960664,2.78480879436569,0.0213093137260309,0.073406795192402,0.219077534276209,0.367831487101469,0.0777549616129034,0.00931852256003048,0.0309445000779465,0.0904357469981499,0.0148661968078111,44.84280865,5.4018605075,5.88869643,-0.026499607675,1.1135663325,-3.2447544575,-5.20599302,-0.03617381275,-0.131849956,-0.4095491635,-0.63726640175,1.2057145075,0.043804474975,0.8715467155,0.259620575,0.47333092625,49.409142525,6.2260826675,8.975909465,0.44668999575,17.6995296,11.374869775,5.70620374,0.047376419025,0.1546392395,0.448900139,0.79134333325,1.5096473175,0.080482248475,0.99260842925,0.6107984985,0.53073726175
45.480273026,5.5549393815,7.2451857365,0.320710257235172,15.6268769267,14.3230993254,2.854593528388,-0.008726017972186,-0.00866643244742,0.2245674148926,-0.053749505443963,1.3434056967,0.056928193615,0.88996957634,0.57049205143,0.50739759438,1.10790450218712,0.221162934663461,0.789084434813132,0.130927562800886,4.26281934633127,3.5645408292975,3.05131524302382,0.0230183335203295,0.0807471356302656,0.240043273963475,0.414489355432428,0.0945366561451138,0.0105896780932614,0.0505324330654423,0.100383581992609,0.0146886594375145,43.253597625,5.151866085,5.927425365,0.075730424225,7.325517775,7.654511905,-2.9857384525,-0.05503673975,-0.167916999,-0.234884424,-0.8541776075,1.18363761,0.035266342175,0.77484165375,0.38869227025,0.47919462875,47.669908375,6.0053485225,8.96688167,0.58156432,23.7349204,21.634573925,8.9273623325,0.0371966004,0.1479308895,0.702304773,0.766068578999999,1.5378897975,0.0770183792,0.971605388,0.7766022175,0.53738474525
43.379113092,5.7205361222,6.5538982385,0.4709887584995,15.4172349922,10.84945237948,2.4879314804957,0.0041402078562133,-0.01547352602148,0.19572255559409,0.25851886867244,1.297856149,0.054498143715,0.85063266771,0.64435044057,0.5146758926,1.00699263994132,0.204604903876236,0.700570309701272,0.124002532057146,4.02213292894756,3.50859210880754,3.00519243328022,0.0281423026883778,0.0829515076588969,0.236414848336745,0.458235347709998,0.0728665272724237,0.0107397836722035,0.0748281885296953,0.110551432417495,0.015035384627276,41.45237665,5.3351654475,5.2608176125,0.22675349125,7.2006308825,4.35895075,-3.35457051,-0.05213143335,-0.17461862675,-0.26390000375,-0.66075764925,1.1626518025,0.033648838075,0.7027226215,0.44620882,0.4857494235,45.31490765,6.1561483175,8.105746045,0.6984420405,22.553724425,17.523543075,8.0895444,0.054109885375,0.14608581225,0.63639466075,1.1129573225,1.43981135,0.076992394875,0.985029531,0.87968942075,0.5465539555
46.456668485,5.5001322332,7.3447358887,0.139897655578081,15.23829181628,8.114310071601,1.30015952007088,0.00773338027056128,0.0037635342719688,0.10228197437369,-0.0659032490420407,1.3001604713,0.054528874456,0.94771473793,0.5219452344,0.49094936643,1.07916941332461,0.207861273105796,0.807522847757959,0.125220807954721,4.56452706178744,3.76570922044267,2.64377686416075,0.0167573256824681,0.0659541048416369,0.207982723259095,0.313957170244219,0.0839941108739983,0.00815942419103131,0.0273318328448803,0.0963697016696403,0.0143690570170858,44.3059439,5.1111696275,6.009069265,-0.10379314825,6.5879672625,1.0032023635,-3.710496625,-0.024702062275,-0.1204744835,-0.29190026675,-0.68812599775,1.1525559725,0.0387473558,0.88799064525,0.34125542575,0.463270637,48.5114502,5.92128746,9.12812557,0.38550238225,24.366176125,15.898846925,6.45316357,0.040510301275,0.129504299,0.50766255425,0.54313712875,1.478014215,0.070541896975,0.99023234475,0.7330361455,0.5193992265
47.37315705,5.2898668697,6.6868592592,0.20156773846173,13.3926979306,16.5363760032,2.8731494548986,-0.024031261763441,0.00155469365564,0.226027186924818,-0.32313859434311,1.22089161345,0.057543974871,0.92621914865,0.54393816294,0.52498516196,0.981389829164431,0.196229444064681,0.741199632789645,0.122945969586623,4.1441542462788,3.52039759276184,2.95004695817746,0.0208950139870366,0.0769413654010469,0.232076620219999,0.377326788381953,0.0829174194894304,0.0081100262771389,0.0410621357737143,0.0876273903331519,0.0159918306369571,45.5833438,4.910266205,5.4035327825,-0.04519816615,5.2016572,9.64167879,-2.915162745,-0.0637898014,-0.144380037,-0.229332323,-1.02444411,1.07412218,0.041942644075,0.82797467225,0.38855151225,0.49484530225,49.3902732,5.7037052625,8.229045395,0.425884364,21.579059675,23.413706175,8.6870440825,0.017495588625,0.14789626625,0.6833992345,0.42585697725,1.394699095,0.073499763825,0.9858292455,0.72651560575,0.55785791675
45.994227738,6.2030289951,6.3698650172,0.187864660489528,11.0198549234,9.03704280834,1.5227330439875,-0.004799473409912,0.00214718954877,0.11979156399164,-0.07690012253575,1.2339905435,0.045637586215,0.86207051848,0.4545104612,0.48933634803,0.945605793950111,0.23614671275077,0.710572713919766,0.109015099937743,3.53897262121935,3.32071695235997,2.99340857485393,0.0231620972842888,0.0793043940276145,0.235487826675639,0.40209304732771,0.0723467521073783,0.00980782311149311,0.072311571013387,0.109356226161799,0.0140675028440318,44.176995325,5.8008007125,5.1214542225,-0.040114911775,4.421784965,2.5782719775,-3.9850204725,-0.049406287125,-0.155437125,-0.31349673175,-0.827791587,1.10288852,0.027139374325,0.702603633,0.25025224925,0.462260848,47.85177535,6.690861115,7.8778465925,0.38726283675,18.0886134,15.568515975,7.30822629,0.043839397075,0.1508225505,0.574929303,0.77391016925,1.37584613,0.066071946325,0.982933834,0.67533175225,0.5179788235
46.575382193,5.6385659422,7.0943889223,0.249365271996762,12.3420173012,7.909067169715,3.479143488612,0.017654976179657,-0.056844950687225,0.2737000036266,0.3266623565903,1.2917456281,0.045307841184,0.96026497842,0.65019693223,0.51830526018,1.06346103592918,0.205245391921131,0.765818979706579,0.125634058708568,3.8930903303137,3.15636397794521,2.48208330305535,0.016872848940829,0.0648625768113534,0.195262486692297,0.323251882954532,0.0713198460606893,0.00676883394299249,0.036040027740551,0.0957703457765016,0.0139275143639578,44.5071825,5.2583062175,5.732756185,0.00340748014,5.077303835,1.910464195,-1.3487283575,-0.017162511775,-0.18471553325,-0.10610282475,-0.35703584225,1.16125866,0.032289138875,0.8642699965,0.4838563425,0.4928303035,48.6989756,6.05168256,8.6369150975,0.49498926625,20.252224875,13.8480703,8.6324279075,0.049536459175,0.075801822525,0.67910264275,0.9664132455,1.43228433,0.059206696025,0.99886170625,0.8562091225,0.5464435225
45.788108065,5.7239468274,7.8000272244,0.3162529606827,12.08962872936,8.4475629111164,-1.62514933235135,-0.022350748966613,0.08541081894492,-0.127848529186867,-0.327063494168132,1.2894713821,0.039904600348,0.90298803855,0.51698898305,0.47009984905,1.198576971728,0.217444869652521,0.888011946732345,0.119248912944228,4.126600678769,3.27752331323466,2.68525401545939,0.0207232423066614,0.0719816180641822,0.211245680477961,0.376742614232155,0.0815298201019042,0.00836228475831142,0.0728881518900458,0.104877903892484,0.0143541251270952,43.5445459,5.308487525,6.33995409,0.0835646652,3.9237843325,1.8971631375,-7.12561684,-0.062809804275,-0.056740607775,-0.56056364775,-1.065576845,1.144054995,0.025127134975,0.71878620375,0.335053581,0.44194074175,47.977578125,6.16622724,9.744967945,0.55359572975,20.135654375,14.618651575,3.7475775475,0.017053388025,0.2336735355,0.29481738375,0.4042845855,1.4579858175,0.057763761575,0.99669547125,0.73683814725,0.49907580425
44.571814628,5.4781317077,6.4823375051,0.195044835949093,11.7672178216,12.3991226442,7.255033342454,0.022932155326501,-0.13838196398508,0.57074468426891,0.50003713823685,1.2165341279,0.044681392212,0.87055473094,0.74441026988,0.48733304384,0.983863528588288,0.204961733094554,0.7009197842014,0.139970725008047,3.9299671888369,3.44406034227171,2.77407895317002,0.023798891056049,0.0733741226836417,0.218233430992034,0.402249069774091,0.0709615959697682,0.0100467612492156,0.074606024005491,0.111529401102442,0.0140496862363658,42.483837175,5.1277580425,5.2639738,-0.07232237695,4.36105729,5.771590165,2.0258563525,-0.019062440575,-0.28294510325,0.15937165975,-0.20854379375,1.088738925,0.025456430075,0.69100339175,0.54661607025,0.45961741825,46.439770925,5.90919593,7.971512135,0.46944613925,20.133308025,19.156804275,12.824346675,0.071259853975,-0.00495621716500002,1.008875855,1.2793881025,1.3691428175,0.064324272525,0.9869035995,0.98492023025,0.51520061975
44.637942571,5.4393213172,6.1321039752,0.068709687120544,15.0229394016,13.1151213447,5.8110816028673,0.016817424012489,-0.09540693325752,0.45715074974872,0.1608011819776,1.4042510814,0.049295711143,0.9402572168,0.57173858473,0.50913168254,0.95567512090825,0.192719300771892,0.64278584876773,0.123825153728619,4.12687807525299,3.67688745704671,2.9313871657275,0.0228530721804868,0.0776701535369032,0.230608676376415,0.404857763016922,0.0845879687332457,0.00876043977652717,0.052822098935361,0.110346661407476,0.0152021909747436,42.73761235,5.0838925375,4.9964117375,-0.1732340055,6.8132570325,6.0513869575,0.1689839065,-0.029126231275,-0.245820457,0.0132937588,-0.65655983775,1.2467998675,0.033615170975,0.809249485,0.3700888055,0.480297021,46.404322975,5.8520096075,7.5193199625,0.31561024675,22.647954075,20.216488,11.405010725,0.060700727475,0.0535532862,0.89721839525,0.98747773875,1.5701108225,0.0681877944,0.99881152025,0.79180471225,0.538191205
46.535472009,5.8538063693,6.0165114365,0.14641520437475,13.70143259418,7.335166279212,-3.9467043765956,-0.03024213070378,0.14353260956677,-0.31048245220321,-0.7282532840256,1.19749141159,0.049542210306,0.83702500215,0.46937581232,0.48539912999,0.944184258860741,0.228498043427424,0.688120378322736,0.114039099936238,4.16404839194162,3.76051217034715,2.98403949133528,0.0223906087485741,0.0765573315434722,0.234750771904344,0.392567147179773,0.0830891693980714,0.0102653484792816,0.0658479909557108,0.094925232891118,0.014633671576594,44.766514725,5.4406215,4.7848446325,-0.076882582925,5.42071731,-0.0372924985749998,-9.24404676,-0.07197106635,-0.007946140665,-0.72721796425,-1.4416231925,1.04245333,0.029846903325,0.6892118935,0.296464875,0.456988985,48.59916865,6.333953885,7.469255055,0.36527779425,21.49568175,15.039214675,1.623367135,0.015030448175,0.2785689795,0.12770832325,0.0730196185499999,1.35606662,0.070238408775,0.94479446575,0.664877729,0.51294713575
47.769683064,6.0007097585,6.8152091792,0.148987143180422,13.890790908619,7.96011940589702,4.2632173699109,0.026723946721587,-0.07804850572143,0.33538214625165,0.34035087548173,1.3938461742,0.051766358672,0.90468542353,0.48708643798,0.47476856959,1.0513880829294,0.219676754088585,0.719515933329063,0.128369463309616,4.43501409620003,3.82750711353264,2.80428962302862,0.0176029017614248,0.0718500399966051,0.22061006742028,0.339337404537371,0.0896116091869328,0.0097340973886742,0.0446218060588871,0.0945252438561838,0.014143730697833,45.51782675,5.5946126925,5.5868994025,-0.083245808475,5.69311244,0.592111159,-0.85790426525,-0.0063370258925,-0.222525513,-0.067490289725,-0.30631054225,1.2252051175,0.032417083325,0.80307253075,0.30710552125,0.44803564125,49.626612525,6.4418963525,8.3445424325,0.41744405,22.62329435,15.694584525,9.8947436375,0.062454676675,0.046979723175,0.778407498,0.97534673275,1.5861806975,0.0704725673,0.9848085485,0.6670892295,0.5051100055
46.684928805,5.9102614151,7.2357692053,0.371369637268,18.9941803169,9.36080935119,6.2911592171574,0.04690602795693,-0.1267400081014,0.49491787401571,0.7884294325638,1.3386692918,0.040311151128,0.86923823798,0.49986187173,0.50360998353,1.08150769144181,0.212770285248933,0.733033544404225,0.117538101606147,3.98558656028974,3.32009267989442,2.77473820115558,0.0185020422061602,0.0717328824513558,0.218285292359859,0.346693792548814,0.0904132651707277,0.00894699848280759,0.0717744970746386,0.1042925299038,0.0140911530636734,44.4298732,5.51372877,5.91760509,0.1587870645,11.1384267,2.810082335,0.912776792,0.009895152275,-0.262034018,0.071807044475,0.1132515675,1.17854398,0.0226896154,0.70837268725,0.316469946,0.47693937775,48.5624524,6.35330283,8.7374917975,0.59419533125,26.428167225,15.771910325,11.647463625,0.080856086625,0.016614584525,0.9162918825,1.422072795,1.52754053,0.057138304325,0.9821248855,0.73587091475,0.5333207205
45.129566813,5.7069673667,7.3673247978,0.12392766117905,12.7009745442,7.99975403054,4.0506453141556,0.022213651601863,-0.07204074073011,0.3186593598563,0.27519057835766,1.3426222627,0.044568044686,0.88916443361,0.382431691672,0.49408476403,1.07039043606401,0.187802547422213,0.757343257086751,0.105511161182364,3.48559566416701,2.94268469041081,2.55201260939046,0.0188806245504313,0.0680889617254142,0.200763740331861,0.338770291428558,0.0692350065756491,0.00890420848575078,0.0558243488402087,0.104997896020228,0.0129616907261931,43.125058575,5.364958025,6.09630797,-0.0931112382,5.5478519925,1.996916205,-1.0856568225,-0.013860934925,-0.20301854,-0.08540730435,-0.36932803075,1.20473527,0.027983931975,0.76798090525,0.1720750285,0.468384888,47.3055314,6.1093078525,8.978150535,0.3111750605,19.3823359,13.483164175,8.8940375575,0.060228030825,0.05942627945,0.69968316775,0.94454538675,1.474417455,0.0621664618,0.9901432485,0.574359163,0.5186795545
46.059459127,5.6696987376,6.5906081414,0.3340436210006,15.2278657148,8.417148155848,2.1377765848473,0.012373650949827,-0.01768435434932,0.16817629430445,0.222126996600801,1.2701931272,0.049516208516,0.88157237201,0.43393310381,0.48807247617,0.960506381029384,0.207666227796566,0.730383177350864,0.107931718477189,3.72229997732901,3.22423065182484,2.91045514920605,0.0223598663842317,0.0776500064392512,0.22896198069064,0.392523990665972,0.0790585919635494,0.0110440652896021,0.0610599497578029,0.0951801621154168,0.0140138703694003,44.23613435,5.26313971,5.3855280325,0.1261311945,7.7743485,2.2914444225,-3.8532323825,-0.03216260065,-0.1613809215,-0.30312912375,-0.5465100865,1.13091139,0.030055107625,0.74958716875,0.2565912,0.4627656825,47.9267838,6.09884609,8.1417106525,0.53860974425,22.5456978,14.813526475,7.3466681975,0.0577852726,0.13772705625,0.57795348375,1.00257532,1.44881583,0.072473206575,0.987918678,0.6262037485,0.517226636
46.376083476,5.5309357163,7.4396631208,0.194393846629702,17.4214714377,11.08298338129,2.8146741230206,0.010126934984798,-0.023280657249892,0.22142700359023,0.02686340112154,1.3858908031,0.047384803368,0.90853117114,0.3801538831,0.46995629548,1.11666268754471,0.210810386271646,0.829995587880834,0.106162438453321,3.84324470882486,3.34387945491046,2.89294619666365,0.0209720116423057,0.0766018690851504,0.227584572956537,0.383357615447267,0.0842467047263733,0.00986194225968487,0.0590199211406757,0.102046068001875,0.0132337243578659,44.1519334,5.1591255075,6.083014245,-0.01787234345,9.9493141775,4.574775355,-2.650446625,-0.032594714275,-0.171944176,-0.20850742575,-0.769945128,1.2368585325,0.0308168961,0.767366689,0.19410996175,0.4447762865,48.367464125,5.9497736025,9.360946265,0.39272734025,25.261642,17.3704188,8.6265105175,0.048276637,0.12637709375,0.6786371345,0.735360072,1.5770097475,0.0664276689,0.9918991785,0.578379375,0.496025254
46.060369447,5.9782051131,7.0147546158,0.3070534562679,14.51657785273,12.48605201283,4.665183274564,0.0102386350228337,-0.067106349410099,0.3670043170432,0.27987839325947,1.4641085168,0.054015056941,0.88902582362,0.6185250156,0.49715006027,1.01304850786248,0.228555916381791,0.759219554253638,0.137825284660161,4.56600510733293,3.5173703607149,3.6069204085825,0.0286861336242567,0.0984751428619319,0.283752059636819,0.497521200180806,0.0918398565072345,0.0119631756841458,0.0604915053196871,0.127424879133319,0.0149687519066104,44.142175875,5.57015849,5.7095133475,0.03356683795,4.7955668725,5.035850685,-2.38126577,-0.044221958825,-0.2776889295,-0.18733129275,-0.65460378225,1.303806165,0.030807353575,0.75120313175,0.37891814675,0.46989537825,48.09369345,6.434518725,8.67027628,0.57809332825,22.95813725,19.156181675,12.27873975,0.075448999475,0.129468848,0.965953619,1.4081011375,1.6582396125,0.077902288025,0.98620045575,0.87722417025,0.527063077
46.64908423,5.5310089935,7.4727733911,0.10821275973248,7.465019795005,8.04833979185,4.410993212647,0.0123211779821804,-0.08166377492284,0.3470074924212,0.26478773401808,1.4537251223,0.054579419423,0.97312501017,0.74501255148,0.51284218831,1.10748052592065,0.201301184133792,0.789767234337193,0.143653685196961,4.26620978791918,3.43952999220599,2.87891647364142,0.0195268109134792,0.0745302460957081,0.22648087123087,0.377820903167124,0.0925980908223789,0.00874340653710763,0.0231058263714827,0.105103949754003,0.0146229045121563,44.452918825,5.124058025,6.0886370375,-0.17722454025,-0.93282740925,1.42263292,-0.849888715,-0.0247863246,-0.23792293975,-0.0668597153,-0.46363885175,1.28543255,0.038524905975,0.914639284,0.55739871825,0.483740033,48.795275125,5.9451691825,9.1886987425,0.3958313955,16.03761745,14.81547515,10.432670725,0.05248448975,0.05544908215,0.82072553625,1.0281866975,1.6404245025,0.072497875775,0.999219122,0.961076975,0.54088408475
46.881767936,5.8526523867,7.2961373198,0.373983334878,17.1906693048,12.99700211,2.2012019426187,-0.0036750279298334,0.002781121172252,0.173165890157814,0.00499037954795,1.3931354825,0.055558214583,0.93683553956,0.52932435032,0.49771149957,1.10662423589267,0.218977682833046,0.732685653606368,0.119793533323881,4.02819553695758,3.131562322872,2.78339844343431,0.0192560701538767,0.0744732910329695,0.218966583911759,0.362579004297745,0.0858802213586675,0.0103344127124027,0.0398681366407376,0.098313017666775,0.0147492290959586,44.6840107,5.41208336,5.9431675575,0.146129857,9.93691061,6.86948177,-3.10141929,-0.038669253325,-0.15535000325,-0.24398490175,-0.6420702855,1.2257504625,0.036379869225,0.84658815325,0.35302012625,0.46930510225,48.8895764,6.280027955,8.8014479025,0.61989135225,25.603073675,18.7813387,8.067164735,0.036865409325,0.1388570475,0.634634083,0.7424734535,1.5721272575,0.07540024185,0.99708412425,0.737386189,0.5284067765
44.314234074,6.0379770746,6.4418503893,0.426591564375,18.4521722067,12.4703364587,-0.642065825847228,-0.018862282956653,0.07801546382385,-0.0505105405880111,-0.282412781888,1.345907807,0.049030493448,0.92005594763,0.3178267958885,0.50542849369,0.94301928006472,0.214449691372726,0.746585235860689,0.0934967728348283,3.55596266024418,3.29728387910943,2.77068206287493,0.0225108171510828,0.0753485764910026,0.21796620129257,0.392949138926064,0.0708637275144614,0.0100054613113787,0.0617086456075248,0.118776638681468,0.0144068589110334,42.51418395,5.6252240525,5.1628591875,0.23653954175,11.49299935,6.5044701475,-6.12706354,-0.063262340975,-0.07975188085,-0.48200866125,-1.05092599,1.214376725,0.032387443375,0.77894241275,0.039321305725,0.478508806,46.268076175,6.4555438125,8.056444555,0.6049708615,25.30892625,19.11035165,5.1681677425,0.027615714025,0.221217967,0.406573497,0.513866997,1.4867646825,0.070860837125,0.9979134745,0.533103353,0.5335097535
46.601520931,5.6257984544,7.0913375645,0.3142084311827,15.1906438034,7.2864475512804,-0.9057279291361,-0.004523188485218,0.06010011104781,-0.0712525189798,-0.1375562389053,1.2831145725,0.056867720746,0.8352491544,0.52323506779,0.50284786046,1.08955527995895,0.188378269583388,0.776526203014103,0.125283467888258,3.88569439954191,3.38457663849271,3.24375764428164,0.0259501637681323,0.0882452413807238,0.255182484215334,0.445345148745743,0.0837422899469075,0.0112941787227018,0.0596282598510273,0.0977690592727605,0.0142803256018182,44.5904721,5.2860293375,5.7351316475,0.079206480725,7.73698746,1.004031666,-7.565204245,-0.060174608625,-0.10713803,-0.59514545175,-1.037463785,1.12574156,0.034319325375,0.703998757,0.35915357675,0.47474427375,48.79249515,6.03711823,8.83874772,0.57349366475,23.0813696,13.972481,5.4183955925,0.044236242925,0.2436443575,0.4262586195,0.71038858875,1.4582645975,0.07873245805,0.932874684,0.7288022255,0.52933148575
45.807828369,5.5038729089,6.8991637901,0.3433542376653,20.0571146249,12.5229457254,-1.2434912312294,-0.019693540060039,0.0947245394260708,-0.09782394890174,-0.4373689105597,1.4320084736,0.054126778357,0.86681997266,0.49139271436,0.49337159763,1.07685989614585,0.206447713042337,0.742411465776245,0.123230356617424,4.34125184019163,3.41680297128713,3.2443220467391,0.0281100166593627,0.0907611619741165,0.255226884982599,0.473890546586986,0.0850793812877484,0.0114586503490118,0.0668425213535239,0.119177377871506,0.0138672681595543,43.702202825,5.137986475,5.5887386925,0.1077502485,11.51756015,5.66719368,-7.1877885375,-0.07085698245,-0.08662575005,-0.5654546215,-1.3161788275,1.27246124,0.03419005665,0.73474692575,0.26670073675,0.466849665,47.8676562,5.924201675,8.559903705,0.5891409125,28.1842505,19.01011545,5.3175494375,0.034159158225,0.2608491645,0.4183251705,0.48298383275,1.606793305,0.077891370075,0.990572507,0.7284984825,0.52028634325
43.241166371,5.767943721,6.9197198971,0.50720320042,16.2054179228,8.613137982917,-0.56580858563152,-0.0057995223135,0.057231540915718,-0.044511475777725,0.02758223967545,1.1967009264,0.053266266876,0.83450621942,0.51915968969,0.49620904952,1.0726476967576,0.201424564188589,0.766650070327734,0.102634354031896,3.5726939121792,3.39607317433752,3.15098288205876,0.0329243809082781,0.0921752341114301,0.247884005970557,0.514998846354917,0.0663474605309729,0.0103616037414378,0.0807416157654842,0.111924179989383,0.0121995725244652,40.986327575,5.3995397375,5.6405510875,0.2938068665,9.3830371575,1.4736572425,-6.62529064,-0.070928638675,-0.119401089,-0.52120359175,-0.98493962225,1.0726004825,0.035319601825,0.67007477,0.332531672,0.4731224845,45.2109486,6.1765729,8.6752015725,0.70752887275,23.2564701,14.495296925,5.3306539375,0.059802195575,0.23839437,0.419356089,1.018348275,1.3227673825,0.074958118675,0.97660386425,0.761083921,0.52050209425
44.821847062,5.6875026642,7.2107114106,0.3242578019285,13.6063664035,7.17591175418,0.85412851158904,0.0050053070621672,0.01141738611618,0.067193255200054,0.10353707755628,1.4008019787,0.07036050829,0.9312288602,0.47805820359,0.51541118327,1.05796396079781,0.213907087932531,0.767821510537111,0.111998539528361,4.0383271138393,3.35368040483902,2.75897200777875,0.0210750216015231,0.0731850966924648,0.217044985715533,0.369147640928192,0.0798929693637639,0.00821899877380654,0.0309496103809599,0.0926403773568696,0.0144527064853171,42.80701955,5.2935796375,5.9266270925,0.10795035025,5.849275285,0.8271255015,-4.5875033,-0.03604143665,-0.119297492,-0.36089332225,-0.5864763745,1.2413871625,0.055068587225,0.8632341205,0.311734434,0.48853129775,47.024869475,6.1196372975,8.873577635,0.5440769905,21.404800775,14.38234985,5.9322049375,0.045245511575,0.1572015285,0.466679373,0.7891006955,1.5583979925,0.086891306725,0.9805868855,0.6640564345,0.54427125125
45.013910027,5.7743196134,7.4742458869,0.013385868824922,8.564741151991,13.2573376299,4.500583390779,-0.00846154840377,-0.0588643729875279,0.3540554429388,-0.12876508189051,1.3736478591,0.055153383719,0.90273295601,0.60124549911,0.46588345486,1.05071778169452,0.208143018571998,0.81193268706425,0.123400618081806,4.23270603530974,3.23836661786632,2.96994690521592,0.0257965868836892,0.0818912750204491,0.233642124699621,0.440942704340532,0.0762183973231867,0.0118584529670508,0.0572404642997597,0.101529407733033,0.0139310993330648,42.972104125,5.3876985275,6.0776421775,-0.2349701685,0.0829155661250003,6.918072285,-1.474587695,-0.061747573625,-0.2165615405,-0.11600402625,-1.0149905025,1.227867195,0.034944869075,0.77414327825,0.42312536525,0.4378413455,47.056686,6.1900829925,9.35783121,0.2455209535,16.3512787,19.79136625,10.39905895,0.0383675151,0.1057827985,0.8180813845,0.7000058405,1.5275382725,0.077074268175,0.9934493595,0.8126049235,0.49516469375
47.243808056,6.0126802621,6.5061028829,0.3604876282275,15.63441675797,11.98134344486,4.3871464467717,0.013174006405114,-0.061946257157947,0.34513149633472,0.33545408614806,1.247019426,0.0330359658318,0.91695105912,0.57938762575,0.48448679688,0.973634677469493,0.221510894771524,0.710565495978414,0.127794268817645,4.04844685906051,3.46685480169159,2.83198130449508,0.0191697608329096,0.0717774576564277,0.222788538607316,0.355838120770117,0.0783374922353969,0.0079592935140294,0.0746058012863792,0.100648598506495,0.0145343849809685,45.494923375,5.6054970525,5.25157865,0.1126428095,7.4716456975,5.172052875,-0.92996856725,-0.024728155625,-0.208025942,-0.073159500025,-0.39941669325,1.105246105,0.0191744386,0.72812210575,0.39542935625,0.45573108575,49.265103525,6.468880185,7.999980165,0.6102498935,23.832185175,18.16279445,9.9753451825,0.0517274764,0.0697506915,0.78474831625,1.0608247125,1.410141565,0.050480862875,0.9973226035,0.7861019105,0.51371911525
44.423084828,5.4257808357,6.958221562,0.2190238053936,19.2881975355,22.110755184,4.497716137919,-0.024148007802522,-0.0158692748987231,0.35382988000804,-0.38385190871962,1.2218015469,0.0330263750921,0.92238427552,0.58444074858,0.50194538633,0.993527536736963,0.194051011076782,0.737318083220807,0.117760642899557,3.95077079762309,3.18377367063664,2.79205568999965,0.020977635934889,0.0740892460400525,0.219647638835465,0.379841111461422,0.0793038786440916,0.00757694085501036,0.0765516546276635,0.102530120406389,0.0150602104856803,42.481922775,5.05450396,5.6074354675,-0.020887148775,11.396008825,15.722475725,-0.57458982125,-0.06638294005,-0.16341064625,-0.045202284525,-1.1345707025,1.0700115725,0.0187355067,0.7130908455,0.4035470675,0.4742304135,46.34744465,5.8133019775,8.5490294875,0.445924827,27.198832725,28.1269263,9.91651955,0.016955496525,0.11811860225,0.78012058475,0.369015712,1.388908545,0.048230008875,0.9973392995,0.80448783075,0.53414962125
46.175532784,5.7486154197,6.3523803661,0.2317232634454,14.23795707484,10.66995987664,1.0466727937992,-0.008225507066326,0.023086962208888,0.08234048072735,-0.17239449045439,1.3330921743,0.04219329811,0.91430501057,0.375975193554,0.50176443118,0.984708385144704,0.21584539855839,0.728868680620575,0.0977122366958301,3.92279937704563,3.34134208178002,2.94992838170988,0.0213039069183316,0.0778850825324209,0.232067292454592,0.389405442992604,0.0853045716428407,0.010508365313293,0.0650233758598999,0.0901503401382903,0.0145588751271782,44.0969086,5.339944595,5.0601684525,0.0465075115,7.0657239175,3.584941515,-4.70463698,-0.053022178825,-0.12333425025,-0.3701080905,-0.955557248,1.1776584125,0.024323157525,0.7567378165,0.20077608025,0.474617356,48.0463019,6.202534455,7.83014745,0.42582606075,21.486169175,17.215056125,6.5884729575,0.03206914885,0.184983767,0.51830719125,0.5557951295,1.5019112675,0.065489456925,0.99741463225,0.551551593,0.5329115085
45.713785946,5.9155928587,6.7932183001,0.260573293768,13.58699185986,13.8569676074,3.8790774165767,-0.0039474620276167,-0.03895425966332,0.30516232124875,0.0366702029052028,1.4112685833,0.059355697443,0.9556893354,0.5627716488,0.49171825649,1.06369102774348,0.209358139129561,0.745281909876147,0.131162307540319,4.13744109873436,3.33448896318179,3.00291158179446,0.022091039915509,0.0803804867036787,0.236235416677042,0.398726519618181,0.0815544270028635,0.00895833494527997,0.0286989229939799,0.0970773834388069,0.0137856082072737,43.639188175,5.5118765775,5.4590599025,0.01378950025,5.617180205,7.38070043,-1.833227805,-0.04835323505,-0.19563204275,-0.14421781225,-0.75979014175,1.2670631875,0.0425729657,0.89310679625,0.39098631125,0.46796287375,47.752646575,6.3269162825,8.44568478,0.5290777345,21.5842134,19.975378925,9.46256988,0.03976494415,0.11309657725,0.74440890425,0.81376127875,1.5905630325,0.07756930405,0.99743132775,0.767008761,0.51860693425
47.328494322,5.5925123213,6.5639589091,0.3333420419668,16.7791571257,14.2647181261,-0.4480789546332,-0.029651771088848,0.081406494841461,-0.0352498285683,-0.47237454082351,1.2568746176,0.052941495101,0.85064496701,0.42291277458,0.49455298335,0.974386079778197,0.213205858637502,0.679278481592883,0.114777557670071,4.04000413959457,3.58192065270081,2.85484869147849,0.0212905162631157,0.0751197413695048,0.224587488083317,0.379487591624293,0.0821545558119646,0.0107817284390639,0.0587821000656135,0.0902215356606144,0.0149853019758144,45.445633275,5.1874659175,5.3821340075,0.1002772855,8.5569570525,7.1531143625,-6.17021124,-0.069552475,-0.0732859429,-0.48540304175,-1.224814775,1.0969900975,0.033400416275,0.7150214065,0.253309575,0.46668772675,49.2573031,6.0240641725,8.04020757,0.5492603875,24.52266285,21.22090795,5.34330263,0.01178643185,0.23149219475,0.42035114975,0.26957152725,1.424258905,0.0748833499,0.9417092355,0.6139547835,0.52418359675
46.840291692,5.7308278837,7.9324336412,0.2378340402433,13.3496959124,10.4214875009,1.62621452497142,-0.004969541643815,0.0060271495635929,0.127932326645361,-0.08001169555928,1.2630760883,0.042508585987,0.92277305943,0.52068173473,0.4814404468,1.12112312377727,0.20791074698376,0.803347820380575,0.116234117203437,3.84338390605527,3.05337227197504,2.79983382231283,0.0172268846611699,0.0721699094425518,0.220259534910526,0.347337953554473,0.0844747804619351,0.00905432992375467,0.0456400650080709,0.0858701883689513,0.0134848741724144,44.662482275,5.2917735525,6.488119755,0.0109331191425,6.0180267425,4.2025228525,-3.781575305,-0.03972627935,-0.1437185885,-0.297491948,-0.7518789495,1.1104629475,0.026189343125,0.8293381935,0.367675838,0.4551050155,49.05339285,6.1382317375,9.755490285,0.45871663,20.8234433,16.326239725,7.13489846,0.0283670074,0.14123570175,0.56129381875,0.62080113775,1.435086685,0.059927948425,0.99343956825,0.7084444045,0.508770664
47.145594612,5.7508166625,7.8708142814,0.07023730818164,18.3657462988,13.0024900987,4.0184480174592,0.012203304031892,-0.04690927222665,0.31612643719087,-0.04596956131132,1.3183508933,0.055457828036,0.85980015441,0.51286179733,0.51657137024,1.14850653779666,0.20971971430903,0.870456092876072,0.120254407730848,4.67284503840489,3.96755524859912,3.38269803222007,0.021934077536896,0.0861985185448635,0.26611275576878,0.40868529037786,0.0851692166168207,0.011509137662041,0.0573249826469576,0.103604368276844,0.0155233738723455,45.014709625,5.35315632,6.3234458875,-0.1652500905,9.08083574,5.5004331825,-2.2171863,-0.029788974825,-0.208989998,-0.17442336,-0.82922649825,1.1599848225,0.034361111325,0.736451302,0.32985066975,0.488000431,49.2898822,6.1684741625,9.748839595,0.32494734575,27.286189725,20.816221625,10.541740925,0.0539181653,0.11062170825,0.82930596675,0.710174809,1.493654935,0.080192858575,0.95682094325,0.737722603,0.547601382
47.831855605,5.7349612707,7.2706362875,0.19007857848928,15.7743451759,10.661902423554,-1.9699408814232,-0.026412891836495,0.1055777129883,-0.15497286288633,-0.6070090215253,1.3291923922,0.040371834745,0.8924790737,0.389311933004,0.50177148928,1.03053062909484,0.200546495123603,0.780938143150998,0.121544869227788,4.2013003227999,3.54576241922877,2.97694630288893,0.0176975891821802,0.0758320027276581,0.234192759313248,0.341534479553216,0.0843492420077552,0.00929486394496942,0.0702819982420765,0.10839974417451,0.0145454266411642,45.840952925,5.3490506175,5.915066355,-0.040650828375,7.6228643325,3.839766575,-7.4652211575,-0.0617003793,-0.045703977275,-0.58727990975,-1.2978519975,1.175927085,0.0234175706,0.7271983655,0.18197043975,0.47326535325,49.82173655,6.1303038525,8.9110728475,0.427091073,24.101709875,17.12688965,3.83491042,0.006212192095,0.250918129,0.30168776125,0.0361617683249999,1.499251035,0.060540878,0.9933250835,0.60930789175,0.53141626175
48.327474645,6.0772283277,5.5358562283,0.13949436065327,15.87020980529,16.00471118497,4.762508602684,-0.002101727389234,-0.05271243083479,0.3746607819526,-0.07984470536979,1.4520348831,0.058940324123,0.93178329938,0.55053634757,0.48816616473,0.868137013605699,0.229764500448377,0.71401354894442,0.13853946032424,5.03402599939277,4.44769966759282,3.57278391802304,0.0258759281972986,0.0926914725712121,0.281066581888073,0.475926251961098,0.0966324880616093,0.0120358270275836,0.0425447846406537,0.101166095225979,0.0145357324063359,46.5976833,5.6476137275,4.3229112375,-0.14875182825,6.035932185,7.26386893,-1.803523345,-0.050625535,-0.241828734,-0.1418809935,-0.98664065225,1.2809193925,0.037805226225,0.83940927525,0.3587746395,0.46197187725,50.040264625,6.558675815,7.0997354,0.426855562,25.3709129,24.479379325,12.017796,0.05106034995,0.115609677,0.94542547875,0.9186163735,1.6456231975,0.08395538545,0.9939458665,0.77169790425,0.51805329325
45.701874933,5.4527453344,7.8082846987,0.22654924598372,16.4393023753,16.3349733777,7.48348465747,0.017397825144015,-0.1255531241791,0.588716672836,0.35685445935863,1.2920659314,0.052777129544,0.93893314843,0.57526561267,0.51547837315,1.05230568393167,0.189458812164414,0.831280241662335,0.119406669812205,4.14569195544845,3.45716984913752,2.5848943972433,0.018078528687057,0.0665054465617805,0.203350511088509,0.333887525709496,0.0773042765391531,0.00776530211290153,0.0324829664141523,0.0978932205877813,0.0147537657808796,43.6961774,5.09702592,6.261320495,0.00275646128050001,8.5255937575,9.4543070825,2.3004361725,-0.01754561245,-0.253958823,0.18097252325,-0.30084158325,1.15291977,0.0378917775,0.8645315875,0.4028296605,0.48721193525,47.758735475,5.8345659075,9.612982945,0.4655549625,25.005513525,23.16402785,12.378321725,0.050289511225,0.010782184325,0.97378758525,0.99134079825,1.44692897,0.0684579721,0.992087078,0.781370841,0.54656053025
46.072702368,5.6914615363,7.0606753069,0.24333249286922,19.170709550898,13.8639974506,5.097323225954,0.017925876097609,-0.07224947313809,0.4010002428087,0.225433656433902,1.4841555058,0.075570567628,0.94881227597,0.5193970355,0.5019548701,1.01347671677862,0.217133141756699,0.748918827008775,0.130183752591071,4.78904904319511,3.97782925934644,2.83617994815551,0.0202372830669709,0.0729307831850268,0.223118839756527,0.354146881961046,0.100663187305789,0.00960025940433247,0.0250154016752235,0.103460676944776,0.0153965136171011,44.006420825,5.2771049175,5.7454775875,-0.023341396875,9.4918580125,5.9600460325,-0.59968009475,-0.02111678755,-0.21564977175,-0.04717610665,-0.466826769,1.2925854325,0.057771342075,0.88894177825,0.326417365,0.472078092,47.9431477,6.143215445,8.62149898,0.50015025775,28.19945055,21.41238635,10.614100625,0.057205003425,0.062243280025,0.83499843375,0.918999626,1.6888054975,0.0947264718,0.99065581475,0.735369675,0.53323740625
43.834504247,5.5643075981,7.4416458788,0.279607925011,16.1978624107,13.2885942141,-3.0003187192409,-0.044982143998598,0.14650003432007,-0.23603143899892,-0.8136034315007,1.3660942285,0.051135993263,0.95379428539,0.49523613235,0.46544606721,1.14005155703693,0.201105729096743,0.810726487060647,0.109320496959598,3.71556454178864,3.10264137392975,2.66475174090582,0.0210350390699492,0.0709460495403479,0.209632791458689,0.370145314560402,0.0746372302644162,0.00807713260362573,0.0355392178063123,0.090904433593175,0.0138784993409407,41.549077425,5.1987653325,6.06090147,0.0484639913,8.8046364675,7.53419683,-8.132895085,-0.0847010848,0.002246636575,-0.63980500375,-1.476365715,1.2392459625,0.0369877811,0.8645828945,0.32804884375,0.4389448525,46.174628525,5.987724695,9.1989676975,0.48561018475,23.62684005,19.414351625,2.25236722,-0.00388691534000002,0.28184616325,0.177191002,-0.0446695873500003,1.51988589,0.0673393005,0.99752502275,0.67781760675,0.49367343675
46.581650075,5.6622526131,7.808825634,0.3868670920608,19.2058377891,9.727846905889,0.133917042626749,0.0011599688874807,0.04349166287992,0.0105350916919892,-0.04407230007019,1.24615827237,0.036836960913,0.92151388885,0.61364395502,0.52431792236,1.23628925381253,0.207853116993121,0.807415253842817,0.145767250799525,4.46289069180965,3.59058515951076,3.01375132969464,0.017793526755471,0.0761356075448433,0.237088166113729,0.350040018879042,0.0933898357273881,0.00871049502194604,0.0589204955093082,0.100974924846717,0.0158645742684815,44.155646075,5.26936255,6.381190985,0.104163930075,10.308372525,3.1216654575,-5.5009874325,-0.031793815725,-0.1237391835,-0.432756022,-0.73938007625,1.07278823,0.021094537475,0.77638902675,0.43594473925,0.4947836015,48.906326975,6.0555499925,9.4724733375,0.66420147825,27.858937525,17.15036245,6.663390525,0.0384697463,0.18659789625,0.524200858,0.6839430025,1.4407335025,0.0547246916,0.9972980125,0.82815306625,0.55777884525
45.872794778,5.5450185817,7.2622241196,0.16331126989291,17.41738722136,19.6867116741,1.69613696706892,-0.03763202762907,0.04902705544789,0.133433040564422,-0.68171153641,1.3038437221,0.050926158734,0.87499127905,0.53549044829,0.50357434888,1.02958775565721,0.224744346441681,0.776110936968127,0.124274632148467,4.21285139263324,3.524168727616,2.97601622857576,0.0224464706778487,0.0769247642573139,0.234119591952439,0.388721321570097,0.0878777921001982,0.0113922518724441,0.058167977546018,0.0999070668498483,0.0153327021374854,43.911590225,5.14041339,5.933944255,-0.0669076128,8.74153244,12.8718551,-3.8546423175,-0.0831160737,-0.099810678125,-0.30324004825,-1.4648878975,1.13598557,0.027874182775,0.74018748375,0.34608844375,0.47604989625,47.902942475,6.002378155,8.947891315,0.38632631725,25.605003075,26.60317855,7.52977261,0.00629196264249999,0.19418723,0.59235809225,0.120203465,1.4857523425,0.072434291125,0.977184374,0.75328033425,0.5364322045
45.915174738,5.9271760067,6.1938130486,0.49464882712,23.071766609,14.1278756246,1.78587682991773,0.001895856128392,0.019625636305921,0.140492766725273,0.04562890526409,1.3016039559,0.057001001652,0.87384086424,0.369582952439,0.49951745215,0.93253921256433,0.208703946252149,0.70592024965779,0.110136216780236,4.43145981707116,3.96772660096711,3.21227371553913,0.0270790391153929,0.0864122054428002,0.252705681715527,0.458158148373868,0.0822561907237295,0.0118018516095399,0.0466990090074182,0.0920129343638146,0.0137394129382383,44.162892975,5.52587435,4.987947745,0.28010192375,14.5425341,6.6396350525,-4.3779956125,-0.052070005275,-0.15415928325,-0.34441161025,-0.8459469515,1.1474613,0.03417021305,0.774278166,0.207757402,0.4733819955,47.80284375,6.327405645,7.702809215,0.72090149625,31.57442065,21.7653813,8.2203095375,0.055752894825,0.18504338175,0.64668179375,0.9400407345,1.464023775,0.079714543775,0.95824625575,0.56414110325,0.52752948325
44.920425311,6.1015491919,6.0690976023,0.24698055702176,14.9922262743,13.8525801777,0.3812746944383,-0.025940884940611,0.056718857236465,0.02999441832724,-0.43576247390433,1.5083622382,0.053821742381,0.94465304904,0.51594654847,0.50518164222,0.914708973756722,0.22607154996295,0.725743552422436,0.123240278915692,3.97581448642836,3.37369207030998,2.78056807625123,0.0229427653797909,0.0754040132167237,0.218743922161799,0.405908544297989,0.080924866226878,0.0095553378086801,0.038586673302196,0.10466950311337,0.0136479696114974,43.140270925,5.6703581325,4.74423685,0.000287412600500001,7.26971464,7.4292655275,-5.1854102275,-0.0738608976,-0.086111150675,-0.40792994275,-1.27416069,1.3646138475,0.03511732065,0.85216959,0.3106699515,0.47757676425,46.715778175,6.5565518675,7.585519995,0.468708759,22.7079346,20.4999277,5.7066329675,0.0181731535,0.204015444,0.448933902,0.37583587275,1.67092181,0.073550502575,0.99600721675,0.72571227575,0.53127147075
45.878763243,5.5919912135,7.1426836352,0.45453314042,16.91744972551,9.96181847892,0.3247137704564,-0.003903126802911,0.039405933969076,0.02554483912102,0.01735380911173,1.3664680486,0.066908488405,0.88023236044,0.363720987975,0.49837223112,1.11282741645752,0.200642063780645,0.787534918161674,0.102192848352621,4.36039079693796,3.44590458388206,2.96622890070204,0.0221747386532724,0.0778041288293029,0.233349634070722,0.379394548972746,0.0797030795756491,0.00942428685058602,0.0398012970540496,0.0976629849609292,0.0140865282664281,43.8103761,5.22126511,5.737140395,0.241167061,8.5787545675,2.66435868,-5.4328430975,-0.045150638725,-0.1077760645,-0.42739518075,-0.67667465525,1.2227127475,0.048868447525,0.79249640775,0.180040495,0.47128050425,48.146876725,6.03432912,8.7064545725,0.65458555425,25.24874345,16.73315995,6.203099675,0.039969461875,0.18219179075,0.48799033075,0.77651718275,1.5380876675,0.08491280985,0.94919940025,0.56424904275,0.527854079
45.280850893,5.4221452382,7.1465248803,0.3291969636406,17.4335116463,12.98250955042,1.02942150639077,-0.011517262857714,0.0347689399532,0.080983342890278,-0.19445786541999,1.4020528719,0.065565819953,0.84852052589,0.419452223348,0.50584348747,1.07105628001297,0.210862940080004,0.781680360432519,0.120219854752744,4.56648243141908,3.73153918423564,3.41651451460929,0.0298450023775662,0.0936625588387056,0.268773058166689,0.49614508596594,0.0930737598119066,0.01102157187632,0.0668025014547044,0.130206064695346,0.0151779754360562,43.07168245,5.01767101,5.79825025,0.095008293925,9.0867882375,5.8809969675,-5.757867135,-0.06778101065,-0.161665655,-0.452964434,-1.1660089775,1.2336488875,0.044317906825,0.69941802125,0.13743403375,0.477534479,47.358542425,5.8401650175,8.90551895,0.56620140675,26.71773375,20.300553325,7.8906420575,0.04938447245,0.22292700925,0.620747253,0.81496685975,1.5861966,0.088797969125,0.95955461325,0.67285780625,0.5363969785
46.749378876,5.7263895341,7.4287971399,0.477018287682,25.031944495,17.5648757401,2.91493034897,-0.001181023150913,0.00539725318369,0.2293140394846,-0.01591779365844,1.6315808162,0.077498110043,0.93439070549,0.47780031549,0.48969578764,1.1177358870294,0.201458026034991,0.853019320576329,0.130383793835962,4.79265133913578,3.913886386449,3.26517025569817,0.0238130516019105,0.0872894657288158,0.256866988813143,0.418695688035334,0.0974536424340645,0.010795144093951,0.030496181489836,0.101661428789337,0.0140077267854576,44.423056325,5.3454245875,5.993466815,0.22786856025,15.7215016,9.60845725,-3.4423150425,-0.0475406972,-0.155383269,-0.27080275725,-0.8121874135,1.45341588,0.05637084265,0.86514347275,0.3095376605,0.46338010475,48.887409925,6.150275715,9.2265344825,0.7364648145,34.830228375,25.388324425,9.1043637525,0.04281985985,0.17265320625,0.71622927275,0.7863137515,1.826863845,0.0975036835,0.9897687315,0.681287783,0.51861233375
46.077695847,5.2823240724,7.8598555349,0.24546700599497,13.1148991351,6.362621893657,1.21916889717425,0.01024289950793,-0.002511941420812,0.0959105403455978,0.11985341220086,1.17656747217,0.040936324581,0.84251850887,0.2900800128435,0.50004475055,1.11815259164238,0.193083152028019,0.774861639133293,0.0907331948983288,3.63685430708662,3.29964950389435,2.86301702809921,0.0181701138441641,0.0729801174825011,0.225230081328181,0.346423362701314,0.0707663912371117,0.0100330401967897,0.0670267770308913,0.0980410807573557,0.0144942827496144,44.06467865,4.9367424975,6.5357554875,0.0642942475,5.889073435,-0.51157624275,-4.4848210525,-0.028623249275,-0.14621234125,-0.352815444,-0.57185240825,1.0449109475,0.02339322975,0.70181780575,0.085306199575,0.4743063435,48.237461675,5.6871121475,9.73208053,0.41408741325,20.172616725,12.6508157,6.69573256,0.045687445625,0.1452404705,0.52674517,0.80871167875,1.3202143125,0.062052532025,0.967178334,0.4830210815,0.528559748
45.087519422,5.7382578002,7.3834731019,0.2846146617849,11.50128077878,4.5252686118885,-1.256742895218,-0.002985939279329,0.056318603311977,-0.09886644110667,-0.07337712732205,1.2701045595,0.046361307538,0.87357667948,0.58128572245,0.50401071563,1.09929696097471,0.20226895826107,0.763990081872205,0.113948097006655,3.62224340638229,2.86496403123369,2.44786368342906,0.0180713238456541,0.0645558413085627,0.192570470386208,0.330619023039302,0.0695148009580691,0.00942275918939463,0.0548199576867008,0.0896850391526429,0.0139216341814081,43.096748725,5.3760685225,6.06985627,0.05975956515,4.4707090875,-1.0511183775,-6.0559558925,-0.03805643725,-0.071216935775,-0.4764147155,-0.69929526775,1.148735955,0.0281929114,0.75730524025,0.42332825975,0.47629110625,47.250855825,6.16157737,8.8867477975,0.50022120125,18.52519265,10.43485175,3.628073335,0.03504532225,0.17955447275,0.28541613475,0.62391720225,1.4164942625,0.06444902335,0.97989510775,0.7862824885,0.531798608
45.541122541,5.7377135661,5.6424114303,0.32756103088919,10.589155941787,3.208963406339,-1.5962557115006,-0.0015138679430127,0.0592263935169897,-0.12557550316115,-0.00236972302251,1.4017560562,0.053967487413,0.96745559401,0.49749737618,0.487708084,0.833209191300281,0.211509728930221,0.609721440362817,0.122755152258067,4.36266173891084,3.41124648038448,2.68418537666853,0.0192032015980792,0.0690793027660228,0.211161612143289,0.350459653461311,0.0741084667397991,0.00770052991676815,0.0252058937119114,0.0937005562187533,0.0139980271082809,43.955821675,5.334413695,4.5694602725,0.093556467725,2.2288032225,-3.8018669475,-6.79716835,-0.039604972825,-0.0796391029,-0.5347250015,-0.716283715,1.263299615,0.040126133075,0.90371530675,0.3161379515,0.46048240625,47.24691395,6.1408057375,6.9182432725,0.5671660345,18.829431225,9.4961467975,3.9579453125,0.0363273324,0.191945786,0.3113667705,0.688622331,1.551711665,0.07011895165,0.99848619175,0.6915874455,0.51512239875
45.39369691,5.6529156707,6.6763249423,0.218768930352537,12.76161090298,5.304110692536,-1.1162935115132,-0.00260468153543,0.05625154068419,-0.08781745803989,-0.15842339050162,1.3510381207,0.055678911827,0.8941790144,0.415301722951,0.50669003155,1.02505870906179,0.235105330756688,0.733538048876567,0.121813292502915,4.65351234719099,3.92926815101743,3.40260877520215,0.0238022694387177,0.0876656638327829,0.267679110207185,0.431538358132516,0.0891015980180857,0.0106050479850869,0.0541710582754032,0.107201361903492,0.016694580663736,43.534142625,5.242666695,5.36857121,-0.0082243787675,3.52981222,-2.3264738975,-7.432084555,-0.0520454609,-0.11510899475,-0.58467309175,-1.04073119,1.1938979975,0.03682723595,0.763973155,0.21020624675,0.47669858825,47.484895625,6.1669719775,8.2746661825,0.4639703005,21.604705625,13.025115975,5.6736556375,0.0422840925,0.2190185395,0.446339609,0.698582307,1.5492699525,0.077440622975,0.97454684225,0.637863571,0.54104264175
44.77662312,5.9781353001,5.9565900297,0.057494457629176,11.08793199344,12.3417461845,4.6271152639952,0.0025897873367314,-0.066764386239995,0.36400955245792,0.00777770585473,1.268766779,0.045967152812,0.91944287278,0.48269379296,0.49380051579,0.889677476239838,0.222240255093503,0.678672033698764,0.105736458679811,3.69449550116219,3.24172428872632,2.86870146731577,0.0238614321099604,0.0779000609320654,0.225677269286147,0.410546089208476,0.0759647859988137,0.00897242047161678,0.0574458207607356,0.100679138832054,0.0138032656939793,42.972905125,5.5614673575,4.78689436,-0.13910661925,3.839810045,6.348122735,-1.420987295,-0.047060377625,-0.214252136,-0.11178735075,-0.83015519325,1.1312512225,0.03058088405,0.782707406,0.3033013885,0.46722151625,46.42258435,6.44483709,7.50202877,0.26588760175,18.366179325,18.925491125,9.75762718,0.048053589725,0.09844576355,0.76762070525,0.75790350275,1.43201482,0.06617376495,0.99592572925,0.68546824375,0.52100544425
45.06597374,5.8358106632,6.3043999736,0.4430076653475,21.0208882702,8.52954090134,2.9175223563415,0.03107931705123,-0.038472152876483,0.22951794945214,0.473337066363,1.2816733444,0.054641088341,0.91368782153,0.63788536484,0.50989189104,0.924707600197904,0.216585826310072,0.698051364597521,0.132947643468826,4.18716192270481,3.69397239124356,2.95893328413811,0.0232921625890612,0.0786151509812795,0.232775697126432,0.391961750339917,0.0827176642308018,0.00903328333702678,0.0602767376926716,0.103584571101926,0.0161201108827087,43.267148775,5.4558658375,5.0577752875,0.17884850075,12.97098175,1.39467395,-2.91864574,-0.0152380897,-0.18479927,-0.22960632975,-0.3176942815,1.12696091,0.038551689875,0.777056441,0.453263186,0.4800756575,46.747179425,6.2947661225,7.7819451225,0.70869924225,29.025881725,15.456175125,8.4036248475,0.076176037325,0.1275726875,0.66110298125,1.21215416,1.4540669275,0.07490314285,0.99564099125,0.865968774,0.54320041075
46.299191686,6.1770180958,6.5046829977,0.2832256212818,16.2260984498,13.5344920655,7.245290136146,0.0280824725097237,-0.13261173858596,0.5699781980104,0.5515020771064,1.17470041116,0.039759718226,0.92893859703,0.23051513238498,0.51564984747,0.961072703864886,0.22888942315651,0.707631842442599,0.0908459473146508,3.91158221342862,3.43154121843141,2.91983649762477,0.0197045178922438,0.0746676181198145,0.229700000411965,0.356303050184605,0.0734126833117543,0.00811648960911728,0.0540383075211997,0.085777783588936,0.0153184827454094,44.38274945,5.737303,5.1600204,0.110389681,8.713019075,6.42545459,1.20694242,-0.0099225739975,-0.2809359245,0.0949486982,-0.136099422,1.0422227875,0.025361366575,0.80195453375,0.045239277425,0.48653799225,48.296566775,6.633094865,7.9324904525,0.4614458605,23.739003425,19.883080725,12.900082625,0.069656156025,0.0290350796,1.0148338925,1.31726758,1.3281866675,0.0570178959,0.996621132,0.4026562685,0.54542685075
46.330322206,5.5259026291,6.5946009485,0.24971900581807,11.98232394292,10.64112186512,7.47074537687,0.033100219654323,-0.15280535806662,0.5877144889843,0.6930604590244,1.3355455126,0.052353601242,0.94958076305,0.70749208841,0.52714525389,0.976100966784332,0.199252580347191,0.70875491896895,0.142007723715842,4.3691499701112,3.60609078564604,3.2096565402512,0.0287582797387149,0.0890105114578123,0.252499792411972,0.496338859066899,0.0793098281938721,0.00856111759310748,0.0371930127120428,0.112339583391879,0.0152236242091699,44.408691575,5.1537045925,5.3914186825,-0.040331341975,3.2263993725,3.81521983,1.3300455325,-0.023171489825,-0.32774215275,0.1046330715,-0.29492952125,1.1917830675,0.03657670925,0.8585044,0.48347951225,0.5000694565,48.309589725,5.8997360325,8.185995685,0.5298549805,20.84772225,17.332897575,13.71618745,0.08944808665,0.022035640375,1.079035855,1.6248251875,1.5041596875,0.07050304255,0.99681523575,0.9292462055,0.55893583125
47.83920293,5.7475754378,6.8953369262,0.465465326246,22.19044091,15.54688115364,3.8795149529301,0.0084375552532075,-0.03077442886224,0.30519674160421,0.20398946180355,1.18777549002,0.04202681314,0.8644095386,0.43583055896,0.48857629516,1.00845569816048,0.218950578559678,0.762094020545555,0.12022134781027,4.520787281431,3.9554798943339,2.82923247894878,0.0208264218447496,0.0728833879592481,0.222572291944314,0.373510281821318,0.0857193111673741,0.0106148683935872,0.070808932782934,0.0901627133613275,0.0155304321050524,45.940392375,5.3526080425,5.5946186675,0.22184541825,13.33433675,7.8572367025,-1.9029992025,-0.0314698858,-0.168945427,-0.1497066405,-0.53808851675,1.03774947,0.022765993425,0.712472469,0.27443426425,0.458788257,49.765052425,6.2139991925,8.6061219325,0.6743485375,30.5233058,23.1559396,9.29798538,0.051475524625,0.11883736125,0.73146124675,0.9329172275,1.362958345,0.065044005275,0.9795837465,0.63025856825,0.5197471325
45.948650971,5.7102603416,7.0659443507,0.2893139028617,18.1297643842,11.712380385247,-1.3387213280143,-0.0211652407232,0.093400695882763,-0.10531558508635,-0.46930104204388,1.354445688,0.068382020179,0.93492526428,0.50608992135,0.51056478276,1.04536789160394,0.2308515073206,0.77053162792583,0.130181101575477,4.56898534739877,3.79684866479741,2.9972792382456,0.0213526776399755,0.0786503750126253,0.23579232666297,0.381315745963721,0.105077499186701,0.0107074251060297,0.0363831057877445,0.090992248783549,0.0155121861250308,43.9883442,5.2885038725,5.7106078475,0.04848887555,8.8827951075,4.1148534425,-6.7199784825,-0.06316570615,-0.069905313175,-0.5286525685,-1.2419058175,1.1610703925,0.047374149075,0.85288976175,0.340698701,0.4801215375,47.985577325,6.1892929175,8.678632255,0.5368291525,26.74639895,19.12720145,4.9568673625,0.02204372045,0.236055586,0.38995074725,0.282885736,1.5869017525,0.090597993375,0.9930790535,0.70438872925,0.54396112975
45.665594528,5.4984856726,6.8522402265,0.372018527257,18.9809774551,10.47082901093,-3.808024395163,-0.03131357283776,0.15493856651914,-0.2995726662851,-0.63570967306778,1.4386063868,0.058007357322,0.93848092241,0.51157794852,0.48381680894,0.973924091210363,0.201903576318508,0.75499768664944,0.1242421141757,4.27100506665453,3.43600936516046,3.33768460550606,0.0268485260331143,0.0900448821382108,0.262571604749472,0.474482638775597,0.0917351213553574,0.0112264236766578,0.0371908182620352,0.0975951862249075,0.0133579334924772,43.79509755,5.11826982,5.476165135,0.13375827225,11.050071975,3.83000807,-10.5050554,-0.085319383275,-0.024971101075,-0.8264200165,-1.5799963925,1.2796155925,0.0374319797,0.85128534825,0.321761037,0.457136299,47.527965125,5.91323929,8.5011397475,0.610999019,27.7194151,16.954113225,2.7900124075,0.019946073675,0.333943044,0.219486899,0.3066009275,1.64005152,0.080456059125,0.99438563475,0.72539866675,0.50961443225
44.84542573,5.8013010215,5.9415178695,0.27832487680863,11.604440434161,6.024631493035,-2.3096994162369,-0.017273568360575,0.092393951582269,-0.18170125507046,-0.31220003548808,1.3639886512,0.06278232223,0.94337256098,0.6705279038,0.50189715253,0.88919012390988,0.216958428865054,0.67979444534452,0.136350951651795,4.44062993814407,3.64114000763092,2.92288709532454,0.0242731723111757,0.0783828601719422,0.229939986805029,0.41783431678197,0.0854927923659562,0.0108793315455412,0.0348021958919053,0.105497398447637,0.0151571556211859,43.056176775,5.3971988525,4.74990291,0.01041341555,2.12390597,-1.089972565,-7.928765485,-0.065190179275,-0.068359361975,-0.62374637725,-1.11899813,1.213609425,0.043253019725,0.86398532925,0.4838926935,0.47390391275,46.57522555,6.2527106375,7.4134313025,0.54676431625,20.10592125,13.16752635,3.514612525,0.029068211025,0.2477959365,0.276490312,0.48390913775,1.54408163,0.08494899595,0.99541287075,0.89869710475,0.5313640295
46.366790416,5.6899201377,5.8024259087,0.455489482586,14.505452265086,7.813684216273,3.295195394713,0.021835887729162,-0.05227478582347,0.25922903010226,0.5304969509139,1.4655173444,0.06806595032,0.88315403667,0.62978785103,0.49350590945,0.894744995838436,0.206214443546841,0.631883397580181,0.141093001206013,4.65833503877463,4.03642847078426,3.49829432625491,0.0308236337917517,0.096843738380226,0.275206576954723,0.505870407584498,0.090295949811851,0.013680959949452,0.0568348838955897,0.0922139111593661,0.0145857689814269,44.536177325,5.28000593,4.6992748275,0.177367327,5.728312025,0.1754130285,-4.00347078,-0.03790829445,-0.24593822825,-0.314948193,-0.46460042,1.3052952325,0.04284301775,0.757904954,0.469621033,0.46501878375,48.0051603,6.1060001325,7.2881874525,0.7390905845,24.1131045,15.6032853,9.859350735,0.085177633025,0.14185494775,0.77562317875,1.54562072,1.64879646,0.095864443675,0.97832622375,0.84056397525,0.5212461875
45.633345857,5.8912479348,6.9044513049,0.48768831617,22.378077019,10.76095452326,2.7114957247206,0.0224855624127817,-0.0220188829257769,0.21331008390426,0.364007707511687,1.316759344,0.059346917472,0.87529720545,0.418228865035,0.49294502308,0.987677639788888,0.205451277648692,0.819000833285511,0.11010160286384,3.83860879172412,3.39256101067294,3.21261038926322,0.027246907732725,0.0886188775031306,0.252732167309991,0.464208880056299,0.0885195808857147,0.00908646510569606,0.0520952440576825,0.124045392182068,0.0162474767269521,43.7571629,5.49200121,5.5001463825,0.275165688,15.1525265,3.9310639275,-3.0950978675,-0.0252784695,-0.19149022175,-0.243487599,-0.4772159085,1.1580945425,0.044027359375,0.7567332755,0.18017688325,0.46256707525,47.632381425,6.3030780175,8.6604485575,0.70101188975,29.73344875,16.9546965,8.8615123725,0.07982346695,0.14037160725,0.69712444775,1.28700904,1.5031212075,0.078849193575,0.9650756985,0.68072325325,0.5249486785
44.831698903,5.6870805678,5.8400320439,0.446690534309,18.0462561207,10.8122117375,3.3740484544756,0.016887132898227,-0.0398968164651,0.26543230464364,0.3756823198606,1.3076826025,0.048188385841,0.89294140192,0.62392349913,0.47564192507,0.879454869213236,0.200882285312462,0.663307232897552,0.128451078324809,3.78047428241018,3.36355764324519,2.74073727580662,0.0239129270019447,0.0747067118240382,0.215610481532844,0.406418587612625,0.0838933391632645,0.0116762554942554,0.0688119247672025,0.108097981102056,0.0139461682153303,43.07829095,5.3099537325,4.6896320175,0.18142809375,10.275648175,4.48756748,-2.2059122325,-0.0310841659,-0.1838115205,-0.1735364395,-0.47502493725,1.1613024125,0.02877956335,0.73745885525,0.441828071,0.45018283475,46.66747755,6.0832592175,7.222592925,0.6893409485,25.431446975,17.732599525,8.6244937325,0.0640773118,0.11722645575,0.67847847125,1.1360853175,1.4860056125,0.0730821084,0.99181341325,0.8669893585,0.50329871425
44.850118981,5.6138892489,7.4778332037,0.3238242217645,18.4196100784,12.5584553641,6.4865907157867,0.032234406060614,-0.116586221288367,0.5102922342356,0.56679558330407,1.4954867277,0.062049948419,0.9664947612,0.44502350106,0.48811016321,1.1365048063606,0.209006829115307,0.789882834401516,0.124490815218119,4.16587732522631,3.28535070721934,2.70361637407779,0.0194451157794113,0.0715062340891326,0.212690225826805,0.353409516971055,0.0857319510547303,0.00767939670538605,0.0226572899295748,0.0942598102764729,0.0157985234663204,42.778304075,5.2068288525,5.96980925,0.08721219315,10.160618125,6.3896551075,1.362700395,-0.00465267913,-0.24998467125,0.10720198975,-0.0754326831,1.3417089525,0.0479491446,0.9115243525,0.278314014,0.457348504,47.320935475,6.0357049925,9.08969945,0.57878012675,27.154460475,19.15643235,11.619022675,0.0735047527,0.01670728775,0.91405445,1.26022777,1.6636380625,0.076713855175,0.9977245055,0.64281062225,0.52108050525
45.475839286,5.7162358784,6.9526957959,0.385104226415,18.216185333,11.67911176231,3.20676997500189,0.012079487907371,-0.0311180703489644,0.252272709131577,0.23980648414331,1.4779707299,0.053343533112,0.94212481846,0.40489737046,0.49712066882,1.04569974708694,0.211104830189544,0.751833257426496,0.10939144261805,4.22646773879047,3.40258546149151,2.8662076029413,0.0216520086552018,0.0758608657461793,0.225481079255546,0.382555778818371,0.0760611424417666,0.0092441742952052,0.0393744272101569,0.114440085683621,0.0141132653495766,43.4311017,5.3351191825,5.67633096,0.1737163905,9.5231961825,4.6777105475,-2.2263651425,-0.0282665883,-0.1792935805,-0.17514544725,-0.53045279925,1.3426732775,0.03718369085,0.8547322845,0.179804409,0.47022921425,47.5361757,6.14223676,8.553615205,0.5994000565,26.366139875,18.709507475,8.937205885,0.054979381775,0.1124536115,0.703079157,1.0064784625,1.654752285,0.0720599321,0.9971364075,0.63404619825,0.526963056
45.088876579,5.7510775631,7.337569388,0.24110853918551,14.5079453911,7.041039917337,2.8152189869874,0.021930144092318,-0.04288875379274,0.22146986713223,0.29900232865315,1.3761045478,0.05659468287,0.97237159967,0.60345141993,0.48406297908,1.14763425065428,0.215140218871632,0.771271648234148,0.128704424639574,4.24723069579104,3.4921601482057,2.97361316013353,0.0203179091090589,0.076431179093129,0.233930544584509,0.370510089262809,0.0850123037225481,0.00926057937603288,0.024840952435973,0.104450950306283,0.0163125431953297,42.834333525,5.361488155,5.8922017375,-0.010323817125,5.6447761775,0.145724174,-2.9749772275,-0.0187766011,-0.1941564455,-0.2340378555,-0.42073327325,1.2209418,0.0400985406,0.9078357705,0.42280089525,0.4544740165,47.324157475,6.175319925,8.96636234,0.49408759475,22.0206199,13.4808995,8.5302634025,0.06525636945,0.102905467,0.67106548325,1.0430047425,1.560839755,0.075846205975,0.999019081,0.82521044025,0.516901746
47.656937591,5.574627212,7.0936117359,0.218816136160223,14.5469198274,8.686222324079,3.4030539779651,0.018691820550492,-0.05099602676903,0.26771413375979,0.25516473231129,1.3419126694,0.049789057804,0.96020951164,0.46795464011,0.49638599221,1.05831587757241,0.214782780738778,0.803010462436426,0.126306877554211,4.25928550996461,3.74243672151216,2.86203569954362,0.017558016486142,0.0722256771448916,0.225152880860439,0.33930831626189,0.0868577896126353,0.0082876775261807,0.0273957913705182,0.0940943720468059,0.014704305025963,45.572725875,5.1809041025,5.685574245,-0.038100347375,6.04363697,1.67531192,-2.0404296275,-0.013777980625,-0.2083294125,-0.16051812675,-0.39227169825,1.18487194,0.03482198415,0.896398356,0.2821858195,0.46853384575,49.7916416,6.0179848175,8.9616988975,0.45878497075,23.214234975,16.115238625,9.2912032475,0.05621682965,0.0829598876249999,0.7309277055,1.011991715,1.518427935,0.066234504875,0.9960223045,0.6562063115,0.52601312475
47.300186862,5.5539105943,6.6428549755,0.2205967654963,17.8230204679,18.2941400167,3.8145938015296,-0.014934346320912,-0.01568103974435,0.30008947325513,-0.25140479850524,1.2251783522,0.05637973373,0.85900783048,0.55851904021,0.51766457077,0.993969150978073,0.224906174893863,0.698341023627708,0.128127524633273,4.6614634023854,4.22075388213343,3.16671642825681,0.0210705276280445,0.079617648124255,0.249121745452953,0.379791121956822,0.0900772677255279,0.0113371765593113,0.054227480348728,0.102794595744361,0.0162831066642385,45.382775325,5.1539992275,5.40099258,-0.0463684528,8.6823444975,9.65078225,-2.46345456,-0.057897382075,-0.1673087755,-0.19379699,-1.0222747275,1.0502018325,0.03455088755,0.737785741,0.3776266865,0.4862646415,49.2882509,5.9993745225,8.1581308925,0.460142011,26.512135275,26.19799335,9.9074385125,0.0249817728,0.1398383105,0.77940618425,0.47198115275,1.40582442,0.078190149375,0.94688363725,0.7837249915,0.549169799
45.430209841,5.0673053535,7.415265956,0.2938045113855,14.62820863877,9.28028591557,1.7814855519051,0.004411438825601,-0.003752759306411,0.14014731038312,0.07654140002674,1.2200753349,0.043125086615,0.89986892379,0.55663811283,0.50521977366,1.10711463479747,0.181662381353363,0.798139219178492,0.114733955390116,3.93898846846814,3.32420912474672,2.94961442873023,0.0229984976549883,0.0796205740133297,0.232042594058279,0.411033448667283,0.0711135403786205,0.00988751892317226,0.0600180427905722,0.100158900309821,0.0151075819464691,43.269563225,4.71757111,6.0422534575,0.080432525825,6.893502595,2.522395485,-4.1231468875,-0.038740909325,-0.16078109825,-0.3243629695,-0.73850827425,1.086258865,0.02637081515,0.76075372675,0.3719893195,0.47575541025,47.6936567,5.45125227,9.1775233225,0.52739401425,22.415705425,15.91167345,7.4850775675,0.049707388075,0.15052263225,0.588841991,0.92658559,1.3666720625,0.0642117656,0.99103992775,0.756315747,0.53503821225
46.987098205,5.8193435096,6.9770349798,0.1779311545982,10.598940085621,13.352972862,5.0643745389754,-5.3827669925e-05,-0.07382522413527,0.39840820982593,0.12124273783487,1.4132969565,0.055416420539,0.94424518204,0.2672172036223,0.48303924872,0.944265136221437,0.212365849551121,0.805139885397787,0.0995740990121229,3.91212710318684,3.3702871159881,2.52063257353839,0.0153759835419507,0.0635183233682807,0.198295111057642,0.293123215328374,0.0883637866127549,0.00826524466242557,0.0303824053472045,0.098517430385309,0.0133310719640173,45.07616445,5.4258037075,5.627508005,-0.0247347377,2.918196595,7.1115036575,0.31174325825,-0.031105926175,-0.197947278,0.02452446515,-0.466272021,1.2351713875,0.0402694967,0.87768496375,0.076888333875,0.45798710325,48.883307825,6.240050115,8.7993276425,0.36393220725,18.0754791,20.190082525,10.05479085,0.029351978,0.0517417375,0.79099819575,0.67528313875,1.59599811,0.07132921425,0.992356566,0.4586458975,0.50864737175
47.675729017,5.5768884809,5.9166298005,0.35992659182489,24.0256235534,18.5062773972,6.997621711579,0.0216607273911008,-0.1017353513886,0.5504944229416,0.35004110120957,1.3830594021,0.061711933562,0.97058648025,0.61175190014,0.53588389739,0.895417973583577,0.211352033130319,0.665054747131292,0.140957906036529,5.10520555974812,4.55463972231273,3.3419363164899,0.0194736708998566,0.0833426649305588,0.262906081382565,0.376298453207103,0.0895766002097736,0.0101665310321024,0.023966157288466,0.104517425770562,0.0166992342453671,45.9314996,5.1865845275,4.7104908025,0.08117847315,14.975127475,9.752368345,0.24680090525,-0.017735486775,-0.25616745775,0.01941552815,-0.35696614325,1.222427205,0.044616223875,0.90459191575,0.4282206695,0.50202849025,49.3670901,6.0230601275,7.319844745,0.61878837725,34.239241675,27.490881675,13.129065125,0.060179291625,0.061940358675,1.032847665,1.0744631825,1.564122425,0.083760975775,0.99871681025,0.8321098335,0.57056255775
45.960465468,5.879724557,7.8083817707,0.2230213611884,9.593532067994,13.99321027603,3.4722907171243,-0.016881484800882,-0.02716478297198,0.27316090427396,-0.09447360229177,1.4365822056,0.054265601107,0.95008731856,0.53155376242,0.51701001641,1.16629956020299,0.22094277524911,0.855323972999507,0.123009817077985,4.1130878714886,3.48014602120573,3.18123313117123,0.0210340525970632,0.0826362449351666,0.25026375634862,0.388485471390617,0.089703270059458,0.00926154754129411,0.02987158821417,0.0981134785780006,0.0154223543121674,43.72057955,5.454353305,6.2558365925,-0.0248810149,1.76778476,7.5546762175,-2.83976056,-0.057154364775,-0.175679912,-0.22340052625,-0.82126143775,1.265014895,0.03777464095,0.88002010125,0.3489690105,0.48846390325,48.06283225,6.3389313525,9.6548775925,0.46760393125,17.68484425,21.061461225,9.218600565,0.024658705275,0.1351231845,0.7252161375,0.6513293765,1.6187082875,0.073329511775,0.9958768165,0.7279196385,0.5485369375
45.783593957,5.6209627933,6.9034179706,0.344782952779,22.9115863605,8.51815417803,4.684817024866,0.048351796494832,-0.08687775416174,0.36854888035317,0.62770535912499,1.2846845422,0.053779750383,0.89499590969,0.50743068598,0.46700748251,1.01681767800003,0.212318836994632,0.715229601584438,0.111963634728523,3.80801600088519,3.16138904961238,2.84597888012633,0.0220308836300443,0.0761668351085615,0.223889711064239,0.377972696500446,0.0803321866873808,0.00977690423865079,0.0615469561985876,0.104734873842059,0.0134241416480367,43.747603175,5.2225191575,5.6138630825,0.11318934025,15.221229775,2.5385447525,-1.2191292,0.0030431207625,-0.219003788,-0.095907419425,-0.1478280245,1.130815315,0.036850593525,0.76128447375,0.3050440825,0.44235845175,47.762014625,6.06668059,8.5478448175,0.55526020525,30.12911845,14.899451775,9.8361077625,0.0869622227,0.0751847409,0.773794675,1.3121892175,1.4446084425,0.07553505215,0.99320351175,0.7081961355,0.4932719885
49.199276591,5.4772718542,4.9494414526,0.24366865811904,10.149215734095,8.874973834495,-1.26966166029692,-0.02629799161835,0.07775709552957,-0.099882744746357,-0.3929510726768,1.3649242713,0.051854281817,0.91227437692,0.58431611116,0.50432605698,0.763273226149596,0.208462404929814,0.597508083402741,0.159367098516849,6.74710823973967,5.75887221992981,3.44024028914091,0.0193674855377831,0.0803982782124773,0.270639535886153,0.365042483106017,0.108462216813871,0.011830857612184,0.0443798388687805,0.108271353645117,0.0153054312657249,47.6393207,5.083820305,3.8766453225,-0.063943268525,-2.296673715,-2.7802028575,-7.8360419975,-0.0659618112,-0.079070895575,-0.61645193525,-1.117859855,1.1634213275,0.030069808375,0.811832922,0.3770617605,0.475308564,50.663159325,5.8951096625,6.20809258,0.556684909,23.25891675,19.612037375,5.2807325925,0.010792709775,0.2280591165,0.4154288355,0.32065791975,1.58320543,0.0762486278,0.98497392575,0.8047036295,0.53533288975
44.421453792,5.6048519911,7.0286721847,0.124133262772469,13.5560222247,6.904562012882,-1.47631843317402,-0.010723904337448,0.073859392561645,-0.116140182775356,-0.39340545883003,1.2998622059,0.057829973165,0.93190279731,0.50310344861,0.50572385943,1.1110584526856,0.191634338074275,0.846850516376858,0.105557571805608,3.87372444922553,3.30099676007557,3.04361830381467,0.0255437327504475,0.0825885236818529,0.239437765005738,0.436747328661545,0.0749587096276972,0.0103804400291132,0.0395406181736732,0.0884400250941178,0.0149214244325164,42.268693925,5.2527589025,5.6333626875,-0.0684869838,6.284092505,0.82893261825,-7.409217745,-0.058778222475,-0.07976606205,-0.58287418275,-1.24986376,1.1480102425,0.039690196225,0.845581882,0.3521081705,0.47848005425,46.798368525,5.9988199925,9.0191468,0.344363906,21.47099975,13.2816044,4.26687197,0.037622869575,0.2357395365,0.3356696505,0.432048331,1.442715475,0.079447077075,0.9934795275,0.69131816025,0.536256011
45.788058593,5.9257039272,4.532158813,0.115478765243212,11.20127843175,10.41053498312,0.4566135828165,-0.018418688772327,0.03797250107307,0.035921237474738,-0.37527485319756,1.4529397138,0.084340672494,0.91122497536,0.5293681852,0.48327010099,0.723743865119329,0.211956300650099,0.581191327815507,0.144580053677773,5.6255483743035,4.42584032470891,3.35734857624373,0.028450689748746,0.0911777285468392,0.264118545362627,0.461304077584738,0.100143259918457,0.0119189008125144,0.0400088686569608,0.102404128219924,0.0145453631295688,44.419594425,5.530045075,3.5460237275,-0.165009077,0.25236816,2.1046722,-5.88596157,-0.0751562472,-0.140098464,-0.4630414675,-1.2674048525,1.265208385,0.0618852996,0.81290851825,0.349492491,0.4561262375,47.13917395,6.336720875,5.8256471825,0.3919772825,22.0580314,19.432507375,7.492629995,0.037325752725,0.209328951,0.58943612325,0.50937006225,1.658802775,0.1099454195,0.9719450975,0.747409757,0.512534404
45.424796248,5.7763470077,7.7187349279,0.3386447187001,18.4187086459,10.6930359799,0.4125948392862,-0.0031178514056705,0.040546199142989,0.0324583361673,-0.12003263520688,1.3078547601,0.05656030477,0.90907661055,0.62191035166,0.51107715352,1.24196574689934,0.208928263281822,0.758193535258522,0.127225276925063,4.00165449639473,3.12662426914152,2.87346522467321,0.0213514989794604,0.0767259240528438,0.226052028281238,0.385543760543393,0.0808898701792263,0.00896106063405866,0.0414144864026348,0.0978988202684832,0.0142925898320999,42.844149875,5.392902865,6.3291583825,0.064346772975,10.28144035,4.7806109625,-5.1990832525,-0.04264200475,-0.107962531,-0.4090055835,-0.8134483415,1.1638921525,0.04087033805,0.81578249225,0.44929210825,0.48448334825,47.729062125,6.172321335,9.336493165,0.5776758775,25.90373855,16.718844975,5.9169377625,0.040169571125,0.18602653525,0.46547832575,0.64044851975,1.4769934,0.076085126125,0.97385030175,0.84182986,0.5409610695
45.506982388,5.6157516377,8.2521577314,0.3092928578375,14.6368213721,9.33498400782,3.7185303824825,0.0181949495531054,-0.05648211419379,0.29253228062805,0.34895607451583,1.3158192454,0.050438882304,0.8914693416,0.47427437338,0.48519346471,1.22529618457788,0.207524359076189,0.871732936956088,0.112866378774579,3.66149846190729,3.08245988608696,2.73429335612284,0.0196430512389431,0.0731516541972131,0.215103546076978,0.36086666203056,0.0771653518265419,0.0102551998213126,0.0501317057560192,0.0974265101779451,0.0144200384084717,42.989640325,5.2382860625,6.796610125,0.09527571985,7.2085253325,2.7806574675,-1.43512414,-0.01915012705,-0.2007548935,-0.112899477,-0.3599100955,1.1731915825,0.03166857315,0.786825529,0.30313888375,0.45758771025,47.8675808,6.0425725825,10.1813537,0.53242932325,21.7690191,15.34577055,9.01257482,0.057496516225,0.079478832225,0.70900834825,1.0937475775,1.472080745,0.0699744866,0.97979608275,0.693633595,0.515219784
46.923813926,6.0455181113,7.6762182832,0.353907360519,9.066427847042,10.8352778496,1.70746237708412,-0.0163311377017514,0.00581017129857,0.134323996771352,-0.0111979065215469,1.2620686839,0.045029564954,0.87867652679,0.52273461229,0.52582864284,1.18985866398812,0.234515337298605,0.841246496921659,0.119174871020998,3.90183852383798,3.38504609287902,2.82261918555312,0.0196251945183267,0.0738161037567713,0.222052032044639,0.371468283732992,0.08594605762662,0.0105430862860303,0.0567359127413702,0.0986630955119702,0.0149231301144097,44.708365275,5.5960191375,6.2293177875,0.11374548675,1.285986235,4.084510875,-3.7109912,-0.057209003275,-0.13887125125,-0.291939181,-0.70821095,1.11476713,0.0248692569,0.749043353,0.35425509,0.49842447225,49.3016162,6.52205661,9.4510588225,0.59893007425,16.82788445,17.96605085,7.2248683775,0.02042792255,0.14605841325,0.56837164375,0.7177949055,1.4438167625,0.06528883925,0.96996024,0.75018039675,0.5551621545
43.35385952,5.5421023562,6.1879626632,0.3859548583923,11.0590502572,15.1295748523,3.52781638328013,-0.018281512099073,-0.02317538749798,0.27752904118718,0.01751574566542,1.373012299,0.06607083942,0.94556902407,0.62926431621,0.49999122318,0.93871880861634,0.195252540096346,0.664242913764667,0.131213752883468,4.25648774937559,3.58541629281436,3.14737637964866,0.0278027800637864,0.086390447684134,0.247600287349703,0.455458464430734,0.0817408620206249,0.0093973563103903,0.0347699190472926,0.100542151196052,0.0147150396758102,41.705283475,5.1679427125,5.0490053925,0.119031584,2.8540716775,7.7306111275,-2.7066466475,-0.075549632875,-0.19465507675,-0.2129286125,-0.88804214925,1.2184582775,0.046562214375,0.857998283,0.45275029975,0.472159073,45.31565865,5.93084863,7.6707279325,0.654376436,19.503667425,21.8261225,9.6025953525,0.034811030575,0.13860589075,0.755424539,0.86944152925,1.53970456,0.0849693477,0.9896728095,0.8491578515,0.5304368405
45.584740349,5.7722380063,6.0689696762,0.11642779612399,11.06049675864,9.052029094486,3.6033567673434,0.010281030604661,-0.054702759877513,0.283471711797,0.13055573758197,1.3700640177,0.057591369867,0.9373287051,0.48953617602,0.50307758725,0.885871581867247,0.202059196941446,0.711334417780533,0.108688217562357,3.92752325427107,3.57031764616279,3.10651473892047,0.0247053149491577,0.0835766659716826,0.244385751406956,0.426296345837778,0.0846151392545793,0.0100144932537269,0.0394811823703518,0.100381753173241,0.0143489700505896,43.828317525,5.4042496875,4.8439376325,-0.1052251425,3.620558245,2.0533897375,-2.1956559,-0.038070832475,-0.21285866775,-0.17272959525,-0.69599090725,1.217956775,0.0393964128,0.843000256,0.311386392,0.47663452875,47.242916075,6.1754922025,7.691417565,0.31989848575,19.1449797,15.9823723,9.3890156225,0.05732668485,0.099210919475,0.7386224905,0.94979275375,1.5306828725,0.0790109834,0.9930182335,0.70026947725,0.53229199675
47.629862147,5.7875948071,6.5776244922,0.211238960251874,16.9575067709,11.637805249431,4.656510381557,0.019808430924333,-0.070980921437238,0.36632203110961,0.2535785140209,1.3162131169,0.039791690375,0.96135418127,0.60011945464,0.49453891004,1.01777209150018,0.233086023372514,0.71689876259993,0.129344557883326,4.21581947326721,3.84493542593074,2.7522080859812,0.0164570507049168,0.0674950171431984,0.216512876595456,0.322229558747823,0.0927964261875744,0.0076477018244971,0.0386728035758976,0.0953563497805135,0.0141810498346281,45.680122975,5.3542385375,5.318722415,-0.051459507325,8.792150635,4.099539215,-0.7332423765,-0.011998432225,-0.20280460675,-0.05768328985,-0.35974353725,1.1469236075,0.0262815056,0.85564996975,0.431077505,0.46792118825,49.665001425,6.273211285,8.1275399375,0.46506744825,25.187614825,19.063809925,10.056826325,0.0522471746,0.060507819225,0.79115835075,0.88211031525,1.506180945,0.056081943675,0.998878556,0.8036230515,0.5217990275
46.542848915,5.5295683117,6.3394226984,0.073291510072223,10.440416932858,9.335895120268,6.150549703647,0.02594898648842,-0.12301392357002,0.4838562943126,0.40745017259474,1.3222040875,0.048720139158,0.92337449191,0.51718183426,0.49366690315,0.932538001248518,0.213432459693305,0.733043800806522,0.119468464030505,4.68400879132723,4.11416939127726,3.16809437950355,0.0257561519542303,0.0829841099461345,0.24923014697174,0.439852090379807,0.099744270242208,0.0113743349035967,0.0548506281252002,0.107188087952684,0.0145068155284573,44.808115825,5.1255292425,5.068748795,-0.17241639825,1.1009265775,1.4866057075,-0.38749060725,-0.02478413305,-0.2847709465,-0.0304834162,-0.452772773,1.1506551425,0.028348058025,0.79090212075,0.2987601275,0.46572479175,48.446148775,5.9633293125,7.9817575025,0.29208068225,19.3887362,17.395604175,12.1679969,0.076637873275,0.039112013125,0.957241593,1.2482846975,1.5525241375,0.0711022728,0.99471274575,0.7398825965,0.52220975225
47.394980362,5.8943024298,7.921637322,0.131931503710838,6.8246608048742,14.00912271912,3.9775444807481,-0.019790763227488,-0.0409105967703925,0.312908605709,-0.13988061508205,1.449943856,0.061906663285,0.95114096731,0.498581420128,0.50679094,1.18067377901924,0.240033352346946,0.830093018013426,0.131569128031117,4.78201596974962,4.09368213452248,3.17017366260082,0.0202488053663852,0.0794446110624497,0.249393721395391,0.379588854129678,0.0975339566775955,0.0120577894802058,0.0279030711455498,0.122258946539477,0.0163254907810324,45.18724375,5.448083185,6.4244210625,-0.12372786975,-2.3257470775,6.064487155,-1.898832035,-0.058113336325,-0.19882340125,-0.14937881925,-0.8910356065,1.283562215,0.03859559815,0.885039872,0.24690016775,0.476754417,49.773878575,6.39256596,9.7048362925,0.37868974575,15.839864625,22.015836875,10.394955575,0.019444778725,0.10255685875,0.8177585455,0.597111629,1.644897915,0.0857036151,0.99284525975,0.726035837,0.54204160075
47.175955316,5.9040707342,8.0825923435,0.0846782111477,7.113317327897,10.25290662318,3.0423418806913,-0.0085675078509269,-0.033533059389139,0.23933735019852,-0.08038596114461,1.2443227773,0.049628824232,0.94373516301,0.55616733826,0.49005316227,1.2219715749054,0.221901761463052,0.856707508537983,0.120466769009263,3.97280732355709,3.47534739898,2.6859881502291,0.0182686008333118,0.0677452445515467,0.211303433894982,0.339175876572907,0.0803652681296061,0.00791695853816668,0.0344710191895504,0.093913983721947,0.0138558419508688,44.800517725,5.489692955,6.5950860675,-0.14233346825,-0.24136280675,3.675131065,-2.261865525,-0.04464890815,-0.16543077775,-0.17793822225,-0.74829266625,1.1001201225,0.03475320195,0.85941557275,0.39685724425,0.464658357,49.4732436,6.34372968,9.907475665,0.33114081775,15.136116225,18.086389275,8.3858543125,0.02970197865,0.101409892,0.65970499825,0.58344264975,1.4140740225,0.065100646625,0.9927437615,0.7565282965,0.51857933125
46.559473383,5.7918216895,8.5231909668,0.3153510664603,13.64488086997,12.225142211365,1.86283534609,-0.010878803030939,0.0082967335796,0.1465470000918,-0.07896753132621,1.4425113939,0.054811209694,0.89322658194,0.50680342158,0.50960554369,1.19954199316154,0.241013744034232,0.891355312950152,0.145978259526393,5.45335909025781,4.2040365071989,3.36387416195128,0.0226755178654313,0.088275649529631,0.264631905186428,0.428000251278744,0.103177870003416,0.0103415174164821,0.0537005991695875,0.112782482920695,0.0163802756028807,44.238527375,5.3462073625,6.8951728825,0.0126806769,2.9910042875,3.79950802,-4.45251635,-0.055961579175,-0.16580888175,-0.3502740675,-0.89549174975,1.24952921,0.036226669175,0.76414336175,0.30892593625,0.478720917,48.951498925,6.28592684,10.295969725,0.602943586,24.55327925,19.856444175,8.6005307675,0.0328333361,0.17287738775,0.676593342,0.77270730575,1.641870155,0.076624626775,0.9772931495,0.7483254035,0.543747484
46.664757736,5.544536927,6.8935879359,0.2486247132755,19.5122141618,11.30169067946,1.1029365384987,0.001635438527061,0.02460996917575,0.08676668138192,-0.14623343637031,1.23296718818,0.042990881911,0.87631285995,0.49210079342,0.49546304278,0.919904703534619,0.209819237330669,0.744616089572792,0.119342746562968,3.96058698929739,3.39144849779434,2.88492307717053,0.0218829735819197,0.0767675871438009,0.226953403695341,0.389716453416354,0.084979120300956,0.0103984616890784,0.0641790672381611,0.0882674168787124,0.0144416374235013,44.874228125,5.1513937525,5.5723100175,0.012075306,11.663870125,4.50595909,-4.505282205,-0.040285079825,-0.12346736125,-0.354425095,-0.89624440525,1.07378302,0.024648398975,0.7415058875,0.330711261,0.4679107425,48.421053,5.9881530375,8.49978118,0.473913728,27.328336125,17.6663441,6.5592340775,0.0441583773,0.173987449,0.51600699225,0.64088674,1.410284585,0.064112493925,0.98312610175,0.689124425,0.5237471045
48.295299575,5.952044026,8.3199016839,0.1953862661512,12.55618913664,6.7458135467739,-0.5325973612888,-0.005508067697303,0.047271139329424,-0.04189878920075,-0.19331137172432,1.3723682292,0.061591181977,0.97351601796,0.55732922801,0.51467213728,1.15064390491926,0.229979056675083,0.892948587520432,0.129668428542897,4.73231126987043,4.03513731571908,3.06305183325724,0.0177676845306201,0.0756947365237822,0.240966577291454,0.347002908268635,0.0928513979773187,0.00748297078806928,0.0195588769466575,0.10211021084422,0.016057828741858,45.9776377,5.5483787325,6.698702205,-0.072688127075,2.843116105,-1.222675165,-6.6162714175,-0.0421831989,-0.096910089725,-0.5204940645,-0.88737898625,1.2044333525,0.047323169525,0.9230431155,0.35900509575,0.483060052,50.4592524,6.4248678775,10.223057575,0.44627659175,21.8775849,14.2940393,5.301963095,0.029258191975,0.1994723315,0.4170990175,0.490818437,1.5683144625,0.07665251095,0.99862962075,0.757990114,0.5460117665
45.906243652,5.6667821551,8.14252877,0.22571938848796,16.6644187267,11.7395488621,-3.003969496488,-0.036774857959169,0.13909096675815,-0.23631864135493,-0.7694881792714,1.3036062328,0.042034395673,0.91587163734,0.44064434734,0.517030523,1.34881272565235,0.212504422034874,0.84960899926466,0.113357349130512,3.87106798885507,3.29183183435757,2.85914642617681,0.0203566729571928,0.0748536341352711,0.224925585656486,0.370123336567874,0.0757569446505634,0.00879434697155941,0.049088978830416,0.0886484455093394,0.0156375215512411,43.227447275,5.2652319525,6.6498036125,0.00914875458,8.769427675,4.9362916325,-8.4718748525,-0.076500274625,-0.0019891232025,-0.66647213475,-1.4754552925,1.1582377075,0.02464976725,0.7979924415,0.2658166605,0.488988609,48.55529075,6.11090233,9.987337575,0.45437213175,24.313877225,17.8404637,2.6406116,0.002838406615,0.27854226575,0.20773371,-0.0590718420500004,1.4536307025,0.059827300475,0.991568813,0.6218565275,0.549529494
47.140290312,5.4953902565,7.0916609614,0.30303678394492,16.4913675495,12.4846075719,3.459998357295,0.006155153041222,-0.034141386192658,0.2721938795067,0.12918314021135,1.3732670973,0.044700215859,0.95142570809,0.6072460745,0.49456789778,1.09182570690013,0.217935002810892,0.808370303550494,0.134621294775666,4.37787809237834,3.58334444873989,2.57553906093715,0.0156197331028768,0.0638973495427774,0.202614537909779,0.303079885814041,0.0825498558308673,0.00703113419112368,0.0420726875044323,0.100549048350486,0.014104126318892,45.02709355,5.0791648625,5.7284930375,0.04261760255,7.93083835,5.33155479,-1.6876118725,-0.026024717775,-0.15116791725,-0.13276237575,-0.483645859,1.22925495,0.031939866825,0.8519017295,0.425650148,0.46891138325,49.170698675,5.95183407,8.8939698625,0.56673907625,24.977111975,19.215438825,8.346506375,0.036161770225,0.094575995425,0.6566095515,0.71578070125,1.5554260925,0.059926047875,0.99823667525,0.8259144355,0.52343238125
45.869115424,5.3376098908,6.4660332723,0.3276059452306,16.9770463039,19.6141810878,4.703946837208,-0.01656718831142,-0.03361348481973,0.3700537992467,-0.11229361994375,1.3056940475,0.052954525601,0.87672674193,0.62071665481,0.50317498314,0.986215087034286,0.189229952527236,0.685376319308849,0.115066205143618,3.77364468658583,3.2726592990215,2.91454114061106,0.0234513716747887,0.0792383456980182,0.229283420590763,0.413482701506793,0.0793050730280703,0.010792066610331,0.0546387804095986,0.0973051490667228,0.0139158576194764,43.933821175,4.99017494,5.25824803,0.1007490959,9.6280507975,13.24973795,-1.332461635,-0.062258936825,-0.182674196,-0.10482313775,-0.93236735175,1.1659647325,0.033192428,0.7519546355,0.43721681,0.47892788675,47.85696085,5.7230071725,7.8788979925,0.547950385,24.459590925,26.0522653,10.10918205,0.027340053225,0.1275922345,0.79527707175,0.660736657,1.46439169,0.07454814165,0.97071668925,0.81444348675,0.53173947775
45.208903603,5.8154261387,6.6277052253,0.24207586278876,7.677752792515,6.572347682362,4.398745599551,0.019534450675756,-0.0884835234378,0.3460439878132,0.4890785602821,1.2452760754,0.047845708253,0.91758021725,0.58443099297,0.50450007151,0.935766766589157,0.221381720942452,0.741908790912854,0.122383003902056,4.33405657264915,3.38049700500884,2.70423381863799,0.0206155038013345,0.0699911405961831,0.212738798792318,0.359032569755359,0.0740958171182892,0.00868235202431982,0.0504231879637216,0.0979810356964471,0.0137933313054131,43.4428419,5.411564065,5.33136732,0.009153157195,-0.6920060155,0.26421786775,-0.69422008475,-0.02102916335,-0.22240210575,-0.0546134526,-0.24527185775,1.111322825,0.032297652225,0.79834323,0.41932096525,0.47732541925,46.97164765,6.27509989,8.35487154,0.4856586185,16.139716175,13.019139425,9.4551819625,0.0616360303,0.0499807743,0.74382771575,1.1803046175,1.4093062325,0.06617926135,0.99177518575,0.796597879,0.53143940575
46.890237184,5.7628281294,7.4293066196,0.3301571358307,15.9070407119,4.7533354906967,-6.497748217881,-0.031628878253273,0.2008098181757,-0.5111699806621,-0.7121007283591,1.2408524173,0.052173807594,0.83635474457,0.53981845906,0.5036011426,1.12171261657197,0.230725388889709,0.800727481606229,0.128894099330853,4.83548077528878,4.41657883855961,3.42984773488898,0.0224180025146788,0.086623961686519,0.269821965981214,0.403903559706417,0.0888347344587571,0.0109171652139595,0.0689937819790001,0.0997041053400388,0.0160143674896841,44.716576875,5.3454127625,6.0471299225,0.08743075895,6.5599191925,-3.774279305,-12.919457025,-0.0758837164,0.023448935875,-1.0163580175,-1.496178445,1.079943265,0.0293828584,0.688775722,0.35970831225,0.47411435675,49.1140656,6.22791165,9.03444657,0.578737472,25.1829562,13.291033475,0.539240385,0.01246245725,0.362999568,0.04242138795,0.100555118,1.437876855,0.072882157,0.95506372725,0.7706781585,0.5361827885
46.329978735,5.4405178145,7.0138503867,0.4870932888227,19.5726460342,11.67357898366,2.5745526464207,0.010710853444971,-0.01384841805751,0.20253693784341,0.26759917448773,1.17770078179,0.035557165368,0.88808586296,0.62678812322,0.49222447895,1.06447035173101,0.198288675272322,0.791643717630597,0.117105220002056,4.01507027068654,3.38396223579618,2.61429981563403,0.0183142418967056,0.0683352723002135,0.205663799345722,0.334636654709894,0.0793517607695289,0.00841803566708626,0.0660391259309133,0.0970007437774887,0.0143025162066666,44.16746345,5.0738526675,5.59761925,0.2417973455,11.380897725,4.9626249675,-2.604343585,-0.023052022625,-0.14322341075,-0.20488054775,-0.35260041425,1.0383934025,0.021042842975,0.7269866225,0.448359515,0.46523336375,48.359657075,5.8442832125,8.7355725625,0.70667939225,27.66237345,17.899019425,7.46133739,0.0463714695,0.12357933975,0.586974377,0.8859047375,1.3521341575,0.052725812225,0.9876889275,0.82748048225,0.52101873
47.701730692,5.6543314522,6.95560989,0.2094881762421,13.71336516728,11.14383632329,4.000894163664,0.0097355703762588,-0.05543879042579,0.31474549714485,0.16916765459161,1.3016184681,0.042761840313,0.92214041122,0.4836246784,0.50259268059,0.963611611568762,0.199811062782132,0.769583130479287,0.117308819551658,4.3863131132224,3.66230800116197,2.83788110144673,0.0170384432345,0.0711539139665811,0.223252668345863,0.330830523891127,0.0802227239915601,0.00947464153557656,0.0511868051396112,0.0978807652428216,0.0134928961864388,45.730130275,5.2797145025,5.6279744925,-0.031064051175,5.3545996325,3.99300096,-1.7712911425,-0.022944503,-0.19127364925,-0.1393453305,-0.48638196725,1.150971845,0.0264032235,0.81080288375,0.30912668975,0.4775290185,49.5543058,6.05190632,8.7176931625,0.435698668,22.703153775,17.939399725,9.352684625,0.0425796973,0.0822899403749999,0.73576436725,0.82393187575,1.4644543325,0.062485583825,0.99658758775,0.6935714495,0.52977524275
45.729681997,6.2027658489,6.0622705264,0.53385876695,22.0568933994,13.92034475168,2.99791083639808,0.00924264891751,-0.014539708274479,0.235842013643167,0.2525975815805,1.3545172718,0.066672131004,0.92396023846,0.46544626939,0.49786193432,0.978418643290529,0.240749283889514,0.725678827568148,0.126000185815372,4.20155226733147,3.69893732837297,3.98959713109424,0.0300446674183482,0.108061131994993,0.313856773130719,0.531635735966625,0.0889886031132934,0.0115287996228576,0.041765142508854,0.0996905135084373,0.0160159534636913,43.785345675,5.77303234,4.7570033675,0.28657482375,13.944952525,6.505653765,-4.6040449825,-0.048409227575,-0.22299558575,-0.362194642,-0.73555710675,1.19245602,0.043812674325,0.8279214835,0.2663974195,0.46800041475,47.52737385,6.7039319675,7.5622508325,0.7721472635,29.838831775,21.0634154,10.652886725,0.06635180035,0.18693885175,0.83804966875,1.26663865,1.5430574325,0.089414389175,0.98539055525,0.6671425355,0.53052914975
46.823795291,5.9530117574,7.0982582895,0.479409999653,19.1516828139,9.37302192773,-3.6446783142523,-0.024671459616259,0.14514809038744,-0.28672242772015,-0.4377978992016,1.3844341752,0.051022644609,0.90861554544,0.54774625383,0.50151038806,1.07038081849006,0.209383194296747,0.80517039379908,0.131726193008703,4.17369205621215,3.3638365657318,2.81632230920668,0.019173470292199,0.0721921583618663,0.221556664376446,0.357185702470855,0.0861054807091421,0.00847275871892505,0.0450629578009537,0.0977504296754515,0.0135937065749814,44.820494175,5.55494727,5.73226173,0.220925147,11.417790475,2.55402041,-8.8617484925,-0.059256003125,-0.0021072806875,-0.69714302025,-1.1092769375,1.22106295,0.035353900025,0.805364629,0.39228026325,0.475500583,48.9925921,6.3655504325,8.8458289425,0.7373001785,27.2682497,15.903117325,1.8686403125,0.013055967775,0.28159455425,0.14700367025,0.30285777675,1.5535643675,0.068845214675,0.97416656025,0.76578371025,0.5280296645
45.706232335,5.4472484922,7.2974739052,0.331018904502,16.5222209163,12.6585011866,2.93299145053984,0.00161283686643,-0.018880361709278,0.230734884406288,0.075950906605,1.3476683912,0.047975841986,0.89142322434,0.36353286658,0.50726222082,1.16664252634241,0.196280425526463,0.772498988680672,0.102589203054395,3.2447547132431,3.12755892739581,2.94207829185747,0.0246514986583271,0.0814612048966296,0.231449735383431,0.443357803893945,0.0784070567507429,0.00873117018608949,0.0601765417339533,0.121589363367287,0.0149982758226135,43.517817225,5.0521415475,6.01360063,0.13920196475,10.36228015,6.4656068175,-3.11311512,-0.050553836975,-0.16661274225,-0.2449049925,-0.8397808475,1.2042634375,0.03234744245,0.746501352,0.110257464,0.479957975,48.043209325,5.8599012725,8.902129925,0.5295474865,22.660853525,18.5218094,8.442913825,0.046120729275,0.145665226,0.66419380825,0.913286778,1.5143488275,0.06670116415,0.98305004475,0.5998788405,0.53740041475
44.256450724,5.6755758666,8.2712691862,0.53038720584,18.7645399384,8.55794897511,1.016776743188,0.011905526993021,0.013666966772473,0.079988594811882,0.2863519136928,1.4217393092,0.05559363868,0.90580125868,0.384621661726,0.49847970954,1.22110736873298,0.216817570588581,0.876616429748754,0.114504198738514,3.78430876803163,3.21629564027041,2.62061813153819,0.0173912234841283,0.0672025879699886,0.206160853815451,0.337300767637635,0.083022705427605,0.00794252591995563,0.0407807811524281,0.112751117434585,0.0147714344344981,42.00417005,5.258968365,6.83323325,0.30104630775,11.391967625,1.9643163475,-4.4037427725,-0.021640694875,-0.12289210575,-0.346437101,-0.34473029425,1.2680012625,0.040320948675,0.8152411,0.1782636265,0.469228058,46.67338145,6.12688575,10.21262395,0.75942510575,26.180208475,14.5635902,6.33976059,0.04553119975,0.14648234625,0.49874128625,0.95160546125,1.585349885,0.071032638225,0.9712859935,0.6251026375,0.52743457575
47.392547817,5.6001499505,7.1766496801,0.3026940439523,11.04584179837,5.0608164321896,-1.38822465011768,-0.007473502331732,0.06251178825179,-0.1092099515596,-0.1092661465556,1.24556917199,0.05307208222,0.90632906685,0.49415297521,0.50286723775,1.08119128741367,0.185127768520429,0.811659055410874,0.118324623764945,3.98599336141036,3.63317193402764,3.15891218950842,0.0212360156284258,0.0812151860856161,0.248507795119016,0.39614979160961,0.0824913347963047,0.0086106992020216,0.042277743084807,0.089549104779609,0.0154405785245538,45.31229995,5.265923475,5.8065045825,0.0807484315,3.3478991725,-2.218329085,-7.45185398,-0.0494343812,-0.1011857745,-0.5862283245,-0.86944443325,1.0912290425,0.03640254045,0.80356857975,0.33678878225,0.473197352,49.5674649,5.9732411925,8.9051699675,0.55390713175,18.916430125,11.92150605,4.98084351,0.033048498875,0.22001254275,0.391836924,0.6203618195,1.4190188725,0.0708298899,0.97210211425,0.690750572,0.534972997
44.49822078,5.6912984397,5.9388634301,0.19908357328124,18.255707524,11.1019762244,0.47821472066798,-0.0049101051624247,0.04073326703316,0.037620572798468,-0.27708594436253,1.2916047058,0.073425437725,0.77147046423,0.501674990509,0.48582666217,0.885630754482925,0.216008282745381,0.651139065075683,0.12748410108011,4.56628579573915,3.71058091420258,2.96054421726255,0.0298166902940535,0.0839463115043638,0.232902426886573,0.477240772581553,0.0736131584574893,0.013920258946037,0.072760166783569,0.125674421584221,0.0150401296010736,42.778960375,5.2751848175,4.8059990325,-0.03494245165,9.8763549925,4.130293015,-5.0939875875,-0.062889816175,-0.12422453075,-0.400737826,-1.2103933375,1.15369833,0.04525335645,0.60752206025,0.23297189725,0.458536705,46.294153325,6.12499859,7.3959388225,0.4540562425,27.4151497,18.742134175,6.22307931,0.0510799233499999,0.2039293125,0.48956211475,0.6675637515,1.4347644425,0.09960095945,0.88839516525,0.731253161,0.5184859575
45.756961975,5.7879091551,8.2754060751,0.21257268526502,12.519012798671,11.04601821713,2.8077636397432,-0.001246615948372,-0.023270784646162,0.22088336426837,0.00881629053204,1.4882154019,0.066587221776,0.97024482699,0.42036149383,0.47943723941,1.15495464132954,0.204664454122235,0.877652794333669,0.119505370541243,4.35664156605234,3.40521018833104,2.62034858594652,0.0164057227910442,0.0675123833689613,0.206139649017085,0.321212413349322,0.0831962724565123,0.00700255214823558,0.0186421814544153,0.0968163039027533,0.0136712171722138,43.37592755,5.4127724625,6.8474176125,-0.03394458875,3.2523469925,4.1839491975,-2.238865245,-0.0345995963,-0.15129346475,-0.17612881625,-0.6160017645,1.33496104,0.053394812275,0.92736879425,0.24880476025,0.453402171,47.999198425,6.1910834925,10.128716625,0.441640911,20.4953376,18.074120725,7.827347905,0.030357294375,0.1059824275,0.6157679805,0.61260726275,1.656688985,0.081554781275,0.99583982375,0.624719373,0.50749962975
45.020914621,5.7881569621,6.7384230535,0.09466808742458,12.47858741423,7.349333273537,-0.26981017284,-0.006570356542571,0.043007237185721,-0.02122563959197,-0.29630407447241,1.4229327625,0.051820815302,0.90889692092,0.387025509312,0.49608814295,1.02806106732603,0.228244431023058,0.772839895709812,0.113288596817636,3.99866256022165,3.47628806123302,3.11729915019741,0.0255099935273647,0.084773092420348,0.245234147583772,0.439930680717187,0.0892271166525038,0.0092307327036511,0.0577338810548805,0.115102430242945,0.0151503651645234,42.876566225,5.38180016,5.388323415,-0.126203167,3.9518005025,0.7247321945,-5.9329507275,-0.0553352192,-0.13853276,-0.46673805,-1.1367992925,1.246233775,0.035468693525,0.78677476675,0.14280819925,0.4681326275,47.108620225,6.26548383,8.412517895,0.32089953325,20.304750525,13.5235694,6.3071876475,0.043769379025,0.20123345825,0.496178817,0.57174653325,1.6053559625,0.071656462575,0.99303526525,0.60848784625,0.52783803925
46.812652073,5.5336063853,7.0549967296,0.19916873072169,13.9791407768,10.79537545181,0.8441988883178,-0.0108753665951022,0.02923427793517,0.06641210391565,-0.2418162926407,1.3968726141,0.047234688908,0.95972740206,0.51007130444,0.49455925829,1.06479441730745,0.194222733124904,0.746072604119181,0.121776514258064,4.35375671620298,3.70382098883865,2.57410635736167,0.0158655048355353,0.063591974338067,0.202501828820748,0.307756071720346,0.086476781380153,0.00853146677487884,0.0278592050457308,0.0836332507381372,0.0144112569200924,44.7020501,5.1689975525,5.7668084875,-0.046675317375,5.8339457675,3.795974895,-4.32907654,-0.04056496405,-0.095755909425,-0.34056321025,-0.80955588325,1.2492554475,0.0323130612,0.89773881525,0.36258183725,0.46769265275,48.93171315,5.91645478,8.6046212825,0.44021562975,22.59239215,18.08771815,5.931147265,0.020592062,0.1525513615,0.46659616775,0.38860042775,1.58972243,0.066896616475,0.996867598,0.68612033125,0.5228264265
47.689225812,5.5038100203,8.6906950031,0.428341699678,22.6978529788,11.423962227744,1.3575849621221,0.0103831720323585,0.018235895890258,0.10679956434079,0.08460771849779,1.3313051358,0.055644580449,0.9041834936,0.45486037164,0.51286258251,1.25215467510961,0.221565542941398,0.81286837136638,0.131954957638529,4.7068890906706,3.80289909906434,2.83821720994028,0.0161344520767919,0.0710198227159081,0.223279109755909,0.31634295633938,0.0940514897641152,0.00843267559781118,0.0393209391193543,0.0911433620028673,0.0158613048785709,45.363102725,5.0979885125,7.3565860275,0.162994587,13.72762985,3.48766178,-3.8073909625,-0.020677781,-0.12560303225,-0.299522834,-0.4920476895,1.1523988225,0.039179261525,0.8115818775,0.30093699,0.4825831795,50.22791645,5.952860585,10.476466075,0.6823397105,32.325533425,18.839402175,7.04734134,0.0420890066,0.148207724,0.554405809,0.6963437885,1.5244040275,0.071971264275,0.96519225325,0.65110494725,0.54305915425
45.482223342,5.5499143678,6.2879660359,0.2657612385422,14.8458076016,10.36659806268,0.7816331730043,-0.007319820492396,0.0288674930415391,0.06149013474421,-0.1507143017103,1.5146320224,0.0572667106,0.92108437568,0.52721465241,0.49179145503,0.842695949222177,0.19058207854075,0.723234740539971,0.124395725670317,4.70210708211592,3.76388960992797,3.04676598842398,0.0237985219785494,0.0802265531185786,0.239685389364257,0.410598812914845,0.0814431689212058,0.0091681057896585,0.0533002259922407,0.0941259094256145,0.0136638981430914,43.713645125,5.1993536025,5.01999601,0.028829357675,5.512124555,3.261176155,-4.995870695,-0.05612734635,-0.12679300925,-0.39301909275,-0.96060643075,1.3630404325,0.040235620375,0.7878064005,0.35027129675,0.4651608695,47.14964585,5.948757185,7.887456195,0.51846572875,23.9888088,17.61872325,6.62300573,0.0378216659,0.18183691325,0.5210238385,0.65541708225,1.6764392825,0.075888042625,0.9966456415,0.73950532575,0.51792312225
43.865543423,5.7164637503,7.2234720834,0.2637793136684,10.342615943716,6.00167855454844,-0.1806430754141,-0.004721425355178,0.03403505295955,-0.01421097194253,-0.04900145087329,1.2959392323,0.044364823869,0.94216257098,0.409455902191,0.50645979439,1.02671739348441,0.20572024659578,0.78838745009741,0.101706748820322,3.57150576319223,2.97278808978286,2.55041310119971,0.019056077738653,0.0669089012580193,0.200637908908295,0.344124910796045,0.0692076136860116,0.00732204023941503,0.0474657402960482,0.101614208969631,0.0148628704849626,41.894234,5.346004875,5.79232404,0.051744760475,3.66319276,-0.2634265755,-5.2017347375,-0.041292181475,-0.099324253325,-0.40921417625,-0.70426326475,1.1764650125,0.031788433425,0.82427629475,0.22335364175,0.4781905925,45.901368225,6.1198613375,8.8548324975,0.46146370875,17.2545495,11.710834475,4.925314785,0.035458060625,0.165739666,0.387468553,0.64443832375,1.440171195,0.059979967625,0.9977417495,0.62572143675,0.53655386675
46.151228351,5.894306074,7.1876373924,0.25102811976975,14.2000309991,12.0673065496,3.7175635455583,0.004570086903998,-0.043210818126203,0.2924562209975,0.11978869942811,1.303173805,0.04755994393,0.89172427654,0.6189541133,0.48668964754,1.08410659423446,0.213652452857656,0.797829881744927,0.13643623228569,4.04477246155198,3.31435388096276,2.77400862322375,0.0193741081934601,0.0717370695196139,0.218227898464955,0.36293674959688,0.0839234777229778,0.0106951314516661,0.0584340148522434,0.0937070053824754,0.0134669772556889,43.9884846,5.4655884075,5.87957495,0.004480778855,6.9091129375,5.542831395,-1.59775568,-0.031430464,-0.187382023,-0.1256934995,-0.5632889805,1.1426000575,0.02750795915,0.7610125275,0.44083339775,0.4607128655,48.299576325,6.3338660875,8.98907458,0.55002674975,22.2248004,18.15120285,9.3163103825,0.042072320525,0.092902366475,0.73290285,0.81829624475,1.4759726525,0.067936776675,0.98779677975,0.80207547225,0.5142827015
43.585253787,5.7150187437,6.6183403263,0.298916904755,15.727548578,6.0843190136427,-1.76326075143301,-0.0039282142332181,0.077733582030717,-0.138713587248436,-0.1902685227307,1.3207180098,0.039385367768,0.92496189247,0.3511359323253,0.51651219128,0.965162088305722,0.206925001844187,0.73014679462229,0.0963286662509136,3.51342652058506,3.17227342025805,2.80461180358035,0.0215282491461496,0.074166552757122,0.22063541305949,0.375966135979968,0.0711436371155309,0.00833979380275887,0.060441589747904,0.109198193528517,0.015293690300188,41.6986826,5.31155837,5.3364443025,0.099830213625,8.6053800925,0.18395827185,-7.607754665,-0.046105669725,-0.0639261001,-0.59849283925,-0.92369008725,1.19462781,0.0239631385,0.775942202,0.12673598625,0.4863023365,45.434863675,6.13308049,8.21699954,0.49129897175,22.683395525,12.01206705,3.47583776,0.0370173711,0.2305146935,0.27343994775,0.51697550925,1.473851585,0.05668251665,0.99740150475,0.5664432375,0.54817442725
45.270261663,5.767766883,6.7136596539,0.44983895593,16.7847651361,12.15259856813,-1.52102171915,-0.02766670285481,0.1005220912418,-0.11965693603984,-0.37054548378597,1.4076135183,0.057496433259,0.93127185665,0.359058004573,0.50846826654,0.894721027811736,0.213562231961966,0.783312764091014,0.10993495604441,4.32071831034041,3.60317595737455,2.67913943937031,0.0217341422061234,0.070174104994517,0.210764654019877,0.372088989036276,0.0722990868930049,0.0103887651671064,0.0429180316467534,0.108056248244899,0.0150905375742191,43.4969053,5.363826005,5.438279205,0.24200703525,7.9491077175,4.9221113975,-7.043528095,-0.06907606045,-0.02348041645,-0.5541058235,-1.094370895,1.2772807775,0.0396102595,0.82495030075,0.15297167825,0.47985362725,46.994393975,6.1737826475,8.425432925,0.67062202975,25.4643641,18.615420775,3.2105160975,0.01358644325,0.242056659,0.2525674115,0.367499189,1.55164973,0.081540080175,0.99197421675,0.56609441375,0.537315678
44.314255449,5.6896767509,6.6843824586,0.449150259029,15.7625376311,9.6599632703879,3.6602453485298,0.0189146059828449,-0.05331220082408,0.287947067316961,0.4696955758132,1.332980316,0.048522821831,0.92477771095,0.5532041314,0.52556050294,0.988650817010596,0.217497961371347,0.787008404931079,0.128645534484324,4.33923428748592,3.88232305307524,3.32987465796964,0.0266009272168709,0.0903977543273671,0.261957205304627,0.466343454906125,0.0997120417664875,0.0126383199448005,0.0650538033755608,0.0974180335392372,0.0166357670055916,42.38862775,5.256052395,5.39843401,0.21386170725,7.5916585075,1.98980308,-3.24485773,-0.0428801138,-0.22621059575,-0.2552690335,-0.58208082825,1.16207986,0.028144501825,0.76766422925,0.36769525475,0.4933210365,46.2821146,6.091401805,8.46040803,0.705144006,24.010684725,17.171218625,10.275209125,0.065574619775,0.13947509725,0.80833826275,1.3124824925,1.543047645,0.078746746075,0.99850094075,0.75453310075,0.55930571475
46.857161058,5.6972100159,7.18119787,0.3316139876184,15.3887241725,12.4281001004,2.81622400926694,-0.00082757735664513,-0.016802649886503,0.221548931193523,0.066293300116084,1.4028056115,0.054446544564,0.9457903921,0.48356104062,0.49526021469,1.03853494579657,0.210650729421096,0.844655133911183,0.11771776119808,4.13556557433511,3.39244038260861,2.77248570761108,0.0205511249180813,0.073280116460499,0.218108091960728,0.367446669793168,0.0822314224101609,0.00879101544813524,0.0346254899557113,0.0836368325468787,0.0137454412899319,44.77501375,5.3022737675,5.7584500825,0.08208611235,7.12163963,5.9936831525,-2.4264570225,-0.0371680769,-0.172117287,-0.1908864345,-0.605117854,1.256214245,0.038775473275,0.8655901235,0.3366780025,0.46995237725,48.84299505,6.1420442825,8.8898910225,0.5647580365,23.609090775,18.982586925,8.6909261525,0.04148965045,0.1239335455,0.68370463225,0.822014251249999,1.5728188825,0.07342385665,0.994194113,0.66288510975,0.522615756
44.815661545,5.4898572534,7.7656429277,0.33655471609,13.0945440831,9.172628614626,-3.988284009184,-0.040435061692574,0.1535772019423,-0.3137534714543,-0.6609418626012,1.2876315902,0.048193211248,0.92898811834,0.58459192608,0.50185305337,1.08883978465815,0.206102376960121,0.876073721382119,0.125045755442472,4.13188298050036,3.60269345838213,2.61404721141455,0.0175623176679118,0.0662266544042306,0.205643927271515,0.325240449528743,0.0812238839743217,0.00906299844792581,0.0466795772189827,0.102740899140562,0.014593608313935,42.6440766,5.0999345,6.2334910875,0.091298676975,5.382946115,2.20876874,-8.7325414075,-0.071804119025,0.0240185579,-0.68697845675,-1.2764264725,1.129396595,0.03012060215,0.80950793425,0.407310059,0.47301265,47.057613625,5.8862400625,9.5986324375,0.57916733275,21.471277475,16.5501694,1.0331962725,-0.00433630763500001,0.27555906375,0.0812803016499999,0.011282962925,1.45254705,0.0655956291,0.99529424575,0.81610036925,0.530440731
45.613486367,5.9028547656,7.9745622357,0.36221709496,17.839992331,10.4948279338,1.6513229827707,0.005401695268135,0.00569573720479,0.12990757852329,0.07765499411707,1.3455681412,0.055941497081,0.91639620116,0.60504771232,0.51133516362,1.19344214660809,0.206562699918276,0.841641653743623,0.113491427752401,3.55065451417124,3.34936497280204,2.88620163078937,0.0224824680452787,0.0762431214351737,0.227053985805286,0.397525239861646,0.0783058642727119,0.00909601912632231,0.042824834125254,0.0982719795450184,0.0148780733837554,43.192050575,5.5160208825,6.47662103,0.133317808,10.492308825,4.1277117575,-3.570481995,-0.03886468535,-0.1533099625,-0.280885497,-0.67812432525,1.201557585,0.038469705475,0.8099832555,0.427428987,0.4822799135,47.79365005,6.3424047325,9.777475865,0.57313068825,24.73836705,16.875977625,7.7534004,0.048749404,0.14655443325,0.60995062175,0.86467333,1.5119988025,0.074066184175,0.98146601775,0.809905941,0.53930757225
46.41228623,5.6479018248,6.5727324569,0.3376600338018,15.6086838716,11.9491496785,2.354831116756,-0.001442696626031,-0.00650136220923,0.18525171126273,0.04139189341187,1.2308023637,0.034641480712,0.86169265695,0.50307203142,0.50763967676,0.995220432970699,0.180644391945472,0.732400214290325,0.106341431194126,3.49680346096964,3.08680193238504,2.51149691240328,0.0188101161100062,0.0652030487009881,0.197576419617751,0.340610821727575,0.0663488027402149,0.00846605420909263,0.0985394617144175,0.0784993442090362,0.0129055105481829,44.553757575,5.2974261175,5.2910519475,0.12857312375,9.2037988425,5.93692685,-2.3596044925,-0.037084370325,-0.13292778325,-0.18562722575,-0.60376818225,1.11399989,0.01998848525,0.62938418325,0.350061669,0.48150097475,48.361928275,6.0060871725,8.1410980375,0.5510299695,22.1671339,18.366422125,7.4401106675,0.0365778313,0.11300111775,0.585304492,0.71774357575,1.36668736,0.051424737725,0.9943554865,0.66466304925,0.531770405
46.093363432,5.2991557217,6.9851369918,0.59322249937,21.3135318207,13.4080676093,0.40274231285522,-0.008916262513108,0.05397677659617,0.031683249947663,-0.0109647529335,1.3128395778,0.051989548656,0.9411983916,0.51741185695,0.53363687907,1.03999150872701,0.211174538174359,0.737846367497271,0.124404474556775,4.38342700103297,3.77213279007002,2.78456688510756,0.0190320082156017,0.0702475208679631,0.219058503487418,0.351482167482756,0.0835981983832717,0.00913125705222816,0.0333504673012364,0.102450210332538,0.0168875167420047,44.061532525,4.9043744,5.652124,0.3572263125,13.21930385,5.73174693,-4.9860442,-0.046156314125,-0.077378566575,-0.3922460575,-0.70975732,1.164631645,0.035675603925,0.8605579205,0.33680347425,0.5020737005,48.072868225,5.721822995,8.504035025,0.8391507105,30.235959425,20.4957864,5.65830844,0.0283709632,0.18892187625,0.44513226825,0.64875665,1.4942306275,0.071021478325,0.99422044825,0.741563307,0.56668830225
46.136120918,5.3834735598,6.3861753631,0.29719733889349,16.8842304201,12.14538570633,0.6915781353371,-0.011391056327162,0.03995387291635,0.0544056141776,-0.22475444260856,1.2683925426,0.046415190217,0.94815270396,0.60402398486,0.51414894884,0.975165621466005,0.203969419113217,0.690933050026809,0.142103547294074,4.90509291649373,4.00545179175303,2.80266263713858,0.0188425379822846,0.0715598230534872,0.220482074681863,0.353730306739927,0.0904956354960268,0.00895798440714715,0.0406293915529325,0.105643019810227,0.0156987918695832,44.388274575,4.99407237,5.157051335,0.012701515675,7.7455487675,4.243494465,-4.4510447625,-0.0480665653,-0.1032860155,-0.350158297,-0.922284722,1.0982601,0.029134517975,0.84753122525,0.41252170525,0.48498068125,48.07725155,5.796618375,7.79502759,0.58006941725,26.945814925,20.2977152,6.23280655,0.024357476025,0.17312539825,0.49032734525,0.45824195275,1.45518833,0.06523824875,0.99728166575,0.82373469925,0.5447759775
44.754523042,5.7971518319,7.2518517978,0.113137921669071,13.15540052658,7.78379625742,1.218557136626,0.003782962754603,0.004393892162991,0.09586241378421,-0.09933154946981,1.2983014491,0.051304366422,0.89438807729,0.60064408507,0.4934126964,1.09605458875742,0.200908664031934,0.755315889809943,0.124430794138577,3.83115604198653,3.23299553697464,2.54642904233796,0.0175671312602975,0.0648494997347125,0.200324487951601,0.324874802076256,0.0738642303991834,0.00825622553487961,0.040416256159767,0.103709324450621,0.0129990032730619,42.570777225,5.42588278,5.88750293,-0.11304709375,5.0078749325,1.551983655,-3.6241932675,-0.03220970225,-0.11820814325,-0.28511089025,-0.7423860475,1.1628453225,0.0364362348,0.79894139475,0.42532086275,0.469001265,46.890919975,6.2103147775,8.9042491175,0.34505323675,20.360720875,13.774127925,6.0035745225,0.0363851451,0.1315578105,0.472293932,0.5158999025,1.4437539925,0.06801842265,0.959320063,0.832653968,0.519327111
46.639794162,5.7456729537,6.5609044967,0.3757137152169,19.6058623313,16.1874711788,4.25609988059928,0.0021501161985513,-0.0379719611177,0.334822221874979,0.1057702753473,1.319405967,0.047291451278,0.91121516366,0.54099159088,0.5243776489,1.01077519038038,0.210582002096565,0.734764676844172,0.121688957739628,4.31169151762525,3.85247965064026,3.0806839841584,0.0212599880057951,0.079898655735837,0.242353677390166,0.394635579687893,0.0866844156777375,0.0100993683446902,0.0565945309055772,0.105264561864426,0.0155962350078453,44.692284925,5.3458433575,5.198692645,0.14558022975,11.5255502,9.1506742625,-1.63235063,-0.03892661715,-0.19571640725,-0.128415045,-0.66078209925,1.1610730325,0.02898341685,0.78552851225,0.341085595,0.494691468,48.6480009,6.16581849,8.07923633,0.611091414,28.07078515,23.7483045,10.087053175,0.046665061975,0.11265117075,0.79353627225,0.9086604015,1.501975395,0.0681686371,0.99541762175,0.76933584625,0.555731075
46.652691373,5.6162159758,8.0001977863,0.47075574963,19.2932810153,14.04473519122,7.063467081462,0.03160616994607,-0.12516395865348,0.5556743983384,0.7068421818947,1.4228478561,0.056755437388,0.95255866915,0.42921244252,0.49482008676,1.18084488794682,0.201248291738497,0.865394108769238,0.120698309008711,4.7281302008767,3.76352377209813,2.70328493374344,0.0170138386958819,0.0676882780701809,0.21266415050846,0.325464421661331,0.0966381748326011,0.0102321416045022,0.0306413787706428,0.102365585328841,0.0145191641035295,44.294128675,5.2556966325,6.4918622925,0.226669729,9.86344225,6.9666314975,2.0230782825,-0.0017338749975,-0.259501563,0.15915312125,0.10157398975,1.2547330425,0.0368423467,0.87989907825,0.25086440075,0.46806918375,48.869931425,6.0448244025,9.83012707,0.70647067075,28.447646475,21.307468275,12.4813829,0.065196604575,0.00265504472749998,0.98189524125,1.32220935,1.628005905,0.076400024475,0.9938576215,0.6564497275,0.52271905025
45.939231759,5.8299620268,6.1249812269,0.10664345700065,16.6292370136,12.8965421321,3.65341073485878,0.005979134982283,-0.037436005226651,0.287409396783086,-0.065413610006214,1.2797652888,0.072343859345,0.89663332451,0.54726218099,0.50615328083,0.893919294516198,0.212317224553055,0.676886549397081,0.110955302373206,4.19979394228855,3.75026048237653,3.08671024723705,0.0269543335710646,0.0849007028702277,0.242827755997659,0.446263255139779,0.0832748148053721,0.00952715127016537,0.0421201714765502,0.0909898632690732,0.0141170651787556,44.238925775,5.4433307525,4.973123505,-0.1128901985,9.17176896,5.2342535625,-2.181106915,-0.0441697533,-0.20640177425,-0.17158503575,-0.89802407525,1.123593965,0.054652716425,0.80347475925,0.397067064,0.47884431225,47.75665885,6.249201485,7.6300631375,0.34821170375,24.8855552,20.10899015,9.7468602375,0.0587573591,0.11986755225,0.7667736905,0.8169552185,1.439160535,0.090764825125,0.96577436525,0.750136755,0.535203395
49.141736066,5.2705782641,7.4214438114,0.36995135835649,23.4311219247,12.8146999443,0.8675785672902,0.002146732684877,0.038383256728951,0.06825135478745,-0.1192080684494,1.2577908909,0.048689676157,0.91538071459,0.57076882376,0.48067549855,1.05987458790903,0.18821461522799,0.803552237141412,0.13751694403083,4.49348811642632,3.766505421449,2.48068750337132,0.0137629019831326,0.0604030409540911,0.195152680780585,0.278468119238593,0.0884173849493538,0.00764922406754349,0.0385720784439332,0.0863350505089763,0.0128056987012145,47.031166875,4.90387008,6.058106385,0.12115884375,14.871659675,4.8969461825,-3.69871567,-0.02348900615,-0.08189470165,-0.290973488,-0.66625055925,1.0961923475,0.032977900175,0.82023045225,0.41770796975,0.45719047875,51.2322477,5.6587774825,9.20649651,0.63894665425,32.367941875,19.847491275,5.96210012,0.027400646925,0.14959949825,0.46903120175,0.4026537275,1.4384499625,0.063076546075,0.97417025875,0.7459191885,0.507057581
46.398440185,5.8959230465,6.4366649324,0.11143042507735,15.523998601705,12.9521989076,0.5729667105459,-0.0191571191679101,0.047109895947834,0.04507459694856,-0.48631544928197,1.3589291714,0.055699200487,0.89622761146,0.61611027673,0.50632597871,0.939338767506863,0.224010296145164,0.719503700068639,0.132599084962135,4.67458148708619,3.90523094517849,3.11481550225019,0.0217410553361633,0.080529269550948,0.245038762167914,0.39374336722252,0.0871654953831468,0.0105278270271289,0.050203167811126,0.0980128492916252,0.0153548090091107,44.714431175,5.4929679525,5.199828075,-0.16330413125,6.43442248,5.832935025,-5.42920662,-0.061877930825,-0.114894404,-0.42710910675,-1.2937084,1.1922749375,0.03477834165,0.78983410675,0.43231611225,0.477565172,48.274786825,6.377723045,8.0407337575,0.362357265,24.0966288,20.547458525,6.5725138375,0.025122326075,0.20762494575,0.51705170625,0.304669499,1.531183875,0.076323537025,0.97764541525,0.8221114345,0.53647531425
44.279351211,5.511264551,7.0161984483,0.2827798309362,17.3230957819,8.961531457222,1.023305422557,0.006713075667886,0.0154447052288339,0.08050219828367,0.00384723943,1.3857458171,0.052250663823,0.84741331117,0.31583626904,0.51233568426,1.04172193375997,0.2123181387193,0.727544949632764,0.109830461956002,4.27919138295617,4.01132456966374,3.56358993585233,0.0324808217670388,0.0990609188453604,0.280343303346119,0.548911990261566,0.101343126855619,0.0152572613211231,0.114577648949642,0.158513910199242,0.0179044011644264,42.353903725,5.1293505225,5.79406874,0.079404102175,9.06413334,0.84044990225,-5.9903942025,-0.053644714425,-0.174543618,-0.4712570575,-1.058547365,1.2074819325,0.029634577375,0.59448330075,0.02434269065,0.47837637475,46.372725325,5.94976071,8.50573005,0.48839464475,26.0956665,16.424554475,7.956831285,0.072853959975,0.20683098775,0.62595428275,1.0805356975,1.5963272575,0.0855597414,0.99323752225,0.6275363265,0.5499457045
45.711948347,5.3087509486,6.8772011794,0.2449410937262,16.6928797661,10.35002005176,2.50431520334919,0.009551510970102,-0.01834274094811,0.197011443376507,0.075049377631163,1.2545583352,0.051420708964,0.83762530376,0.5122355233,0.4907673797,0.999137265358084,0.204968477307849,0.732540275966854,0.114551134697939,4.09583106925469,3.53208691680331,2.92341640081428,0.0242827376274867,0.0799698149565046,0.229981626690934,0.420543838216623,0.0812790148618456,0.0119195496438455,0.0688117082412248,0.0984877129020805,0.0165171754675716,43.84013895,4.9014632725,5.5960218225,0.02255578275,8.9076802525,3.332979335,-3.024029705,-0.03413898185,-0.17694526725,-0.2378967525,-0.752374558,1.100371585,0.0278689099,0.69647503425,0.330261912,0.45946349275,47.658128,5.73138152,8.4324498475,0.457329022,25.077821175,17.020133825,8.220802365,0.05730143135,0.13158397825,0.64672056375,0.89722874075,1.419236305,0.075148263975,0.96602714675,0.71490042675,0.5250560895
47.313667749,5.5812136662,5.8697108568,0.2935507344773,18.2042824842,13.98395200444,3.5397526700343,0.003837414644635,-0.029055315179016,0.27846805443173,0.05166125291923,1.3786216073,0.056847992861,0.92883704196,0.52746774675,0.48681295957,0.931524911773046,0.207037168165014,0.710256569342758,0.122405408007726,4.34576287565566,3.5874511964322,2.93385041876821,0.0215929807250213,0.0759069877960902,0.230802458134574,0.382517535442325,0.0845270530146889,0.0109712397444976,0.0402303719049991,0.0899861286327025,0.0145695698208334,45.577016775,5.1867857475,4.64018904,0.0452293453,10.0350228525,7.0591965825,-1.9669960725,-0.038153628675,-0.1703771275,-0.154741199,-0.7016496165,1.2263662325,0.039178875625,0.83993607975,0.36854943075,0.45954659,49.277796475,5.97740989,7.40594944,0.5284091585,26.84069605,21.277725425,8.96866313,0.0471631318,0.11643105725,0.705553867,0.7889603125,1.541991055,0.08137165575,0.98997751475,0.7111300765,0.515626295
44.426533061,5.2266364098,7.5092975616,0.22800101349398,15.14512618549,9.196079460202,-1.311520224125,-0.016367866039242,0.08045882923652,-0.10317570729545,-0.395639125224,1.2696049484,0.043070317926,0.8668003924,0.402119865329,0.50836612436,1.09031391404633,0.204049356726303,0.756381551013524,0.11345504862959,4.01973946593726,3.60866001745606,2.89493669309971,0.0254630333464008,0.0802842851464769,0.22774116275188,0.434621380148104,0.0807361638960011,0.0105201401495922,0.0823384013414181,0.127467663433561,0.0166908591182669,42.241133275,4.8521614175,6.1877583575,0.01177307895,7.2526957375,1.76679003,-6.8276936675,-0.06383486775,-0.076833910925,-0.537126395,-1.2112702575,1.1188356875,0.023769598025,0.68943754775,0.1317007385,0.478787825,46.577710375,5.6263946025,9.11207594,0.4451305305,23.283617275,16.056637325,4.24305899499999,0.03486024995,0.23906676775,0.333796315,0.49022258075,1.438045055,0.0642783616,0.988700689,0.64498767725,0.54233863375
46.86191012,5.8813527698,7.084154976,0.415267238066,16.7755573714,9.151243295162,0.4826110954475,0.000642762272744,0.031156874306295,0.03796643028419,0.0478806744138,1.3240132609,0.052105318129,0.92438449643,0.3218143876393,0.5033256273,1.10945644726428,0.235055319530151,0.794667151107094,0.107803197565798,4.20818404063225,3.47217398848088,3.20322839589484,0.0212066894041501,0.0826853584021779,0.251994097505741,0.388638921105781,0.0984337800782124,0.0119434544679845,0.0525174390703332,0.123086414336698,0.0152699315626363,44.55963285,5.4348664675,5.67741054,0.19673821825,8.50068641,2.2868169375,-5.9659357525,-0.042281492,-0.117698478,-0.469332936,-0.73128731625,1.1491409475,0.03121050675,0.79235575425,0.063695381975,0.47405697175,48.8965495,6.3486439475,8.7968792325,0.6241201035,24.77398265,16.031563125,6.5404355125,0.040812344925,0.19840504275,0.514528137,0.79185688725,1.5212068175,0.080245923425,0.9948939655,0.5453674405,0.534697346
46.747497646,5.626279438,6.4783481835,0.374198434212,14.8244350727,12.37052399253,5.310698214318,0.016163509158499,-0.08532664190364,0.4177861950952,0.4431762340875,1.24133024278,0.042962287607,0.88070703634,0.39616198622,0.52349584559,1.01772053771897,0.206276094444266,0.726298049957064,0.108376786241131,4.26461705076177,3.73118821700804,2.95587588762882,0.0213907033552931,0.0774051468459475,0.232535175179664,0.381296605860118,0.0862620867571437,0.0109158645376382,0.0691855379775077,0.0931454629077092,0.0146350647894611,44.791021375,5.2454195325,5.198108865,0.15787853425,6.274794945,4.942434335,-0.49353774725,-0.0253628803,-0.23661192275,-0.038826016975,-0.31144731225,1.0872018575,0.02426116515,0.73466806275,0.21942912575,0.49621936475,48.867898675,6.035611595,7.9467505925,0.591152291,23.2267274,19.503723275,10.970201625,0.056129158125,0.0674734146,0.863012511,1.1548083675,1.42708893,0.06390994985,0.99292952225,0.5861932095,0.55334797725
45.923049071,5.9896117668,6.0258744501,0.24706461041043,17.849519144,17.1796689646,6.316805409774,0.0083692726419577,-0.08953997922952,0.49693542983481,0.1796899605737,1.569368282,0.070869207641,0.91983216738,0.3884623990494,0.50078301395,0.950405298315374,0.218715174276155,0.717340228885449,0.119245388914142,4.77544819080787,4.28200813023638,3.25233920752689,0.0261859334002124,0.0868719960130257,0.255857586482254,0.451767556438382,0.0962559897822265,0.0118360514580461,0.0413130360008748,0.114419203768937,0.0155112232247047,44.1806449,5.5926285975,4.68889415,0.0202578832,8.92007744,8.16412038,0.0451379178500001,-0.04565778205,-0.247508986,0.00355094531025001,-0.74613934825,1.3993950075,0.049551880875,0.82159244125,0.15134751525,0.46901622775,47.7592835,6.43029763,7.496854125,0.485694041,27.14667935,25.157516075,12.7432522,0.057466029425,0.08246574685,1.002496245,1.07821136,1.7859772875,0.09545998285,0.9871310005,0.60877982925,0.53240196925
46.301746408,5.7198106564,6.5792789198,0.25125113918057,14.1917171053,9.0281858876,0.18920264732523,-0.00697086516372963,0.038587551405962,0.014884343040959,-0.16780725812353,1.3087286387,0.051512494159,0.89117387365,0.50534659338,0.48175220717,0.99407546133104,0.209033780828339,0.722435957354172,0.119632743358415,4.26982270132474,3.35517362613302,2.734204904438,0.020173287439508,0.0727163120390148,0.215096587547654,0.367812765804297,0.0788864016399995,0.0105789942030775,0.0526754217230342,0.0907482780000598,0.0139154478456143,44.421683025,5.318895445,5.32257411,0.01159792255,5.9377217675,2.104701395,-4.9056803375,-0.049645547,-0.10419879775,-0.38592392825,-0.9223748445,1.162825995,0.032448214425,0.782062007,0.349607907,0.45521161875,48.2719762,6.1587882925,8.139019905,0.487018521,22.409717075,15.2948212,5.5200368725,0.03301354645,0.18325532325,0.4342546185,0.544429185,1.4747216725,0.073829950875,0.98719218175,0.694933925,0.50936433475
44.539263237,5.4522430703,7.9562835015,0.3380203711621,15.0689822095,4.02843418549,-3.63861134047416,-0.0095653138555755,0.119074391491539,-0.286245146271906,-0.28215875698297,1.4335580168,0.054687350302,0.89889680759,0.4165108668988,0.49621458029,1.25354790306497,0.20697262922025,0.85049469604438,0.119534382858361,4.1868848226001,3.36870469191378,3.00517372994617,0.0251555087297875,0.0823283702343643,0.236413376793072,0.434991449717878,0.082884517426657,0.0104651292775132,0.053980149096948,0.153496470127522,0.0144742205113159,42.308510025,5.0880732775,6.557052885,0.10241703235,6.249517285,-2.6143683325,-9.4438128925,-0.057507232875,-0.03840054405,-0.74293331675,-1.117121915,1.2758712125,0.0346006327,0.7747809015,0.01797434465,0.46926506475,47.237004625,5.8984607325,9.7787016375,0.5545324225,23.0501196,10.066117225,1.9547238375,0.03745170285,0.2773387355,0.153775756,0.5324448995,1.61457995,0.076065839425,0.987580087,0.67104554925,0.523537264
46.596411737,5.5987994104,7.5781034051,0.3763427821654,19.831246436,10.931350788351,3.825897358521,0.023792289646291,-0.051681169591017,0.3009787104518,0.3724097278579,1.3387891237,0.057427850166,0.9040535845,0.47948762157,0.4855340794,1.07270331387019,0.195976768983558,0.790031042464543,0.122946055931004,4.03569548283117,3.50502118565933,2.89725964052926,0.0234488539203616,0.0786138908519686,0.227923906316965,0.425695264876845,0.0860932460397745,0.0101840412054444,0.0472709160219102,0.0928708716071412,0.0151050029576886,44.40508575,5.2478014,6.161503595,0.142859721,12.119296725,4.0447145025,-1.958930215,-0.019788932075,-0.202053038,-0.15410666325,-0.498871117,1.1814413525,0.038094030275,0.7964504985,0.31841830125,0.457104856,48.670471425,6.000120025,9.199100915,0.60104110675,27.888334625,17.666126475,9.2441767675,0.069464834625,0.11765498025,0.7272281805,1.184620045,1.5207804175,0.0782233887,0.986950422,0.68507267325,0.51319478925
46.558443923,5.5665023855,6.8847039686,0.18287258234276,15.23958629272,8.769958587673,0.7284684684199,0.0005779505346082,0.022582337816692,0.05730773178263,-0.139891840162113,1.3489675262,0.050099870296,0.91965665136,0.48461379186,0.47930234061,1.04036666142375,0.196372405110552,0.782485348922661,0.116274307440199,4.35457205573069,3.3790626505566,2.62913949185865,0.0189753459956212,0.0681121841370527,0.206831218923618,0.349964967515024,0.089380519598515,0.0103086436958972,0.0433170239387933,0.0904923978633812,0.0136175444476939,44.45416785,5.17844998,5.5509666975,-0.04306548135,7.1032679675,1.8169335575,-4.3058189925,-0.03729970305,-0.10728247125,-0.33873357225,-0.84397513075,1.1854078225,0.029453824725,0.82655793875,0.31787613225,0.45320999875,48.628724925,5.971190685,8.5570897425,0.4071323165,23.376914,15.452739475,5.776603715,0.0381897573,0.1565959335,0.4544384155,0.53517094375,1.5412761075,0.0694684582,0.98560125625,0.6622277975,0.50550973875
45.286892941,5.6250991641,6.624460762,0.482625255815,16.5986830079,7.4553956799103,3.5972942046084,0.030580764721286,-0.062276526329448,0.28299477725977,0.6362079179646,1.16644200576,0.041553366863,0.87121809778,0.58599388593,0.47599314842,1.02827400858506,0.19807588882062,0.736492408262229,0.121323076992958,3.74824400369777,3.14185898697239,2.57056221034039,0.0224141940968197,0.0710169112333361,0.202223014897414,0.384523054538633,0.0673540831675738,0.00957575191150577,0.0796786559789453,0.0967330577376912,0.014262533602458,43.2600022,5.26726547,5.364567385,0.2413221175,9.047293165,1.29023295,-1.4328229825,-0.013288831375,-0.200930873,-0.11271844025,-0.13258545325,1.0428343175,0.025118219525,0.696409289,0.41599030325,0.44815173525,47.3657294,6.026496235,8.1574261025,0.7264605885,23.993689475,14.00756205,8.7536416325,0.072502604925,0.076591599625,0.68863838725,1.383921345,1.31560407,0.0619574735,0.9934916475,0.78352373475,0.50483820925
45.989141141,5.6177565424,6.3095156602,0.2582595575062,13.10626056419,6.131851624018,4.67406357239,0.03628410163472,-0.098151080828517,0.3677029189274,0.61083215579193,1.3272211131,0.052465035649,0.94777498779,0.5074257669,0.48160667265,0.945832195908956,0.210034512208204,0.714047738182458,0.114493989558063,3.84749238075505,3.23424018728055,2.77771119227459,0.0227913904450484,0.075637319293403,0.218519174538232,0.395552100040154,0.0743290488412815,0.00828453950468373,0.0390841431602518,0.095967399949691,0.013431833375661,44.056182975,5.22725822,5.104411695,0.0409757627,5.5184280125,-0.09757384965,-0.79972929375,-0.007851678555,-0.24533359725,-0.062913735025,-0.16840329925,1.1910916375,0.0375125194,0.85441110425,0.337280217,0.4561299425,47.7896663,6.045080575,7.89237226,0.48215657825,20.595350725,12.49115515,9.847722355,0.081152923275,0.0569758067,0.7747083915,1.3983805,1.4824169075,0.07066796525,0.996870283,0.70874078675,0.50719438
46.920175899,5.7304629455,7.5660455714,0.18826203979466,13.1297138808,15.6195354133,5.604248513988,-0.0006611504001478,-0.077608239144574,0.44087944172361,0.08460206300113,1.2793061645,0.037674246453,0.91656134775,0.41917445812,0.52481822568,1.15575744141613,0.20028659578957,0.74491952847882,0.104518747337042,3.64626435181534,3.08893686260588,2.88838228483506,0.0189470174780419,0.0748378582734208,0.227225535682736,0.360731358452429,0.0808355403257629,0.00802543545052377,0.06292939931652,0.0961444446795814,0.0150313766891884,44.683037225,5.35039135,6.2549973525,-0.022621343125,5.6946239975,9.9105990975,-0.0821226487999998,-0.03693774925,-0.2173996455,-0.00646048932749998,-0.592206835,1.127502745,0.02250671075,0.76837980325,0.2454629565,0.4968527865,49.16766455,6.12330833,9.16805272,0.382927475,20.231978475,21.57912565,11.091576675,0.036830510525,0.0725859732,0.87256088825,0.762544603,1.4456948525,0.05421489535,0.99654366575,0.6148473145,0.55477447125
45.639090173,5.6736955594,8.1532624787,0.5091847455,17.3168547268,12.45461574423,1.2787413463494,-0.007553656824714,0.025388992920765,0.10059703243498,0.050475627449585,1.328556509,0.056655401972,0.92476649873,0.40852954694,0.49598655247,1.3081428245263,0.204148712655459,0.830871133519767,0.114565982042972,4.1891569887118,3.55575694418272,2.41953835139149,0.0149084721725843,0.0606132357328066,0.190342151107896,0.296931385845169,0.086206368871485,0.00777713421607518,0.0357230988394812,0.0764202701684976,0.0136925861280265,43.31256925,5.3021147475,6.626670665,0.26886481475,8.718312045,5.3266582075,-3.2996297975,-0.03689917315,-0.0988292699,-0.25957788,-0.5548053735,1.1686562275,0.0427803962,0.847670342,0.26462578775,0.469978793,48.278105925,6.0989054,9.934531735,0.72231253675,24.911877625,19.543559725,6.06286122,0.0222042014,0.14328838275,0.476957945,0.6249215255,1.5152296675,0.07223660425,0.98262380175,0.57483734725,0.52345339875
47.25297958,5.8558271846,5.9685490332,0.50753161289,18.5632782568,12.7978434193,2.248666754499,0.000804477239889,0.00051714314552,0.1768998897522,0.16763543942773,1.4838131876,0.070017671182,0.90916781265,0.3249498603755,0.51890868451,0.932731553837499,0.230888412241139,0.709228820487712,0.112169527220054,4.91473314767547,4.30986905277403,3.40153155134707,0.0221323383497366,0.0861729018280344,0.267594367046003,0.398582198375234,0.10533000080295,0.00975695050029209,0.0369456647013933,0.108609303560753,0.0155030838914299,45.39787575,5.4438486575,4.75987362,0.290591053,9.5827882675,4.405672135,-4.21292385,-0.042024501,-0.166218244,-0.33142561775,-0.62170506175,1.29883067,0.0514842386,0.82734604825,0.05212364625,0.489396468,49.147319525,6.3005478175,7.4754994025,0.72798347625,28.8472681,21.6472792,8.7488349375,0.04592959135,0.17099037,0.6882602515,0.9814002735,1.7089650525,0.08886413685,0.96748579775,0.519073374,0.55015179625
45.059408829,5.5857434665,6.6480412378,0.23876362161609,21.8930878481,13.20033419475,0.3531103309918,-0.006959107167761,0.05432764870824,0.02777876188066,-0.35492126068839,1.3320009203,0.051357455863,0.89556299121,0.66888041449,0.46920948381,1.00401285353982,0.209394199554703,0.705822048103621,0.141868963920877,4.25259470814695,3.57830320331084,3.27572399014947,0.0266387975125634,0.0900594660282108,0.257697238347516,0.471656842702764,0.0879883957185676,0.0113435159244042,0.0527904181912131,0.104703969919698,0.0144366611805897,43.11010685,5.17663069,5.4527728575,-0.036669578,13.677558275,6.7301117075,-5.9102421375,-0.060747092775,-0.1181040235,-0.46495158325,-1.2987603825,1.1634312725,0.030615297875,0.7772502245,0.4761439125,0.441021626,47.055854725,5.9905685375,8.1977242725,0.51351257975,30.0577742,20.347720775,6.51285297,0.041743345575,0.2280136725,0.51235825025,0.55250412325,1.5159317575,0.075165818575,0.98756717875,0.89854279775,0.49719142125
47.589127847,5.7880975715,7.8012680176,0.3241476468903,16.0424537705,8.814384482479,-1.624387780499,-0.014768498818451,0.08716813996268,-0.12778861894124,-0.31125729582426,1.4155090367,0.05923744508,0.9339049272,0.49273403449,0.52171340603,1.12150650434046,0.212811038317204,0.813323271137722,0.124630504403086,4.73407749619028,4.31709147891455,3.0550507702007,0.0181451340247711,0.0741394483840921,0.240337143342712,0.356217181800851,0.096526563873539,0.00946769773666062,0.0300907110374321,0.0879240527031738,0.0157913712966184,45.2971717,5.382464555,6.34243101,0.078184287625,6.3559431025,0.31330665725,-7.1120759575,-0.05006183605,-0.05505415715,-0.5594983985,-0.9882378875,1.2406728525,0.040381008775,0.8649752275,0.3334843645,0.4915600455,49.7729655,6.20253267,9.485996185,0.5571467925,24.96436535,17.075804225,4.182844055,0.021943326875,0.2200867775,0.32905927275,0.38974874425,1.6102605725,0.0770717946,0.9825153845,0.68105853225,0.554180337
46.066666472,5.4832053883,7.9761448413,0.3043133032533,15.9735477181,11.7880694786,3.3612949926526,0.007437425307504,-0.034817462916072,0.26442900512814,0.15591398012934,1.3384062729,0.060090836222,0.91277634112,0.51473051623,0.50557379148,1.13829994198307,0.19942733547966,0.891208357415108,0.114095122493555,4.01733036743982,3.50209797090977,2.68675022495142,0.0194301005811083,0.0688398637153967,0.211363385402281,0.353416559288461,0.0793933719381361,0.00857670526489677,0.0372953491562043,0.0857978324799842,0.0144195354688824,43.86238875,5.1133245,6.433520445,0.092845168775,8.5955491975,5.4147712625,-1.7521873525,-0.029729020475,-0.170836079,-0.1378424565,-0.51367810175,1.1899413425,0.04267074465,0.82998641,0.3598546875,0.4776487795,48.3757833,5.8981534775,9.8278002975,0.5260027505,24.447889325,18.8034071,8.5954557175,0.046213227,0.09747393975,0.676194092,0.86216782875,1.50278224,0.0765889825,0.97729871,0.69574531,0.53649251125
43.841311994,5.4524611756,6.2682419197,0.2974768866592,24.252139699,12.9315860239,-0.615552357453,-0.007198273265743,0.07952598922607,-0.0484247583309,-0.391789919199,1.4514400541,0.058974787212,0.8551088441,0.437305690265,0.48251740083,0.987811182607462,0.204788639894023,0.693799069761015,0.114273534462339,3.93378796578889,3.44261815601448,2.92088927390715,0.02901066063571,0.0822139244256371,0.229782820540735,0.451851043109963,0.0768942609775704,0.0106757750293992,0.0915958842512428,0.106437696269477,0.0134544493229869,42.005358075,5.0441071275,5.08042143,0.0682946903,16.26511335,6.0803638125,-6.2667386575,-0.06033858955,-0.097753585225,-0.492996736,-1.2357335275,1.30057074,0.040312062525,0.6430657025,0.22269735475,0.458178397,45.802927475,5.8567839425,7.7657099275,0.51450456525,31.58764765,19.419783575,5.3531646575,0.055325300425,0.235128269,0.4211269825,0.58612350375,1.6032951225,0.083367486125,0.9870915855,0.650981403,0.51081486325
47.624594722,5.7691472758,6.6675851875,0.3206047378808,10.51124048187,6.398705423589,-5.771073430356,-0.046605452103298,0.1889050154621,-0.4540033555408,-0.766200156295,1.381518029,0.050623058179,0.94670594432,0.53047326851,0.48853782818,1.01560593464029,0.227791082028736,0.762614778710367,0.136722846909761,4.52770156053796,3.77937449701392,3.06035481304673,0.0205756434261671,0.0807074588179385,0.240754405854827,0.388304760241331,0.101489146185526,0.0092203043438399,0.0398164548883642,0.095620180187195,0.0133885482775826,45.66378075,5.3547933975,5.374626785,0.05605555505,1.715356165,-0.773134571,-12.19635895,-0.091521426775,0.035449862125,-0.959472805,-1.588442505,1.210147675,0.0346252612,0.84726149675,0.347614529,0.46296543275,49.50474775,6.209666595,8.3687472725,0.59213628275,19.78705925,13.92030165,0.3032424025,-0.0092677302175,0.36408067275,0.0238557127,-0.0227243580750001,1.61031016,0.070584718825,0.99692098825,0.73870897775,0.51628882525
44.924855352,5.7021376841,5.3563285259,0.42646303547,21.4456732654,14.6361691529,2.0326852943229,-0.0024736053767247,0.015337280924223,0.15990888952725,-0.03300738102029,1.5190889555,0.069820122169,0.94338128504,0.354999548167,0.49939798792,0.830353596941893,0.221956132028609,0.640725388470902,0.115694250870149,4.84252379121397,4.11152694601927,3.67839869867206,0.0317607157639958,0.102062039099024,0.289375169399677,0.517421644971914,0.100239106754613,0.0121252758417845,0.0395179538298506,0.101463122995344,0.0152416050490644,43.3418614,5.2744805325,4.260092355,0.20171989025,12.5042604,6.96140399,-5.044908825,-0.061321221175,-0.188151791,-0.39687686725,-1.0126873525,1.34198595,0.048270616625,0.845673807,0.161156107,0.47089904525,46.73550135,6.15967914,6.6805997975,0.64868644,31.7406794,23.182221475,9.3863314575,0.061985407325,0.21251813,0.73841133,1.03654254,1.7392827325,0.0958736505,0.99624549725,0.55263387175,0.53187651475
45.762233766,5.9550343377,7.4652169728,0.2672000319259,13.41649331992,10.95662316386,5.5502138909244,0.0211125069947881,-0.098733252639851,0.43662860295027,0.44420371369924,1.2895458372,0.062566989137,0.89080598414,0.430728649292,0.49720937062,1.12578274417939,0.218459302218637,0.827776692849667,0.113168129552276,4.53232349095501,3.73262170592989,3.10555818518834,0.0243939444486429,0.0827463614533753,0.244310499978766,0.426065756787421,0.0826876123315778,0.0107780395824735,0.0447026388814824,0.104139275598289,0.0158160828098902,43.54371295,5.56976566,6.13681841,0.0468891502,4.6481684125,3.602673455,-0.3750226345,-0.026549287975,-0.265786075,-0.0295025765,-0.36871687575,1.13564073,0.042880700825,0.798282663,0.20752574725,0.46955858625,47.781188275,6.4360876325,9.2914480975,0.48651503475,22.01091205,18.59344905,11.631445175,0.066287533875,0.0627138289,0.9150317265,1.2827464975,1.4616007975,0.084146804175,0.97175809325,0.64262909925,0.5301174765
46.462820623,5.3932057101,6.8488095201,0.24951918396218,3.3606415459571,8.597716772312,2.16619856734247,-0.016075965026449,-0.017586634563224,0.170412217111773,0.039429220086682,1.3553179829,0.052961258839,0.92454757137,0.52137931919,0.52408975252,1.01834592011403,0.191835256039498,0.76030170565326,0.12017731823399,4.1523184087068,3.31146468641678,2.78546657858097,0.0191513649255294,0.0736953060389429,0.219129281388271,0.360397361253642,0.0812178294186572,0.0102187238073657,0.0388073794300053,0.0926108313225873,0.0151009610053177,44.45887705,5.04678886,5.568781665,0.025358657375,-5.0417945675,2.16266813,-3.0523964125,-0.052557144875,-0.172838995,-0.24012832925,-0.61568945425,1.210566585,0.035633295375,0.8366130105,0.361929241,0.493241931,48.443484325,5.7670242475,8.4368306225,0.50782102525,11.720411975,14.6100354,7.9464861175,0.023880986825,0.11921044575,0.62514043625,0.7700677895,1.5318449925,0.073993961725,0.98961412825,0.7027347655,0.55397743175
45.514660158,5.5783617285,7.0641022701,0.17462628914523,14.28302542812,12.48262883727,3.5769880267632,0.001833238603106,-0.03735163137001,0.28139731482725,-0.00031070405035,1.2889746799,0.044053419208,0.94670673854,0.54067130912,0.49768540742,1.09934168269589,0.209625874347597,0.745983483243236,0.116706630115028,4.20297874441585,3.63446619734538,2.83645772950731,0.0215920590884558,0.0749761959187995,0.223140693449298,0.386934359667116,0.0782610304342019,0.00838356017600393,0.0434147105326822,0.0984158208227122,0.0146881918722743,43.387721775,5.1901694275,5.7293662975,-0.05652886835,6.307373815,5.58666556,-2.041472375,-0.03771262905,-0.17945009,-0.16060016025,-0.70169479875,1.1484304475,0.029281187675,0.8275585285,0.361127551,0.469602346,47.67905405,5.998448345,8.6231682775,0.40109530825,22.066376475,19.976265425,9.0786621125,0.043816618725,0.11288568675,0.714207345,0.738028035,1.4574313275,0.062712578875,0.99786037125,0.73487102075,0.527122368
45.349744349,5.5857405813,6.1786608639,0.54211065409,21.8887238019,13.52460547152,3.424694906355,0.0137603938522607,-0.02813418314773,0.26941659962579,0.3411421501869,1.25762237727,0.051634599523,0.84973799416,0.52536406094,0.49941623882,0.941247240108246,0.197491939497992,0.706535214291704,0.118426690993508,4.02064862460235,3.5321304635729,3.31261718533243,0.0272047206126378,0.0896341277929779,0.260599581261645,0.466418355526691,0.0846346673048403,0.0124372155036928,0.0672610117868323,0.102108080766234,0.015673062434487,43.6263619,5.20677678,4.95426364,0.31652016775,14.07881105,6.6452616075,-3.1707096925,-0.039015349425,-0.20885024375,-0.249435894,-0.5864114895,1.1049200875,0.029861505275,0.70648822575,0.3453375185,0.4705256695,47.27821985,5.992587555,7.5979226225,0.77961733875,30.12697455,20.482201475,10.07391525,0.067136168875,0.155081324,0.79250272525,1.224388125,1.4324702825,0.07743811105,0.96207581775,0.74053364825,0.53150922075
47.233320059,5.6181271176,7.5653214579,0.3440436938254,12.559675728338,8.856520497975,-0.6326470381653,-0.0159524554559235,0.0602399247511183,-0.04976957602689,-0.1874032424158,1.3493460341,0.046890794722,0.94135654452,0.45389785452,0.48955401691,1.11354767731228,0.203090588256975,0.835638472622169,0.120399733216666,4.13170093860409,3.36233898917819,2.68088489758625,0.0171348005077424,0.0687589965820932,0.21090196731763,0.330261999601493,0.0834939594149195,0.00876891628762141,0.0368781417293631,0.0952556265544014,0.0137795127351368,45.038413675,5.2396475175,6.156805315,0.10965383375,4.435303405,2.1006792,-5.799076755,-0.049376596875,-0.075951016725,-0.45620635025,-0.85808923475,1.205805435,0.03071187495,0.861170448,0.28730972625,0.46336667125,49.428513725,6.0180644975,9.51652735,0.57554074825,20.2359427,15.142423425,4.684303845,0.018113626725,0.19090809025,0.36850850875,0.46563061125,1.5227199875,0.06494898845,0.99589911325,0.647867534,0.51655763
44.55983412,5.7919765871,7.6113832051,0.3367632410288,14.3927479482,13.5384697835,0.242780398158,-0.026900652090092,0.058985203501098,0.0190992397852,-0.34993010985938,1.3742364501,0.057080733045,0.91121012954,0.56468623275,0.49851446091,1.10734112048185,0.214402490330857,0.825414479170142,0.123546105574725,3.80827815444995,3.18876438618485,2.92769656448849,0.021847887092308,0.0776239224985755,0.230318342236178,0.398713781233174,0.0807956667563738,0.00938963386215311,0.0471059734913204,0.109550213872626,0.0151294389511539,42.3895552,5.3866839625,6.150156975,0.098237931775,7.110761315,7.4755535875,-5.46007193,-0.0680411794,-0.091870248125,-0.42953724625,-1.1038510525,1.22028333,0.039270939575,0.8062218165,0.356957336,0.4712533345,46.636241225,6.22304913,9.48616261,0.567784971,22.27242405,19.80657815,5.762621095,0.016582333075,0.20597951875,0.4533384255,0.4659567885,1.53415202,0.0766330075,0.984758053,0.81648813975,0.52892579125
45.366504344,5.6595495912,6.7360508436,0.3266565906582,14.75684631,4.353072239835,-2.02456722909,-0.000115073683106,0.076490354020921,-0.159270251433,-0.0989848108165,1.4842627351,0.064472924063,0.91523075897,0.55001302389,0.4907948136,0.942488897027013,0.196388738123311,0.689184411476098,0.123432043092908,4.17692448316036,3.62501257553381,3.13729187582973,0.0275089386663571,0.0851426789572377,0.246806951496134,0.459109791628238,0.0850548728313657,0.0111428102976737,0.0484368773641478,0.111495748789936,0.0145927558773331,43.515325275,5.308323705,5.530601295,0.0946588966,6.7824651575,-2.4669994875,-7.876884245,-0.054263729675,-0.0853192877,-0.61966494275,-1.04505888,1.3031278775,0.042454945525,0.809790202,0.35255657975,0.46367103725,47.128877625,6.0692862125,8.17332668,0.56797875975,23.056482,11.529808725,3.888038285,0.05265027215,0.25009248425,0.305867263,0.750833845,1.6558529,0.08640407745,0.990878684,0.7802417485,0.51988901525
45.902007815,5.6109742942,7.2209002785,0.18267789985493,9.47430372492,17.000069206,3.5299582838681,-0.03060295938635,-0.014166825754483,0.27769754189672,-0.3122324282756,1.3775596502,0.057287741335,0.90922472072,0.51896329776,0.50235257329,1.08749628340618,0.191952328471994,0.771262811335941,0.121996078595417,4.27182477373145,3.57074571337851,2.85239673999197,0.0236811154341877,0.0784969909734421,0.224394595926009,0.408447211155497,0.0775533868693147,0.0105136701697702,0.0437498641763645,0.0913449779130452,0.0134017238500033,43.7196697,5.28247316,5.89879455,-0.0515364731,0.571572173,10.156139275,-1.9519017625,-0.074561918625,-0.174317477,-0.1535537455,-1.0509691675,1.238676805,0.0395794888,0.81327813075,0.361345611,0.4771643195,48.008533125,6.0135535975,8.92212653,0.42296984425,17.8404094,24.0347778,9.110392105,0.0160962299,0.1318752845,0.716703507,0.528331673,1.5430032325,0.08077616355,0.98323590325,0.727489157,0.52788348675
45.140935341,5.8239212853,5.8395015706,0.25752900278667,10.83202234207,7.70440863821,4.8279720855144,0.024817478487199,-0.094738856772937,0.37981071546986,0.51699142563342,1.4568697054,0.064252967424,0.96198665894,0.53148532463,0.50302751718,0.866217558052728,0.218637594028307,0.709610261656256,0.130812207448662,4.56132674804556,3.37699592441557,3.32305273550232,0.0263036615327491,0.0907526760131209,0.261420533351507,0.466765449192981,0.0924053127514869,0.00967812157923527,0.0301256734134874,0.0974543054515094,0.0160826723740039,43.45137245,5.41827734,4.6329594025,0.017517094125,1.7538447575,1.0052983195,-1.33707724,-0.02502579625,-0.26484336975,-0.1051862485,-0.36295556725,1.2967607175,0.04630347095,0.8885743065,0.3646822,0.472975636,46.811162825,6.2673342325,7.444050295,0.513974851,19.751856775,14.42030665,11.2956223,0.078145545075,0.0782851619,0.88861293625,1.397607235,1.65361732,0.083833748675,0.998209427,0.73470762775,0.53368802375
45.088710958,5.372962471,7.9893586498,0.389845983202,18.740914258,12.9849221294,6.1729054821342,0.0287523832159436,-0.10593700253675,0.48561499590196,0.5670082012176,1.3090083552,0.058639778944,0.86430518772,0.488877481377,0.50131132059,1.13623596413297,0.203104255984456,0.811718444803055,0.116843285730007,4.54170360376938,3.92528804495735,3.10299971919956,0.0256143789376672,0.0840167571667016,0.244109228088326,0.445243016354089,0.0858399417167046,0.0118491843351416,0.058757557477541,0.122987702980939,0.0151751809186237,42.896666975,4.983968645,6.491315925,0.16144123925,10.461843425,4.7469024875,0.00935832735000001,-0.01937742585,-0.27363885425,0.000736208271500001,-0.28079549075,1.14677804,0.0350105248,0.740788933,0.2224637565,0.4719618025,47.192212875,5.76161475,9.7419987075,0.62723372275,27.99379785,20.64572985,12.511192725,0.08379720705,0.0590192291999999,0.98424037025,1.5052989825,1.4820166925,0.081815509725,0.95023736675,0.71660460725,0.533514112
44.805211901,6.3191844243,6.8022055595,0.17726059170929,16.0120988496,8.56729937608,-1.2832506279167,-0.0112325155806311,0.07663742640393,-0.10095177233752,-0.39741001607778,1.2852836529,0.045612567968,0.95891906602,0.57567748194,0.48699092611,1.02970939028965,0.227654887234979,0.742696388489613,0.112855359296651,3.77589881948137,3.18175914185331,2.71725280332662,0.0214074319755463,0.0724251303115225,0.213762986248612,0.370845743696797,0.0769804891249102,0.00747290958208499,0.0362991830853207,0.0972797653017059,0.0142051585817026,42.7809438,5.893776735,5.4742663625,-0.0331902573,8.529316735,2.3798202025,-6.59293166,-0.054116246,-0.064797869025,-0.518657941,-1.1589151775,1.148351535,0.032389750925,0.86938914625,0.41094384175,0.45847498825,46.75928615,6.7726579875,8.32719427,0.3968374495,23.4086464,14.741697975,3.9607507,0.02703705925,0.21952836175,0.31158746175,0.28941748925,1.4394558725,0.0610634437,0.99897593775,0.78650342975,0.5156155525
48.654363847,5.8539326531,6.4622447775,0.21851666977182,7.867989776899,3.8760120335846,-2.486866909899,-0.0174122536203027,0.08682561261996,-0.1956388072214,-0.29277768127156,1.3344483616,0.051083116131,0.96283948975,0.50542268552,0.51104871996,0.951066848291237,0.229238634393206,0.737088512226425,0.136175170606873,5.61355133353224,4.69040432499222,3.32418180497239,0.0176050098827188,0.0803716584387898,0.261509355858527,0.350005131357183,0.0945539833298855,0.00997618570408463,0.0334913101638715,0.0821961423319712,0.0152533081625192,46.898854125,5.4178560375,5.1882111225,-0.045930170175,-2.7498645675,-4.84736891,-8.72583062,-0.052532235325,-0.0790502163,-0.68645053175,-0.97923789975,1.15402826,0.0339862589,0.87781556375,0.35053981175,0.4826746695,50.65275465,6.333494465,7.98008564,0.492725001,17.992887425,12.665028775,4.06471304,0.017009501325,0.23732941225,0.3197660555,0.4118567115,1.522230715,0.071599583925,0.99807437325,0.673401712,0.5412239955
45.655808141,5.5443455091,6.6583026803,0.30234390290454,11.40553416078,12.0652640715,-1.0176281906039,-0.0362336057925081,0.08632668452917,-0.080055576780361,-0.48628163337144,1.3392205169,0.057050766043,0.95557466702,0.4099554545,0.48156652813,0.947636472335006,0.203525061741136,0.714220625460966,0.113767504032697,4.41156928190656,3.90304953602752,2.93697010569677,0.0199392612934963,0.0744095303398877,0.2310478802952,0.358791977988626,0.0842496461589139,0.00980850547206429,0.0307478296870962,0.091692453757915,0.0133462372442466,43.8293225,5.1640149325,5.36323504,0.07335782035,2.1616167025,4.21691596,-7.2948817375,-0.07816288925,-0.050425541275,-0.5738795045,-1.2199422425,1.1790300175,0.039233382575,0.88029872225,0.2519617915,0.45580645375,47.455552975,5.9847811375,8.06672294,0.51010827325,19.2111618,19.789777525,3.8932216525,1.09067966274991e-05,0.23779237325,0.306275037,0.16722828825,1.509930165,0.076915721075,0.99680578775,0.606798521,0.50764236525
46.290456614,5.5737608998,7.5668864662,0.26323221795206,19.78217192444,11.7697730007,-3.2960704412918,-0.03171800890642,0.1472288999777,-0.25929786858923,-0.74917833883584,1.3948588642,0.056917731567,0.9385190124,0.56621095246,0.51312269315,1.11087241275916,0.224168164647279,0.816424893925808,0.132894786372862,4.8135471295142,3.70658581744015,3.24317750202809,0.0212863637768733,0.0844740615396057,0.255136844866819,0.396991740826177,0.0914307130050361,0.00916466729925353,0.0306431628725667,0.103872932386002,0.0149892764490744,44.23730535,5.15806761,6.1464385375,0.0193881406,10.456116475,4.5590331775,-9.8522236375,-0.07271264435,-0.0123772366,-0.77506250225,-1.564121965,1.22130379,0.04011328925,0.86743961925,0.37767132275,0.48496441025,48.506416975,6.047759725,9.3876338175,0.52827643925,29.137562275,18.69015315,2.7851615925,0.00693375329499999,0.317894211,0.21910528425,-0.000565466954000176,1.588112055,0.0741060904,0.98664636325,0.79257477475,0.541612948
45.432736849,5.9749368248,6.9446488262,0.416488641814,11.444404247443,4.048315586569,5.406702010967,0.04729224420402,-0.128294790357428,0.4253386973805,0.982417675002,1.22418928115,0.06329382774,0.897941075,0.46457866938,0.49951374074,1.11169223777395,0.225827101235071,0.787875731888665,0.112876289398225,4.153268355221,3.40593190763053,3.297435734362,0.0267757992998437,0.089964357726391,0.259405274840403,0.468409061810706,0.0883065037423228,0.0113594510039357,0.0541241045835619,0.0965435971267697,0.0153188636938181,43.25865265,5.5685901075,5.6149081325,0.18529751,3.192631505,-2.1006875225,-1.201062395,-0.00416842651,-0.2973975195,-0.094486120475,0.088836451125,1.0533421175,0.041895058725,0.766630025,0.28820328375,0.4705223625,47.528108625,6.447417805,8.6182967175,0.63344322975,19.6523417,10.695717875,11.413925675,0.09962071555,0.0495940316749999,0.89791972575,1.8688308125,1.397039535,0.086893176575,0.9787494815,0.67136497925,0.528392496
45.36998968,5.8360368454,8.4234918826,0.389039074765,14.3158783395,6.1816068717081,1.57701610773746,0.0164821499442749,-0.013179543041779,0.124061946740609,0.33179053630481,1.2479925328,0.040182728107,0.93324195718,0.4994308801,0.49437636654,1.17534528120622,0.217575223041157,0.897251566442912,0.111233744898279,3.32491259759834,2.86797949364673,2.50255743469254,0.0149065902003566,0.0635694723153899,0.196873161703453,0.304500607881069,0.0694861794271309,0.00666963156065412,0.0441135260578086,0.0932810711502316,0.0133593142769945,43.084042475,5.43641864,6.9414409175,0.153743633,7.7911798575,0.93726117675,-3.4632693475,-0.011664551075,-0.1440171955,-0.27245120325,-0.27353473575,1.12684063,0.028187351525,0.82756957275,0.32336334575,0.470678733,47.9267601,6.2677519175,10.39808045,0.60636631925,20.5467978,12.0297826,6.64712322,0.046461379925,0.11283190675,0.52292112575,0.951159843,1.3871810425,0.0549571646,0.99309977175,0.69190588,0.520429498
47.808068931,5.7037082335,7.1693798418,0.383517378427,18.5211968929,13.1110896257,7.619413995918,0.03812189097902,-0.14489960916975,0.599410069214,0.745581120167,1.2920885657,0.043650270353,0.93981958854,0.60834452767,0.50934509808,1.08765736260976,0.23174674434297,0.780152353964298,0.130224455410541,4.48129044893598,3.6893885287363,2.77864695167034,0.0159621834879034,0.0701703719139798,0.218592789955665,0.318527219290561,0.0994710452579546,0.00925970786645602,0.0417023995451152,0.110780231396232,0.0163682019398141,45.81470765,5.28674732,5.8468060325,0.13846053475,9.8793999175,5.9716698425,2.2363568625,0.006737960085,-0.28069999175,0.17593148925,0.10284015875,1.108986225,0.02661164825,0.84286943725,0.40157404725,0.47783837825,49.946254275,6.190800465,8.809880195,0.64341385725,27.467149225,20.341869975,12.94941705,0.06947635165,-0.00838686253250002,1.0187149175,1.3890681075,1.48295519,0.0620139877,0.99611015475,0.835922995,0.5414508445
45.643288008,5.6468115254,6.1417749362,0.2169651082255,14.70994190712,7.60717833554,1.5585404537686,0.010701627218843,-0.00576366665335,0.12260848947481,0.07290051580251,1.4345755494,0.058869617153,0.92970419584,0.51550946864,0.49067344166,0.947611299581648,0.217534915556794,0.690669903182913,0.128835015808673,4.13922250802805,3.45407203380405,2.80126224202692,0.0219396855849011,0.0738910681451112,0.2203719073322,0.384764822522844,0.0879781078542277,0.009098243125553,0.0427413452521123,0.0980756854155375,0.0132483010405183,43.8385359,5.2380016875,5.0170030375,-0.04813917665,6.3722819325,0.62094046175,-3.9592206525,-0.030180889625,-0.151939768,-0.3114670885,-0.65279431525,1.2732762975,0.0414876973,0.82570917625,0.34117069575,0.465461196,47.464951775,6.0947941675,7.6019904775,0.452308307,22.315288925,14.5191153,6.9849081525,0.054794431675,0.14476614125,0.54949426125,0.85801759675,1.61803837,0.07773422865,0.989574028,0.715919956,0.515574607
45.646235257,6.0052805825,6.3273346612,0.421040756967,20.4505557311,16.9261902732,5.8189723932566,0.012033740019016,-0.077148780012856,0.45777150913909,0.3222513050961,1.3979521977,0.060227520189,0.96584647529,0.44597523024,0.4971538587,0.997968298393625,0.231109739772733,0.709271589555285,0.120482472331694,4.20318671120305,3.41286738688967,2.63556318381646,0.0194784968401887,0.0688948254467745,0.207336563117017,0.348914367206951,0.0838176230845541,0.00856638808494361,0.0244995891274846,0.0895145878210304,0.0136183273300279,43.730185,5.55941744,5.0458614925,0.179820958,12.44465915,9.805500865,0.438413302,-0.0270739128,-0.20433787775,0.034489442675,-0.3556417935,1.247714755,0.04348671075,0.905949523,0.297463474,0.47026526225,47.565393125,6.4794446525,7.8765534925,0.646630578,28.9818735,23.668417125,10.63502525,0.047978958575,0.05845165445,0.8366445255,0.95382365175,1.5713400775,0.077302723575,0.99865744725,0.664342158,0.52372401
47.937668835,5.7086911997,6.2683534644,0.3505345715409,12.92925359609,8.121962800971,2.4280551337866,0.010445369016113,-0.02705682072468,0.19101215597986,0.27808818826889,1.4386758999,0.060957391428,0.95142527136,0.59710286418,0.48258920545,0.949861600044907,0.219289839210854,0.702675699291239,0.14612576561425,4.63082217474666,3.71815548744162,2.72295666014733,0.0173625254642103,0.0697898292778886,0.214211701912563,0.330258583961284,0.0942057866052737,0.0088883665585358,0.030318121497342,0.106000767348312,0.0148322198018457,45.994559825,5.284045755,5.00093584,0.069650829825,3.85577867,0.9151037905,-2.5966129,-0.022556782125,-0.1598755505,-0.20427239575,-0.34493405275,1.266093465,0.042839837,0.87906247725,0.40431887975,0.45374065075,49.75753675,6.1362290825,7.7481418825,0.64269921825,21.71607385,15.238309825,7.6759481,0.04409862975,0.10410326,0.60385753875,0.89174656975,1.645776875,0.0773700135,0.992473939,0.8142709475,0.51189308675
45.579091163,5.6149666402,6.9333960997,0.402767397733,16.6413612498,12.147699248148,4.592274284136,0.016252242016592,-0.06675182806246,0.3612686550724,0.40281119839628,1.37081698,0.048747319012,0.91791115047,0.49227702753,0.49215179378,0.953656858564926,0.202705284353972,0.775956954918082,0.114224532417057,4.15729981955978,3.67158354886646,2.96734818345468,0.0214898515226794,0.0773348820592252,0.23343768744886,0.384557786272453,0.0775620922283762,0.00896126966887633,0.0519247586075206,0.0960056814967717,0.0149045948638599,43.707129325,5.23768449,5.6407504425,0.18741308775,8.8637036025,4.895231255,-1.27149855,-0.028799652675,-0.2065902805,-0.1000272525,-0.385012982,1.2269678975,0.031791719925,0.78862958575,0.312167792,0.46351315875,47.442530175,6.031670335,8.5735634675,0.61787796175,25.637490025,19.04360745,10.263761725,0.05763551585,0.086067681225,0.80743769675,1.103717175,1.527662105,0.066054665975,0.993058631,0.6888101345,0.522950438
44.731778494,5.3928989686,6.6439286552,0.2467662130818,14.7729242269,9.44663822253,1.69608986819619,0.003366100081139,-0.000610080281008,0.133429335296353,0.00894690525275,1.4142166216,0.055106740483,0.93796088729,0.452338181682,0.50735528272,0.967712367871628,0.189101182515607,0.752427139263109,0.111929684449371,3.92660938336367,3.63879355462148,2.95421645470159,0.0218809575742958,0.0770020213937898,0.232404629626839,0.391091606752939,0.0788549960457842,0.00935850791284639,0.0406829936369878,0.112623559695791,0.0143865723193925,42.8032517,5.03904704,5.3427633675,0.03615679075,7.2775166625,2.1874588225,-3.8050224475,-0.039322249,-0.15846904775,-0.29933650125,-0.69592986775,1.2637939125,0.037845776325,0.8399568415,0.226628951,0.48031984175,46.63369045,5.7676105325,8.328266395,0.47917129825,22.66019895,16.5797165,7.55415233,0.0472336113,0.14961810425,0.59427601075,0.776001189,1.5642143525,0.0742013288,0.99413887925,0.6794411885,0.53706376525
45.190490326,5.7097289342,6.9563892237,0.235335680978378,14.6419176023,12.46903050003,5.598874537411,0.0173666485030838,-0.09273318586787,0.440456677246,0.33559096670122,1.4506483065,0.055092000064,0.93484182243,0.63488308524,0.51455263144,0.989631464341499,0.200198052519799,0.776073462756126,0.121296020833721,3.64219822652151,3.50890651337113,2.60978645617586,0.0211443831498514,0.0682181947574875,0.205308738662077,0.379642222541722,0.0817225118665171,0.00984053728514858,0.0459760635544499,0.103034469048934,0.013820408682606,43.34752185,5.34646717,5.6393700125,-0.00293964430749999,7.3732859925,5.2128278275,0.7691452755,-0.02286341635,-0.22963707,0.060507727125,-0.387215072,1.308822395,0.03723112055,0.82559632075,0.456015329,0.4897304255,47.1925324,6.1374452775,8.64524843,0.46430688525,21.34373925,18.98114275,10.652433,0.059633966175,0.037489848525,0.838013968,1.09694457,1.6202811925,0.07606909305,0.99646529175,0.87155878125,0.5432155015
44.973316205,5.8361336557,6.5199583852,0.06778137402423,14.20629788213,10.39782763002,-3.1618480206952,-0.03749605371497,0.13690632485771,-0.24873875369235,-0.8852534490413,1.3836270341,0.058938161222,0.84523859557,0.3600806004,0.5125989619,1.00918004788614,0.20063528966128,0.73628323467379,0.103455857474012,4.3175780254917,3.70990742908044,3.63697206241403,0.0329992913239625,0.100748847237085,0.286116186844751,0.542694964444404,0.0802675561032179,0.0135403915474279,0.0752173904816725,0.0959657050097639,0.0140174191686217,43.14142315,5.449652525,5.16852785,-0.1265253655,6.3662693375,3.1309654675,-10.470832975,-0.100813172,-0.052557348925,-0.82372775975,-1.9361015425,1.2335739075,0.034638047225,0.69050816225,0.18368887875,0.48670694525,47.066771725,6.2291408575,8.054555585,0.27133340475,23.748141625,17.663894525,3.91750225,0.0326465185,0.33708349375,0.308185154,0.24492285975,1.55244657,0.086740667025,0.98417778275,0.559777011,0.54088998625
45.745981424,5.2865890474,7.711753225,0.48195549845,19.6115550308,13.2949015462,2.0254341855971,-0.000644042817484,0.009033908656377,0.15933845369918,0.089645610824728,1.19905651211,0.04669110063,0.89361583707,0.328490386979,0.52642902524,1.16000846927956,0.200790468495793,0.751593885714782,0.0971679128588001,3.55409429978937,3.30235038056482,2.71284846682276,0.0191943683876391,0.0712433459576565,0.213416502377864,0.354212711700418,0.0797342818639797,0.00808579589745819,0.0580524201307342,0.105387025517996,0.0160258108388412,43.548761625,4.9160604625,6.30955662,0.2918191295,12.3483329,6.6034800275,-3.2972204075,-0.037760009125,-0.1317000505,-0.25938833475,-0.58711081625,1.0566335525,0.0316891269,0.750737504,0.090623261575,0.4942519455,48.250254925,5.6843051275,9.2054153575,0.6698066435,26.673854475,19.5475866,7.077562605,0.038477220775,0.14767478725,0.55678327325,0.779891858,1.366523575,0.06379054765,0.98524147325,0.527468805,0.5576207355
46.106982876,5.6934103644,7.5774397472,0.54477171405,18.652219983,10.724492088,-0.1899912894466,-0.00707536042925,0.05718449099233,-0.01494638461001,0.00500789047466,1.2661343421,0.040300858115,0.94203160503,0.55593064844,0.49054135538,1.08711936109143,0.197818638264984,0.791961790827726,0.114776601776886,3.71553376109718,3.14116263184769,2.554206045688,0.01689094325169,0.0649485299083379,0.200936295326,0.320863736112472,0.0808157416187032,0.00755582662017491,0.0447902874001149,0.101526550189952,0.0138465825320633,44.14587625,5.3119839425,6.2484771875,0.32877606025,11.300022425,4.2412782225,-5.27054542,-0.041295032725,-0.065498086625,-0.414627425,-0.63963005925,1.1212231175,0.0270994598,0.83268202575,0.3725742505,0.46424562475,48.241553675,6.102158775,9.227114895,0.75085077575,25.947251325,16.737253625,4.4639347175,0.02587112365,0.18027039775,0.35117234075,0.63535404375,1.4342493325,0.056402488275,0.996162449,0.76617257425,0.51962003975
45.414543063,5.3349700481,7.3375571127,0.3099871178836,13.81273341898,7.553398048592,4.033658763292,0.026754631632349,-0.07373971160129,0.3173230484867,0.494837420382234,1.18205233677,0.041226390499,0.87991301066,0.58715374554,0.48911610857,1.13822111960774,0.207253997416269,0.745176474678084,0.113248419551225,3.80199348073696,3.70293445595483,2.69355973941028,0.0185748594934813,0.0676807727681223,0.211899081633765,0.340590590596257,0.071432821854257,0.00846043823111704,0.0528819005413238,0.0983165431386035,0.0140721777561203,43.30765495,4.951964885,5.94624223,0.0837040175,6.060256935,0.2430757135,-1.0368365075,-0.0110922814,-0.2080754735,-0.081566670325,-0.18869252625,1.05384483,0.024342962375,0.75996995825,0.41456684725,0.4627360445,47.59942515,5.7589646375,8.9629891875,0.53192088925,20.800844175,14.226064925,9.473007805,0.062327865625,0.063940366325,0.74523004725,1.1519360375,1.3307236125,0.057379880675,0.962437733,0.80346757425,0.51560082475
44.067906706,5.6747934434,5.8001449393,0.403483767794,14.9578822108,11.7455848628,2.4701712763716,-0.001195706528459,-0.0106436615712,0.19432538178247,0.130197000169113,1.2919665178,0.048902734276,0.94720625774,0.57012347847,0.5046354755,0.871917905274455,0.200347592067721,0.66770100833453,0.11589405394264,3.94254670562147,3.19208684677778,2.71858838324038,0.0213053213323558,0.0725322448316983,0.213868054620728,0.37348439347293,0.0759809126824448,0.00807839074405557,0.0346150344685586,0.112055236306518,0.0141695350445057,42.393739775,5.2913232675,4.6665095725,0.1932582125,7.5755290625,5.4057464525,-2.778147405,-0.042775736075,-0.145034637,-0.21855349125,-0.60536567575,1.1480839775,0.0338717773,0.86628677725,0.3445184845,0.47892465275,45.834844525,6.10006794,7.2381058025,0.64427324175,22.499254425,17.933056725,7.513112745,0.03930059035,0.13834633625,0.5910474745,0.846762336,1.437333545,0.065341013375,0.9967164045,0.80054404525,0.5327549145
44.955241721,5.7770727523,8.1662582992,0.21436897016829,13.7056856981,10.8230295778,5.075096519311,0.0189685859472167,-0.08638237874147,0.3992516952665,0.3379498696174,1.3495486371,0.062893685834,0.93724090835,0.35618112196,0.51074797798,1.20451912514406,0.192174574492984,0.877371563835852,0.0948452224812295,3.4392437452558,2.90819885273376,2.64115247864029,0.0188867489364913,0.0700883705272967,0.207776266152648,0.3445377287942,0.0741935091672234,0.0080390548256972,0.0247565950844823,0.0780359785945266,0.0140782822593344,42.488507775,5.40738003,6.5867937475,0.02219975985,6.775365295,5.336519545,-0.58703563975,-0.019629757675,-0.21218869075,-0.046181382375,-0.343517275,1.211367455,0.046667987825,0.88453503975,0.21868335225,0.48360156475,47.1711616,6.1542186575,9.9485826775,0.3954727905,20.11341495,16.5469465,9.80013046,0.054012764,0.0598818944,0.770964387,1.015130795,1.515512915,0.078663704,0.98153641375,0.524124329,0.538895742
45.615510976,5.5610057846,6.7517711595,0.21354084636352,10.86437389184,5.0119693113929,1.1749336893566,0.0108718458453385,-0.00784898021665,0.09243061001363,0.14750409737315,1.2476144436,0.066248021368,0.91174962482,0.65223769592,0.48625002262,1.06434289504133,0.202329706962801,0.735930012756997,0.139590417647133,4.71141611545599,3.78429809000329,3.03085109225805,0.0255978015232982,0.0820899494222347,0.238433383797829,0.426221601079635,0.0824892092489298,0.0115679110624998,0.0398923754682964,0.100855067368753,0.0154998510269042,43.62047825,5.1732744325,5.401135845,-0.061858505525,2.01190643,-1.8334504675,-4.6054695575,-0.040684368075,-0.16143249675,-0.362306714,-0.7138163545,1.098832955,0.044466659225,0.828506148,0.48141529075,0.455802532,47.71456505,5.9753670425,8.34001651,0.50027013925,20.1867042,12.526473275,6.9798735375,0.057135240475,0.15735686125,0.54909819075,0.90696279125,1.41705357,0.089920656125,0.9815248615,0.8690198585,0.51850256575
47.651183672,5.6074335876,7.4031821482,0.49582000285,14.2512478185,7.544540803491,1.911293906317,0.0124672540652156,-0.01571808005172,0.15035917619835,0.39946604435443,1.1939191664,0.041934800899,0.96606482984,0.53583214125,0.51471312816,1.09130289772265,0.204599778353695,0.803749936927709,0.115232657239858,3.87406821965504,3.39075068508206,2.46374275722418,0.0131513785132238,0.0596600424355659,0.193819658142164,0.272108848164227,0.0747797112231673,0.00617234306591758,0.0288369328130185,0.0861276177471109,0.0139485228886994,45.457490925,5.244996765,6.0205316575,0.2658777005,6.65051425,0.8497487095,-2.95282247,-0.0112969898,-0.138301857,-0.23229496275,-0.09889035695,1.0573937725,0.030503699275,0.89238212875,0.37643132475,0.487443045,49.78542005,6.032340445,9.159616125,0.7345717895,22.2506475,14.177482675,6.8308766425,0.0391768558,0.104560472,0.537376788,0.95493124825,1.340857765,0.05406736555,0.998896944,0.72117614575,0.543208962
45.469387905,5.3601767827,4.8785745171,0.08999533778592,9.077524703986,13.830758915,5.687158660651,-0.001316893429751,-0.08854756650407,0.447401882329884,0.076034365657096,1.04272724232,0.0632975110689,0.74155205655,0.46180148183,0.49700097819,0.782206044771848,0.207619140247758,0.594858066005069,0.112653518729651,4.67980154043828,3.84722145093896,3.64554449299241,0.0355329019354541,0.101376966978595,0.286790568864551,0.543874177868001,0.0818634431096112,0.0157142477264974,0.0892616164038746,0.0898621181246415,0.0150001701775269,43.801307025,4.9903824475,3.875258655,-0.12917013275,-0.282927478,6.5213434075,-1.32127174,-0.072454235275,-0.2849468245,-0.1039428445,-0.9931869795,0.89037068225,0.028379379275,0.54755668925,0.2969768445,0.465681235,46.923346275,5.7910185375,6.1887214975,0.30542064125,18.1309384,20.993404975,12.5513015,0.067762079825,0.10961558675,0.98739566,1.139145675,1.20344153,0.088136220775,0.89893852675,0.64807131625,0.52834441375
47.430994157,5.8357189476,5.716119664,0.20710554471235,15.12331403781,8.803823420295,6.644911945323,0.04295751406891,-0.13911809809806,0.522747173119,0.67615783865251,1.4478804769,0.054772964094,0.94656168852,0.363750134898,0.51968124786,0.874327631232266,0.213125062993862,0.646353868593508,0.126111724049994,5.23686889111702,4.56496338229052,2.9525664302721,0.0180793219503359,0.0721211005154892,0.23227482451359,0.333931052761365,0.0930836968859076,0.0102701269596277,0.0342254594671866,0.0913945315431058,0.0145563407931806,45.6231615,5.43664771,4.5701424275,-0.020756931875,5.92616688,-0.0361257381,0.68271841275,0.004712584915,-0.278574179,0.0537086306,-0.03941760445,1.27966823,0.035241100725,0.86774599075,0.1966165615,0.4938099305,49.05053975,6.27381442,7.1000774925,0.45674581175,25.977493125,18.32819785,12.754677975,0.0767958038,0.00633749627749999,1.003395045,1.30604047,1.63617905,0.07546505535,0.99733600175,0.543065165,0.54788658325
44.661968972,5.7692962917,7.9166511907,0.2568395698955,18.8229032143,9.12329817357,-3.1237056176848,-0.020521783196459,0.12968456839902,-0.24573813688016,-0.5776007182264,1.3152707174,0.055706008079,0.93490469185,0.46839275349,0.50326612162,1.21214179457822,0.210649071597464,0.857008150155191,0.105445971735294,3.64929489643451,3.14185004378266,2.68288678071614,0.0199220507797272,0.0717157229920969,0.211059453181987,0.360112579885785,0.0775714115145603,0.00775844552165285,0.035123770537482,0.0884948933397144,0.0147467156206389,42.2410105,5.3679808875,6.4804461575,0.0445129845,11.54843725,3.1703776025,-8.267964205,-0.0606362761,-0.01124622015,-0.65043072525,-1.2965599875,1.168690735,0.0417163009,0.85976134625,0.3094261985,0.4768303,46.803249975,6.210878995,9.688816435,0.4730379825,25.7527121,15.2303312,2.1315540025,0.018926285225,0.2750129865,0.1676867765,0.153692372,1.472519525,0.071067124425,0.992393961,0.65501286825,0.53371897675
44.157041781,5.6585563627,6.400764973,0.343202458591,15.8984469218,7.515824723193,-2.480418775089,-0.015314601277069,0.104293076020315,-0.19513154022684,-0.328729718250947,1.3254540029,0.059269211942,0.92752004037,0.54685426353,0.47275383335,0.98675894015158,0.20873044349336,0.7533167620896,0.116057639588865,3.79718940145459,3.32754196350179,3.06153570079452,0.0272217902706769,0.0850848210119324,0.240847304760578,0.456243485391939,0.0708842580433148,0.00973513775904157,0.048821526654645,0.0950844393791658,0.0132107274859436,42.284082325,5.2767840325,5.0145185275,0.11950251625,8.4711392775,1.291579215,-8.8232706125,-0.067625322275,-0.0606348933,-0.69411600925,-1.2624069625,1.19661127,0.042594159675,0.8211370975,0.37046027125,0.4481925165,46.1119034,6.0808383525,8.0281944775,0.59060021475,23.1900158,13.7422678,3.44158531,0.038746781875,0.28155155325,0.270745346,0.581895154,1.4687885,0.0799261063,0.9983781975,0.73941867,0.498174285
46.051986511,5.618735335,6.0320987651,0.19423974426973,21.0950172678,16.365697508,2.9434847199593,-0.004677393551691,-0.00119692707156,0.23156037703099,-0.25154433245686,1.17041858549,0.036689541621,0.89371952214,0.57776369892,0.50600099426,0.894216593377469,0.210316775435248,0.68495991343381,0.125881498916066,4.64239180946474,4.06827903503191,3.24002229934597,0.0263807955006932,0.08628159483485,0.254888629312971,0.447601225945888,0.092533138673255,0.0108960095440733,0.084205538726882,0.104146188094384,0.0161935893713481,44.2332509,5.2265590475,4.8244346175,-0.030339000125,12.300132675,8.238562175,-3.5876592675,-0.05765398125,-0.182222303,-0.2822368135,-1.1301398475,0.99127251425,0.018001306225,0.6990744115,0.395204646,0.47620697075,47.887958225,6.0716280025,7.516099015,0.45335389725,30.13590425,24.428418725,9.30226907,0.048447357875,0.169019033,0.731798242,0.6583013895,1.3548449225,0.060863602525,0.9942808115,0.801110303,0.53894874725
43.495318238,5.9039604766,5.3119287116,0.3016994727916,12.2445152789,5.504199495281,2.4035691143135,0.020728592120868,-0.039076444349537,0.1890858705256,0.38112361511894,1.244330628,0.060242086769,0.8587449841,0.53852684125,0.49271944173,0.82146799982397,0.21924628622008,0.662729882971117,0.115494058633712,4.19706935846015,3.93013970277056,3.31181447300599,0.0356536965530606,0.0954147168032178,0.260536432361374,0.547556920900608,0.0783612827834355,0.0126207602882425,0.0738961899464732,0.0892290784248548,0.0146172402374706,41.982856575,5.4997487025,4.1750681125,0.077009247075,4.960265695,-2.1900589925,-4.13385692,-0.05114832895,-0.2255997415,-0.32520551775,-0.696067439,1.107223395,0.035461505725,0.698733894,0.37775862425,0.46603278175,45.085934475,6.3707540575,6.7156784125,0.52521991025,20.605371075,13.1517056,9.00273168,0.0902108038,0.148152816,0.70823399575,1.4123796725,1.40835685,0.086602276875,0.980550437,0.73234801475,0.52256705775
45.634983779,6.1113897209,7.7401479712,0.364776000123,9.111854681416,7.8432156298728,7.2975257625738,0.038013100932034,-0.1616291012902,0.5740875110746,0.9342992716582,1.2808792383,0.045397228885,0.95807640162,0.55507893652,0.49151773969,1.22690356343462,0.238721253808463,0.885596430430612,0.122895687037021,3.96438473515182,3.14984672895553,2.62031759563509,0.0178383362221686,0.0684558520206097,0.206137210457684,0.341545505177066,0.0819646220268661,0.00724101466768899,0.0326569411111381,0.0922794453817343,0.0143419700259273,43.251202525,5.6797729375,6.179219945,0.12787336475,1.5801302575,1.7971227525,2.3807697725,0.002811054515,-0.30072837775,0.187292272,0.27634312175,1.133568585,0.03235945055,0.8843283595,0.38685242725,0.4634435525,47.93649315,6.591385165,9.6562468575,0.604913312,17.027679175,14.1956256,12.57147645,0.074948145825,-0.028217770025,0.9889828155,1.6141154575,1.4601545575,0.0610869888,0.99782500975,0.749363639,0.5194554015
44.726461908,5.6756793888,8.3723684303,0.2471850926139,13.0586624536,10.8200184975,1.56774949989429,-0.007911804821054,0.0095585268608716,0.123332953912154,-0.10516484376104,1.372414617,0.051691288309,0.91016537975,0.259878560958,0.5039338639,1.12632588453696,0.201758130291894,0.834139720114916,0.0911195341769324,3.6616050882591,3.119766367679,2.90201213556056,0.0196706617177761,0.0754047223095899,0.228297779105518,0.364704834815949,0.0742231411071438,0.00817580614080328,0.041606107898023,0.100482526422164,0.0145799104941687,42.651934925,5.28618879,6.8621300575,0.073458170075,5.6606073325,4.8951389825,-4.4573705775,-0.047768612125,-0.1338397525,-0.350655947,-0.84406640125,1.2349291575,0.0362777316,0.81566351425,0.0572390076,0.47647946125,47.0363721,6.0658741875,10.1389349,0.42651284975,19.90783665,17.189523875,7.099617325,0.029142495725,0.158236243,0.55851829725,0.61610576275,1.53605147,0.068118394675,0.9783274905,0.4587581665,0.533032296
46.084575315,5.7913830775,7.4185261966,0.401785855313,11.704683069555,9.18844871544,2.3687869137734,0.00222986162104,-0.020265579334462,0.18634959685928,0.24664492880239,1.2388818395,0.040035645108,0.9154713724,0.50268652847,0.51262151003,1.12178730068295,0.212049127915848,0.832962131996461,0.105581419137905,3.42088838692694,2.98979981244837,2.55574230049824,0.0186248045904921,0.0675166361692414,0.20105715070275,0.346650759377446,0.0729518009019255,0.00788399167308417,0.0574126829590607,0.0979307255635618,0.0146782806110443,43.941907175,5.38447722,6.0322581175,0.19030668875,4.9929239675,3.3586120675,-2.6145130475,-0.03279281995,-0.164918343,-0.20568057075,-0.419599078,1.10461795,0.026663380625,0.7819907255,0.3198118095,0.4840173995,48.428120425,6.2153275175,9.25763806,0.6061688365,18.3940301,15.336147025,7.6130931225,0.0391035115,0.11521177125,0.59891280925,0.92120107,1.3888269425,0.05646386265,0.9962885855,0.704840394,0.542496152
47.350413651,5.2941031309,7.3534108275,0.24786313285195,20.5223691233,12.4841904018,1.3783091665272,0.000545851924287,0.02280833613561,0.10842991245717,-0.17472210893872,1.4145719907,0.051287801697,0.95228885622,0.51763361156,0.53236632025,1.05746148119972,0.192278981538678,0.775269213915439,0.126541121572529,4.08019282902386,3.23828517624412,2.66682182939453,0.0164559867118624,0.0685084174232031,0.209795642656468,0.312492321609462,0.0884570213980144,0.00844790771843794,0.0326223627738015,0.0927218999798073,0.0140221610432025,45.306087,4.920215535,5.9544084775,-0.004848301335,12.439945825,5.7500527,-3.9153874325,-0.0309599769,-0.1168611065,-0.30801879025,-0.760473458,1.259215425,0.03589383045,0.87290780075,0.350958107,0.50608549975,49.466615025,5.6731085025,9.0184504275,0.493515458,28.378767475,18.910328375,6.9056643275,0.03323416165,0.15702311325,0.54326024525,0.47356993125,1.59616756,0.068560389675,0.99714633225,0.72598085,0.55950311825
45.855164141,5.5336618346,6.1307003381,0.2897042100834,18.5409040498,15.7730388203,1.7655520817484,-0.0164567916384814,0.028156564681436,0.13889384327933,-0.297570746147218,1.4897744039,0.060244157905,0.97318401817,0.45226959837,0.49966525084,0.896455724223183,0.206850896694737,0.730797733874272,0.128614175352911,4.93741481937403,3.97725234848155,2.81142996796934,0.0202773565017057,0.0729170508169511,0.221171789677695,0.356024306841857,0.0966674914651172,0.00884716469202068,0.0233577522664103,0.0959624706777376,0.0146654279702409,44.10376565,5.148114285,4.85183161,0.025223615525,9.1436295575,7.673069245,-3.5577066025,-0.057385445225,-0.1180851415,-0.2798804695,-0.988429428,1.3151536275,0.0440277008,0.91104699625,0.2754947145,0.4728734365,47.75827845,5.9475290525,7.83592798,0.55347294025,28.24234775,23.5073428,7.2677701675,0.022378712925,0.16299619025,0.57174667725,0.4049080905,1.68816668,0.078060948625,0.999205261,0.64043333525,0.52831378575
44.250069431,5.80313004,7.7748064443,0.3217951172189,14.42729017364,12.3027513935,6.1775168293363,0.021816611635667,-0.1093699621165,0.48597776535571,0.5083265057892,1.2711084509,0.04273297429,0.91605266686,0.65352218872,0.48217950494,1.06614224014022,0.213508604798109,0.847749289564148,0.130076102276103,3.76526418283427,3.05414991746131,2.87838797036055,0.0235102069897445,0.0787614713754504,0.226439294578318,0.421174963279558,0.0797470507415031,0.0100269034343056,0.0637239086439537,0.118179231886279,0.015645043046567,42.153940925,5.428951685,6.2764857275,0.072619789,7.4167479875,6.492175145,0.374614056,-0.024194215075,-0.25631416875,0.02947043375,-0.32284629975,1.1276478925,0.02597796635,0.754512912,0.43479156575,0.4526240835,46.3319644,6.24395798,9.5848906325,0.5882744365,21.85535865,18.4728666,11.599205875,0.064882589575,0.047614142125,0.91249550575,1.27550588,1.4351367775,0.0665798151,0.99730122425,0.89825741225,0.513747225
44.585564832,6.038588764,8.4875861796,0.127909738244237,13.8676712156,11.7085567459,-2.13924053091989,-0.036932328309543,0.11528310806019,-0.168291461006224,-0.77066450856233,1.2454642646,0.039494637161,0.83587763355,0.385825839157,0.49947979117,1.27877503938606,0.199254952713901,0.917910426523549,0.0994927707909479,3.46870506242184,2.71176516304524,2.98313413977497,0.0248992035975855,0.0838123243239582,0.234679548967798,0.439355757908228,0.0721698610880693,0.00997474360944563,0.0970287407000802,0.108691213887712,0.0132772277973687,42.27608325,5.68159059,6.870067245,-0.061058084825,6.6077128175,6.283624585,-7.8132450225,-0.085673884075,-0.06394118215,-0.61465852375,-1.6226114275,1.1095488075,0.022483465275,0.6238249375,0.155882128,0.47481401375,47.307220225,6.45541419,10.3329836,0.33534010325,20.50163835,17.0800366,4.190387085,0.0128710663,0.27104431625,0.32965267175,0.1162163825,1.39523668,0.060008179,0.991905992,0.6070521835,0.5248316775
46.410545709,5.6506782407,7.8476255811,0.12304593677442,15.8538035071,13.88152654472,0.908369218543,-0.020240538989467,0.04243869611657,0.07146030609083,-0.48406239688735,1.4370270883,0.044726819439,0.97382900076,0.71430553812,0.49860805166,1.13632966000016,0.210805172953718,0.826936773817734,0.144922446727947,4.49820241790252,4.03064428226984,2.7673573071035,0.0168678438586847,0.067769445429814,0.217704646814189,0.326142252040939,0.0866111488411964,0.0075451133816015,0.0251059919397927,0.13022007619403,0.0154933764160933,44.1697315,5.26609192,6.343927975,-0.15294401825,6.7852287525,6.15715614,-4.2426677225,-0.0500609258,-0.0907443977,-0.33376552925,-1.0986586825,1.2771686275,0.031408269175,0.91079676025,0.47176203525,0.4675420165,48.74782475,6.06957048,9.664494005,0.38634004975,24.58539815,21.04741105,6.13790959,0.013356359225,0.16354171375,0.4828619105,0.129052918249999,1.6149696775,0.06110634145,0.9993458035,0.9991509445,0.52961900875
47.360879725,5.7871415806,7.2009432692,0.490188885258,18.55068502153,12.213412326682,0.3240435385245,-0.010456848018997,0.05033879866614,0.025492112633364,-0.0725354915208,1.4855889279,0.06044622454,0.90695776903,0.51781713665,0.49343864378,1.06448720468083,0.237957218966736,0.812320082202416,0.137962066583261,5.20805334435884,4.28002548077331,3.00744731463975,0.0201204998383146,0.0760074685860878,0.236592237111234,0.381556923311051,0.106138667203817,0.0102524096254438,0.0445007780668594,0.116493168056027,0.0154797678940217,45.49588145,5.3604031575,5.828476565,0.2227072935,8.21591193,4.22775156,-5.4362441325,-0.05059693105,-0.105134804,-0.42766273575,-0.8016204745,1.2897910075,0.040476925,0.81285560275,0.30258896075,0.46425521625,49.64560425,6.27361902,8.99317023,0.7667306995,28.57625885,21.347579775,6.662513355,0.03066721835,0.1960459085,0.52413185925,0.69479167175,1.71776989,0.0822008922,0.99332889,0.76778705825,0.5256050905
45.844391243,5.8437744093,7.767424018,0.14183749502252,10.96390241211,10.7751848123,3.1181084815661,-0.001398794261864,-0.03307418803056,0.24529781686592,-0.0155485332212,1.2680845634,0.044416684658,0.90591204972,0.60122885527,0.49960384933,1.09369001851086,0.214782761603287,0.844343260244831,0.117860603763478,3.71760995094705,3.12099539945301,2.73512424084096,0.0215786557678881,0.0732643981222717,0.215168910909497,0.388114940663991,0.0763962225694514,0.00960440172383542,0.0541212581761507,0.105213730878458,0.0145060670955123,43.763111875,5.460316735,6.2608717275,-0.10811335925,3.63939239,4.89587205,-2.229384965,-0.043432782425,-0.18064864675,-0.175383017,-0.8004352355,1.128817195,0.027829858725,0.7843109725,0.40798404325,0.47311546325,47.96682315,6.2871394575,9.5636003725,0.3745608905,18.807281375,16.608478325,8.637251495,0.039605970975,0.11214909475,0.679482112,0.70643695475,1.4295707425,0.064000287,0.9926792025,0.81806002725,0.52756135275
46.641491055,5.8667299268,6.7358797752,0.12714919314399,11.89635154033,9.075596912814,0.92929613446008,-0.00721600531155,0.01856958033893,0.073106601160034,-0.2129813761972,1.307906218,0.051430505185,0.87695130101,0.56149058012,0.49219230683,0.963811223852345,0.215297565101422,0.683561007524659,0.123731048491186,4.09223264449179,3.4603796930126,2.76370283698605,0.0198458007547716,0.0716774221078966,0.217417154406954,0.361849049355505,0.0866795999832969,0.0103463958622222,0.0612107136200225,0.0967006905519039,0.0132454333004055,44.692494125,5.4609950175,5.5205538475,-0.096279094975,4.0119588125,1.69143295,-4.245829335,-0.045758874625,-0.1204020415,-0.33401424825,-0.90743231725,1.1545057575,0.03062705085,0.739372842,0.37999173875,0.466571658,48.45717955,6.29870224,8.267149665,0.36676452375,19.72447625,15.46808565,6.21399578,0.032000223975,0.1545769375,0.48884751325,0.502640164,1.480618255,0.070627245375,0.97232558275,0.7637164695,0.51918412125
46.496471484,5.5612767694,7.3990865038,0.324908287769,15.1619865917,11.0934825162,-0.0449106508916,-0.015909316173837,0.0550039819034,-0.0035330667328,-0.24471871018319,1.3348940436,0.06464688734,0.93458041621,0.50377204601,0.4909210976,1.15038143298217,0.19592031018904,0.765429086905889,0.114305344477226,4.08302917281191,3.41783234479383,3.08422600529797,0.023162248857307,0.0811133904641912,0.24263232343873,0.413277071409358,0.0817147828564483,0.00908880080232182,0.0254282926121708,0.085747123001574,0.0130992841960173,44.07340275,5.201150605,6.021088055,0.09966358315,7.283224875,4.469318925,-5.9736944275,-0.06016343375,-0.099344536575,-0.46994330275,-1.00076976,1.1936141,0.048007788825,0.87523059775,0.3548343485,0.4678513895,48.769813425,5.9639033225,9.0213028225,0.56499606125,23.3809874,17.6650069,5.889688585,0.028822994075,0.20945465725,0.46333466925,0.544855598999999,1.515591495,0.083089915475,0.97606951025,0.69258131575,0.51852515375
46.061951156,5.9199016274,6.9934989893,0.24191171960549,20.7020067015,12.9218842729,-0.87201659458824,-0.017332566098358,0.08649541881152,-0.068600489225221,-0.5084137788796,1.3484176655,0.054598448979,0.94207739127,0.44502810063,0.48266878152,1.05265258854689,0.232373082522753,0.783355340255811,0.118090844484738,4.31398462673611,3.87164417209002,3.39738872352181,0.0228663980447152,0.0891410941951916,0.267268455200004,0.430621939658743,0.092916225318534,0.00861707698665461,0.0347715139122305,0.0865245045829257,0.0155639331034115,43.875299425,5.509721595,5.6274522775,0.020409389225,12.406984125,5.4091780625,-7.4127618575,-0.06069094235,-0.087819771075,-0.58315299675,-1.350545045,1.185416655,0.03880736125,0.86266073425,0.2906606295,0.45379246175,48.1206068,6.395763715,8.6347707325,0.468851297,29.383066625,20.667351225,5.9064889575,0.026663693525,0.25679807225,0.46465632525,0.300846819,1.5527560225,0.0719342666,0.99359746475,0.62898017825,0.5140592335
46.717453292,5.8831150248,6.4258189389,0.2276334273697,9.891035840563,9.935749431008,1.3969791081892,-0.012498217497676,0.009944070687772,0.10989865414684,-0.117742715528254,1.3319053398,0.057450816964,0.87468732023,0.417411692542,0.47241560968,0.882997226371631,0.211656648820472,0.735374162204993,0.123300226458283,4.70732280060086,3.91980015301976,3.23029424726903,0.0218250947156484,0.0833687196310549,0.254123335355637,0.39770774027018,0.0876320853967407,0.00934444745389495,0.0452873149916547,0.0998161306121807,0.0143990070876749,45.0567482,5.4884310875,5.2101112,-0.001525418865,0.5877835755,2.06953341,-5.0055987725,-0.05824310105,-0.15186339175,-0.39378439425,-0.943209617,1.1508160075,0.03841651675,0.77440065575,0.21232280725,0.44610526725,48.383987325,6.30713028,8.12118543,0.48543509125,18.9515351,17.33882585,7.6767677625,0.028947547375,0.1761609025,0.60392201925,0.622205351,1.5006833275,0.07601695245,0.948133609,0.622154491,0.50259201475
46.887487221,5.8683548076,7.4417409331,0.1783355186144,13.09134695222,8.17421135904,-2.54537104358688,-0.025400504562541,0.10926157575933,-0.200241256503772,-0.5641733973014,1.20211859904,0.046937154084,0.86883370785,0.4228720303,0.52151680778,1.12358160049535,0.214019209929794,0.790731004709519,0.103029018802018,3.47564958533827,3.12681349882347,2.82275709495367,0.0206312825439318,0.0752617037493596,0.222062880936591,0.373396778370719,0.0749581882920865,0.0108657456985603,0.0623492971656452,0.0935487583452831,0.015582681664066,44.815911975,5.4812455875,6.0733374275,-0.017379155625,6.416913345,1.9481275175,-7.962243695,-0.06399894015,-0.04547391065,-0.62638006375,-1.2485591325,1.0636534975,0.02604632635,0.727426438,0.2553172275,0.492078144,49.035945125,6.3093225025,9.1392701425,0.3848632205,19.819574275,14.2500074,3.0703100625,0.0168429102,0.24669604275,0.24153757,0.246613493,1.3492545825,0.0669598072,0.98008475025,0.61162121925,0.553821364
45.190975694,5.8398346806,8.0100340813,0.08704185147995,10.41940342749,10.9114404066,4.922498393236,0.009752197797349,-0.08177896536577,0.3872469850617,0.159526536718,1.2559945038,0.043918477568,0.9568008511,0.62359332057,0.50470317355,1.24819808274906,0.235436915955047,0.87543512564578,0.130126318290802,4.195456785201,3.27444939624957,2.96459653762943,0.0207098976851708,0.0784704741256126,0.233221217906444,0.386819047554914,0.0824161308435178,0.00757765719207714,0.0353274532798584,0.09978094075958,0.0156933807372068,42.777725475,5.3861803375,6.5137365375,-0.16768755025,2.58861481,4.744535865,-0.84890844425,-0.027228988925,-0.2335991355,-0.066782599075,-0.541315493,1.104596195,0.031447229575,0.8660728315,0.45482471875,0.47540046425,47.57990395,6.32854015,9.7707588575,0.37095549075,18.6944099,17.6664379,10.713709775,0.050844217,0.06815504995,0.84283454475,0.94636785375,1.4273177075,0.05985535435,0.99802185075,0.835310672,0.5339721765
46.414327141,5.7808668576,6.3124492392,0.20646222870963,17.6200603942,10.660101037732,-1.9334982353377,-0.02181358625284,0.104571967072213,-0.15210596374845,-0.5714775836907,1.4133260442,0.056152696246,0.96432549582,0.63959593106,0.48286077653,0.955173585448868,0.234501976709641,0.682402561169082,0.148978140134269,5.03609655516845,4.26008677177145,3.00029264125372,0.0182901558683981,0.0752142291947273,0.236029387347741,0.345983485188165,0.0970831892572419,0.0102621022476653,0.0242914196110917,0.114262415478333,0.0135416182528968,44.5026207,5.3396047275,5.0990093175,-0.073346600175,8.3771324425,2.1532983025,-7.6583037775,-0.0591715406,-0.0346173805,-0.60246948575,-1.29884313,1.2356915825,0.038450187675,0.902993143,0.4388211805,0.45706587125,48.3618048,6.260350175,7.73223829,0.4960880375,27.556803675,19.2326977,3.6520767275,0.0124144136,0.252887101,0.287304449,0.0895702677999998,1.61902715,0.078101822025,0.99743989075,0.8996225175,0.51000462725
44.07179933,5.9282112299,7.4066051896,0.146430183379962,13.7937946855,11.86184851834,5.537137052769,0.0177301235465398,-0.093987440304964,0.4355998640166,0.269099405255653,1.401480003,0.047627392397,0.91040689052,0.25780679657286,0.50827773285,1.17581140578366,0.219938946342587,0.813687988941234,0.09861475941931,3.47725423283618,3.29813740249232,2.73970916471469,0.02208155139991,0.0747802716740868,0.215529600765865,0.387737972217673,0.0798820134789477,0.0102004633450284,0.0717021837175214,0.14264394516339,0.0143821760438611,41.705164875,5.5213656175,6.00126662,-0.0444240373,6.921078685,5.3354660225,0.21931258975,-0.02278590995,-0.2442030455,0.017253055875,-0.4587798595,1.25222493,0.0304516178,0.7596592595,0.015517203725,0.48006132275,46.43641585,6.3875106275,9.1150907775,0.351215005,20.8640397,18.2976038,10.84078005,0.065474109275,0.050046463575,0.8528310725,1.12670923,1.56292029,0.06925446845,0.9979016385,0.53496861375,0.53734063875
46.176525769,5.5211938459,6.3821912187,0.17917829873509,4.7644073792698,0.63072059456519,-2.9934323150861,-0.013395740640138,0.08495300083525,-0.23548969380167,-0.22508618203357,1.311426116,0.052565993853,0.86544892666,0.43000250083,0.50543122706,0.950994847871613,0.216240088710786,0.722527956107529,0.117973092348987,4.52781988652895,3.89767737654117,3.34865486429131,0.0251772545737445,0.0869718238790393,0.263434621104576,0.437111636672675,0.0863311049267281,0.0112504648734085,0.0714020002535499,0.101184187942055,0.0155446870543923,44.416626575,5.12861818,5.09470836,-0.034547726225,-4.539754455,-7.623078965,-9.27287511,-0.0643708299,-0.086607071175,-0.729485851,-1.096136725,1.1609806775,0.0331435955,0.70834213375,0.2494249775,0.476179847,48.25845375,5.979807625,7.949754,0.42635461,13.53839635,7.8885917525,3.6049998625,0.03298477915,0.2414680435,0.283600969,0.5939232735,1.486865515,0.075462312075,0.9799089975,0.63023186625,0.537200177
45.977611602,5.5783145101,6.6015661616,0.21369956300013,13.4420213588,12.8286796536,4.848155377041,0.007463964441083,-0.070451302088815,0.3813985102622,0.18187581879134,1.3564616791,0.060376908608,0.93320964661,0.328396239126,0.49450359993,0.984048165478453,0.214951020005204,0.787444018059397,0.110703709300106,4.62592384047159,4.02544625635293,2.96253334215118,0.0215338941987442,0.0767501747045581,0.233058908911791,0.383693891497639,0.0836930846528276,0.00931927654936157,0.0355982765054282,0.0954912442025142,0.01472558546811,43.86602425,5.2057953475,5.187090795,0.01970699755,4.8013081525,5.266442335,-0.9801274525,-0.032629426825,-0.221071931,-0.077105438575,-0.52204943625,1.1989035125,0.043040223625,0.8456846535,0.128341022,0.4661950445,47.868527575,6.0348927725,8.3436488425,0.444154954,22.3480799,21.037943075,10.6871307,0.05049806335,0.0768947695,0.84074361625,0.988757227,1.518119625,0.0799995511,0.986306878,0.5192357485,0.52402055875
46.836935294,5.6904371517,7.4739975668,0.28081123008433,12.24320330281,5.105642404823,3.03923911679,0.027161914640573,-0.058399369124478,0.2390932594955,0.47003977822337,1.459911276,0.052345792836,0.91739072721,0.39665479581,0.53914190629,1.07968814312871,0.216991545532803,0.829280767524699,0.122242722447927,4.51344272984477,4.0025710953299,3.25986971484458,0.0224098096725091,0.0841688306528452,0.256450001369618,0.420424411179569,0.093736738241942,0.0103283415507363,0.0448411589558425,0.113319604416182,0.0160142476555095,44.66147005,5.30430663,6.0488584525,0.036650053425,2.73722409,-2.740307745,-2.778894975,-0.01606007825,-0.2244816905,-0.218612302,-0.33932934875,1.2861895625,0.032239918075,0.81948291525,0.174128865,0.5066060995,49.001407325,6.150794735,9.3109006625,0.513118006,20.72097565,12.650618525,9.35255005,0.07141347195,0.0982470505749999,0.735753781,1.3013515275,1.655501465,0.074565145275,0.99499704575,0.61898217625,0.57164137525
45.734854471,5.8982205193,7.0953090893,0.21239232980393,13.7772517771,10.29490184776,1.3005638323909,-0.005739905423663,0.01432282089322,0.1023137812083,-0.1381669280084,1.4019527325,0.051640502599,0.91847967073,0.58791887065,0.51033170761,1.05867259193237,0.20616463233628,0.777048478555368,0.124282175273197,3.94379454865296,3.19388507521091,2.95942290682823,0.0255431309846788,0.0807614143592707,0.232814215017603,0.445140187322193,0.0788348160416981,0.00971678505956781,0.0487836987272312,0.114328012593506,0.0142782011763917,43.747554575,5.5342329425,5.813912895,-0.018045132025,6.104504365,3.9769170075,-4.8791009175,-0.0566830563,-0.14611628225,-0.3838329555,-0.99951571625,1.2623986,0.0342187353,0.8117900875,0.383562169,0.48307340775,47.805734225,6.329177595,8.832486355,0.45225448025,21.236051025,16.1020606,7.3400863875,0.0429392168,0.17717808625,0.57743570825,0.68278754425,1.57141123,0.071376738,0.994512761,0.8160651385,0.53872113875
46.732557011,5.6696412983,6.0866462567,0.461005040851,24.6700918693,20.4530993007,5.5048344024866,0.003397401239383,-0.0514578808572456,0.433058654011,0.13623093352409,1.2854816401,0.065486219189,0.90003391527,0.71215399271,0.50582504861,0.881201697016676,0.216053096215082,0.711414380788629,0.151745140125819,4.66975391802626,4.12103071376294,3.13421658962133,0.0265388818874914,0.0850699588528623,0.246565022828509,0.444786656134885,0.0912925823882239,0.0125816070162531,0.0448818391383765,0.11515200680259,0.0153790178678025,45.02094205,5.25665108,4.8197427875,0.1220971745,14.736955,12.19299535,-0.53002339375,-0.051223297525,-0.22206735325,-0.041696298425,-0.747348046,1.1189735875,0.041892495975,0.7977404235,0.5036697505,0.47745255725,48.431157025,6.114650505,7.6133960425,0.7478655595,33.75539535,28.557126525,11.61290975,0.0547412195,0.112173523,0.91357351125,0.95084140275,1.4826008125,0.0914469569,0.973098424,0.95720193375,0.53665219275
44.93652359,5.6405422466,5.5327321481,0.26611375425907,18.2285658889,14.3329537947,-1.19124985339494,-0.031945301120162,0.10206925276516,-0.093714182963861,-0.6325121712796,1.3296735154,0.062685880456,0.89804017862,0.64269922701,0.50208196617,0.802403402876039,0.184014590473548,0.639441343000036,0.125940400393639,4.15468103464424,3.60210355271735,3.40376086704555,0.0317459743628391,0.0950833187577313,0.267769743953231,0.507577087423167,0.0757206170205665,0.0119857175314932,0.0571675898058084,0.103413919369528,0.0146260502678936,43.32471775,5.2875397075,4.4086988575,0.01302336825,9.8744177425,7.26187901,-7.63368355,-0.09270845855,-0.085966213225,-0.60053263975,-1.54714733,1.19749415,0.0415606695,0.7766321525,0.46545484125,0.47324680925,46.581417675,6.009311985,6.94618987,0.50264970275,26.16873315,20.973190175,5.493217135,0.03201118495,0.2812227205,0.432144743,0.40798864775,1.485480355,0.087610416475,0.9912801835,0.862563116,0.5301854405
48.357869072,5.3700316198,7.4686208184,0.436253529378,25.0885680758,13.16960802669,2.093717647787,0.01326850835138,0.00655842411018725,0.16471023110813,0.102758924165943,1.24202760946,0.044982302619,0.86885123488,0.54628046707,0.5361082781,0.98465230446428,0.207125392414071,0.804935593808768,0.126335872278695,4.84004766757654,4.44831384881081,3.10291106342557,0.017633530734051,0.0748375173512059,0.244102254423545,0.339680411025063,0.0894033497419065,0.00850701682466656,0.0654010725240393,0.0905154675742654,0.0159260592829493,46.39704935,4.967493565,6.01299551,0.1939464755,15.374387025,4.557061955,-3.8405309025,-0.020530299175,-0.14137742275,-0.30212991775,-0.570169878,1.07331412,0.028738046875,0.7115166165,0.383229282,0.507511359,50.2895308,5.77398578,9.17564183,0.69642205125,35.0481282,21.816972525,8.159738995,0.04786263575,0.15241556375,0.64191678125,0.740283923,1.428389565,0.062851406075,0.961966433,0.74073924025,0.56841035625
47.805746153,5.6419129267,7.3647255313,0.2229768250897,7.759939313466,6.532674263266,2.3695350622073,0.005227707053248,-0.03315982811436,0.18640845268702,0.20044720925381,1.3391698609,0.044440669342,0.95671397702,0.47107130615,0.49335256989,1.1713773827214,0.213537212621396,0.77225980551701,0.113704987954156,4.19743875652153,3.77266928471252,2.69109641919249,0.0140268028677586,0.0650635047401192,0.211705295305816,0.289502132202429,0.0853363280441521,0.00810983616835927,0.0298823579373016,0.0942465669767143,0.0137342204610693,45.6121884,5.2422219275,6.0320324625,0.00753244531500001,-0.33896667625,-0.9401536585,-3.2164255725,-0.023276572325,-0.15477116275,-0.25303230075,-0.4115810045,1.17982084,0.030286818,0.88643394625,0.29633624375,0.4676341155,50.169336375,6.0689538525,8.9998750675,0.434671687,15.670460175,14.148348225,7.306803385,0.031199501725,0.1027231595,0.5748173705,0.73056136375,1.51380851,0.062296456925,0.9981128185,0.6551405315,0.521401263
46.921298896,5.6292088036,6.2550485902,0.468070241867,22.0107738473,19.2874491588,6.2457313352746,0.007896012253335,-0.07737810771515,0.49134411831098,0.293874938277943,1.4612918604,0.055775365554,0.96997819021,0.51007548566,0.4947914831,0.936840597634148,0.214448716630465,0.707791466258944,0.145663268527893,5.47236709240246,4.74953491544311,3.15626563913415,0.0192501112289323,0.0764660491508479,0.248299595109815,0.365520623583684,0.105532277235702,0.00921883442767571,0.0255433183180259,0.105534424585435,0.0168579841631894,45.053368975,5.2322996075,4.9902295525,0.16836243375,10.1296921,9.46268421,0.20926654,-0.02963265355,-0.22499373575,0.016462745375,-0.42639704075,1.280603935,0.038849457675,0.9045728225,0.323270178,0.46414275075,48.78244565,6.06261178,7.6946824975,0.7546603015,32.049198675,28.570225725,12.3883705,0.0460995914,0.0648247715,0.97457812125,1.004636535,1.687534145,0.075571997325,0.99885931175,0.75018145,0.53009353975
44.332377269,5.2689414175,6.0998045205,0.337681232807,19.4524644004,13.4422727163,0.251236761207,-0.0145334510401575,0.0582875386077188,0.0197644917317,-0.3032139317879,1.3434435351,0.04951648602,0.93429073694,0.4258719574605,0.5236933883,0.936996326857926,0.192098244182399,0.721350463948579,0.106140719161881,3.77412395016407,3.12514379545156,2.73134508667739,0.02240287171789,0.0734913450114852,0.21487160892023,0.381460148372572,0.0704113882564646,0.00809320009176438,0.0554865843646865,0.132539658170796,0.0149151121253546,42.6132332,4.89595671,4.882757165,0.13861673175,11.96381655,7.3861183075,-5.0092121575,-0.059181781325,-0.0799197427,-0.39406864925,-1.0550991475,1.210350685,0.03355102895,0.80367820875,0.0988731299,0.4965719655,46.150073825,5.6745361025,7.6572103875,0.54829917825,26.7160389,19.8151134,5.4572457025,0.025248276975,0.201785417,0.42931491525,0.400226914,1.479755945,0.0663019877,0.9976813595,0.66482134575,0.5543519045
44.855599781,5.5060861575,7.1713884332,0.3649017955921,19.3286096399,12.398138742,7.307719050028,0.04104575754497,-0.13982813164255,0.5748894048138,0.7349673970088,1.2864790235,0.045231320649,0.86514324208,0.443162325296,0.49950129748,1.05747069107028,0.198956106016046,0.810575895457637,0.106414342764963,3.57057516387487,3.21647002018937,2.71115874646459,0.0201105605519648,0.0705625688038061,0.213283573814864,0.361959081342097,0.0723758085977389,0.0105054528876479,0.0718465358759088,0.109149413985631,0.0152096690976475,42.742664475,5.1452518125,5.7717719575,0.16335349125,12.305787275,5.67740497,2.2346806675,0.0034111665825,-0.28104838725,0.17579962275,0.02903889385,1.1538500375,0.02542981485,0.70168741025,0.203007352,0.46953771725,47.0122052,5.9108406825,8.894582865,0.5637193985,26.34181965,18.096538725,12.607017225,0.082817488775,-0.00360755201000001,0.9917788125,1.472995585,1.4330132375,0.066511740525,0.98658526525,0.648729245,0.528780044
46.154039192,6.1756860969,7.5527369189,0.24680583956228,15.5789751319,12.1782797724,-1.63540376744742,-0.031439683628599,0.10377589326759,-0.128655233190459,-0.5997564863876,1.4063127389,0.060004169618,0.95784102534,0.53637287472,0.49262935358,1.05106432540305,0.237874774001975,0.828146239218416,0.121373978255551,3.95968399441909,3.36231514416489,2.52834964189952,0.0194597066784932,0.0667003571334033,0.198902203416304,0.360570114956244,0.0828529724935012,0.00876770083682943,0.0303390141765816,0.109632349439942,0.014050917662632,44.148631525,5.7365896925,6.0998836525,0.0127088124,7.6161292025,5.486849585,-6.4099912525,-0.069512584275,-0.03234025845,-0.50426624775,-1.3315349,1.2578248275,0.043524572925,0.87907432775,0.34345753775,0.4667647915,48.212690725,6.6773222225,9.3063584,0.48640210225,22.7825779,18.65606815,3.4582978825,0.00745697610749999,0.234225906,0.272060099,0.119112301,1.571644295,0.077446426725,0.9977782675,0.765286758,0.5204123235
47.0912501,6.0537491183,6.6117705701,0.2502644646596,7.5319445336661,8.17957842877,4.055766133596,0.009302945081321,-0.07130914525549,0.3190622085378,0.351591159593529,1.2854582461,0.053601282016,0.89812661635,0.50426320051,0.48102669841,0.956501711504211,0.238046210784765,0.72249742153363,0.113649569122972,3.75284536180739,3.34838898086806,2.82762460944243,0.0188559331691474,0.0733204654312574,0.222445803095191,0.359818463621703,0.0773788381340713,0.0083510307040219,0.0372937521312056,0.0952107345643507,0.0138150078167697,45.28425405,5.6026833225,5.297504805,0.0247904974,0.87076900475,1.820479565,-1.824114725,-0.029097390975,-0.217191574,-0.14350089625,-0.3742675715,1.14654456,0.037172676075,0.81460310775,0.342450035,0.455855834,48.9483862,6.5296867725,8.1536006675,0.48119453225,15.1132636,14.690853325,9.59213604,0.044943282075,0.07731057645,0.75460172525,1.046458115,1.4431881,0.070023374025,0.955482263,0.71766992975,0.50955095975
45.810442282,5.397311283,7.2455368279,0.19160710520979,16.7852373395,9.409646408955,-0.6298005864731,-0.008574395286148,0.0628433102822611,-0.04954564933799,-0.34097453364933,1.3280418251,0.047866735276,0.9187427484,0.3998845504,0.48483053682,1.01579146311966,0.195918452943572,0.780334891982461,0.105759265763863,4.0165764822226,3.25096162317553,2.52807755915816,0.0187612188920624,0.0669886225345809,0.19888079914689,0.33444521162771,0.075163592549757,0.00777799648629159,0.04372497603201,0.100633405791715,0.0138417567893254,43.60763565,5.0421202775,5.948013095,-0.015518267775,8.9797642725,2.74508567,-5.4432354275,-0.042087710725,-0.07412489855,-0.42821273475,-0.947184047,1.19249594,0.033802639125,0.819735535,0.220052761,0.45862053275,47.7344346,5.7795697375,8.9494165075,0.40815674875,24.79158555,15.9977732,4.4385651375,0.031206102675,0.1872894225,0.34917654425,0.33896415375,1.486189575,0.0640089258,0.9851339615,0.6075810555,0.51420257725
45.208223263,5.791077384,7.4851770838,0.221514237877,20.820426631,8.24095705015,-0.1621342948351,0.009656701767343,0.0443835117229,-0.01275490847355,-0.14571326140863,1.244243269,0.046986026458,0.93025861437,0.59589672972,0.48269330998,1.10362320133725,0.218492596659894,0.865979454425749,0.119324455020026,3.42733654871718,2.88172882970988,2.61976216177769,0.0194079873748817,0.0692895702583178,0.206093515778924,0.351656963194692,0.074793873391185,0.00821909288777723,0.0430951187823422,0.0980670999392134,0.0131882988942199,42.971565575,5.3830617325,5.9603594225,-0.020265488225,14.278245675,2.67480711,-5.3237282625,-0.03090074115,-0.086093114675,-0.4188112505,-0.8548281615,1.1003135475,0.0313954951,0.836629054,0.42219422075,0.4574862885,47.4129227,6.249799415,9.38515913,0.4549420955,27.97851015,13.8268656,4.9867346325,0.0478623457,0.18320674925,0.3923003775,0.56355691175,1.3907882075,0.0634917758,0.99219075075,0.8023919805,0.5091655285
47.055266175,5.3191592726,7.2687824302,0.3169224761223,18.673662042,12.14184240748,-0.0963403110217,-0.0128803211006729,0.06149290713532,-0.00757897553008,-0.2969461933108,1.2871751422,0.046864849509,0.92458399131,0.42232084696,0.50350082529,1.02382797062807,0.218153616793738,0.788619441529725,0.12055902236204,4.74463314079204,4.00911951645253,2.94508082241362,0.019884605116094,0.0751488750714557,0.231685940534959,0.366527110138439,0.0924133398477687,0.00983404380458166,0.0495886486188028,0.1042826851509,0.0157484712970474,45.0406724,4.9104922775,5.8934258625,0.081243217675,9.013227185,4.681432205,-5.63649004,-0.0521779757,-0.0813152483,-0.44341584625,-0.99960608075,1.12486691,0.029564130775,0.812806807,0.231582573,0.473706004,49.126190875,5.772563615,9.0244813475,0.53978059,27.683971625,19.8781272,5.4289199425,0.025172225925,0.20719291275,0.42708655525,0.42948593525,1.4909705075,0.0668661993,0.99473994825,0.64766977075,0.53677302525
45.0216302,5.8548319275,6.991211206,0.360267166771,15.0255298361,9.81775965824,1.52465581681361,0.001007363448239,0.005879085032279,0.119942826187011,0.07861293904004,1.3554738194,0.066241679226,0.92428626727,0.63718971247,0.51839730451,0.964584233943439,0.203590387294486,0.732822601680161,0.133240292288132,4.36839293967425,3.59262252998957,3.30671056863677,0.0254884830414711,0.0895652870844129,0.260134914954633,0.462353473840801,0.0806813085959068,0.0107759950491829,0.0384330747819359,0.10944907902639,0.0140575336374466,43.226213325,5.47087372,5.76370779,0.10405001725,6.606693795,2.5518027525,-5.104186575,-0.049587220575,-0.16113056375,-0.4015401805,-0.839320796,1.2138317875,0.044625358725,0.8348545695,0.4542735725,0.491754759,46.856600725,6.2630502975,8.5975123875,0.624591906,23.248365225,16.6428779,7.898488245,0.050183368975,0.18694008175,0.621364504,0.94680813725,1.52499549,0.086519215,0.9852601215,0.883388948,0.54501447775
46.738711669,5.3192901447,6.3497616349,0.2140174431215,8.615845204997,3.68789877352498,0.0256729052063,0.0033875707091484,0.017174599433966,0.00201965630096,0.05750089258204,1.3945469011,0.057028108652,0.92651264974,0.3130876001383,0.51059133947,0.993781238623388,0.188713551846126,0.706860629281244,0.116552152432985,4.91299332872017,4.35040151779605,3.30568859332868,0.0214119579840385,0.0838355872771463,0.260054517624814,0.387167048082291,0.0981481114425885,0.0116102510683221,0.0417847706363158,0.108894449458894,0.0145575142317047,44.848861325,4.960073505,5.122206625,-0.0192350023,-0.82277983675,-5.37238163,-6.3089170375,-0.041269491175,-0.1349152575,-0.49631486,-0.714882107,1.21946776,0.035583658175,0.83323667425,0.090917687175,0.48258773875,48.822826575,5.7001917375,7.9255757125,0.4337772075,17.905537925,12.347853375,6.4054590925,0.041696838925,0.17225055925,0.5039097135,0.764641893,1.601857445,0.07927148095,0.99532037125,0.51790819125,0.5408083585
47.286917413,5.5382489701,6.6037900715,0.32633557565388,11.627662869093,3.7667926419158,-2.0503980945411,-0.0049361406470024,0.074355074438213,-0.16130233408844,-0.0908267281653,1.17353534407,0.034603542891,0.92204710446,0.5550008866,0.50938685429,0.96572442417198,0.21848952082874,0.704393425322432,0.117445849720131,4.51151380402689,3.75702026846527,2.7762947085011,0.0174703472283266,0.0695039385144682,0.218407741358569,0.328836729279151,0.0909656396803758,0.00996820173477232,0.0588753812268864,0.106251268223926,0.0153952223790663,45.3612818,5.1387424175,5.3523138675,0.090350682375,2.61132843,-3.39298867,-7.421091155,-0.0379673642,-0.05968219165,-0.58380824825,-0.70593828025,1.0116027375,0.017331745475,0.7867959025,0.34701059925,0.4796204575,49.129412875,5.977833605,8.108283655,0.558963512,20.29748795,11.44849505,3.322323135,0.030075437575,0.20534227875,0.26136313875,0.60282893775,1.3696032225,0.055494526725,0.99685269975,0.781540911,0.5408720915
44.941268305,5.894614093,7.3576396621,0.2328091532247,15.6009150256,10.66464237037,2.3136706189943,0.004161815491693,-0.01160188314961,0.18201366445978,0.00966180602694,1.3191998439,0.04472374838,0.92386126306,0.464378982577,0.50951272546,1.0079315401551,0.197806158567949,0.7829715130868,0.107712063795292,3.58120228897128,3.08890411305862,2.95561153698757,0.0217953793713465,0.0787957617382653,0.232514378776839,0.395862633330022,0.0791267434294469,0.00827176482481816,0.0459189031862554,0.121095767840006,0.0156647204047148,42.859279275,5.516767105,5.97650718,0.02078294945,8.7926568675,4.511848695,-3.8228623275,-0.043668916525,-0.1569368025,-0.3007399465,-0.83599322825,1.171617475,0.029448512775,0.824305657,0.22372716775,0.47905773625,46.9408799,6.29486026,8.97237328,0.439755644,22.20688905,16.816151,7.6884942025,0.043859940175,0.1536088125,0.60484452425,0.7395348325,1.4795324825,0.06200819705,0.99208493475,0.71982571,0.54062910625
46.686415079,5.4717316271,5.3412239944,0.299559126213677,15.8033538105,14.5019532072,6.3732768639629,0.0163226958931753,-0.1040650896265,0.50137797045866,0.3881727635228,1.2897401449,0.047041405635,0.88123175668,0.59859568626,0.49665169144,0.784997839622465,0.20405445890795,0.608086258011592,0.131455216485211,4.33572517922986,3.77427843049804,3.09892779433145,0.0256792700615902,0.0817336082712414,0.243788895907424,0.430122800837612,0.0842210862755933,0.0113719783589074,0.0771157791983006,0.111417925289142,0.014870079251723,45.13581725,5.060780845,4.3044516175,0.051608794475,7.5676015525,7.1142620725,0.23822322925,-0.035501535025,-0.2718711715,0.018740732555,-0.43551304425,1.13887454,0.027657878775,0.698391388,0.38500047425,0.468741634,48.303235125,5.8869660525,6.66312139,0.56858309075,24.055637075,21.815322375,12.86753765,0.0627554694,0.06033479845,1.0122736,1.20058418,1.4691809625,0.07068475915,0.9957278885,0.81827927225,0.525375603
46.239648273,5.396173302,7.8871039202,0.27051457798866,20.8001896568,15.9134937993,0.578041409537246,-0.020399426577215,0.061325841163143,0.0454738173918458,-0.46757992773237,1.5384400428,0.063985759446,0.97443031242,0.53527816025,0.49756724117,1.12757323666937,0.203743722129344,0.785974247329627,0.134630730349603,5.02585608310471,4.20256601494583,2.94651822431958,0.0179662525696154,0.0743104144569794,0.231799019459171,0.337946701745153,0.10030454990254,0.00825575331469872,0.0174637918566578,0.0943191986460162,0.0150868075190695,44.054520475,5.0444465875,6.4923301425,0.000391497018500001,10.692808325,7.1584926375,-4.8713233875,-0.054424944275,-0.0860601486,-0.38322110925,-1.1409592725,1.360612305,0.048133048,0.93353588475,0.370607444,0.46785253075,48.425894225,5.7983707175,9.4764465125,0.534163709,30.509635625,23.74142715,6.489114745,0.0164297207,0.2068313725,0.51049079375,0.21548928025,1.751050755,0.0797865723,0.998307055,0.726889855,0.52662064725
46.648671794,5.6671520594,5.5918531212,0.18640466911563,6.0181359646777,-0.7649599035244,-3.4432840926199,-0.007278273292639,0.090494722525585,-0.27087898839572,-0.183162500476388,1.2939895334,0.071208431096,0.89375148659,0.45644489493,0.51880615443,0.881131703923998,0.236669843970607,0.621672829425308,0.127980822626466,5.19344881591805,4.62088132432414,3.64616161881424,0.029338972599946,0.0970911741141379,0.286839117719495,0.486296845084466,0.1071069368124,0.0133041272777885,0.0534937388290177,0.0920589021954017,0.01720921178674,44.83048335,5.2466314225,4.50028714,-0.0613501513,-4.47833506,-9.9240026975,-10.90564975,-0.0690301595,-0.088674087025,-0.8579342375,-1.15784489,1.100186255,0.044591421125,0.76847814275,0.2837352235,0.487376395,48.3912707,6.147757765,6.99041077,0.43796823775,16.850801325,8.1754893075,3.408993285,0.0470448158,0.2894294885,0.26818137325,0.72727638775,1.522386035,0.09670262335,0.9748257635,0.63163116675,0.5550100565
45.995155343,5.7667998448,6.8880137537,0.2394780740221,14.6490194384,7.3049238481589,0.558798050989423,0.004718335047062,0.020122545391874,0.0439599656093376,-0.0208322655547588,1.3333264233,0.047612558714,0.91568327042,0.52793238209,0.51662900585,1.0645819112721,0.198496254124998,0.735873422697751,0.112338863511048,3.71070077928059,3.44104609057732,2.75500360425719,0.0191171183570004,0.0708264048853518,0.216732796129166,0.350428056007885,0.0792737637409298,0.00858227135784892,0.0419335349734107,0.0986211903994113,0.0136952926543398,43.8914864,5.3795035725,5.57684799,0.02266172725,6.794808445,0.6253843695,-5.1222563475,-0.033837301425,-0.11259789325,-0.40296170425,-0.705622756,1.1819932975,0.03139744695,0.816883379,0.35000889975,0.491325923,48.125601425,6.15846322,8.4682979525,0.46412706075,21.44657135,14.3104407,5.8286638225,0.04237077095,0.168200375,0.45853392325,0.6826274295,1.4878329075,0.06574059415,0.9850366455,0.7333990945,0.54345711225
46.52595673,5.8498363866,7.0455800471,0.390559874908,16.8585013747,14.7108182121,3.5477207064863,-0.002610414981282,-0.025749847696434,0.27909489002357,0.09488985518689,1.242701573,0.040573899508,0.94496166732,0.52162122234,0.49043040771,1.049454031391,0.217472970257644,0.80508133213004,0.112081965750978,3.79706044440465,3.63742770105269,2.73197621212907,0.0182883758104431,0.0688536037472517,0.214921258750553,0.338904577635768,0.0725560278333758,0.00763881934187118,0.0462551721739579,0.0939449453523009,0.0142906591028365,44.4282859,5.437122605,5.6285245525,0.16930356025,9.4052278625,7.556034555,-2.046878725,-0.03697936915,-0.1581769735,-0.1610254725,-0.57226322525,1.1091001775,0.026778953925,0.82661154225,0.35720953725,0.4636017925,48.50979225,6.282376575,8.7991554875,0.61779442925,24.6001789,21.6218371,8.75418927999999,0.0334594815,0.11044424525,0.688681462,0.745963716,1.390770275,0.056072111325,0.99862026925,0.72037252275,0.51887775575
45.774505242,5.4226957681,7.0746285198,0.07136401046555,1.7652536890754,-0.3140244391329,-0.3107628156997,0.00333756272278,0.006979758878107,-0.02444733431797,0.0623854240106,1.3617801281,0.059393070942,0.93196125836,0.67995419865,0.50278112695,1.04561595935319,0.213897169926502,0.757678730438694,0.145607170925937,4.732225109803,3.86142974605354,2.9863903179973,0.0228306181990587,0.0764458283380343,0.234935708398026,0.403587458022088,0.0872322438610997,0.00927985798122407,0.0374457024949811,0.113226768272988,0.0158330712448492,43.7108362,5.0210413825,5.741398365,-0.23076325125,-7.6533569925,-7.6479054275,-6.44673981,-0.043077423125,-0.134869547,-0.50715721425,-0.7790733805,1.200829035,0.04275263605,0.84554546175,0.48756810775,0.47399574925,47.67143175,5.8392977975,8.712374155,0.34757334225,10.881656425,7.0816114725,5.285166175,0.04779195205,0.164669735,0.4157776215,0.799257008,1.5418582175,0.078719503775,0.9852033305,0.93108331225,0.5361432045
46.122464245,5.5188654946,6.6140524747,0.3620863417855,25.4866281715,19.4997604684,3.5328201575883,-0.004562539703621,-0.00212794968736,0.27792268198047,-0.16292419083395,1.24142664946,0.039624384389,0.90746410202,0.5206888921,0.48642711283,0.95692745416791,0.201930451475566,0.77262339668021,0.117700094098412,4.41518768692678,3.88906836516374,3.13859780903854,0.0236595077603705,0.0815296710606589,0.24690968726122,0.417269843897443,0.0851918956046478,0.00911414475939084,0.0657342891019197,0.0983765081080772,0.015033328906206,44.233903625,5.1497076025,5.2384845175,0.13001687125,16.7766786,11.9669219,-2.4165565475,-0.052258693575,-0.1548975805,-0.19010757275,-0.950360611,1.0885612925,0.02439911645,0.75146047075,0.3356553025,0.4583576225,48.067731775,5.94724105,8.2945434125,0.60049451875,34.37259035,27.193781825,9.2875564625,0.0430705726,0.15296865,0.730640814,0.64799631,1.421115535,0.06019465035,0.9951565265,0.71488474925,0.51671126575
45.371332283,5.3526489592,7.3009595809,0.66636765025,19.1165399149,12.3758855501,3.9256228007271,0.0161800645039263,-0.0474071654496411,0.30882398999902,0.581839621820072,1.3555217342,0.05512163379,0.92122677461,0.48682488155,0.49882401801,1.00771642572814,0.201835480548459,0.839856630110065,0.115201537589991,3.85102491679023,3.37477069411394,2.88675698221728,0.0239162045779647,0.0779048157465062,0.227097674772141,0.414873156403599,0.0854197583754911,0.0109695146999802,0.0499351844138497,0.1014166098692,0.0146408247292177,43.128913525,4.9804305925,5.833603265,0.421774433,11.339284125,5.9695498675,-1.4499793425,-0.0312982176,-0.2069756145,-0.1140681165,-0.24046846125,1.2007052025,0.0369556985,0.81423181525,0.31476419275,0.47068217875,47.350989825,5.774954385,9.2466624225,0.89404002875,26.97934465,18.979607575,9.6230296475,0.064163131725,0.099036897175,0.7570320795,1.36431208,1.532970675,0.081221665975,0.993366341,0.71395022725,0.52686506125
46.841353025,5.796986361,7.1057779826,0.345999137085,11.487259928571,7.87145844135,4.7332558269776,0.02489841685635,-0.09133780029828,0.37235950209543,0.5875221747716,1.3353886618,0.048546149229,0.92587175254,0.49232066701,0.50079569784,1.04725332648785,0.214339812339927,0.78493541150098,0.111671927542558,3.91517801029002,2.98502399955716,2.76087470481015,0.0205488420698818,0.0745423140126515,0.217194668792122,0.375309242577408,0.0720241004735059,0.00780779827750409,0.0481460366800826,0.090194081598929,0.0138810862005302,44.786199925,5.38771617,5.7722860475,0.130811487,3.667322505,1.76160854,-1.0628555325,-0.016925161575,-0.22145626225,-0.083613559825,-0.2053526845,1.20781503,0.034464050375,0.80960998425,0.3195658385,0.474155969,48.91935015,6.2288813875,8.9126823,0.548094832,19.3592873,13.47429215,9.614639165,0.061538505275,0.0673202410499999,0.756372018,1.2767562575,1.485036955,0.065579607125,0.996239463,0.67441723225,0.528376199
46.091947829,5.5134386157,7.9222763667,0.22581069607276,12.441936254751,15.4972218237,3.9214666829736,-0.0138856136289617,-0.0321628842797,0.30849703320032,-0.10167986273454,1.3534904904,0.056198461621,0.95457711865,0.423736788845,0.51518925631,1.15574271745049,0.198684708087709,0.827002870027822,0.111443473521872,3.95678001206168,3.5226455141966,3.25058972822007,0.0241402140029612,0.0872900844196394,0.255719955824338,0.438640412684619,0.0830407683034689,0.00934307220477941,0.0295468517256838,0.107630874824159,0.0149225759746312,43.934204,5.1549064175,6.481922675,0.021888236875,4.1895595675,8.503471925,-2.4065000275,-0.063400246275,-0.1963687545,-0.189316438,-1.01705129,1.19126913,0.039510528075,0.88124455825,0.227827332,0.488736355,48.340236675,5.92698294,9.6833223075,0.44063588525,19.670936725,22.518557125,10.065733625,0.031959437025,0.14012380175,0.791859055,0.73603178325,1.52124674,0.075110457,0.995985715,0.65525452625,0.54575439225
44.970963744,5.7099708391,6.157522015,0.033218428618953,12.831681611201,7.179748611223,3.380924690762,0.021453916369791,-0.057693186824822,0.26597324974141,0.14576294666166,1.2436944422,0.056297950908,0.90134456489,0.41452509538,0.5099752777,0.913275637592229,0.221038988183177,0.673886771685727,0.10606875324423,4.05463841039444,3.56354567580257,3.05639973590483,0.0232936424759275,0.0804149822163699,0.240443264642231,0.399842762472767,0.0828349459635826,0.0106976642803475,0.0472293243140494,0.118655094179441,0.0155978093547096,43.16980305,5.2929059975,4.978801175,-0.17186784775,5.22085763,0.30048833375,-2.4892102125,-0.0229967614,-0.21016257125,-0.19582314825,-0.586870757,1.0960074475,0.035863119075,0.800078522,0.1891469875,0.4812467745,46.736365875,6.1425386425,7.67892583,0.23801487025,20.7852844,14.21659185,8.8544448,0.066925942525,0.100547555,0.6965684485,0.91678082125,1.4119746125,0.077844175725,0.98089415425,0.65855889525,0.54290111975
45.286106314,5.8363244535,6.071665674,0.22415163842925,18.111553996,14.310843324,2.9099976304884,-0.00244326896487404,-0.0102416121574,0.22892598836035,-0.123076805062249,1.4341379401,0.059826091386,0.95273156493,0.59226993573,0.4987350812,0.896103816986779,0.221956049120643,0.677152532954451,0.129645159668129,4.34261140776138,3.8814242369199,3.17598238447501,0.0288934618011936,0.0877863574765434,0.249850686892788,0.477921222843979,0.0872042305428741,0.00981757254300685,0.0369344317816705,0.101216923668054,0.015227376262548,43.59288705,5.40041422,4.7965676625,-0.01803103365,9.9755462975,6.993846835,-3.4916399925,-0.060569016625,-0.165891416,-0.27468308775,-1.1157743275,1.27133437,0.0422200091,0.86176744725,0.4079209255,0.47154348325,47.0993756,6.285565415,7.426252135,0.478764987,26.6580673,22.265871325,8.846123405,0.0505306152,0.165700238,0.6959138155,0.77788700525,1.607035665,0.079887518,0.9969456975,0.8060777135,0.52916482025
47.683349032,5.9939288581,7.7483107821,0.45715831746475,15.0647512028,7.13231297603,0.5030065842873,0.006084947238842,0.02081218644752,0.039570918761004,0.20311552118038,1.33471005,0.042086122145,0.93865632134,0.56375145367,0.51021538625,1.16670023521338,0.221497630677901,0.834975761279645,0.135658381023371,4.31537003931103,3.88292072326693,3.35164978726382,0.0171418217234141,0.0822643615128431,0.26367022815075,0.352744248227042,0.09339290942935,0.00779884031004318,0.039572784706262,0.0981305396676075,0.0137611923450273,45.505428075,5.5547698825,6.292840625,0.1882714045,6.45157584,-0.4191231135,-6.205588745,-0.0248408647,-0.1335059165,-0.48818615375,-0.50161460275,1.1676038825,0.027084856775,0.8467304635,0.3978088,0.48455050825,50.0977913,6.4258036625,9.4897617075,0.73017684125,23.7317778,14.455370775,6.7593851975,0.038941380175,0.17936226875,0.5317526515,0.86904753575,1.5283328075,0.0587573949,0.9939521015,0.78524838375,0.536753858
46.800393713,5.6492234854,6.8491939337,0.46442035006,15.334575525579,10.63164417213,-4.1086652319133,-0.04277915433287,0.16394317370679,-0.32322371654382,-0.6214872105331,1.3173437637,0.056337900403,0.92220276828,0.57757280252,0.49503721739,0.940773897922938,0.218403625950008,0.767606867466942,0.127071927102052,4.49447939098931,3.71050375416277,3.23348261501609,0.0227927982463222,0.0851381311352588,0.254374160383253,0.424334555182914,0.0913711142143375,0.0109164677849521,0.042930784822493,0.107437310949488,0.014755629556809,44.904270125,5.236456035,5.6075368425,0.213770928,6.0200037075,3.627812445,-9.84342812,-0.0856404634,-0.019990189225,-0.77437056475,-1.38783852,1.15347355,0.0377478852,0.82376959175,0.37454176225,0.4678074725,48.715512875,6.074951205,8.5160579975,0.705528726,24.0710787,17.3740464,2.8736364825,0.00529049553999997,0.31453103675,0.2260654955,0.293938439,1.517995975,0.079241301375,0.99296164925,0.8003225435,0.52394050225
45.683272013,5.9175760679,6.2715228812,0.4120777206712,16.7472298414,10.719074465237,-1.1631664179541,-0.01855806440254,0.08378277123853,-0.09150489309378,-0.27268122655073,1.21120365931,0.035830482894,0.92357421404,0.51209468198,0.5088979736,0.977913074959068,0.204617056940751,0.690114655926752,0.10974126486893,3.38542075870915,2.91485388884781,2.42404898602773,0.0176978042316168,0.06317849776162,0.190696997300348,0.328680846622866,0.0701522336559896,0.00685337393941626,0.0644987954671707,0.0903676155895498,0.0143098799877145,43.865698925,5.554670415,5.0619252225,0.1967159495,9.78095688,4.8309134425,-5.9701385725,-0.052947498925,-0.03976229625,-0.4696635735,-0.90565314325,1.08154016,0.02404521875,0.760550549,0.3553904535,0.48251950975,47.705619025,6.3540627725,7.771035445,0.62167868825,23.7035537,16.506883,3.4292755875,0.016689280725,0.21178532775,0.26977695925,0.37372576625,1.3484259625,0.0498423854,0.99659303,0.703737952,0.53698364
46.763517828,5.7743086063,7.2656818734,0.2211522892994,11.3157735564,3.2984881640462,-1.899960558541,-0.0024203803462899,0.06796924906957,-0.14946759536987,-0.14949488735798,1.4074484812,0.047245172403,0.97779714537,0.372616243522,0.47230501011,1.0843423169556,0.212509675948381,0.809226779644504,0.105909234401261,3.87400934720216,3.33954811329646,2.39231975411529,0.0149534445415274,0.0598273989229002,0.188200896964803,0.292184201217635,0.0815186587901428,0.00697079737962761,0.0211983970777807,0.10520370994922,0.0137833304607451,44.669321475,5.3854572075,5.82154521,0.015616159675,3.6630566925,-3.0432739175,-6.7463196475,-0.032028713425,-0.0429656949,-0.53072479075,-0.72454602475,1.2581883775,0.035394970225,0.92562680125,0.15913920325,0.446433768,48.7240065,6.2374715075,8.939206115,0.41538245325,19.150626525,9.94931008,2.436261805,0.02649454945,0.19118186275,0.19165776375,0.43772645575,1.5778268825,0.063949965375,0.99939669625,0.56178315575,0.49902145225
45.1510547,5.6566323236,5.8595125994,0.301590562008,14.8019199031,12.37259893409,-0.53775730939764,-0.026215173225702,0.07468796728191,-0.042304716127557,-0.415380863386,1.2768157713,0.063026647427,0.86875831039,0.3129115024256,0.4998880014,0.923051699676015,0.204038252573229,0.65664863436791,0.0956503635545881,4.14772281547052,3.43178769048766,3.37988540838731,0.0311261400341573,0.0942506775023298,0.265891490497192,0.505769455071867,0.0781028623423559,0.0121915223824536,0.0562150439891249,0.103365269461895,0.0133451785265984,43.362072525,5.2931533225,4.7336201925,0.1160168005,6.341749615,5.1846410475,-7.0320994475,-0.086017301025,-0.1029534515,-0.55320674475,-1.42647858,1.125228215,0.04034519635,0.74888843975,0.0942876256,0.47524171575,46.91431915,6.07419329,7.3297370175,0.48439358075,22.1655697,18.89968415,5.644024905,0.032206039875,0.26043591825,0.444008596,0.53432824525,1.4471080425,0.0860809505,0.9752747195,0.508546766,0.527104919
44.788801835,5.461896146,6.8329271211,0.2853587331781,17.473761704,17.0711465569,5.0554173395988,-0.001138235899356,-0.055556442667052,0.39770355748012,0.05230686832663,1.4013139565,0.050169491629,0.91550102563,0.349163610527,0.47265419016,0.995267385599502,0.200775464123112,0.77199965988498,0.105673663978774,3.52823311850419,3.18062748966164,2.910763228619,0.02353869347229,0.0799304869935674,0.228986215968169,0.406828333844289,0.0809922140008416,0.00922080730019395,0.0474726262165682,0.10984052047117,0.0143325507974746,42.775497225,5.1000474975,5.5629934775,0.0748712244,10.544533325,10.95428525,-0.5615816715,-0.048293516175,-0.21651291125,-0.044178950075,-0.707104125,1.24832906,0.034022197125,0.8037747125,0.1184929215,0.445853056,46.77532715,5.8861115625,8.654350365,0.48321736425,24.131295275,23.3326198,10.7007811,0.046190948125,0.094816419175,0.84181748375,0.86941570175,1.5615844725,0.0711819347,0.98579936775,0.54880294,0.500485288
45.930240499,5.9700569264,7.6944245787,0.1980765580969,12.41576345391,14.8797659848,8.53962307723,0.0223135339541703,-0.1615014817349,0.671801802344,0.52859865067864,1.3113960611,0.054856609931,0.91067219574,0.43533293515,0.48338922355,1.11247784303534,0.214005643599961,0.852187297521366,0.103488300530505,3.60662773106363,3.21259890760645,2.77010007464759,0.0216187593035636,0.0741847111878244,0.217920417401781,0.384182770429751,0.0781364569699923,0.00926984417701249,0.0464594777009532,0.0815661810907492,0.0134915399897469,43.7712312,5.577773125,6.1755561725,-0.005412950885,5.392182715,8.5285058025,3.1823810425,-0.019788651775,-0.3054018995,0.25035406375,-0.1880900735,1.168688475,0.0378897316,0.803974971,0.28136150375,0.45824468425,48.08925545,6.425070065,9.550443005,0.414612161,19.60209035,20.923501975,13.8514836,0.06661664505,-0.0179858607,1.0896794275,1.312546355,1.46396196,0.074599545425,0.98819888025,0.60656165425,0.509722289
47.28748934,5.8101235932,6.7932458978,0.01052888992186,2.61033570626345,5.1119959409494,1.398703800222,-0.00732190103921,-0.013486102933314,0.11003433344804,-0.094819612274194,1.398114744,0.060954913655,0.89555113465,0.390758704602,0.49858644944,0.980841286413291,0.211690911492769,0.752875154440949,0.122339575050081,4.90609652622447,4.17476028247721,3.15056632676319,0.0201130777333437,0.0800815264719538,0.247851236179757,0.375545124747452,0.0898714562462704,0.0110383822598708,0.0447473964441382,0.102343437396216,0.0149146706115855,45.416992675,5.4227669725,5.3650663975,-0.21390022525,-6.5277370925,-3.7370973175,-4.6096534275,-0.0456947603,-0.16633589,-0.362635851,-0.833294741,1.2396840725,0.037644198075,0.792679323,0.19308684175,0.47084898575,49.4117722,6.23214995,8.4211928725,0.25271021125,12.3015134,12.8928234,7.555533005,0.0308286372,0.13711912275,0.59438462725,0.59334627575,1.5757436975,0.0805389215,0.96865650875,0.5815799385,0.529417508
46.347303239,5.776519015,6.3901383845,0.5109842325,25.118323957,14.3194551951,3.081891767799,0.0151883096026286,-0.0149026197513312,0.24244869169041,0.24000538339164,1.4190836598,0.053563481004,0.93974332879,0.50816416443,0.52163521475,0.998398504167648,0.210955087397264,0.66327707971882,0.134439667057063,4.6318501023858,3.97839853945624,3.14954406952271,0.0233739716137158,0.0843006858339258,0.247770816041204,0.417461535950605,0.0953195826488744,0.0100734035323315,0.0424843915415947,0.099021318447674,0.0158095411433723,44.4414007,5.3738153175,5.191453155,0.2522158235,15.9582111,6.65072641,-3.04655326,-0.028045971075,-0.17669186375,-0.239668654,-0.54315590375,1.242892325,0.03603984885,0.845095785,0.3236685295,0.4928167995,48.432024225,6.20339415,7.83822793,0.78342637925,34.437857525,22.231769375,9.2103149875,0.06149997585,0.145016204,0.724564317,1.0618243175,1.61992859,0.0755007284,0.99728388425,0.7128325305,0.55483666125
47.66592423,5.7976490762,7.4126126378,0.418293744024,24.954957457,19.4995766506,6.8749462886647,0.018373650329536,-0.093564158876195,0.54084369642898,0.338183776618873,1.3170556854,0.054139628389,0.88060587508,0.46561924866,0.49401094883,1.12037741930441,0.220698192199404,0.821884006584295,0.124137838041322,4.56441147644998,4.00235393379782,3.0335431494861,0.0190994169562843,0.0775312923204594,0.23864516550617,0.370818479303842,0.0979346273209924,0.0114888491618044,0.0539024408139313,0.101808158288102,0.0153556091534938,45.369428225,5.3722856775,6.0451741875,0.1530310785,16.619751125,11.898418825,1.232291755,-0.01761303045,-0.24573051675,0.096942902425,-0.34512216025,1.1396212825,0.03085328705,0.75991171425,0.27301993125,0.4658230795,49.7010113,6.2465852275,9.260286035,0.6496127275,34.097552375,27.650494325,12.84246145,0.05835901725,0.0641487116,1.01030088,1.0831447525,1.519628335,0.0751467524,0.965106741,0.6638933205,0.52523164625
46.499828222,6.0827132539,6.7365319673,0.16389757104006,16.3536398141,8.54451345767226,3.1310955742803,0.02161313447291,-0.04424260134799,0.24631949585577,0.18623924291835,1.4440003738,0.051383754025,0.95694175776,0.63537341272,0.51717097223,1.05487712163962,0.218295509360426,0.753741424136276,0.141180574632415,4.32070210930351,3.74762573935414,3.08340900871606,0.02322112115631,0.0820207131455936,0.242568051500448,0.417565368962907,0.0930362590915285,0.00957603021349857,0.0335682993287488,0.108308391543182,0.0154640278042297,44.411636125,5.6940752675,5.3811390825,-0.0890986673,8.833222535,1.307289315,-3.2256656525,-0.024402279075,-0.19639559175,-0.25375921175,-0.6169527945,1.278021975,0.03471817425,0.87044494975,0.44157154925,0.487969293,48.585978875,6.5394663725,8.333692255,0.47254454625,25.7800886,15.91264645,9.032880255,0.064610630325,0.12439213975,0.71060574875,0.96254154725,1.6356892725,0.07047052485,0.998025237,0.85749316375,0.54655037775
45.907970114,5.715069322,7.4800770505,0.319441011109,14.6209253141,10.79850004182,0.1174382698369,-0.014643544972522,0.049132452611969,0.00923872642366,-0.21444716410785,1.4295742847,0.066708986044,0.88484316071,0.55759337006,0.51281540958,1.15346276808691,0.217904425958021,0.892860998337229,0.127954797067104,4.18737565412626,3.48496891011345,2.98489196677684,0.0210309612259492,0.0780567404677479,0.234817835025615,0.387658547198383,0.096568293928255,0.00913363862712797,0.0453370258937511,0.119269463352536,0.0150789598950072,43.628308425,5.2862838775,5.9814780425,0.0717425955,6.88554557,4.129400865,-5.8426239325,-0.053928766,-0.11454480525,-0.45963214,-0.99013383025,1.240727275,0.051008082475,0.77766396125,0.34089928225,0.48241130575,48.1960221,6.1368859175,9.6203112325,0.58909184525,23.020269375,17.661852975,5.97262355,0.02739544445,0.201856248,0.4698590615,0.55892763475,1.6156919175,0.086979189425,0.95837650775,0.818000375,0.5413358545
46.141025285,5.7561518914,7.1410916866,0.135119486214972,11.70742961254,13.78808267341,0.801566463829,-0.030303877738749,0.044907685390092,0.06305826274619,-0.512379850638,1.4597089665,0.063151762606,0.91669003568,0.58578325338,0.51674680387,1.08485073540687,0.229157240490376,0.734718519061807,0.144606225497335,5.26894707668263,4.57507923809831,3.61594667159473,0.0266944080246442,0.0928267943085147,0.284462144402631,0.46786280980575,0.100842480645225,0.0124564697102918,0.043748755075655,0.100386635606696,0.015516135011397,44.074151625,5.3438858925,5.8077274375,-0.15489963425,0.88924322525,4.11777807,-6.289387265,-0.081381176475,-0.15092976475,-0.49477847825,-1.3882180475,1.267086825,0.040889746975,0.81635146625,0.40218159175,0.4859728485,48.216637525,6.2522937525,8.74116194,0.39718902375,21.167192275,22.54666945,8.08975912249999,0.02487972635,0.226221055,0.63641155125,0.4761474735,1.66792977,0.090138497875,0.98677799925,0.8117937015,0.54857683075
45.775925795,5.5990612057,6.4311352883,0.3019717712522,15.5387907455,8.566465947186,0.5842066975426,0.0011735774577529,0.025542689030944,0.04595883320183,-0.02541024485267,1.440561785,0.053811774023,0.93372293805,0.60156826233,0.50437989591,0.987612771897135,0.197842424381697,0.732618551433183,0.132069936249662,4.57817099583364,3.73594327209042,3.15874481433229,0.0270671633345288,0.0849764851852716,0.24849462794882,0.453672154705599,0.0864231172609816,0.00986727458222991,0.0460591454040902,0.111586802876896,0.0151111958522729,43.930237675,5.2351173775,5.170401675,0.05411043205,6.85973201,0.86666176675,-5.5532404775,-0.0514172324,-0.14322529975,-0.4368667035,-0.925991358,1.2859975075,0.03615823315,0.81912741275,0.402784312,0.47665263575,47.784022425,6.0080157375,7.9856911125,0.56086192175,25.03320275,15.981121275,7.0555237025,0.053456465775,0.189221473,0.5550494955,0.86075500875,1.6218411925,0.0739391091,0.99698438325,0.83134665625,0.5351270495
47.144757094,5.1968894057,7.3109314835,0.21220265178725,19.0735888602,19.6189581621,-0.0665501550143,-0.04619060668622,0.09692297163421,-0.00523542000251,-0.8527684009093,1.17532427023,0.04626063374,0.80760208657,0.42804853132,0.49680400047,1.08261750694033,0.208013104524326,0.78005081530376,0.115650099702529,4.1655183638,3.79806850376748,3.15064526272811,0.0207569046524771,0.0802373183383054,0.247857446134871,0.384754266203421,0.0846472751540019,0.0103747274669696,0.0708416196143088,0.105072485975838,0.0158302590654718,45.0468864,4.822657755,5.891001385,-0.0245691576,11.482134,12.50927,-6.0294574275,-0.087473060425,-0.063053229925,-0.4743301115,-1.6048862125,1.016038215,0.025484105425,0.644892193,0.22471904925,0.46689098175,49.21604275,5.62696441,8.91811524,0.427230848,27.176928125,27.923352375,6.1353823925,-0.005487343985,0.2496933995,0.48266309425,-0.0907443998250002,1.3461976625,0.06483070275,0.926192207,0.6406504355,0.53024197425
45.320186094,5.8782199579,7.0529678894,0.184690866744,13.6146351667,11.0037289412,-2.4506260250012,-0.03652991064694,0.1203854959201,-0.19278778080427,-0.71446287502613,1.414714237,0.054092121063,0.95963757169,0.37135591981,0.50443797333,1.00576741694254,0.203443685755377,0.772653937000531,0.10108197579324,3.6223784020184,3.20050729881896,2.55458438041153,0.0189967078692648,0.0673439210176919,0.200966058666183,0.346748397616775,0.0791775750480484,0.00773046704183547,0.0261747697837011,0.0928718086632692,0.014261201230026,43.486226,5.4842195275,5.7260818525,0.006669280735,6.6248364925,5.2344539425,-7.3238456875,-0.072785089125,-0.017285389525,-0.57615807225,-1.391296975,1.280518875,0.040186026725,0.893924335,0.18842801275,0.47606332425,47.312690675,6.2980873025,8.7146786125,0.3952316825,20.54584,17.08596375,2.632719015,0.000188776145249997,0.2472706165,0.2071128175,-0.011272203385,1.5826312125,0.07029025025,0.99599694625,0.5504787785,0.5337663945
45.641156677,5.7052620752,6.0807922751,0.49161974052,18.1500099645,14.2251754302,7.62796778983,0.032178488673062,-0.13973313254296,0.600082985648,0.7837216806629,1.22452360272,0.042341164797,0.91706862262,0.52333503732,0.50073780221,0.891862500516905,0.207565864389135,0.677735780480408,0.113156242181046,3.7103923586697,3.17103799470046,2.44474889721465,0.0187879161333718,0.0648720830230969,0.192325434537835,0.341502235985795,0.0762265755122507,0.00830387225356226,0.0612915003246031,0.0885637948599277,0.0143707734952613,43.877972025,5.3163830225,4.8695901125,0.26286906125,10.782615725,8.2492176275,2.9150045025,-0.00478619908,-0.26013908425,0.229319876,0.094190789975,1.09052482,0.02730165225,0.765884833,0.36825760625,0.47404164075,47.285200375,6.16666726,7.5053149725,0.7118408025,24.700941325,20.3198701,12.2736969,0.0667567797,-0.01462563675,0.965556876,1.4311579425,1.375002855,0.0603349549,0.99413009975,0.709296246,0.5302855175
45.087763726,5.6404399483,6.6236116999,-0.00906486129358,6.4788319614444,8.09622484223,0.95117384253253,-0.0152450973511957,0.0132235663265,0.074827693949282,-0.32775351842523,1.3423891344,0.065612050222,0.9136712463,0.62353319814,0.47886618935,1.02528838348924,0.204791086318972,0.730110038545644,0.130515196505281,4.40401003237817,3.66029351676528,2.8751507236901,0.0230513165401082,0.0761048297230569,0.226184624408894,0.391012291801678,0.0816103746416807,0.00979399288873388,0.0400582321784787,0.101212678312159,0.0128462128450175,43.17242685,5.2491817775,5.2877463825,-0.27541217325,-2.82289197,0.892458293,-4.962562645,-0.062840806475,-0.125023006,-0.390398794,-1.12833594,1.194167365,0.04651227985,0.82065126825,0.437075766,0.4549111785,47.079760925,6.065275485,8.093768675,0.2310186805,14.663579225,14.824568375,6.25040399,0.028746138775,0.171747379,0.49171171725,0.3899920285,1.522203395,0.08549759205,0.9771674105,0.83033571675,0.5053271235
47.35924505,5.633724532,6.6909963427,0.26801431019221,21.0319162185,16.2556025048,3.799830913065,0.0018781817200929,-0.025158894889777,0.2989280946191,-0.05647018589469,1.364636005,0.061804326075,0.90901793649,0.46043515995,0.45133366145,1.05291604729694,0.216568024587276,0.745050527755189,0.121152835443285,4.44399708690745,3.3931607493161,2.90446099537926,0.0241698149368037,0.0784128597664028,0.22849042801893,0.411575446233108,0.088370615157547,0.0109375400908079,0.0425287724603563,0.0913734041022845,0.0133393465596676,45.344409775,5.23842778,5.42415802,0.04419500425,12.42154055,9.7055054825,-1.891632135,-0.047483030975,-0.17199512925,-0.148812405,-0.878107481,1.210101895,0.040711370625,0.812322294,0.29237410525,0.42785703,49.393427725,6.05348157,8.277729455,0.5080592125,29.8705954,23.4335389,9.1933835175,0.04585259715,0.12666082825,0.72323233975,0.6954153365,1.5456686075,0.0840687119,0.97831935725,0.64332385175,0.47852616475
45.701083049,5.7431113362,7.2206966662,0.325210801727,12.50671904951,10.81579946704,3.3057360376,0.003388748607684,-0.038010504663833,0.2600582493055,0.20236201036979,1.2995136964,0.044762863126,0.90842329947,0.39741145755,0.4925010059,1.07028924019722,0.20893602057478,0.772185951767086,0.107461314323715,3.84920569373925,3.46070234475062,2.93725060785388,0.0224922234608514,0.0781217833050879,0.231069946932338,0.399564106805677,0.0770165848618814,0.00885790518957157,0.0604121759628579,0.104965177247756,0.014538296590489,43.6413656,5.35739511,5.8837917325,0.10781404325,5.21306869,3.70051372,-2.1006008225,-0.0379550894,-0.2009935015,-0.16525171775,-0.53346029675,1.162383785,0.0286814126,0.7753229235,0.193179248,0.466574875,47.761400425,6.1533819225,8.894108285,0.5442856005,19.430106525,17.529049575,9.4087964225,0.051151083375,0.10181598875,0.74017862325,1.0209897925,1.46002789,0.06332798995,0.99409181275,0.6093233435,0.51975987875
47.266839005,5.5874138134,6.8911272945,0.13249412828398,3.302081243696,2.485882475497,3.2000775068065,0.019437963754466,-0.07549885609818,0.25174622055495,0.435350480047501,1.22179274207,0.053575205935,0.90482216187,0.346623516713,0.52044742782,1.01448947732615,0.208879917433938,0.742732393784683,0.119898775693326,5.3090182372724,4.65347035184323,3.35331445261642,0.0215109926673834,0.0847753513363177,0.263801185399265,0.391231575767299,0.093432542763159,0.010559544874343,0.0467672139293388,0.100795267423741,0.0164203281123566,45.361015775,5.1974311825,5.52469583,-0.10809391325,-8.19454271,-6.7111785875,-3.081991945,-0.019894194575,-0.24827153475,-0.24245657,-0.29561454175,1.0464937775,0.034106235925,0.798505311,0.13818215025,0.49078634025,49.202180525,6.01962755,8.4253249825,0.3680314725,12.973882275,11.454392275,10.5427065,0.064882429925,0.086285192325,0.829381959,1.2156137725,1.410010695,0.074017474025,0.98174214275,0.534983065,0.55194284575
45.878752478,5.7340951394,6.4639104674,0.534077356902,17.93676666669,10.91523398171,4.070040700545,0.02119141480179,-0.058438673453296,0.3201851713933,0.54941322878053,1.620919105,0.066673062088,0.95049897021,0.49868314497,0.49239425788,0.930129545003461,0.214802270788817,0.698662338199969,0.140552061678025,5.15841975274424,4.26859115945842,3.21299878432223,0.0208682169611532,0.0811666475266237,0.252762722207499,0.387486470426486,0.0925785428691259,0.00936404836471451,0.0291781990748791,0.118409238114758,0.0144281024822128,44.087565025,5.342435325,5.215847325,0.25995326225,8.487646315,2.4190301975,-1.9025706775,-0.019582945325,-0.21459043775,-0.14967293025,-0.24427353925,1.45173097,0.0499014244,0.87847357625,0.272041462,0.4646838875,47.7934042,6.1838930825,7.9710036075,0.80037252925,27.311222225,19.23538375,10.537717225,0.06087175755,0.09750060535,0.8289894565,1.270496115,1.807588505,0.085040254375,0.99341417175,0.75169731625,0.52235854225
45.914242611,5.5463713699,6.027015425,0.08962102061978,8.012652211564,7.54318228206,4.1248189897762,0.013862878146625,-0.07628323267616,0.32449451323621,0.24290296151477,1.1886206564,0.0344343465117,0.84445552205,0.56917030464,0.49244407643,0.844725690752231,0.201735929152084,0.68054039639019,0.118560815940866,3.62039769057528,3.32693572276367,2.89735756115039,0.0224195004441964,0.0770844960838629,0.22793160976156,0.40125034022386,0.0716038681422435,0.00949723333968859,0.0904534363220732,0.104347081786969,0.0155322208304452,44.308394675,5.185834375,4.8477262775,-0.14404642925,1.103813655,1.1803014725,-1.6740836925,-0.02956477085,-0.22883889575,-0.13169813525,-0.5352933855,1.0622156825,0.017780897475,0.635376816,0.37282168325,0.46332209325,47.57125785,5.9767026425,7.510937675,0.30061849325,15.31304035,13.9524443,9.7780829125,0.0591935221,0.06634193445,0.769229935,1.0353174575,1.346816375,0.0543418039,0.98399285175,0.79655798425,0.523043418
46.012266732,5.4445106266,4.8283745847,0.31177415182108,16.4721974073,7.169151688667,-0.1981656964607,0.00414162947102,0.040173732471937,-0.01558945535593,-0.02793375698614,1.32215026,0.045934209357,0.93220477874,0.438941544444,0.50182280328,0.732799118870126,0.19381271389595,0.594284223042332,0.108457990813458,4.04322588372104,3.41386237685519,2.99679979445177,0.0238247981894224,0.0794345793466559,0.235754609560905,0.399177799364007,0.086552377631132,0.00916892249755667,0.0572792069517149,0.0940303455632006,0.0144301102443137,44.60920885,5.0710881575,3.8357463525,0.1163617095,8.78912258,0.44205494925,-5.87585619,-0.042277820075,-0.11971063475,-0.46224648675,-0.8447830845,1.16750877,0.030891551575,0.79657198675,0.26187433625,0.4751999535,47.467152925,5.8331524075,6.1319323975,0.5456451865,24.72453005,13.8379391,5.6818080075,0.0535692051,0.190724608,0.446980955,0.743038149,1.50262372,0.06666323445,0.99835798125,0.64750821525,0.5307392375
44.99738091,5.6445317674,6.0670298851,0.20228443020468,17.9995812056,9.22486527034,6.609270493801,0.0475024443392483,-0.13610201712901,0.5199433029327,0.6627870461749,1.12964635332,0.0326643045434,0.83634327853,0.55025128457,0.50132354705,0.940764206044319,0.20660239364571,0.664264951116019,0.115184999737748,3.83545366474646,3.65317384093548,3.22875739521624,0.0251188104874716,0.0855901826592658,0.254002432744171,0.434565825330792,0.0790752428727217,0.0102191576430846,0.130164991738339,0.105420164371637,0.0151018504542807,43.211131,5.250128075,4.87449177,-0.018553108825,10.62607165,1.7651360575,0.137431907175,0.00020600024885,-0.30106960075,0.01081160192,-0.215475515,0.98341300825,0.01490742525,0.52246432475,0.3630006535,0.47236234025,46.8306841,6.0774012475,7.4897484525,0.43183547075,25.297175375,15.806675525,13.0061585,0.096426188775,0.0353213284999999,1.0231787525,1.4992662075,1.29593129,0.0547389364,0.99364283925,0.774115219,0.53184145675
45.525428909,5.7062318552,7.0813842727,0.57913455428,25.469378598,12.6190432076,3.148676589794,0.024332112092464,-0.024972439478123,0.24770257272225,0.42401161075994,1.4247502805,0.05744565948,0.94693491598,0.53037534481,0.49677451167,1.02626410034121,0.209255161775391,0.851039389658953,0.118240524569552,4.08768079138158,3.53602240305732,2.88680269151234,0.0217409265818557,0.0764538352496152,0.227101270389546,0.389486092882082,0.0866428681586806,0.00930061406452357,0.0361198489122436,0.0956684049398141,0.0138886040128295,43.485024725,5.3167392725,5.6387530875,0.355380603,17.3279889,5.8990615775,-2.8218329675,-0.019051557325,-0.1749616125,-0.2219901795,-0.324285833,1.2715049525,0.041113224375,0.86752422275,0.3597006565,0.47043412025,47.5907013,6.121000375,8.86034174,0.822879254,33.5227801,19.462786975,8.898278765,0.0666148085,0.123949963,0.700016808,1.1931910625,1.610898905,0.07710510985,0.9968587665,0.7284229015,0.525528503
48.283974056,5.7792678512,7.0447193665,0.311936597423,18.7583397391,13.664207435114,6.771466303531,0.029993150062787,-0.11901987207096,0.5327030511089,0.5280157671745,1.13266470168,0.0327820930855,0.87357802132,0.6093556756,0.51595541503,1.06065471244926,0.225736464548675,0.728946283660689,0.131433627131024,4.91782562153556,4.54890223278837,3.0612328044614,0.01743004641386,0.0735954092063657,0.240823476480984,0.330376922327109,0.0955396197618594,0.00964161256741499,0.0898877703083054,0.0942661034676403,0.0148439669094626,46.1175633,5.3424344275,5.7584553525,0.071668058825,9.10805901,4.0735346075,0.95261357625,-0.0038515948925,-0.27470093825,0.074940956075,-0.082205454425,0.961866974,0.016417376475,0.65220249325,0.4453121815,0.487725867,50.23331345,6.248872655,8.61619352,0.558941832,27.69998335,22.4056233,12.953267725,0.066329635125,0.020929563475,1.0190178825,1.1853780175,1.34596252,0.0537797985,0.99223658275,0.80234178075,0.5454014445
47.278268279,5.9148062336,7.2011151723,0.3037532484445,7.1019541284428,5.0945770277149,-0.2380302427168,-0.008553450651084,0.03120793041384,-0.01872555079478,0.01401704663192,1.4138403502,0.056231179226,0.92170686392,0.53939638791,0.49118298914,1.07231144911211,0.237417758597058,0.833218206069857,0.138639187457365,5.06021445868393,4.37878624344208,3.46892372075586,0.0218815980151003,0.0887526103339756,0.272896027016849,0.425933652652363,0.102166072747524,0.0109018386938444,0.0383069881915203,0.0970656211081343,0.0154563689718532,45.1339778,5.46962644,5.813965295,0.0179098846,-3.077253855,-3.7138453275,-7.020053145,-0.053657499625,-0.1386397015,-0.5522590775,-0.841649765,1.2304265925,0.0357353811,0.83064895775,0.35999278825,0.4633507985,49.35504885,6.405657935,9.0056961025,0.567328177,16.443209075,13.28301335,6.5595020475,0.028953036,0.21452866675,0.51602808725,0.78537708325,1.640781065,0.07742065595,0.9847353895,0.74275497525,0.52158944725
46.569836811,5.383468967,7.5974699743,0.447187612055,11.12596208294,7.917461818023,0.4822056601316,-0.006919043661612,0.025187250531802,0.0379345352696,0.11206061388585,1.3383461685,0.058007908637,0.93316335575,0.294589118683,0.51487565502,1.09345895291452,0.209875376340055,0.827748922214731,0.109485035365485,4.09152668148512,3.67199623988095,2.87426782567054,0.0193031126198505,0.0743007575974983,0.22611516786293,0.348956886539853,0.0781141411133549,0.00839194163192047,0.0307413829540885,0.0944365029352443,0.0147671730134072,44.43304505,4.9989166875,6.277751745,0.2090873605,3.469666125,0.5117749465,-5.36469667,-0.047670878575,-0.12239337,-0.4220341915,-0.594662582,1.2013586875,0.04297875065,0.86359175925,0.0994056818,0.487028505,48.601532175,5.8214681325,9.370999055,0.635245943,19.27137925,15.40836745,6.4260275275,0.03038044705,0.17967857975,0.505527795,0.8088967275,1.50630588,0.073844827725,0.9867440875,0.474046546,0.54414742475
47.128554405,5.6645843262,7.5717894301,0.27128101373029,18.4315199294,11.5028187342,1.39819876688055,0.0003110487254133,0.017507020485314,0.109994603173466,-0.104517859330799,1.3779777654,0.053134207289,0.94307761853,0.53650061996,0.50092274485,1.14267869201725,0.196397363534513,0.788090530018298,0.122438866844035,4.04916792448755,3.26912197019728,2.64494105039465,0.0183771026122926,0.0689459223362116,0.208074308250533,0.343967612219422,0.0775683949533852,0.00842568722278731,0.0338188227633863,0.0843346710872308,0.0137249126218726,44.926512425,5.3068477875,6.234243095,0.0408503869,10.187023,4.756643545,-3.4612915925,-0.032633130975,-0.12128288225,-0.27229561825,-0.7268874255,1.2355757825,0.037730314875,0.865374325,0.3901627825,0.47368307275,49.605686275,6.0626047725,9.2990171375,0.50356739475,25.828927125,17.8007319,6.6814736075,0.0366425339,0.14666264675,0.525623427,0.62274874975,1.5383009375,0.06955431225,0.99404718025,0.72073984275,0.5292751135
48.255138049,6.0658489185,7.9649278991,0.19532996062874,11.315961446023,8.643568130846,4.415847751231,0.018641404034425,-0.078911237577978,0.34738939318173,0.345589770933224,1.303924921,0.058921279707,0.92013767004,0.45673850291,0.50543593291,1.26409658658999,0.228035534592092,0.831081254384261,0.1240396901293,4.63099916712205,3.84972249647781,2.76750559404395,0.0182805256265854,0.0707440662277851,0.217716312503293,0.34830394644112,0.0878070961307926,0.007941548298452,0.0334755703715787,0.0854319925086307,0.014781683897996,45.822593825,5.6388565175,6.514068375,-0.05898188105,2.6989642525,1.092453135,-1.4982697675,-0.017111216875,-0.21590336625,-0.117867069,-0.3106849355,1.1364665525,0.042910498175,0.842551011,0.30535121375,0.4787317545,50.8293524,6.5547198325,9.6540749425,0.43129230075,21.06158135,16.70895115,9.556035315,0.05359015575,0.067902101875,0.7517617225,0.9900886935,1.48349259,0.07440679985,0.975207155,0.63863341875,0.534866236
44.162094172,6.0506930648,7.4839297526,0.379508141868,14.6412300538,12.8464693682,6.238507886881,0.020253396776288,-0.10840292657732,0.4907758580959,0.54255503154263,1.2442005578,0.055282510469,0.91040293892,0.51202081624,0.47268213316,1.03992334060618,0.209697621501822,0.797823524335879,0.103188915652628,3.33571691827948,2.87571244830331,2.75917755236333,0.0227486993692648,0.0745196613989067,0.21706115542707,0.397448568388992,0.0666704478522584,0.00860543519649107,0.0404587150839631,0.0986841838276267,0.0129036093959561,41.98423295,5.6546990275,6.05250342,0.18557157125,8.28255483,7.02478822,0.8891605775,-0.024308102,-0.25517607925,0.0699491851,-0.2635913465,1.11752765,0.037384074775,0.82023862275,0.34480415675,0.4487643005,46.08128525,6.476821055,9.1561006375,0.58720047175,21.0815501,18.90768545,11.699973575,0.063578428375,0.0391032901,0.920422785,1.31238079,1.3843998725,0.071551220825,0.98205800475,0.7253473075,0.49818818625
47.017096382,6.1344575883,8.4720180002,0.3769254438588,19.4712836634,7.465905887777,-5.2978714717037,-0.02709351342074,0.18113217348154,-0.41677713076335,-0.6430539772519,1.24329826535,0.052896469394,0.90215658616,0.50318735981,0.51856359881,1.19335417296702,0.238538125078036,0.865552688469002,0.115049055033461,3.87429322689997,3.39216969019617,2.95563893860371,0.0191435895335005,0.0758283910804007,0.232516534772459,0.361343250390613,0.0876892960150667,0.0085343050821101,0.045691886246119,0.0919780863459963,0.0153771405506812,44.50053115,5.71207388,6.944667755,0.14798668,11.60446355,0.824539275,-11.358120175,-0.066633422725,0.0230718077,-0.8935295785,-1.38241021,1.072812875,0.037083185775,0.79894493225,0.33916828525,0.48872168775,49.280335425,6.6359129875,10.266404475,0.601303805,27.10880215,14.2642668,0.816501357999999,0.014630002,0.3355532425,0.0642331722749999,0.13146544775,1.432366215,0.0710327343,0.98054808275,0.69970099425,0.54923273775
45.214460047,5.71905973,6.3919247952,0.19435111809661,15.3484865382,8.37329273565,0.37969843037348,0.0001380636418963,0.030201313036103,0.029870415464503,-0.15012463498226,1.3668435801,0.043126791176,0.92379101524,0.58756087777,0.50223483443,0.965739525285426,0.204014120052199,0.71536453513981,0.115132183715059,3.79657058672929,3.32824835353975,3.02627370227714,0.0215747898896205,0.0795318055453421,0.238073285978251,0.391119322989226,0.0780090358932748,0.00887461818559594,0.0639831963638766,0.103673645641343,0.0130117204082321,43.301437325,5.3468696875,5.143946655,-0.03351982785,7.46502385,2.13683696,-5.1999889125,-0.039828197275,-0.13042188275,-0.40907683,-0.91315606075,1.2251013325,0.02778040665,0.768907885,0.40246117425,0.4794975255,47.064200575,6.1512653425,7.9286828625,0.417827773,22.4688712,14.989959975,6.3046624775,0.041582185975,0.185224235,0.49598015675,0.6235760955,1.530774265,0.063358297275,0.998039008,0.803638562,0.52932799875
45.330304011,5.8230121503,7.8619906792,0.3009841515236,13.3328688638,11.4756622354,0.7495389006234,-0.016211049086107,0.03512169467682,0.05896531721941,-0.19935404341321,1.2566463045,0.045258037492,0.89248552471,0.51071576278,0.50338936422,1.16994358663022,0.210672603863784,0.851133321195779,0.109392344947452,3.5890399892788,2.97339896903394,2.89517121014148,0.022407811739656,0.0781032168922589,0.227759611761137,0.404063728361517,0.069357940518684,0.00932466536807297,0.0747954709031584,0.102422327539312,0.0159126840292699,42.821625625,5.4424724475,6.348627395,0.093444406625,6.0854270625,6.060147475,-4.9283987675,-0.06070428175,-0.1245558575,-0.3877111645,-0.96079845125,1.1313848675,0.02892080925,0.7120907315,0.31634525625,0.47155726875,47.64342575,6.248053495,9.7051556675,0.522225199,20.2373287,17.231511675,6.7001710275,0.026326685125,0.1885333875,0.52709434075,0.609447906,1.3897292525,0.064432029225,0.99235586575,0.7133882975,0.536244845
46.865268798,5.7653768594,6.5170865416,0.3045184944039,14.21827327028,14.3242397766,2.6011381283217,-0.013867648231325,-0.001726762729502,0.20462838552503,-0.11485170689184,1.4173648829,0.04824969647,0.89663677809,0.43191762363,0.5020915205,0.93772025487396,0.207750819010309,0.747310841605475,0.118804403632199,4.59413114285342,3.88293303123035,2.99035283030286,0.0225411470091749,0.0792373158797659,0.235247434500722,0.396069681447628,0.0890104123071681,0.0102559734164272,0.0557660900687048,0.0941982813504754,0.0140167257592094,44.989098075,5.3538416325,5.1230540275,0.07619630935,5.6351882575,6.746110905,-3.260045275,-0.06001328975,-0.14425007825,-0.256463809,-0.91535655025,1.24945519,0.0296062853,0.77528523525,0.25003029025,0.475726652,48.673004225,6.212034275,8.1118137475,0.53151194875,23.36164345,21.50268605,8.0785677225,0.028293994475,0.160852165,0.63553113575,0.6758959685,1.6111445,0.06880860485,0.98509290425,0.63256357325,0.52896411125
46.737517481,6.1297404579,7.6642669986,0.2695621411471,9.8771572243897,7.95679737883,-6.341025172493,-0.059397491058431,0.2120507995293,-0.4988407686768,-0.994139108428,1.22511155607,0.048462223253,0.86879494533,0.4451755622,0.46799230019,1.09403268186518,0.238828296472351,0.833014955214876,0.118360915207795,4.36130498814947,3.72183620327111,2.7068473173986,0.0188051878783688,0.0690444833022499,0.212944399582385,0.342166582996341,0.0871516316527045,0.00997477085458668,0.0637788462747972,0.0874448124453125,0.0147720593471327,44.5485174,5.675914625,6.17594533,0.030377424275,1.45772684,0.521029541,-11.6120242,-0.0958829047,0.082209444525,-0.913503893,-1.6877145925,1.0598858375,0.030617289175,0.723047314,0.28057207075,0.441422828,48.971888075,6.6304222275,9.4398685575,0.5027533715,18.05332615,15.82811795,-1.258439375,-0.023283611325,0.350602768,-0.0989998975250001,-0.323666556,1.38989107,0.068774805925,0.9752299275,0.6276232385,0.499803421
45.340461178,5.3383920424,7.5419231843,0.27704873536227,14.4234796493,11.8499705791,-0.0931266720765,-0.021476428216394,0.059990147902042,-0.00732616253134,-0.35106842784277,1.3026542785,0.060824186247,0.88835811009,0.421478137272,0.49748475758,1.1426819515953,0.193956916534834,0.77252457776093,0.109970732722219,4.10854396988001,3.43390286996497,3.08227961409331,0.0255531583397714,0.0843543932873924,0.242479203253499,0.439833344667653,0.0815386971832831,0.0104410571443667,0.0459682170085047,0.101070852362093,0.0154735215470825,43.151280725,4.97372792,6.2231712525,0.06385524865,6.9424954825,5.1289068225,-5.981667595,-0.069767376125,-0.1017938405,-0.47057054225,-1.217720225,1.152107565,0.0402720523,0.77903605625,0.22626067025,0.46813704025,47.57502645,5.7449660525,9.2941610025,0.492156891,22.755445175,18.60087735,5.8410859625,0.028638249975,0.2183278625,0.459511157,0.54416298675,1.4714698625,0.083545563575,0.96053739075,0.61904534,0.52807798775
46.70915959,5.6890869586,5.0612456682,0.20627502343193,15.70820588824,12.99758817391,4.540990487186,0.0097760728501812,-0.06122897504367,0.3572342207634,0.14020191167735,1.5277737816,0.065007604389,0.94658990729,0.5771714481,0.48795173859,0.793545509951859,0.22620439454414,0.597903664582521,0.150027393856023,5.30269023275754,3.83801336491846,3.27678455229902,0.0240625057004884,0.0868249096820155,0.25778067181311,0.427315872398495,0.105300681795746,0.01281013674191,0.0341179938625566,0.094135625005255,0.0145064859593101,45.161148,5.2687928925,3.9723386375,-0.09501692215,5.282064925,5.8448883225,-2.042912155,-0.036518119775,-0.22037007,-0.16071342375,-0.66638801725,1.3313705275,0.0422377503,0.8654277895,0.408154094,0.460608185,48.263690225,6.157198985,6.3759494,0.4785727395,25.92348425,20.952734075,10.528698975,0.0518533689,0.1126776955,0.82827997475,0.97882590675,1.7384043875,0.09074477785,0.99543013025,0.774522419,0.51887161925
45.917267607,5.853104216,7.793361404,0.388598756202,18.108856899,12.4475820058,5.2355247715588,0.02296482300329,-0.08289647837266,0.41187239132671,0.46792164240354,1.5183433105,0.048979285037,0.91949437834,0.47462475985,0.51652822389,1.15029232952288,0.219770300264032,0.771927992238714,0.125322710117019,4.19607853094796,3.70274737743579,3.33017295593713,0.0218865564584841,0.0868640027518137,0.261980671605597,0.417275057929884,0.0911085229487704,0.0103962238566818,0.0518160287348083,0.100510799589457,0.0141623592662104,43.67060885,5.4319069825,6.4549283025,0.13765715775,10.03029925,5.10448089,-0.94345362475,-0.018397958325,-0.24724191075,-0.074220354375,-0.2960563715,1.35141896,0.029837415225,0.79685581225,0.29817958875,0.49002728075,48.29473795,6.3294608425,9.4768520925,0.62745055475,26.7192134,19.8403364,11.4978377,0.06525355165,0.0781956495,0.904520982,1.2670381375,1.7031399775,0.0699117353,0.99433893325,0.67845301975,0.5448099445
45.733096813,5.8010331354,7.6075193659,0.440663503546,11.3749644284311,13.2413580721,4.9996723356412,0.00181188292801,-0.07259612279793,0.393318166044828,0.3880685763599,1.4063149897,0.055675370756,0.88026824912,0.50002838581,0.48267290289,1.09903754443067,0.210259550407736,0.840790453336341,0.120726927336161,4.35907010152913,3.56442191284797,2.98712236888562,0.02351111333597,0.0796736144506223,0.234993298285548,0.409528500063188,0.0828089846919156,0.0107671955589046,0.0565001367619671,0.0940655594723089,0.0138760869691715,43.631877075,5.404113235,6.2446882275,0.19871675375,2.2605822825,6.4578215075,-1.1742230575,-0.048290259125,-0.231122048,-0.0923747066,-0.47135914275,1.26067377,0.0356274439,0.760909389,0.329914743,0.45585882275,47.98713955,6.2297580575,9.6310048775,0.67057160475,19.241618625,20.428823975,10.70307715,0.044017485425,0.0912807466,0.84199812775,1.163122185,1.5776239225,0.07745154135,0.97976991975,0.701105531,0.51172662925
46.114347077,5.3290324335,6.3704160397,0.3387491527228,21.47824302817,12.64995239061,7.216464202489,0.044264694102359,-0.136110883818232,0.5677104968857,0.69759644152426,1.3353450073,0.078432531454,0.94812622855,0.77746466026,0.51116527644,0.952554519776137,0.200776347995787,0.715643014174837,0.165301753204751,6.04707098761341,4.8340152547711,3.47671465243766,0.0286289688566186,0.0920628049182399,0.273508930859484,0.479226140871385,0.100962963475131,0.0111523338865694,0.0344715681086088,0.114789139731204,0.0170658930339907,44.29361115,4.927398975,5.2025844825,0.037135576425,9.7545806225,3.2866835275,0.68373244675,-0.00914022782,-0.3142714385,0.05378840315,-0.23760459075,1.1532845425,0.058729851325,0.864473382,0.5766268095,0.47758071975,47.937024525,5.7251566925,7.8520328425,0.65199207325,33.06645305,22.11990225,14.13888715,0.10191044575,0.032995555975,1.11228914,1.670468065,1.55467115,0.10224651825,0.996007301,1.018400845,0.547517258
46.140106223,5.5891717027,8.1667412706,0.14696281517011,17.8894370867,12.07729764053,0.72379869332616,-0.008487363711169,0.0387423144307744,0.056940366468511,-0.35878655297075,1.4311966858,0.065700124176,0.90882547952,0.48166086873,0.51878124662,1.16147576288091,0.198170668183406,0.851715420330999,0.124061883718587,4.42655064272627,3.80800290325436,2.68240207826116,0.017764981564537,0.0681097653383815,0.211021322059596,0.325234062363005,0.0867967280612519,0.00823644115229906,0.0355819061883126,0.0906475518625117,0.0142975512852916,43.83891725,5.2144737275,6.716722385,-0.083541129375,9.3922015925,4.94459826,-4.262952785,-0.0424935255,-0.0983845629,-0.335361333,-0.97126532,1.2747425875,0.050836122025,0.8301348325,0.311477606,0.49185298025,48.5099195,5.9792201425,9.92462567,0.38379122875,26.714987425,19.321240125,6.0523545025,0.0258058801,0.16561023375,0.476131393,0.25898483125,1.614896695,0.082168303775,0.963815624,0.65778585175,0.5466997075
45.613497269,5.8546351335,7.1888499203,0.209893219779,19.1461376885,11.59699256732,-3.1650995104562,-0.031465191480334,0.1428081936208,-0.24899454413455,-0.77920941130105,1.4703516886,0.062703805643,0.95416692984,0.51534227786,0.48951780024,0.950253542476853,0.215812218032277,0.729907136245129,0.133542974014418,4.58473987086422,3.64294304372671,2.83944677525916,0.0215953705271099,0.0759423308998775,0.223375838128901,0.384732855577398,0.0896427896214018,0.00906599859070959,0.0286841967733041,0.0956388686770993,0.0159132534435029,43.68390565,5.4640990475,5.9283054875,-0.055680948,9.958754325,4.185792055,-8.914035165,-0.0749701827,-0.00597553909,-0.701256352,-1.54806341,1.3090315875,0.04508273985,0.8854319255,0.34078509725,0.458106475,47.42943135,6.289745765,8.8144383475,0.47725478425,27.79024815,18.483084275,2.46202257,0.011527046825,0.29570680675,0.193684328,-0.0285887376500001,1.6502311175,0.080801827925,0.9963599275,0.71896756925,0.5204222145
46.595605203,5.817665178,6.4431682965,0.414467499135,15.13314309825,9.8641908257525,3.077493720223,0.0122811688698236,-0.03637904573504,0.24210270263232,0.33939244721954,1.3986559961,0.061790819237,0.94793421073,0.59718303865,0.51806766542,0.970338712601653,0.198174640203464,0.713793673083204,0.132046116685797,4.25542971530192,3.94032517443524,2.85296001346438,0.0198823711756651,0.0725208212853673,0.224438908086615,0.356770603572733,0.0852942563174909,0.00895315796213468,0.029350926903978,0.09409539513768,0.0148207862664781,44.69130365,5.437685925,5.1774932075,0.15738188,6.330728855,1.8552296675,-2.420259525,-0.0270076721,-0.187555849,-0.1903988795,-0.37425531225,1.2421688,0.0453128503,0.8789990015,0.4331318445,0.489158841,48.490302575,6.2115490425,7.850316565,0.67024027625,23.659907225,17.7457457,8.95804043,0.052391291,0.09764286005,0.70471819075,1.08340664,1.58186679,0.079060622225,0.99039839625,0.7926687075,0.547521974
43.690654981,5.4332220414,8.1502195771,0.164229572995915,15.0051552522,7.6675097724627,2.294926259174,0.016443780869732,-0.025617570234897,0.18053906882953,0.1176520814948,1.4270957196,0.057581589255,0.92064023366,0.58388946231,0.49000806676,1.2040304176179,0.194833645029853,0.866044010844544,0.135823660722358,4.05605473256288,3.22254530729209,3.12276440410995,0.0240103107378896,0.0840179287609775,0.245664092723308,0.438954530239853,0.0798784298495984,0.00918057764154617,0.0415458102026716,0.105369022597127,0.0152773015344848,41.289044575,5.0681782525,6.44909844,-0.105996167,7.53561665,1.2721645625,-4.1337395725,-0.032766512125,-0.1844022815,-0.32519628375,-0.7962892705,1.27820132,0.03983606375,0.83055194875,0.39124262075,0.46041231675,46.124751075,5.8323870675,9.93614131,0.4255490255,23.130409675,13.89715755,8.2120427,0.0620351402,0.1485985195,0.64603145225,0.92377015975,1.5862098725,0.07600974355,0.98793290825,0.80025114,0.5216320515
44.801739481,5.7405570098,6.617996969,0.364741678492,12.5150807518,8.64568272378,-1.4096655468385,-0.0207073124640701,0.080475900654872,-0.11089668074486,-0.25850805104628,1.4235213059,0.056552469355,0.92549796143,0.2821407304833,0.48994874446,1.03085288385434,0.199733764392104,0.733200834771449,0.0990162656993371,3.69325067867974,3.20047700792716,3.11573504809265,0.0249749207606143,0.0844570585986828,0.245111101768548,0.431668529238974,0.0792330837395156,0.0100495626628244,0.046765314937293,0.11456319437444,0.0141469645687406,42.897163425,5.3654832375,5.33708497,0.1573686555,5.0363481475,2.769358395,-7.308375,-0.068467307375,-0.08918540225,-0.57494100525,-1.0531998025,1.28024403,0.038987088825,0.82127955725,0.05206914715,0.463593036,47.01620515,6.1493689625,8.20719462,0.554756334,19.79213815,15.30008555,5.082040195,0.02843619545,0.236039586,0.399797951,0.56300195775,1.5869353925,0.0769352796,0.99230346775,0.51034399975,0.51865937125
45.626275092,5.7431266886,7.0246814776,0.28184342057955,15.0154169243,9.98692183605,1.0134427703689,-0.003494914900515,0.020685078761475,0.07972631518478,-0.07892745839485,1.3403810252,0.052566233902,0.84168916203,0.27967426632774,0.49113073538,1.03118564940336,0.224694409875635,0.772610108580701,0.106861646752867,4.03992171916271,3.34979885269326,2.94267790574418,0.0202626561949227,0.0765657472812861,0.231496906220555,0.366565725027343,0.090582067675672,0.00891731732632444,0.0688136460189193,0.141341711285132,0.0149819080633773,43.5533938,5.3375902625,5.6227511825,0.075959902825,7.079067875,3.28469311,-4.9871686125,-0.043364174875,-0.1308710115,-0.39233451825,-0.78695846375,1.179137535,0.033652365625,0.6853559435,0.016000598075,0.46252804725,47.55959475,6.186185445,8.6156340225,0.49229596125,22.40914595,16.71875125,6.996971875,0.03525196955,0.17206202075,0.5504432945,0.64346921125,1.5456271025,0.07013890735,0.947489688,0.53087602625,0.52129673475
48.025978486,5.9645170792,6.9860466285,0.320063047027,22.5988987379,14.859895352,1.4519782372354,-0.005002727515288,0.03230901888783,0.11422536900079,-0.2222894216176,1.15423714737,0.040502916039,0.92976370806,0.58586570924,0.51301737498,1.04991135249215,0.218555202452762,0.770527560229578,0.122510213326184,4.37695529279422,3.74321474868435,2.65979640044392,0.0167360140437443,0.0673261635973676,0.209242960723636,0.318573880007591,0.0824643265338857,0.00897263701273581,0.0473994814141418,0.0876047616230497,0.0139092471905714,45.92800835,5.5505518925,5.63822833,0.0950589126,14.057989325,7.834997025,-3.4987539475,-0.036481825925,-0.10590150925,-0.27524273525,-0.85464070475,1.0047287875,0.0240030871,0.81966933175,0.4420993965,0.487970737,50.0197951,6.412841485,8.5035967425,0.57625656975,31.20413515,22.0942647,7.0133382025,0.027409542775,0.1516283415,0.55173081475,0.39910332225,1.333277835,0.05862237135,0.99553176,0.77889217125,0.540787637
45.112348901,5.7703903327,6.842372508,0.12144051217914,14.46444761038,13.24128656669,0.0082665397794,-0.0270595940581,0.06396054813698,0.00065031868113,-0.5779965582171,1.4378300299,0.063025105764,0.94191330642,0.52466593707,0.50556514594,0.957367010878066,0.214942627051807,0.739564241924641,0.127365285456394,4.41722978018564,3.95491888720835,3.07892093451654,0.0260451619792522,0.0837938784528988,0.242214979921909,0.440105148654478,0.0836369803647738,0.0111542636309811,0.0387652976384955,0.104882789753758,0.0145966913703921,43.351423775,5.36054738,5.5315046825,-0.1527285395,5.74649152,5.4504148575,-6.0923967375,-0.07452473745,-0.10273531825,-0.47928147575,-1.3831568875,1.286855875,0.044278675675,0.85332356475,0.33852241625,0.476150506,46.997749075,6.2278426675,8.443650935,0.358962562,23.0363635,20.445129575,6.203991395,0.0258030807,0.2200212525,0.488060483,0.31438205525,1.617776095,0.0866879894,0.99580623075,0.75579504025,0.5348808885
44.678198932,5.8408912058,6.4407346718,0.19116999610683,16.8263434758,8.2626878499698,-1.9001035079005,-0.012382707769265,0.09203695712537,-0.14947884122757,-0.44146109783447,1.5605745601,0.071030831565,0.94664159543,0.74566839148,0.50374796226,0.977195375032033,0.221140167041626,0.74435352378589,0.153597304971249,4.81197236271542,4.13970254437835,3.32248721091925,0.0294189801576049,0.0908803687536667,0.261376043782223,0.490913654705715,0.0935597993764476,0.0104148345613074,0.0312712366655315,0.12835142594752,0.0143204420819234,42.95674455,5.4091442725,5.172199395,-0.1191277245,7.703392835,0.295600628,-8.3905743925,-0.066456675275,-0.08105422545,-0.6600763245,-1.402262205,1.387078205,0.051438675775,0.8729294025,0.49787127425,0.4772661255,46.666108075,6.2945966225,7.9895633325,0.48995910275,26.320486125,16.2846519,4.50624806,0.041821967075,0.272601371,0.35450108025,0.45759993875,1.7600259925,0.092545888875,0.9915119445,1.014278085,0.5340174255
46.242520996,6.0034519807,6.760381406,0.34677597805583,16.5866865353,4.5691846259477,5.068410075515,0.05449995878921,-0.11651475893356,0.3987256807363,0.8747441451426,1.336502941,0.056071358531,0.88424174682,0.60032458697,0.51042892248,1.04883752970339,0.223018091081175,0.762035715481551,0.127735953229912,4.38549407267347,3.4206161840901,3.06962442824128,0.0258033977607949,0.0831725563988781,0.241483634938546,0.439311079068995,0.0801233674394519,0.0106091353697183,0.0611400970743595,0.10196463482725,0.0164352702605349,44.035153425,5.582727415,5.3701800075,0.085640643975,7.95078923,-2.074101585,-0.970701049,0.0055726113325,-0.275849582,-0.076363875425,0.0304292532,1.1954079125,0.0347253104,0.73544831,0.41259233,0.47802114575,48.1684292,6.4602012625,8.4614845425,0.585772887,24.824364375,11.3618009,10.927465625,0.10401369725,0.0476878405749999,0.859650466,1.7500950575,1.517434345,0.0768531843,0.97816347825,0.8376775325,0.54360419925
48.360202208,5.7424330411,7.5007941055,0.2570847326733,13.36721260941,10.42150706096,1.8763534802527,-0.00311869034662,-0.000816164337262,0.14761045529677,-0.027025688091,1.364118218,0.047642243719,0.92531593869,0.731128339,0.51268829658,1.09834237818897,0.211275075146419,0.753021563406319,0.151590404302926,4.52064899807108,3.29047507529782,2.82188799931166,0.0147670905686429,0.0702280633575729,0.221994510547861,0.316497518428836,0.0899985768489385,0.00850620379205984,0.0343513266343194,0.10003464200354,0.0142188446338001,46.273353175,5.3438352625,6.1475594425,-0.037606508,4.6430609775,4.0256037825,-3.8505823625,-0.0314472822,-0.13758038525,-0.302920645,-0.64135276425,1.194052225,0.0324740758,0.846021861,0.56433606875,0.4871993385,50.67789665,6.17933118,9.1023749,0.55380469275,21.904170375,16.781316975,7.3631873375,0.026469962625,0.1382994445,0.579253031,0.604298952,1.5500531325,0.064657135625,0.98277699175,0.947775034,0.54020864125
47.006921644,5.9327904147,7.1957602367,0.244263616111,16.8665492473,10.857854821366,1.6966071931915,0.001773826764959,0.00621659323581,0.1334700325801,-0.06391865635512,1.4751862284,0.054226006349,0.97758785309,0.3671182091634,0.52335822749,0.89163542886917,0.229867988525542,0.750167107043392,0.106236772551453,3.94494565451618,3.77549015808862,2.93338790233772,0.0168800648750229,0.0724415551840641,0.23076607270044,0.330190708743445,0.0838053015205584,0.00780010235598488,0.018148064800049,0.10279962628691,0.0149119038275416,45.23343795,5.4933132075,5.8931971625,0.028964202675,9.0214915775,3.552166765,-3.920797575,-0.03194832485,-0.13267048625,-0.30844439625,-0.69296908625,1.32828371,0.04079353405,0.933765823,0.14165908125,0.49486426275,48.70169905,6.438064965,8.7805680725,0.4577318635,24.151262725,18.264168875,7.49967474,0.033453654475,0.14674360375,0.589990327,0.58667995375,1.650358855,0.07072401205,0.9990864735,0.56033719925,0.55457222975
47.308117632,5.7362776052,6.6352502675,0.21498539730539,16.172914441,9.006072467365,-1.0473353848428,-0.0111709115270779,0.072310094558733,-0.08239260599097,-0.353647776777933,1.3829261292,0.061634937313,0.92799728814,0.47933372053,0.49397767926,0.978252424140862,0.207106414194592,0.734969620138785,0.122533238715508,4.8118875843121,4.27537102414419,3.25763969210823,0.0231456826067247,0.0848950879512084,0.256274568276988,0.409675461473631,0.0950111818249311,0.0121625159136854,0.0359842797136569,0.0983988472075344,0.0143161990843352,45.43494315,5.3359149325,5.275802415,-0.015501777225,6.3078613125,1.0112560515,-7.3300815475,-0.054615868125,-0.091988096575,-0.5766486415,-1.1236525425,1.21048374,0.037891226925,0.848213665,0.29762128975,0.46633389125,49.21155375,6.1689098575,8.088956635,0.4451434365,25.145392325,17.345305175,5.4506415925,0.03437433875,0.23446248125,0.42879536475,0.427844125,1.5863853525,0.08616966865,0.98400804475,0.6851778425,0.52252008725
47.367733457,5.9539029246,6.4978552039,0.3006379056818,15.08638670983,10.08348609733,-1.4368831597647,-0.021502870400264,0.088190237007656,-0.11303785751829,-0.394669683918872,1.4325520981,0.05160564886,0.92742040479,0.59079773465,0.49954307905,1.02132244722092,0.220030402325202,0.687492312950655,0.135817386328654,4.4270803280309,3.60613137075705,3.31822040802659,0.0238390747424266,0.0880579942793401,0.261040379947524,0.439726486076459,0.090486964737133,0.0103136487616361,0.0469894492105712,0.113241025034698,0.0145477041436924,45.43714705,5.55000073,5.30401447,0.0414473819,6.186527305,2.4731760475,-7.80907198,-0.0666871054,-0.08946964805,-0.614330238,-1.301891415,1.2777989775,0.033743616425,0.8214286845,0.38953644275,0.4726482915,49.3721634,6.4013625525,7.9542201525,0.5711971095,23.76810345,17.035413225,4.980123785,0.02777951065,0.26188135575,0.3917803055,0.46587661725,1.623236475,0.073719444925,0.9940253495,0.81946130825,0.52995167125
45.732057005,5.6413311308,5.7385859212,0.44805755174,16.7451856039,13.594002296,5.7430684124252,0.018155908655288,-0.091224839581372,0.45180023466805,0.51486444686237,1.2851872581,0.046166546652,0.91708398481,0.45255416087,0.50396957782,0.881828335406869,0.210058540344424,0.647232627005605,0.123215834250039,4.71658655695111,4.1141094670062,3.58654205609882,0.0245822395980799,0.0926673461911289,0.282148918543884,0.443123186983924,0.0836024211861107,0.0100954002183647,0.0504475371122064,0.108539099030405,0.0165241566357475,43.93581815,5.245566745,4.5925005075,0.199985334,7.6375111125,5.605863345,-1.2016487775,-0.03035760915,-0.26823832325,-0.0945322557,-0.3436546555,1.1245488975,0.028429712375,0.80673742875,0.25397702575,0.47290758925,47.422318825,6.07578249,7.1149764,0.6905336765,25.90592015,21.807170325,12.375452225,0.064459017175,0.094280184225,0.97356186475,1.3488472475,1.469890115,0.06782222535,0.994059307,0.671916807,0.53760135625
45.184845853,5.5090512434,7.5020895851,0.437775301232,19.5292664863,8.56077715473,-2.3208546882295,-0.01046392528175,0.10499302651863,-0.18257882693802,-0.248933120655721,1.4150114284,0.051986858982,0.95451423446,0.52790205036,0.48122382096,1.07204304487329,0.201197733372918,0.742063454411305,0.125421258170353,3.99747021538934,3.4362171897999,2.73397205729026,0.0187062638666163,0.070552192448805,0.21507827001127,0.351486136436999,0.0822402836113478,0.00790062667507329,0.0279562300954812,0.113565005825459,0.0142075781846169,43.24619215,5.139232705,6.0926042725,0.1941798705,12.187346425,1.5996643175,-7.964419955,-0.046858239325,-0.034950999075,-0.62655126375,-0.91222175575,1.2556074925,0.0378337647,0.8887460215,0.3271210165,0.4541689775,47.451266475,5.912221965,9.057605025,0.686516195,27.3716589,14.717235175,2.921756945,0.026156746825,0.24392953525,0.22985107575,0.45443971025,1.5858815875,0.068453606675,0.9963417935,0.7645344145,0.509274413
45.195778318,5.5445648384,7.322190142,0.2731680416788,16.97602132,9.45933662113,-0.115537617324,-0.0046351946138,0.049014755388842,-0.00908920437008,-0.19191335146283,1.311227493,0.053495095594,0.9267207156,0.49123135383,0.50006679555,1.07454098468584,0.196587238139284,0.800347028953417,0.117248196101221,3.9714088861,3.42974967381213,2.87545777544646,0.0203499441383625,0.0754642981382799,0.226208779773781,0.36266762922108,0.0854208103993297,0.00902643933430487,0.0433443861303356,0.0874017320076021,0.0147143674139507,43.12759635,5.1688495775,5.918520055,0.0487105993,9.36985169,2.977660815,-5.599087935,-0.04224749305,-0.1122620785,-0.4404734665,-0.87048350375,1.1493609275,0.035471953175,0.8254621155,0.33818916375,0.473194175,47.141878975,5.9307297475,9.0068200075,0.5005870625,25.192529425,15.98678255,5.9804349225,0.0360272939,0.18947841,0.470473571,0.556170329,1.4939103075,0.0706622186,0.99135363425,0.6710041145,0.530690935
45.088539342,5.5139311827,6.4497998615,0.20961274527238,15.0375625734,15.9579741835,0.3833633315463,-0.03552364788032,0.0668675445897,0.03015872901881,-0.6015126707699,1.2875577061,0.040668191752,0.94011233945,0.45348250337,0.52973059215,0.97892466963901,0.205691520852726,0.713670716471551,0.107335985615292,3.99959382428594,3.45561705699857,2.97355342452125,0.0221845318378692,0.0784072310701129,0.233925845644406,0.391598627447166,0.0768996140389194,0.00793791983982575,0.05852060117334,0.0962385260478511,0.0173105210497251,43.03594825,5.1386283425,5.263556115,0.01514902875,6.72586658,9.57869681,-5.1048421425,-0.079486977225,-0.097016419475,-0.40159174725,-1.3306536225,1.14765444,0.0262673252,0.785962865,0.27884674725,0.497278643,47.00575585,5.936161885,8.1523791675,0.4284900795,22.792908375,22.206536425,6.273874325,0.00756545619249998,0.21064993875,0.4935580975,0.17460711575,1.4476207325,0.0571267721,0.99856095875,0.6586630685,0.56315912925
47.049896269,5.952097293,6.3297304335,0.2292249373875,12.57308453723,6.795603947384,4.700882187894,0.032168740715955,-0.095667278037684,0.3698127069573,0.5406428474069,1.4523837743,0.065511965596,0.86358793385,0.55486471128,0.51898307586,0.987371161327211,0.216751362534265,0.721814394555903,0.133750975568263,4.97836583609874,4.50367807520959,3.23706106872792,0.0226087823609158,0.0804915730190736,0.254655672621365,0.397533062485239,0.103746006842459,0.0138180693460171,0.0583817701490034,0.101063480587204,0.0162753423427564,45.2162541,5.56307569,5.10575465,-0.0154036549,2.9059132025,-1.548534015,-1.5979451175,-0.01144208055,-0.247682033,-0.12570840125,-0.21368430375,1.2573051975,0.0410030589,0.736938576,0.37431370925,0.4887378415,49.054985575,6.39579966,7.9833120375,0.4940319805,22.4871431,15.411815725,11.009609175,0.07904616495,0.058737799175,0.866112607,1.3379337425,1.6688965825,0.0946715542,0.96088106325,0.75528718,0.552062582
46.672909054,5.5830439416,6.8184013306,0.32223788446021,16.75282788417,10.18228665762,-2.740632714749,-0.027484492968962,0.12433770823842,-0.2156022556244,-0.54149411354114,1.4249479096,0.066539989083,0.91417460104,0.2900904456927,0.4773880378,1.01936881286454,0.22071921575706,0.751669995919976,0.110398105700529,4.45862798497123,3.62642598909939,2.92769547778301,0.0229894863449799,0.0795993904788054,0.230318256487232,0.406310782838996,0.106830002184193,0.011267217813828,0.0430606448783923,0.118781619993235,0.0137390756426778,44.75832795,5.15687752,5.3902647975,0.105774148,8.4588738175,3.008615105,-8.1974631425,-0.073413137175,-0.0313211374,-0.644884492,-1.3301305775,1.22846025,0.046190892825,0.814245596,0.049120357225,0.45175300925,48.709400425,6.057273005,8.342485265,0.54637368975,25.885103375,17.3601819,3.143466635,0.016479816825,0.269695327,0.247292707,0.28456735825,1.64553142,0.08890915465,0.9836119095,0.51527250925,0.505657257
44.907495208,5.6128220968,7.3791780806,0.19328959519019,12.81743587541,14.03204992332,6.72823410147,0.0140562987176011,-0.11605400265913,0.5293020261437,0.33550194081032,1.400694167,0.054042444256,0.95579821927,0.447102450783,0.51247109197,1.10091260504632,0.210033855340454,0.774673716026192,0.120800151684518,4.64093774764856,3.97328867447991,3.22497498470418,0.0209970629548279,0.0830633564604207,0.253704875229913,0.402551147881269,0.0853414846070769,0.00934594042228677,0.0329250795684143,0.0987844082347418,0.0157463738091937,42.802789175,5.212543035,5.924049355,-0.039191639225,3.609179435,6.24846784,0.8100240255,-0.0259821582,-0.282282546,0.06372360915,-0.430158949,1.2380611225,0.037835385225,0.88058465775,0.2782720095,0.48345991475,47.0076816,6.0237277825,9.089036985,0.4219371795,21.591510075,21.57904135,12.869592275,0.05944470705,0.0360374614999999,1.0124352475,1.2205427875,1.56713044,0.07374873325,0.9975603065,0.66779113025,0.5441626165
44.232923294,5.9279523313,6.3732820139,0.2623960998908,11.91938184833,9.315167906819,-0.232043640701,-0.0166690795852051,0.05150332390468,-0.01825459231346,-0.248246028279762,1.3549743664,0.0462683019,0.9268778754,0.45287707739,0.48256254406,0.978054406280606,0.238235075370185,0.749389368669549,0.107575250648848,3.87731341807614,3.29102181750911,2.90494586622981,0.0235692538103935,0.0777375575114133,0.228528572098177,0.404006225483953,0.0780178868458393,0.00812779144135305,0.0565555295885542,0.0997144889962914,0.0140689190775726,42.287257975,5.4892443325,5.1210036025,0.06168896355,3.88896789,2.821896815,-5.4463246975,-0.060407302975,-0.10652859975,-0.42845576775,-1.0230785325,1.2149595625,0.03135566095,0.78787729125,0.2539555395,0.4553688685,46.082741525,6.3825155,8.082876275,0.474212894,18.761364175,15.399382075,5.639117305,0.030985891275,0.1924262365,0.44362253025,0.56198490775,1.5142766475,0.062912126175,0.997956769,0.66331525525,0.51121665425
46.283545359,5.8117713185,8.3103090411,0.27194820642835,11.394304375696,7.778324870321,0.4841982174247,-0.00563418278116,0.0244582756662,0.03809128720205,-0.052329311562127,1.3694607274,0.068851923763,0.91618237489,0.59636839996,0.50042271961,1.12251488044684,0.207362620685582,0.873807653629925,0.132190797769008,4.48317558802032,3.49225868866615,2.64758266558122,0.0180628883133334,0.0689696794449992,0.208282121081279,0.337494425213798,0.0827685385431715,0.00796648375704655,0.0297967328372656,0.0908479033691516,0.0138140516184535,44.207055775,5.4310956325,6.8563551075,0.000583556098750004,1.919344745,1.0860549885,-4.4317624475,-0.04008104745,-0.1103625425,-0.348641384,-0.685208714,1.21113395,0.0540654789,0.84849970675,0.44420774875,0.473051548,48.492301175,6.2159240575,10.16403085,0.516834377,19.689675425,14.74515505,5.4841901975,0.03043299025,0.150088407,0.431434593,0.62029520575,1.534283835,0.085444608775,0.964246374,0.798114224,0.5305190365
43.540474792,6.0608719262,6.9524865613,0.23201502245226,14.1430269398,10.1603737977,-4.0671179325081,-0.043099977709342,0.1605220369874,-0.31995524065913,-0.828563354908,1.3275341573,0.060361969243,0.90195154117,0.53981346721,0.50123107764,0.957263253223664,0.217873154829216,0.796115658810644,0.115585544902731,3.79658733622881,3.22744781026957,2.93171887319662,0.026532095535365,0.0820483213699653,0.23063477205506,0.448126810368201,0.0748508834779369,0.00946360176087576,0.0522316774714551,0.0949850815147994,0.0143677506062653,41.6936791,5.6533426175,5.5357715225,-0.0153654514,6.160869585,4.151051975,-9.8269106,-0.0954525936,-0.00472201455,-0.773071153,-1.7131329275,1.18531405,0.0410336071,0.78540787425,0.37687414275,0.47421509225,45.53208725,6.5297441825,8.54532119,0.44054313,20.687889,16.566088375,1.759953045,0.008628301265,0.325172358,0.138453375,0.08076955325,1.469028605,0.0782890425,0.98380579525,0.74236980325,0.53091880525
46.39052739,5.4298052359,7.380498157,0.296822819283,18.9818190884,10.69516082749,4.0003989002159,0.0241520331965882,-0.0576001806879697,0.31470653520048,0.3242958235588,1.4386129556,0.045382722308,0.85022492199,0.481709458565,0.4786765399,1.10886549834151,0.206607593537815,0.760783915820136,0.11973322703367,4.17544901105411,3.495513249281,3.12037310980841,0.0248948102587303,0.0854511633508773,0.245475972188448,0.456252351605848,0.0891228459428731,0.0124322614529464,0.0847137957662159,0.115575133351811,0.0149093275618723,44.28786995,5.05086246,6.0086814275,0.06255163335,10.613156425,4.17564082,-2.03462466,-0.022257851925,-0.24111742525,-0.160061452,-0.53750737,1.2736935775,0.022999803275,0.660411675,0.2584583,0.44910981725,48.700234725,5.867704275,8.9701442475,0.54382182925,27.4733183,18.32721475,10.745424825,0.076830516025,0.10055471875,0.84532952975,1.27174043,1.6267240825,0.070213533475,0.98812363675,0.71806281825,0.5081872625
46.46822742,5.4012051296,5.9800518011,0.2951971138126,19.7594324537,13.5915265744,8.928630712244,0.048283336542605,-0.17838881825545,0.7024045627563,0.8131819560864,1.21510212985,0.047277365276,0.87801639027,0.47147211906,0.50754480345,0.970875393630309,0.19432136052662,0.623842015297803,0.111592306091954,4.12215378519654,3.64307952881647,3.02782698030195,0.0227321842867667,0.0789298943389559,0.238195482284853,0.400218703467597,0.0787630627663722,0.0111747921893947,0.0707872228329083,0.10263680870835,0.0150304844507946,44.609318125,5.050634905,4.8801581975,0.069685315075,11.720305,6.1922747525,2.7244870775,-0.00028589999775,-0.33849556625,0.2143321005,0.012924402335,1.074600075,0.0278772633,0.70956317525,0.28343858525,0.4787572505,48.383763525,5.811235195,7.364211515,0.508397407,27.706574775,20.385924275,14.87054885,0.09031554285,-0.0156074318500001,1.1698480375,1.5847861525,1.385457325,0.068166052025,0.98320475825,0.6885017445,0.5382327885
45.529033325,6.0274183678,5.1759326514,0.3016720048845,12.35989706549,5.9865900846967,1.088715241992,0.0092620889269102,-0.00076573653616,0.0856479093729,0.175790905050357,1.1217214012,0.063240682711,0.78131637007,0.44492759348,0.5101358054,0.853368964073468,0.22188594253027,0.647279510959282,0.110870485528788,4.73119656093,3.81572297672331,3.51674817342981,0.0324702360011801,0.0964213537820509,0.276658318704965,0.515032099452733,0.076916298662512,0.0115948088114816,0.0701687132524506,0.0901604485952429,0.0161973572880841,43.887547325,5.6023920725,4.058422705,0.069011924425,2.200973475,-1.118760955,-5.8509403525,-0.0560210066,-0.180554028,-0.4602863885,-0.87756736025,0.97937386025,0.0401349164,0.62962371775,0.29074636025,0.48124520425,47.186193,6.47112288,6.541049765,0.50906331,20.990885425,13.15051525,7.50251945,0.067508265125,0.19021860125,0.5902141165,1.11747128,1.2842317125,0.0859219922,0.92030223575,0.635370425,0.5426463065
47.682934346,5.6459246359,7.9530571728,0.320031525511,14.836600599,8.38372532433,-0.4376361874872,-0.007023951877792,0.0526128751403772,-0.034428308806631,-0.13880184210647,1.3852692095,0.048211106872,0.87034995874,0.47481372646,0.49258685562,1.13952714542374,0.19763007679552,0.819445954600148,0.118042283579834,3.94993577768213,3.40838137231863,2.69841472066,0.0181736360345284,0.0692693898348633,0.212281017062763,0.354568945593381,0.0768281029251085,0.00987367494348246,0.052994541344324,0.10305095183004,0.0133061376249382,45.442477875,5.2796011025,6.5234928125,0.08673429185,7.532995135,1.63505415,-5.3052809575,-0.041992500175,-0.0813046948,-0.4173600215,-0.80022944925,1.2411319125,0.02940286035,0.7560488875,0.2839484645,0.469166444,49.960749575,6.038975405,9.76531462,0.5516809345,22.41784365,15.0381353,4.97996438,0.02958041555,0.182368743,0.391767769,0.54499920025,1.5360445125,0.068774296425,0.9717344475,0.684790349,0.518585898
46.461896931,5.9356168913,6.9493488624,0.12127537471323,10.916766822389,9.31065808416,0.4190191815931,-0.014288201318835,0.03366940726319,0.03296373137561,-0.3093122389086,1.2612202828,0.057865044133,0.87852240337,0.366283379967,0.50576894254,0.943847984047792,0.221391420318566,0.762716258381904,0.104675835062754,4.29704530324844,3.63433426940471,3.08312072870605,0.0230032873645235,0.0815303270115851,0.242545372673483,0.409000427350082,0.0800157756866222,0.00968425853612007,0.046733682988671,0.0990170734285689,0.0152462171261221,44.659832175,5.521983475,5.619634455,-0.083951012325,2.5527573225,2.12918025,-5.961773055,-0.06021058815,-0.1154753825,-0.46900546575,-1.135329105,1.113643385,0.038595259925,0.78051434375,0.16675522025,0.47799350375,48.31934315,6.3832169775,8.5352648425,0.3325303485,19.362339375,16.558700775,6.0708011725,0.02841047165,0.1947192665,0.477582579,0.4311127135,1.429349505,0.075626428775,0.96141444425,0.5588332005,0.538393316
46.652011033,5.8800602398,7.9717341565,0.2767600503778,10.204635942001,3.2240369258311,-2.6564695378745,-0.010156007436989,0.088305245740661,-0.20898124040976,-0.19946388227786,1.2760532622,0.053082146993,0.86775523081,0.65776200478,0.51036859779,1.12147339762363,0.206548570875113,0.834016348279881,0.13964857012435,4.46853394620325,3.88778196600546,2.81338003073772,0.0196975796172154,0.0724917492264728,0.221325198924018,0.369226144011855,0.0847411338548632,0.00919265491874236,0.0524298456113673,0.105387884027629,0.0143360663756984,44.278878875,5.49061938,6.541259295,0.0033349846975,1.3904630025,-4.5613716375,-8.276330945,-0.048659576575,-0.049120555025,-0.65108893275,-0.90406766775,1.1249180275,0.035488009325,0.75187496675,0.46193989925,0.48315137225,48.6376789,6.2971779325,9.801904385,0.539268557,18.901136325,10.365367175,2.81030425,0.026905523375,0.23299555625,0.22108322775,0.52770915,1.448183985,0.073105008975,0.9508006955,0.8901419045,0.53895950575
45.071041713,5.5460561483,6.3489598507,0.3420726306649,10.814054166665,2.855559925707,-4.7027675098188,-0.02183476038335,0.1425025617365,-0.36996102283626,-0.3817915891856,1.2429723719,0.042018780188,0.92530033747,0.63637033151,0.48398262436,0.914663876215359,0.208932425672778,0.727995808935996,0.121380042165867,3.77876517546298,3.22218814880462,2.80404672895436,0.0243603592667302,0.0767740011058303,0.220590959055146,0.421359155962646,0.0724800839470584,0.00845626858839548,0.0666328942467353,0.101261853452909,0.0149124750069616,43.2022679,5.1570519875,5.10776322,0.108934087,3.8368827675,-3.20953516,-10.130608725,-0.0689560264,-0.0053556507825,-0.7969627125,-1.17984656,1.1098226075,0.027211798175,0.755563343,0.4558569275,0.45783175875,46.799256675,5.995633265,7.793233605,0.56964918775,18.20323095,8.9437803025,0.717000277749998,0.026729211375,0.29144037425,0.0564055434499999,0.42262556775,1.38763488,0.059505416825,0.9977988135,0.86088201475,0.515479579
46.34142351,5.5305019113,7.6116721575,0.360193689896,13.62041320245,11.4588974365,2.366789174942,-0.003758054695794,-0.00920499780539,0.18619243734421,0.08033851402961,1.3809362228,0.045893411469,0.93061977429,0.50511899796,0.49861117309,1.05805480293344,0.197320532216833,0.771650300625301,0.119937933421637,3.72794092391257,3.27480864215545,2.88207680678068,0.0204335689689672,0.0751007902134375,0.226729491253945,0.371381636099683,0.0802508674488991,0.00825774129851846,0.0496241204464388,0.101458095864034,0.0142122889206546,44.345804,5.16645788,6.2356088075,0.1179887465,6.6203930375,4.6822852575,-3.709742345,-0.044555474625,-0.14517596675,-0.29184093225,-0.63790747325,1.2280986375,0.031526647975,0.819031394,0.30580275875,0.47179462875,48.377875725,5.9237340525,9.2180819425,0.59956786275,21.094530775,17.5528869,7.6325856025,0.036142783025,0.14077046125,0.600446259,0.776569802,1.5367426325,0.062197358775,0.99646286875,0.7112836475,0.5278825065
48.373977481,5.7598496204,6.9166326584,0.15841186560609,12.8946446305,7.99335054899,6.822653506645,0.04275401582032,-0.14790956859976,0.5367298864508,0.683927504683,1.2172038734,0.046180736971,0.88925238438,0.37285454274,0.54236704353,0.98771175314369,0.214576133758851,0.760940023816695,0.105084515716043,4.21444844806575,3.95326201649168,3.02655423788223,0.0209105724891966,0.0770620994217579,0.238095355646516,0.375651637604518,0.0786992184727378,0.00967415155075967,0.0550143832110343,0.0805122778302893,0.0162042453118049,46.47138645,5.387579635,5.6730456375,-0.054007293175,4.8201505175,0.46241710575,0.53045738675,0.000862269816000001,-0.29707017425,0.0417304401,-0.115551508,1.084880875,0.029163291275,0.765254492,0.2157491135,0.513164876,50.254747425,6.192579455,8.6099622325,0.35683136775,21.297068375,16.06538035,12.470989125,0.083390401375,0.0194151414499999,0.981077607,1.3898469225,1.3896059225,0.066676333575,0.98146453075,0.53791648975,0.57550469675
46.724334644,5.4027725315,6.5022208579,0.18149780888845,12.9218637866,11.093249718665,4.96008221093231,0.015053217443073,-0.081925884568692,0.390203658663717,0.26706462223187,1.2801798391,0.044327884686,0.88533664108,0.38397443328,0.51834739977,0.941096034620442,0.189476623405426,0.692186711983318,0.10173426797979,3.69976727755527,3.3189781057624,2.50525419750561,0.0171549647777547,0.0636984613005661,0.197085312666269,0.313809881929294,0.073289560667645,0.00925829978405185,0.0533266908260726,0.0813211426210216,0.0135892690806997,44.774494925,5.0703203075,5.3306050225,-0.0150253695,5.37584859,4.3202144775,0.087547835875,-0.017762892525,-0.21271718025,0.00688728218,-0.356743296,1.147881775,0.027593007925,0.76730983975,0.23051076725,0.49137375525,48.5342069,5.792646225,7.9393841325,0.38557685875,20.10890015,17.180905875,9.9969180875,0.048531754575,0.0433289845,0.78644543425,0.882411672,1.42772188,0.06337926735,0.97590879525,0.5509728325,0.54551374925
44.508532104,5.6244412848,6.7204699523,0.415824332146,16.9781131654,12.6259814259,1.7627573342983,-0.0056356182213735,0.01297776566618,0.13867398391739,0.00903921392579,1.3136604693,0.053981875199,0.92093597415,0.69579639919,0.48774151381,0.997426120931076,0.203576159554086,0.783688007179556,0.137956851918672,3.71830873815055,3.16115113251291,2.84784068857968,0.0232537644723829,0.0775445080845374,0.224036177082419,0.413801226676132,0.0714167287647439,0.00902417736840724,0.0448402810348539,0.118517625507979,0.0140147483262056,42.633293275,5.24562587,5.4300093825,0.149023428,9.7267502125,6.5645697225,-3.6934556025,-0.052109224875,-0.1280879465,-0.29055967675,-0.759833649,1.1710762575,0.03765594545,0.82037339475,0.4842093415,0.459994282,46.666656925,6.0409201675,8.393850415,0.68987342425,24.09169585,18.78944205,7.200558295,0.038486101125,0.15582307375,0.56645919475,0.8332995,1.4540772125,0.073414480475,0.98944059675,0.960778037,0.51561819275
45.702046432,5.7470730788,6.3721785287,0.2596068880096,19.1652848165,17.7324289868,5.388213723923,0.0021875402690316,-0.06145568362887,0.4238842460652,0.043700741160325,1.248901314,0.0413479409936,0.89698329998,0.53574855554,0.49090167361,0.875004962266167,0.204238424115914,0.720763178072613,0.126969419488294,4.26302180608758,3.77228470505407,3.67900886118788,0.0280742535564214,0.0982826032934735,0.289423170206368,0.485949980188862,0.0886998227496799,0.0119508770380629,0.0740372829304169,0.102283292059648,0.0154238962572045,44.0521644,5.3676607525,5.15821476,0.01131420195,11.214556625,10.190508675,-1.6144837225,-0.053008209125,-0.25015085575,-0.127009481,-0.911832506,1.085392155,0.0189989003,0.71333788025,0.3477812055,0.4609146205,47.487712925,6.206951715,7.9145803175,0.5075039775,27.578902275,25.187703375,12.57155995,0.05501556255,0.128022549,0.98898936575,0.93868585775,1.4378156825,0.0660646461,0.99382508075,0.74863580675,0.52283514275
46.17441072,5.5203701925,5.9689989262,0.2291264023475,17.5843751891,12.6183922161,10.10105757345,0.05615228834041,-0.2151818116154,0.794637962141,0.9475732195517,1.3302037437,0.046786601598,0.9164282534,0.437974492364,0.47538081282,0.879489318454229,0.215426436925237,0.624628797108426,0.120514419434491,4.65148365448361,3.76429692145356,3.04763170706666,0.0225146548484168,0.0798803148121763,0.23975349343033,0.389272426848138,0.0879896280590024,0.00977723200963771,0.0571282981312919,0.133290330874685,0.0153923988598603,44.466396575,5.1139677225,4.87454031,-0.03018602125,7.755749975,5.30991365,4.101958945,0.0116463045,-0.36365669175,0.3226961415,0.13398966775,1.1770097,0.029657028925,0.7822263175,0.0845258626,0.4468547215,47.923820875,5.9701076025,7.3016402775,0.46379961325,26.057827025,19.9500265,15.935243825,0.1006201725,-0.0547379205000001,1.25360636,1.6876040275,1.509234635,0.068367704875,0.99521156225,0.6808299615,0.50671092075
46.92080586,5.7116833196,6.1372793459,0.08351451490897,6.881340796343,5.59237737623,1.7420381117173,0.002961585762128,-0.020550556407915,0.13704402791639,0.027576274822,1.3089434999,0.05150206152,0.87887886193,0.362167417,0.48909919471,0.948739360877744,0.216682795794249,0.674388424293848,0.111729859672708,4.55634457583779,3.70247490357651,3.06510088991311,0.0211181235199641,0.0798713830706811,0.24112777391332,0.380737452945775,0.0878102400240443,0.0103260551031658,0.0557632529128558,0.088651460475812,0.0140365682136924,45.124871375,5.2966088425,4.9395586425,-0.13677044325,-1.9035837,-2.0144281025,-4.12963403,-0.037500624525,-0.1734409185,-0.324873313,-0.68963617375,1.1326229725,0.032624780875,0.75771478525,0.2019855055,0.46195609525,48.7977944,6.1316761825,7.6229688675,0.3128636565,15.516545625,12.895206475,7.77453877,0.044042167375,0.1355388885,0.6116135505,0.750208672,1.4940229875,0.0725779457,0.97477653475,0.54658502625,0.5173117205
46.333658805,5.9471164483,6.3027255553,0.3192053058215,13.71066943635,2.02164305853058,2.6913443172819,0.042299988834939,-0.063831101206316,0.21172479700136,0.66191876110363,1.4765077778,0.063241597472,0.9162890901,0.54950625349,0.51381405024,0.986903723945232,0.214766981831453,0.745956410973257,0.1325544741334,4.405987650171,3.64745662960612,3.30256390121793,0.0268043708208074,0.0911922900395504,0.259808700973698,0.459415953868875,0.0872185283530689,0.0126736686778593,0.0450786455525522,0.109401043223743,0.0146224984236788,44.428376875,5.526473185,4.99695502,0.063511823975,5.174031625,-5.4158769425,-3.81526985,-0.00912523741,-0.24097567425,-0.30014266375,-0.23786149575,1.3174180325,0.043433762125,0.81195887825,0.3342891,0.4864385455,48.1726218,6.40745801,7.96843595,0.591142594,22.68389405,8.767058385,9.2186393125,0.094406272025,0.11181977875,0.72521918525,1.528881345,1.649303495,0.09459910255,0.98765535125,0.76891349975,0.5437279925
44.837226057,5.6520187192,6.2962463478,0.4521389318,16.6555966658,12.443920498,-5.577110486104,-0.05866001361936,0.21290247858131,-0.4387445258024,-0.9319590792693,1.2167858625,0.042975122638,0.81022563219,0.54866543973,0.51608715505,0.919935842305188,0.209072250032441,0.704639182618407,0.113932848007906,3.78954830527716,3.45766622714519,3.05780271829327,0.0295833602158299,0.0873851034903573,0.240553635524656,0.483098706112179,0.0775666007941577,0.0114934495603739,0.107258009169884,0.0982187518886972,0.0152233214286147,42.98067905,5.28911764,5.09256394,0.2452662415,9.0671973675,5.83122346,-11.442450525,-0.11773440725,0.035394144225,-0.90016368675,-1.85060886,1.06940376,0.023705995925,0.569310658,0.3717455435,0.4861010335,46.5895186,6.084556845,7.845352005,0.6712026415,23.72674195,19.329323575,0.48668722375,0.00204426694749999,0.3828265315,0.038287094225,0.0230521032249997,1.3746883225,0.06596394315,0.98080236175,0.7535926435,0.546547729
45.415686059,5.6897502727,6.3641754511,0.1972678483622,20.1620358532,14.9268617277,0.436527993502,-0.018371931796575,0.060414758759406,0.034341128469405,-0.5042693773757,1.3288155568,0.050352592915,0.91457518076,0.49465419265,0.4809774521,0.929253807867609,0.217255831591644,0.695590067460315,0.115329235645844,4.1301977272142,3.45935538690672,3.17062551681325,0.0245694882427049,0.0853371802375448,0.249429268513127,0.431879088905078,0.0861885579262682,0.0108651860383512,0.0513842543150303,0.107154808921736,0.0146641418833435,43.52565305,5.2928901375,5.1122514525,-0.03521439485,11.96281025,8.2743719125,-5.8841698125,-0.069031424,-0.10618403675,-0.46290050675,-1.3583341775,1.166714775,0.031700683375,0.80425045175,0.30215396175,0.45253072075,47.2897098,6.122866875,7.94650903,0.42704421925,28.363659575,21.576589225,6.6857860175,0.028939761525,0.22938334475,0.5259626925,0.325520077,1.500361365,0.072075034625,0.9941073115,0.726536179,0.51099908
46.754665374,5.6866448529,7.0197451167,0.3603531306861,18.8424289544,13.17333505531,2.7389819088958,0.003275900387745,-0.01107692520649,0.21547238860418,0.0654534118289,1.3976782825,0.046895063747,0.91698428453,0.50877241453,0.51751984181,1.0161854753503,0.221156635007362,0.795489023645904,0.136589558592421,4.79110105874227,4.18575087989028,3.07467267344772,0.0201189070284517,0.0780896126682375,0.241880774092328,0.375768236219224,0.101800739949465,0.0105322383572671,0.0578835791241948,0.102254057032835,0.0168916437751997,44.725466375,5.303341645,5.6512161325,0.11073008825,8.9095790225,5.1194547775,-3.01691997,-0.0338054276,-0.16020823,-0.237337437,-0.64609659225,1.209990205,0.02902708795,0.770021477,0.31885580825,0.48647930625,48.784131225,6.1310809175,8.71446339,0.62750151925,27.3175944,21.747819625,8.705429605,0.0436201017,0.13787380875,0.68484559925,0.80654996625,1.60748704,0.069501696275,0.993185585,0.7107694805,0.5513047465
46.578130057,5.2577160453,5.9726917404,0.21847985418841,11.076462615539,6.807253898691,3.855600023024,0.022490163696924,-0.072485213894243,0.303315383041,0.40416617123131,1.318024377,0.051407076112,0.88025803953,0.46808107806,0.49083952365,0.829688679821161,0.18884571181659,0.676282489507745,0.117879290911255,4.39288120574321,3.5991739562893,2.86762430765305,0.0188884414117647,0.0731202781453626,0.225592530127722,0.34439020970231,0.0790362980966609,0.00996907469806806,0.0429383170614622,0.0861258168935739,0.0131446684259827,44.997465575,4.910523615,4.8912407,-0.0115969874,2.325471675,0.0131570800250001,-1.8157094025,-0.0174445323,-0.213294974,-0.142839656,-0.30248304975,1.1756679325,0.0329024769,0.7783370815,0.31013722825,0.46398285975,48.2501015,5.637326125,7.54688069,0.4495887445,19.1672547,13.537271175,9.401743715,0.060864759025,0.0808365808999999,0.7396237875,1.0780177725,1.4813591625,0.072980628775,0.94914548525,0.63552979675,0.51708676525
45.538107659,5.7603299536,7.2709939056,0.26081412062764,10.052159954782,10.737480531652,1.6379002186628,-0.014072613771457,0.00723921328822,0.12885162595565,-0.10009041315796,1.5209994756,0.055964443876,0.91466958597,0.320521461483,0.50742360743,1.05339944816497,0.20962998142472,0.812208416232077,0.117246950588308,4.50120979829722,3.77546228695659,2.96386724120625,0.0188043760281889,0.0746008015173035,0.233163845501603,0.358261236911415,0.0937264746395361,0.0107977701975914,0.0417206701226212,0.107630952835787,0.0148916556005556,43.477937475,5.3634541825,5.789885255,0.03727718285,1.6636391775,3.132689175,-3.9719279925,-0.049196704775,-0.1440098195,-0.31246676575,-0.784599702,1.3534753225,0.035682232125,0.8248580945,0.1108264975,0.479417964,47.767995225,6.1854755325,9.009935205,0.48988521875,19.119988475,17.776947675,7.8735990975,0.024180168575,0.145915464,0.6194065015,0.652359188,1.7182064925,0.076354283,0.9818938055,0.53519348225,0.53796948725
46.522582268,5.7059618418,8.3915056423,0.47346936165,19.0345345708,12.9455402456,-0.9950435154542,-0.0222411865163808,0.08997591352102,-0.07827886796996,-0.307608644546343,1.3456244165,0.053140822565,0.92415829178,0.50077668652,0.50928786926,1.11897402595243,0.208176362986191,0.900325654460612,0.116703490231487,4.20954807958749,3.49952529016832,2.85662808203839,0.0189588391408154,0.0735927756863824,0.224727470643709,0.355949392410862,0.0833836651605371,0.00819542330756356,0.0402398123922848,0.0936069110623642,0.014474588211382,44.0956655,5.3125745875,6.912985365,0.2464288295,11.066508175,6.1308143625,-6.3529208625,-0.06056289465,-0.057666352475,-0.4997765905,-1.0038866925,1.19793839,0.039047899225,0.831328922,0.326488842,0.48116884625,48.611719275,6.1127781675,10.416480275,0.70601213725,27.708841825,19.73055785,4.564886215,0.015979928725,0.2331892355,0.3591140665,0.41227422525,1.5124640225,0.070596215875,0.9867862975,0.6977071675,0.5392397805
45.80548828,6.0308642156,6.4048692628,0.54027694264,19.7243450243,21.566836072,4.4894940424431,-0.0206779122981973,-0.01828096151303,0.35318305765994,-0.0270322725421173,1.3344212449,0.051094462026,0.95550173265,0.54954190513,0.50702483866,1.02607564396431,0.230223115437227,0.719728501273924,0.123763816640169,4.11559620284307,3.62537819941967,3.03346256631088,0.0189618017976271,0.0772041580321117,0.238638825004003,0.365077020087257,0.0832432684640103,0.00813267652321347,0.0320469086175885,0.097600376062417,0.0143311759682801,43.792228725,5.5817753475,5.104238425,0.291480931,11.354089525,14.3835189,-1.6329317525,-0.059832976975,-0.165457293,-0.12846076375,-0.75212720725,1.176965795,0.0365460321,0.88058664125,0.37473532125,0.479810241,47.76944705,6.4920382825,7.9780665275,0.78227606975,27.8203198,28.199735175,10.15694365,0.01301436755,0.13220432825,0.7990344545,0.6373287025,1.50040073,0.0668567476,0.9974158055,0.7651300205,0.53572484275
45.824220238,5.6345648802,6.3428761828,0.438607765339,20.9872441819,16.962640043,7.85344322957,0.027844369704911,-0.13263201520387,0.617820865589,0.61499662768942,1.18924135005,0.0281581442897,0.787851685916,0.46288729335,0.50193614755,0.969687760568156,0.226378724711895,0.748820305283003,0.115320893599497,4.02047974979652,3.53713995372675,3.07064916636615,0.022290722465134,0.0801605908546011,0.241564250693436,0.401324632255959,0.0790613789683498,0.0113591942335218,0.147401137696045,0.120189985287721,0.0165108720736948,43.926337475,5.2240613625,4.9953005075,0.2100025175,13.106074075,10.072652325,1.7249296625,-0.01431712125,-0.286599278,0.13569812775,-0.18029840025,1.0520982825,0.0094748430025,0.456048495,0.2196552645,0.47267516575,47.732545525,6.0898935325,7.8765041525,0.6684950685,29.23219015,23.813677325,13.922059225,0.070874310225,0.02755649245,1.0952315125,1.389445495,1.3584676875,0.05427174645,0.98717329525,0.7051005665,0.53493410775
45.810875453,5.6975783838,6.1686494159,0.4309575077319,9.91416594915,2.6104946750493,-1.976176184867,-0.0030868436570444,0.06671936282872,-0.15546338656569,0.0814903577217,1.4423092081,0.069963359148,0.88298500126,0.59758999973,0.48209954792,0.919651079501097,0.218321708786047,0.731524612066242,0.134746397034537,4.63830647587413,4.05412055504174,3.73083582461169,0.0357505297050521,0.105799591402373,0.293500334753829,0.601684451969968,0.0946300628182268,0.0128358185182293,0.0552154601523355,0.113375353876046,0.0154860520098445,43.911537025,5.2938303175,4.9331063775,0.16323200225,0.7775197675,-5.713978685,-9.2723172375,-0.0757617926,-0.152111333,-0.729441962,-1.137905755,1.2668820475,0.043742662475,0.76612389575,0.3908101575,0.45304417025,47.70854145,6.15278168,7.7676372225,0.68178440925,18.6727571,10.945633325,5.76518722,0.064133300025,0.275671346,0.453540295,1.2678916125,1.661268,0.096865781475,0.9934614195,0.863340487,0.51330264825
46.91409067,5.3328479947,6.4417964512,0.56744831435,21.6554112143,14.2745389804,1.4438747391557,-0.004575368368417,0.0296932217112276,0.11358787667397,0.05264660516454,1.3608151558,0.059603685339,0.93683512468,0.48111061305,0.52755854996,0.901034998566417,0.188887210612007,0.683159913231071,0.108837313233831,4.06156136756929,3.44934959218625,2.78868748407468,0.0219275082741836,0.0751409603982819,0.219382666357262,0.38483889737322,0.0784289404405445,0.0104957216519787,0.0380030824471276,0.0941658560576159,0.0145598851618788,45.13249085,4.980948565,5.2346985625,0.3436625575,13.800913825,7.9709023225,-3.8339861525,-0.04836421275,-0.13191229375,-0.30161504475,-0.68160418225,1.2104918225,0.040971484475,0.85095840375,0.30760809325,0.499255021,48.73182555,5.7183356425,7.8201465075,0.79233148,29.851203525,20.90215655,7.1299608625,0.03939449065,0.17171976825,0.56090539125,0.84404185475,1.515466075,0.080225333875,0.9936960455,0.6721995675,0.554523057
45.876893399,5.4979696361,7.506272579,0.13991084334206,9.474335804336,2.8682100751658,-0.4675215546843,0.005609931244394,0.026694210335348,-0.03677935437839,-0.02605366397996,1.4600388399,0.05158226835,0.91551619588,0.54783646813,0.50716369934,1.04533551106195,0.201609833570255,0.804686386921425,0.12787003086995,4.23105467070153,3.31585161916258,2.70581232225016,0.0186021553190214,0.0707265456116386,0.212862977429627,0.367885029863388,0.0891144577140973,0.00940979777114742,0.0470646815866348,0.110550487761873,0.015364779776353,43.859842725,5.1155213925,6.08179523,-0.09557107425,0.8708768405,-3.78158664,-5.806943095,-0.0307507325,-0.103088438,-0.4568251785,-0.73714185825,1.3035665275,0.035011429975,0.81093616675,0.341720236,0.47744404,48.0371597,5.9080585925,9.20084593,0.39256092325,17.156618875,9.28048667,4.5926725625,0.039977670975,0.161304336,0.36129998275,0.667746917,1.6378778825,0.07284973975,0.988086512,0.777393516,0.5393741335
45.147746533,5.7825493183,6.9822329561,0.5425325777,27.800250245,13.0594993856,-3.6844347423331,-0.021674031841162,0.1641058436987,-0.28985001763101,-0.53964348037647,1.295696375,0.039204402212,0.95567691888,0.54075273708,0.47754384645,1.00955579193812,0.211881825816713,0.693238356247271,0.122011840933438,3.7029636713949,3.24811528860447,2.50707133237773,0.0170975838199717,0.0639823130765201,0.197228264435691,0.32853479643764,0.0742423279952591,0.00623322916512421,0.0387277618691262,0.0975110969855323,0.0132264700301213,43.163805325,5.39671942,5.76842893,0.29932702575,20.452010525,6.885140255,-8.5348639675,-0.052721888825,0.03359238025,-0.67142740725,-1.134625525,1.1642461375,0.027691469075,0.863430369,0.3754491825,0.452995127,47.11906235,6.2059994925,8.522848265,0.79161163275,34.88344425,19.684387225,1.5710255425,0.0116291776,0.28380485275,0.1235906815,0.1491778935,1.455739385,0.051949293525,0.998417686,0.76234474975,0.504587516
46.547627083,5.433538406,5.5380907443,0.25240838733709,16.9914300242,21.7761050754,2.6493176615325,-0.041364400304599,0.033077796760915,0.20841861098659,-0.595862896639895,1.2941266245,0.058956466553,0.93073102462,0.367904333849,0.49154003747,0.846793100948074,0.197632733434914,0.62789510165125,0.118731682855981,4.52370289210362,3.79879506754598,2.90291200105268,0.0208921957861142,0.0747340499618935,0.228368570250471,0.368267092953368,0.0875558593502537,0.00964359569852157,0.0399054790361698,0.124809417765279,0.01436555068705,44.9245067,5.0616249475,4.4636752725,0.0110868536,7.5329329875,13.998103925,-3.3371303675,-0.0811317588,-0.10671378975,-0.2625280005,-1.317014115,1.132064035,0.041005641225,0.84001504825,0.118836256,0.46379884325,48.2248789,5.8316114625,6.794863915,0.4886582615,25.8353349,28.8113198,8.1362028225,-0.0012208660825,0.18052084775,0.64006521875,0.099794536625,1.467167735,0.07902805075,0.9925169715,0.60471892125,0.521078117
46.408044843,5.3913230344,8.0498358832,0.374171364683,13.65078583279,11.8317107231,1.0463802215516,-0.01495899462542,0.02872651612949,0.08231746441595,-0.10567216548967,1.3040513263,0.056828417449,0.87652378352,0.44675708814,0.49300157171,1.21919643061627,0.201185905027159,0.886882018141904,0.114222654131424,3.89606305504352,3.26592689935397,2.81684966788747,0.0209273915004213,0.0747195072510567,0.221598151069296,0.381041948015999,0.0762378818579555,0.0102903347863152,0.0482375055389568,0.0975267637587256,0.0135227784851211,44.041902,5.0198778675,6.517712475,0.13299613425,5.3227803175,5.6078471775,-4.68286351,-0.0601254121,-0.10922222,-0.36839519625,-0.863464064,1.1633330275,0.0356266244,0.7704075595,0.2607613985,0.46757511825,48.73201665,5.81889051,9.9607102075,0.59731344575,20.7771748,18.422604875,6.29503683,0.0255355667,0.17405508675,0.49522291725,0.62620664625,1.4545010175,0.07633421975,0.95488816725,0.6390174975,0.521092158
46.257403577,5.4654087014,6.3199030695,0.2415336551926,16.8421367632,11.43030108952,3.623163915899,0.01301762129088,-0.0437160557170875,0.28502991601859,0.15689016614583,1.2770153593,0.051721690024,0.89638705277,0.438316897146,0.50380312943,0.859114498317634,0.203044226335229,0.694797647228666,0.107025280334983,3.71770937848334,3.53167069953763,2.90425081232134,0.0237749333522082,0.0772199751966409,0.228473892918299,0.40269532571555,0.0782737725892133,0.010458104155294,0.0547989220042749,0.10056128293338,0.0148374896272312,44.671158325,5.09892788,5.1578578,0.028763081025,9.8662505825,4.269932885,-1.937578355,-0.0329909843,-0.1890044935,-0.152426949,-0.6413879435,1.1289297175,0.0324400702,0.7731223065,0.2590273685,0.476341698,47.97172375,5.8815844275,7.8384139725,0.45351303075,24.448520325,18.426646925,9.22327664,0.05574364205,0.111464888,0.725584005,0.92262306825,1.4333958975,0.07277025955,0.98378162525,0.631645378,0.53325027975
47.843069171,5.9250422901,7.4722106728,0.3391758161146,11.91250455734,9.945537118274,-0.9724949928836,-0.024948211337222,0.07481660339973,-0.07650500291938,-0.3096137620873,1.2448574521,0.049505496695,0.92990691497,0.58372200758,0.51915893389,1.07811478521487,0.225160867839994,0.826751075399297,0.12796301068571,4.14329963859582,3.66207123456697,3.06868131759894,0.018459580274144,0.0778007499982757,0.241409441661367,0.366244358090824,0.0828542426782152,0.00791946415909486,0.0347236632412488,0.0893872878063955,0.0150545977796687,45.78280235,5.5226245875,6.0975429725,0.094600795225,4.0832086775,2.7220086775,-7.18566792,-0.06113390315,-0.068449421875,-0.5652877935,-1.056743495,1.1023033475,0.035055497675,0.85225154125,0.4264256715,0.4905690645,49.965609075,6.3821059275,9.314230755,0.5838372665,19.45266585,17.01326355,4.779484015,0.010048040725,0.23735323625,0.37599621375,0.39620738325,1.41926441,0.0651017438,0.99035753625,0.77457952,0.549867686
45.969065969,5.9055737175,6.7017599246,0.22516009943513,17.4061262678,11.57172413448,-4.17671067733,-0.0427477055289,0.1703617971334,-0.3285767691896,-0.911620492914,1.4244155597,0.052422407889,0.96580435189,0.51559389897,0.49627693874,1.01725239407995,0.224513726721328,0.73143312356885,0.129576919436406,4.56273535890903,3.53712661541399,2.97098773417279,0.019027661466448,0.0776352448680369,0.233724005830902,0.369342944424648,0.0977734704491077,0.00909686914051023,0.0352834730199381,0.110260166279343,0.0163491829248022,44.003113025,5.491622425,5.46079889,-0.02686885865,8.606250565,4.5363034375,-9.6875786175,-0.079628196325,0.010825585425,-0.7621100785,-1.614145965,1.24743444,0.033654943775,0.87769460325,0.32602767675,0.4649712965,47.96803295,6.3390792925,8.303927765,0.4877666645,26.4681724,18.583746025,2.1249754025,-0.0063355079575,0.31727419825,0.16716924475,-0.1866954345,1.6276822975,0.070216056275,0.998812661,0.7445546605,0.52914725925
45.556106929,5.5913194343,6.1591715168,0.253634565677,9.019913828872,8.563692406629,2.952216185969,0.003036364944882,-0.03925577324892,0.23224727107327,0.19458022675332,1.3529984962,0.050745064878,0.94656665007,0.53723108228,0.50738147009,0.923364746665539,0.210124347049417,0.752055935216921,0.121780938011882,4.36549977069664,3.91055803505475,3.18415032993827,0.0235871387693594,0.0830513414547031,0.250493249205492,0.410978427094878,0.0816512328141382,0.00898660128831184,0.0417663116653586,0.111460335154056,0.0157217337608053,43.825855975,5.1999768225,4.8582789975,0.0354365174,0.78750692525,1.05577057375,-3.5260376975,-0.0434478472,-0.194025023,-0.27738911375,-0.62856092675,1.216306115,0.034288657625,0.84063766725,0.343356196,0.47749300225,47.45190315,6.013183475,7.967741995,0.50405426575,17.882921525,16.278174475,8.866018345,0.049506790375,0.12716104275,0.69747892575,0.998187407,1.522114585,0.0702774799,0.9981523265,0.781772679,0.53844960325
44.528746454,5.6823295356,7.0642818851,0.3093379148539,12.3621620819,5.77926250983921,-1.3992654088524,-0.007778700096481,0.06629649003637,-0.11007851457885,-0.13804333666618,1.18137076037,0.050671853241,0.86217316926,0.51873999905,0.50464155194,1.04087256215779,0.196132812227478,0.734342642326811,0.101669399818027,3.46590784225272,3.03989613187066,2.86956316399098,0.0231179120288751,0.0772756259886136,0.225745058000571,0.405808922908091,0.069198950623053,0.00855142653022695,0.059701793598645,0.0883013448964187,0.0145102323639546,42.440609375,5.31014049,5.7081704975,0.110533466,5.8785204675,-0.1407183065,-7.1550831,-0.0509531364,-0.09608355625,-0.562881719,-0.8899141315,1.049329085,0.034340712025,0.72703618675,0.36142836325,0.478579104,46.394721275,6.0862093525,8.6016627375,0.5041631555,18.917517375,11.853722325,4.545911595,0.04017714555,0.22202776275,0.3576213615,0.7082368575,1.3199944375,0.0685540913,0.96208157425,0.70775974425,0.5352873275
45.542467559,5.6439964671,7.5820183394,0.253628914941,16.9290216155,12.1656315256,-0.40960238464358,-0.019346919071255,0.07017858213799,-0.032222923409867,-0.4171468364515,1.3544928851,0.055483310333,0.90714873142,0.350012351691,0.50670844723,1.08560318585787,0.189173957482866,0.787838679165061,0.0932848361776377,3.22408031937942,3.01920155579875,2.67729389154352,0.020502394335283,0.0716908497768251,0.210619467100161,0.377949843936544,0.0733567765939327,0.00860775784347735,0.0463492021047985,0.0884550964093918,0.0136430729366912,43.420485075,5.3026241575,6.19707865,0.07690298815,9.8687021925,6.35136916,-5.613459775,-0.057772667825,-0.072416656175,-0.44160408525,-1.1170573275,1.2126350825,0.03897817325,0.80059996325,0.1934224545,0.4817534545,47.834872825,6.0301377425,9.3562789925,0.43903443575,23.133486325,17.8639027,4.9966610375,0.02368238445,0.20501796875,0.39308127075,0.34359412825,1.503038875,0.072487884625,0.97924664275,0.5277199235,0.53356007575
45.308273607,5.396240741,7.5066743795,0.333884866056812,15.1783232834,11.6610518934,1.6246125028883,-0.006407264560874,0.012079726548681,0.12780629753207,-0.04612077553346,1.4074102167,0.068662169596,0.91876772058,0.382041369762,0.49414963506,1.09894114963075,0.200790848461658,0.828845817027982,0.113446971840493,4.19526215296044,3.41686766667424,2.94542467481434,0.0240846611678559,0.080123798678859,0.231712991000901,0.417982239833542,0.0817279875364329,0.00989046545012944,0.0333189051483207,0.103992281796091,0.0145032696176212,43.060804275,5.0290584875,6.094374915,0.11528527475,7.214229595,5.0199746575,-4.3103289725,-0.053888146975,-0.1437270045,-0.3390883525,-0.88417041325,1.26776643,0.049262148825,0.84590937825,0.19243445975,0.46673732925,47.244028325,5.7972395725,9.299740915,0.55226794575,23.092549875,18.47781225,7.35148427,0.039533032575,0.17092217925,0.57833236325,0.745231985,1.58662658,0.08956457545,0.97827230525,0.600582491,0.524021176
46.866088741,5.4081365939,6.0170776315,0.139699207848196,15.24320799705,16.32833174148,9.38092466509,0.0283530385551346,-0.1774962953837,0.73798597919,0.5161386263666,1.3009197775,0.045297519423,0.94729524081,0.57766827699,0.5233491576,0.904930517313416,0.185522881114548,0.64121219475028,0.125418238995629,4.49947108802142,4.12786010142339,2.98712178242348,0.0172280745597345,0.0729440883026669,0.234993251843495,0.332030097736523,0.0856663972852537,0.00822854630658922,0.0374726840406642,0.113030605888234,0.0152965037577731,45.201556475,5.059075555,4.871667095,-0.1047109825,5.949997435,7.984133935,3.4294119475,-0.00737534939,-0.31208412275,0.2697876885,-0.1700073535,1.1423451,0.030317240375,0.8589611,0.3711030815,0.493278141,48.6159821,5.7890397525,7.3573892625,0.37524898425,23.297737925,24.6465302,14.9690776,0.05902049605,-0.0279145148250001,1.1775992375,1.1175395225,1.47632569,0.0612486453,0.9964278705,0.8077833375,0.55210873575
47.2463758,5.5841500347,7.8415616357,0.411871135991,19.0879584387,11.38383741687,-1.456254140778,-0.018254819471004,0.09502360750504,-0.11456174893998,-0.3350589957312,1.3836704028,0.046505337415,0.90237678712,0.473801050227,0.51008381933,1.20510718359066,0.218007633253359,0.829092919898798,0.123885577589739,4.60943466772556,4.00773292305304,3.59387963804851,0.0252662714113996,0.0940605168058836,0.282726157196673,0.471187209551376,0.0967497479030136,0.0101077749462903,0.0639592477144072,0.108626136820692,0.0167383850905977,44.807790625,5.17829742,6.4089519975,0.1770633535,9.0312233025,3.9040395675,-7.8958857725,-0.065705226375,-0.10202889375,-0.6211597665,-1.2129266625,1.2128283475,0.02969737035,0.73264290875,0.2760052475,0.47959882,49.582715275,6.03766932,9.5897824125,0.66414049025,28.4941395,19.238288725,5.90019784,0.0319367069,0.26240814325,0.464161418,0.65882200575,1.57634211,0.0680087021,0.98781855975,0.69653200525,0.54418310775
46.069072084,5.7972149609,6.972096238,0.45836327561,19.0402388721,11.45411484158,3.1423168948272,0.014582206642922,-0.0304454008055411,0.24720226355639,0.324508102756063,1.4272434701,0.058140275091,0.87980511274,0.41358804321,0.4827470279,1.03022737432459,0.218066996009688,0.749787876799165,0.112917952659384,3.98006906889702,3.36601407963254,2.9131561088837,0.0194161425527409,0.0746469914607053,0.229174462471273,0.360087494904348,0.0861379145514112,0.0107843797710679,0.0454092031500524,0.0937532002809221,0.0140805692651923,44.05707745,5.377980585,5.69473335,0.23784435575,12.140506325,4.776369635,-2.06264933,-0.02062995915,-0.18014513675,-0.1622661215,-0.320015385,1.27077191,0.032630277075,0.7818732515,0.25044178125,0.45630377075,48.003892675,6.2399340275,8.6229881525,0.685216196,27.279291175,17.965005075,9.152700065,0.054821613275,0.1032647115,0.720031824,1.0429228525,1.60223114,0.07843438785,0.95881197525,0.61394693825,0.50976135525
47.272472026,5.6751393325,7.4299953709,0.2729666626192,10.43089304194,2.60178356597929,-3.67096918843228,-0.014097839479885,0.11304400882722,-0.288790699084198,-0.29967676866609,1.2645134223,0.052549188697,0.87710357537,0.50921883169,0.5168148975,1.07360589895957,0.213308688750603,0.746160336225871,0.134554159448719,5.19595599405082,4.41085741598166,2.85854929034554,0.0181854453833364,0.0700744514195844,0.224878609713853,0.337192251774784,0.0873620572731234,0.00974555600395919,0.0464226967335067,0.086704955589893,0.0147802650555193,45.2285982,5.2779702325,6.113387345,0.023899377375,0.71955380175,-5.37426521,-9.0288187825,-0.049838584425,-0.0181522762,-0.71028623375,-1.006939265,1.1078955725,0.031896912825,0.76953361325,0.35364429825,0.4887389615,49.254245525,6.07592795,8.9921494325,0.54406392875,21.612047875,11.6058771,1.768565365,0.02102380445,0.25006781425,0.13913089875,0.31917463775,1.4469097325,0.071379982225,0.952321282,0.7012531095,0.545761708
47.555952736,5.2884062831,7.4960160205,0.17890290985505,19.5944631834,9.630930905016,0.549080362775,0.0055217170644253,0.031663649914369,0.04319548691891,-0.18734942161864,1.3867440061,0.054162468795,0.9087766517,0.4459315754,0.4964029321,0.994335886988486,0.194295179925042,0.842982647772825,0.120865908955246,4.34558572043963,3.81030033696479,2.9143206922144,0.0197827132662219,0.074302406837356,0.229266078466146,0.365600865952297,0.094661563196439,0.0103687443729503,0.0440691140810594,0.0817723313018133,0.0141192158724006,45.5356353,4.928416995,6.04948701,-0.0536740383,11.170224725,1.7531242825,-5.359685115,-0.0353177059,-0.10984170175,-0.42163994,-0.928736569,1.2073870025,0.035214258325,0.80728256425,0.2970263805,0.4699550125,49.5022615,5.692843405,9.4577634625,0.41944142625,28.52501335,16.857914775,5.9780398925,0.04206755155,0.18423118525,0.4702851545,0.497793908749999,1.591046635,0.0767509597,0.9763864205,0.63165378175,0.52418756425
46.803837177,5.6338690459,7.4223489018,0.3803310264749,14.119413965,13.02272223117,3.6202667279289,-0.000726605174874,-0.035917583513105,0.2848019980067,0.17685944922749,1.22720678288,0.039185535755,0.91556257542,0.55477836956,0.50450141497,1.0507030950337,0.218384168032853,0.820040173156535,0.11794863242058,3.98907657758087,3.55184343454636,2.81977667855851,0.0176416332486322,0.0718185022953486,0.221828415623048,0.350959651422969,0.0811083727573564,0.00893474794091295,0.0548382947521534,0.0949512117315249,0.0144086455725857,44.85053595,5.2293496625,5.9925751325,0.14442298975,6.132276285,5.8606139925,-1.7178859375,-0.035022848825,-0.174584668,-0.13514400675,-0.53103839425,1.081630765,0.022564850675,0.79283453125,0.383915457,0.478146208,48.900314825,6.0759032425,9.24042612,0.6095551785,22.162880025,20.1905849,8.965756025,0.03348952665,0.106687571,0.70532516425,0.874984076,1.3973782575,0.0564370721,0.99461690625,0.7450960875,0.53320902425
45.091606994,5.8458310311,6.4526269348,0.27219537367758,12.53331333112,13.4178356873,1.5124659685349,-0.021517341294556,0.0236638321117841,0.11898386545979,-0.2507903836125,1.2507590094,0.046374672234,0.92110045176,0.48910562089,0.51612132982,0.946935928823826,0.201370061579352,0.694102322636441,0.104633441645057,3.8928207006691,3.29207768202649,2.80121346343325,0.0226287916032697,0.0756491155197105,0.22036806978875,0.398500790171076,0.0687510583078855,0.0083725371129678,0.0513446747814614,0.0951249657138056,0.0139232057231566,43.306177125,5.475603585,5.2374404475,0.077441742075,4.13927763,6.8187350625,-3.687681415,-0.06429376345,-0.137654188,-0.2901054245,-0.99881029125,1.12471311,0.032723143925,0.801956622,0.31527318675,0.48965817125,47.0986674,6.2418527025,7.9034355275,0.4906323635,19.657667825,19.859385125,7.4527286375,0.025091125675,0.16553105,0.5862971345,0.56180206325,1.3872604925,0.064721963375,0.9946935975,0.68557103875,0.5457251775
47.259652001,5.8084702798,6.8164895319,0.2987221416142,9.1155724984984,5.90683087306,3.144429051888,0.01689737703762,-0.05739346535514,0.2473684244118,0.4290236747135,1.2676009187,0.046940166947,0.91012615709,0.63305058819,0.4810210186,0.967079810955462,0.237837985475793,0.796490030249332,0.138202921270439,4.8298906808425,3.74028089947492,3.17879936578157,0.0207287908600281,0.0831294529514616,0.250072295648501,0.388518346955615,0.0928936313649208,0.00940667139870923,0.0547457123263397,0.108920552337275,0.016201196709496,45.419665975,5.383143475,5.36301151,0.044424767775,0.05444647535,-1.4510255825,-2.8257806025,-0.02728466445,-0.21406901175,-0.2223007305,-0.359051276,1.09600545,0.031387869825,0.78051952475,0.44300826275,0.4510328515,49.14895525,6.3043421275,8.5073159375,0.568320487,18.8470725,13.0501512,9.20545606,0.0549677819,0.100919933,0.724182075,1.157327505,1.461800925,0.067664272025,0.99492194975,0.86413651025,0.513962287
47.086288676,6.0776910406,6.156025319,0.3196242719814,17.5448932304,9.41533105877,1.76079698176631,0.0104775339697813,-0.0025321256967,0.138519765619227,0.11365461427652,1.4864456054,0.058611528088,0.96513042065,0.335649263599,0.47999692196,0.911355459639657,0.234052985359552,0.712543695846852,0.118639911575071,4.40236013543899,3.38928336562671,2.98953859951809,0.021232231176708,0.0795072470758415,0.23518338009208,0.392995516523734,0.0906772954934094,0.0102923696748823,0.0269699799818408,0.0959656742146483,0.0134074708967278,45.26102385,5.65893857,4.940817565,0.087440050975,8.889478005,2.8199752575,-3.8323372225,-0.028834973625,-0.160842414,-0.301485325,-0.60923335,1.32686687,0.040696686025,0.893295847,0.14924400775,0.45449000275,48.735449375,6.5681537625,7.71011751,0.56961929675,26.465909125,16.338994975,7.5491462725,0.054208064,0.1440779895,0.5938821955,0.909307856999999,1.678477875,0.0821217447,0.9972917935,0.5348652265,0.50683629975
45.739975086,5.609347635,6.7235022257,0.3918300763993,11.07747156449,3.1992336685348,2.2882327725841,0.027781950124481,-0.0470942705701533,0.18001250024316,0.58805796974712,1.2897697583,0.04857317898,0.91484895005,0.48639759445,0.50811148265,1.04541222020713,0.210942034597901,0.758058664976373,0.126417623358503,4.08230870236978,3.50520761796648,3.07925651453565,0.023710506230712,0.0827498364177963,0.242241379731702,0.422159996646502,0.0772542748327771,0.00996272672814427,0.0537511902177463,0.0861722221511375,0.0160444980228698,43.71664445,5.215605385,5.4890081525,0.14281848775,2.9672899125,-3.7951843775,-3.758995665,-0.0175132302,-0.20843148525,-0.2957156405,-0.2330476415,1.1543002825,0.030425123675,0.79674680725,0.3220272035,0.478552131,47.882235675,6.02165064,8.4046215325,0.6305483815,18.761701225,9.99786745,8.45657445,0.074131227075,0.111692528,0.6652684755,1.4291518325,1.445657915,0.07054686475,0.99413031875,0.671160553,0.53919174225
47.645792399,5.9422772418,6.5673709039,0.003498304897042,12.04978821908,14.224913446205,5.633299731272,0.003445219449519,-0.085163419612194,0.44316486569829,-0.01907650417605,1.4633261991,0.056732865594,0.91192354076,0.49765731295,0.50565128159,0.911406149791436,0.219178710401118,0.800195743135321,0.134259893578927,4.84790040634495,4.25421297406507,3.37271943944497,0.0247466375273538,0.0871151578042269,0.265327752483963,0.443769397101278,0.0989531998944245,0.0119178781491479,0.0512683846881691,0.0981925468421398,0.0158756809283709,45.929586975,5.505754365,5.095798045,-0.289255691,2.955918525,5.4001853325,-0.58298550475,-0.04897755975,-0.242141422,-0.045862763375,-0.9124014385,1.2731080475,0.035051382625,0.7862700065,0.31810729975,0.474463507,49.448552925,6.3870446775,8.26684608,0.262050866,22.12942055,22.050248325,12.316777325,0.053019654375,0.0726217909999999,0.96894596825,0.85578170325,1.662445885,0.0799704831,0.986420572,0.705043058,0.53723844675
45.052544246,5.5847135365,6.363724643,0.15356116385456,17.7478099462,11.38376114661,3.5675598098052,0.014953183171724,-0.042420415853204,0.28065560853276,0.07123919160521,1.2061618267,0.042455610357,0.88131487578,0.57180052411,0.49426006286,0.997516494104689,0.201504395861093,0.745123674077831,0.112384842493839,3.74781185215662,3.13095198867446,3.14868120791215,0.0255933999525566,0.086283394751146,0.247702936675226,0.45023015881716,0.0690113753569058,0.00917295136135363,0.0746567997909554,0.101916896117062,0.0144716933924449,43.10745,5.1935112925,5.186027125,-0.063607796775,10.73740155,5.2812571975,-2.7176612125,-0.03621259515,-0.1931432845,-0.21379511375,-0.809869687,1.0740967825,0.0257407181,0.7108081945,0.38371295175,0.466395536,47.13149965,6.00698329,7.95725515,0.37483970825,25.01327865,17.775476675,9.35898369,0.063515561925,0.1344518405,0.736259913,0.961045662,1.3432272525,0.062701185,0.99207554025,0.776507275,0.52506445975
45.033726784,5.6695141079,8.0592314412,0.271246396412669,14.6590491614,11.2211806058,2.661090303507,0.001902141914157,-0.018408938756051,0.2093447504642,0.05345043148357,1.2565430471,0.053971341996,0.89918238812,0.62314478194,0.4980238562,1.14265503888576,0.199714984933164,0.764318356060518,0.122634758301858,3.65251529729442,2.84180311827839,2.47674052390472,0.0200975727954139,0.067318469338007,0.194842176580096,0.356678221059785,0.0695163397749631,0.00841757900289086,0.0407635123143043,0.107521037755869,0.0135104799490221,42.87076625,5.2869154225,6.728495355,0.0214429585,7.2138225875,6.02313285,-2.13209011,-0.036329548525,-0.14725099675,-0.16772894,-0.6363120235,1.12500247,0.038364669475,0.806784613,0.43633070875,0.471616283,47.380387075,6.0893637075,9.7189006825,0.494595042,21.437493225,16.9617503,7.3301143425,0.039634807225,0.10902964175,0.5766512135,0.755581214,1.402018555,0.071058226975,0.9653347405,0.86952260175,0.525233576
46.704227201,5.6917067913,6.4927886367,0.177251824800351,9.75786990846,6.536663117489,2.2748876351318,0.009208698297179,-0.0305510875727177,0.17896265444664,0.15707154349296,1.3062260476,0.048385247477,0.91686616687,0.57722970008,0.50852790514,0.999996773407304,0.218228953263292,0.739612815108779,0.123178076110104,4.58167167350723,4.09197408271722,3.17013024921908,0.0224427970199034,0.0819454080638861,0.249390306278802,0.406461125486523,0.0872949773210008,0.0100620926093213,0.0494884588020264,0.0971259393651148,0.0152524177097941,44.8776711,5.2809772225,5.194290395,-0.0661090638,0.478082645,-2.00287658,-3.7842693475,-0.0330199022,-0.1822780915,-0.2977038895,-0.59210405375,1.1529165175,0.030079240775,0.802075598,0.40856418925,0.48005606375,48.656102225,6.1270425475,8.0348482225,0.4124343665,18.15116935,14.593958125,8.15788752,0.052702399225,0.11473294975,0.64177112425,0.951303425,1.5038627975,0.069045994075,0.99234192025,0.7840326785,0.53888521625
46.498343968,5.8726295364,6.602047082,0.399316490649,12.73781485636,10.23671637907,-0.03160860536865,-0.01754759686894,0.050486912620805,-0.002486610594131,-0.1345983374601,1.4009272671,0.050811440845,0.93478160027,0.366951709957,0.47931119009,1.01420429812185,0.218427074524188,0.746960343662977,0.107950212334692,4.29296772575725,3.54890557841138,2.94680087010156,0.020763914611109,0.0777944821318505,0.231821254466525,0.382225942394536,0.0901836245397893,0.0104888645520356,0.0409573465560827,0.100886190960698,0.0142421534316954,44.603675425,5.4762292325,5.3680760425,0.19255038075,4.1710951075,2.8625741575,-5.848126985,-0.056981667625,-0.10278072725,-0.46006506375,-0.873463906,1.246867815,0.03316333145,0.82988288125,0.165973229,0.4531741885,48.4532745,6.303296295,8.1583460075,0.61363948625,20.92274775,17.503433475,5.89788445,0.022556361875,0.20590365975,0.4639794255,0.58175814775,1.593280115,0.073733101,0.9956280465,0.573334702,0.5062402995
46.84203811,6.037847891,7.5825943544,0.47641687682,18.1961789813,16.3203804658,2.3143820356506,-0.01581676762679,0.015794660641297,0.18206963110141,-0.07331151001989,1.4084894703,0.052656708858,0.93924158593,0.5321483164,0.50743306251,1.07382358845197,0.207028889961352,0.814788376346143,0.121642107923606,3.83478529944552,3.2588240970724,2.87193699014015,0.01960151359006,0.075148285263153,0.225931803977047,0.384373457397262,0.0779524172510064,0.0097477304047337,0.0398001049113083,0.0948525585183508,0.0148303694196231,44.73387785,5.64116843,6.1432565575,0.24741649025,11.4395199,10.5495552,-3.31569123,-0.05608506755,-0.12237480475,-0.26084141025,-0.8179633645,1.26925287,0.0368236863,0.85131422475,0.35798740125,0.4803578045,48.872036475,6.46798409,9.3133983775,0.72967129525,25.6316171,23.21869755,7.77630854,0.021799020175,0.16176758375,0.61175277525,0.68718500675,1.5707854025,0.07471269445,0.996282934,0.7206380825,0.53868863275
45.289026702,5.6587632999,8.0068132706,0.3076047306713,16.8653532544,13.3281922931,6.139205557601,0.02252905299704,-0.103351034601474,0.4829638641489,0.44483505240153,1.3211907303,0.05292315378,0.9308147826,0.46367842688,0.51341688958,1.11498946608652,0.210700623945398,0.806742041376578,0.111420440780975,3.71001828502136,3.13870325570667,2.61216085949119,0.0191935850679112,0.0686729191671787,0.205495530491387,0.357992449985537,0.0763998858775111,0.00696567968943022,0.0412882632693823,0.100401329572552,0.0160538363086035,43.171972025,5.2885573475,6.5899419,0.084782503675,9.120127435,7.1664618075,0.907322429,-0.0141779034,-0.242300711,0.071377956375,-0.27598218625,1.1729504075,0.03974656325,0.8363535935,0.2792226825,0.48203167625,47.5239583,6.0641145,9.859466195,0.52566452975,24.200316575,19.77830845,11.495461025,0.06029615265,0.0371837340999999,0.904333989,1.130815025,1.475509955,0.066859620675,0.9891037175,0.67591045375,0.544948959
46.719031672,5.5470920799,6.7408775387,0.413560553114,14.97013664167,11.16885704611,2.078122510001,-0.0013453834543633,-0.002713492929419,0.16348338049455,0.123041619100325,1.3324398654,0.044609765123,0.92596801432,0.54011389231,0.49581672258,1.02089771456858,0.199723588172607,0.74677168778982,0.116983122240439,4.16425042946758,3.61599081419695,2.84713228370189,0.0194078988248493,0.0732058461152566,0.223980447785758,0.360590787657811,0.0802400307016456,0.00821105599049235,0.046656834746485,0.0880520502690084,0.0144117181965846,44.824462125,5.1800119475,5.3866349025,0.18993983775,7.06532474,4.258826595,-3.296752595,-0.039559971375,-0.152622822,-0.2593515315,-0.5621250585,1.184250465,0.02956456075,0.81388221475,0.379239488,0.46856510025,48.623984225,5.927922055,8.266185445,0.64053252375,23.180404625,18.45887585,7.9071141175,0.0390437374,0.1317239385,0.6220430915,0.86969617125,1.4984622825,0.06101173845,0.99184315125,0.738031054,0.52446929925
47.018365217,6.0743520343,6.3167404805,0.399014754026,13.0206709235,6.353931069797,-2.4682100596534,-0.016617887109372,0.09832682287187,-0.1941710955324,-0.22213062568,1.3639713196,0.047000821135,0.9498740018,0.411992913233,0.50311730322,1.03700651082,0.213479459473218,0.663735913956647,0.106842625923355,3.96279524809875,3.55529030224481,2.97492923151466,0.023563271414591,0.0795590084127573,0.234034078610031,0.417119336074964,0.0837063075954191,0.00880904824539045,0.0413188507253,0.10541054743217,0.0141457737035359,44.90395955,5.6729094625,5.0919252975,0.18072201925,5.1809907675,-0.879559799,-8.259471865,-0.062897465575,-0.05621257945,-0.64976264675,-1.0482963875,1.2130776075,0.031688879375,0.847473214,0.209840412,0.4754096035,49.01106005,6.4949915725,7.6729749125,0.61427555425,20.53067295,12.8828794,3.5234864775,0.028769342325,0.25431928175,0.277188411,0.587834697749999,1.53869228,0.066282538025,0.99889952325,0.621231105,0.53186059625
45.626642006,5.8804914471,7.6602211628,0.23339258051531,16.6234356301,13.7945523234,2.8152835447732,-0.00423781381693,-0.01015308742124,0.221474946270956,-0.10632492533652,1.4576805064,0.064199493068,0.95673632355,0.32048787358,0.51389094578,1.09509325780805,0.216166702747287,0.834543996093359,0.109289884806186,4.04973946211871,3.35676396343038,2.8706470640968,0.0202548925911725,0.0758946827081411,0.225830327279355,0.370810279069943,0.0846177249130772,0.00791317560695169,0.0217655376217889,0.0945402111509357,0.0158418781177032,43.460151325,5.4847550275,6.196278565,0.015402546825,8.673001605,7.303195435,-3.17213164,-0.044459803675,-0.156777564,-0.24954775275,-0.829881954,1.2977279275,0.049595457675,0.9041721245,0.1393662875,0.4845754825,47.665301575,6.2945851875,9.4908734075,0.4481960295,24.7142396,20.50189365,8.0632159075,0.033552234875,0.141600575,0.634323425,0.59720690425,1.6303907575,0.0804145827,0.991100407,0.49853618175,0.54750671575
44.455672515,6.0241304953,7.2539575315,0.23861210970908,21.115802006,13.0468205674,-1.6148354925626,-0.022312913430509,0.10742340093012,-0.12703715199753,-0.6159847244807,1.3650040669,0.053625761204,0.92167452219,0.55445222485,0.51608244997,1.01070224338764,0.209144892160872,0.78572508131011,0.116374961993711,3.71806535352893,3.10096010514738,3.18214155395359,0.0229767776058593,0.0850697632528254,0.250335221059893,0.411613921133469,0.0741496923947815,0.00987595174849557,0.0436558996801075,0.105795973920675,0.0141586448391478,42.569482025,5.6281116725,5.949032715,0.000912446049500001,14.02620295,7.21060975,-8.2244036525,-0.068409295325,-0.059756867125,-0.64700387,-1.4614525975,1.227748385,0.036111398325,0.82981898675,0.37932041675,0.4900849725,46.4438398,6.4423969125,9.0775389325,0.4523882455,28.92572895,19.2342443,4.4631988225,0.021804176325,0.281331254,0.35111444375,0.20873564025,1.5097362625,0.07425841435,0.994107307,0.7838397485,0.5453631575
44.639453614,5.6047560028,6.696176808,0.49257025039,18.1395340059,9.060983874804,2.198721646842,0.01667352908139,-0.01623074266566,0.17297076846402,0.37169815901126,1.3011202362,0.038402205705,0.86139938112,0.64197562578,0.46858658332,1.0309575912305,0.193293103592732,0.761507654590573,0.142681399404937,3.8152527043653,3.30499394656252,2.93665798905732,0.0269431303312615,0.0822504549210763,0.231023326728201,0.461656667261831,0.0768395410999153,0.0089877813947208,0.105147539079564,0.107479501205979,0.0148456085345648,42.72343485,5.2479162375,5.3498284225,0.211520213,11.439633375,2.474165895,-3.1190866175,-0.03302851105,-0.18445176375,-0.24537476225,-0.473152545,1.1493510475,0.0229514041,0.586079487,0.442314883,0.44070463375,46.699167975,6.00717085,8.3377859,0.777745968,25.60494085,15.65069685,8.0074068075,0.07096549875,0.13233426375,0.6299329935,1.319083395,1.4504135225,0.0570879307,0.99423709675,0.869324232,0.500133692
46.095692037,5.4065862605,6.6208436826,0.097079919799765,6.2906669666907,4.6179572849485,2.5375277492354,0.011823769631634,-0.04703737265057,0.19962423400152,0.20318632097994,1.4494574628,0.060112290695,0.91734919117,0.52242127434,0.50395598527,0.964077766018925,0.204078670321601,0.753059497214796,0.121368724794337,4.65040854935431,3.93929082628573,3.07572723113833,0.0226756068871865,0.0799869838311309,0.24196373521595,0.403768185064382,0.0892522194007168,0.0111906910733806,0.0399559961235293,0.0918836713019276,0.0148138468223104,44.26846725,5.0335829675,5.3206421175,-0.13641743125,-3.151860195,-2.7336441125,-3.411663405,-0.029762622625,-0.20257657975,-0.268391432,-0.540663388,1.2869752175,0.038734643375,0.82692879575,0.36005578175,0.47535610775,47.909040775,5.806386695,8.3227573925,0.32647643275,14.98884495,12.4880689,8.29370996,0.0601607944,0.110228972,0.6524561115,1.0389099225,1.6318372625,0.085287372175,0.98334556225,0.7135157505,0.53386805025
46.214301383,5.8136026423,5.6114208027,0.111334507295,7.127907124279,2.1755542123681,4.190949779612,0.03700749332095,-0.10411187032882,0.3296969422971,0.59562846880763,1.3200246683,0.050242336897,0.94914579953,0.54765109905,0.50959806051,0.828240306389635,0.204610721888522,0.671764274262231,0.124658132221213,4.69411316909946,3.67283634793283,2.92235792498978,0.0212393658619631,0.0754558320405969,0.229898358240383,0.381216128508156,0.0785094227643272,0.00914887479209691,0.0374701551228112,0.085607107120314,0.014241654203948,44.549184075,5.4483664275,4.47864209,-0.1451998745,-1.636906305,-4.8365473725,-1.38286474,-0.0032740752475,-0.24680253775,-0.108788298,-0.15764822625,1.1833818525,0.0338143189,0.85651161775,0.39425321325,0.482751904,47.798090975,6.2170472625,7.0208947775,0.33291150875,16.31659535,9.4910932025,9.85985069,0.07873531645,0.040619823575,0.77566250325,1.3388040125,1.47388802,0.068977120125,0.99694164475,0.7371170705,0.53912831925
46.92105337,5.6735447865,7.1597551261,0.3686646655404,25.70005346,18.9460701607,1.9033974458129,-0.013299734593847,0.039766498712309,0.14973797112383,-0.33967036313965,1.4084923748,0.048476797582,0.96766093431,0.57862992878,0.51083324428,1.07766573103255,0.229207813906784,0.801073163211765,0.130158221624564,4.50825615107595,4.17497800748847,2.92187967368765,0.0193492692052944,0.0731830369192795,0.229860734150512,0.356213555251803,0.0951800996979307,0.00857333453980722,0.0301036358596596,0.105178354466614,0.0162955449166932,44.53008765,5.26168741,5.780854095,0.13242741425,16.344567475,10.940633425,-3.5863214925,-0.0524824968,-0.10370584475,-0.282131562,-1.049529565,1.2285657925,0.03289026505,0.8943998895,0.391446472,0.4812087595,48.96383835,6.1479070225,8.8552005225,0.61760247425,34.324617375,27.3097686,7.615453495,0.024286701375,0.17675682775,0.59909850575,0.32537260825,1.59738878,0.06616169785,0.99913061825,0.8131537675,0.544323044
44.373852475,5.5590370046,7.5492174249,0.451536484324,16.5112376112,7.70317402526,-2.4853918947177,-0.01477741092421,0.10533730240473,-0.19552276930592,-0.2278485767367,1.5100556686,0.051048313622,0.95244140797,0.57831632534,0.49968331267,1.05881499595656,0.195322857795716,0.837960202627659,0.127163608777954,3.95901928919697,3.14230670426599,2.74383367331209,0.021625682688188,0.0737863715635474,0.215854070990407,0.397719841270945,0.0808089226597836,0.00825995446334406,0.0412089494323462,0.10811191806434,0.0150968813002405,42.304857975,5.18049433,6.124735655,0.20771722675,8.83308547,1.3854330475,-8.08000682,-0.059731465075,-0.0338342255,-0.6356443505,-1.033640265,1.364769965,0.03636620075,0.84911898925,0.377320401,0.472343953,46.383250075,5.9203373075,9.36899972,0.71637480725,23.884767175,13.716156,2.6256203275,0.029110051375,0.25633209075,0.20655437275,0.53814359075,1.6866670125,0.06798086905,0.99880524075,0.7939525905,0.52894706275
46.210038576,6.0385073133,7.762679837,0.354479449176,10.024975818598,8.110100908842,3.580922575522,0.01203243406366,-0.05865496179774,0.28170684073559,0.41537720840724,1.3374952189,0.056524659624,0.90381338792,0.51081719976,0.50322563434,1.1605088654099,0.227972209045948,0.806243420815338,0.108401731172405,3.77645088458989,3.22191119561844,3.30763082355501,0.0259089429073623,0.0919595373561814,0.260207309514628,0.467390154357521,0.0836538737210282,0.0101685163555714,0.0462601338405107,0.0926193914478718,0.0145764720697277,44.039546775,5.616817495,6.4619847825,0.129371029,2.864734065,1.98580739,-2.42752142,-0.0371614066,-0.248257949,-0.190970175,-0.50672191675,1.1832438,0.0396404917,0.79440511175,0.33493555275,0.47528217775,48.438667325,6.5020532075,9.4805678875,0.547783406,17.679381775,14.86315215,10.3277739,0.06382965245,0.1117943095,0.812473436,1.3547891325,1.51583477,0.079554187275,0.97505550725,0.693983274,0.532127108
46.881381193,5.6584943255,7.1762945133,0.396613437978,17.33654749228,8.622585893312,1.7662919974632,0.013682736834202,-0.006525267191026,0.13895205161447,0.23836193181841,1.2983401997,0.060801305283,0.84943774599,0.65717191025,0.47948540263,1.12045112104848,0.221604750596074,0.774292684610186,0.145103236458292,4.73768475122893,3.75703818113223,2.91337375442489,0.0226789102322252,0.0764113935083835,0.229191583760792,0.403856520520893,0.089753861630756,0.0114111216406004,0.0518983909843368,0.111333086602295,0.015503649794155,44.7944685,5.2539710725,5.819838155,0.11420892875,8.2005789375,1.26507637,-3.81774089,-0.031897805325,-0.14750679625,-0.30033705275,-0.5959802455,1.1307090375,0.0381543551,0.73603548925,0.4649207765,0.450190438,49.2279301,6.1706713175,8.8460138775,0.661785639,27.0043293,15.76442595,7.4652816775,0.0565941894,0.14098695225,0.587284664,0.9955426375,1.494770905,0.082140939775,0.934189458,0.88575041775,0.51181071775
45.193406235,5.7608609857,7.9735407186,0.2467892772344,14.86056061181,10.44017778511,0.5490872734427,-0.00930695407474,0.03558625878094,0.04319603088393,-0.205320849961382,1.3159388166,0.045462298333,0.96654976365,0.69190348793,0.51070246037,1.11781793109684,0.22707446085264,0.858926298533906,0.139101854758151,4.37271877737686,3.46802419010649,2.71153269298024,0.0164462422528568,0.0686933757731007,0.213312992258137,0.33110654553563,0.080560832173245,0.00781984344995333,0.0274793148843614,0.111796811309527,0.0158441546295631,42.931699275,5.3320082975,6.4046769925,-0.020258623625,6.1446904675,3.6737131975,-5.0474176125,-0.0433029141,-0.0943753674,-0.397074224,-0.870010279,1.16393261,0.031811570575,0.88727939625,0.50031993,0.47995645,47.402372025,6.226628475,9.77862065,0.536028692,22.910817475,17.073793825,5.658211045,0.022732851975,0.1771603175,0.44512461225,0.46179518775,1.481902335,0.0621166288,0.9982077185,0.945326728,0.5397706275
45.346562321,5.5275129167,6.9064843299,0.13352019464331,15.0357586993,13.1072294813,4.023714303564,0.0039514097606918,-0.046545629094666,0.31654073010065,-0.0139116654549005,1.3345025903,0.047775153714,0.91671297074,0.50756714086,0.51539880323,1.02014669254661,0.196456616168672,0.764130886180865,0.111579736609059,3.81583981250254,3.3008145042295,2.60069952953741,0.0185389975091681,0.0676664050724989,0.204593881842984,0.349602495038915,0.0697708022574881,0.00784011011673398,0.0409276923299631,0.0980133036935442,0.0141260343202316,43.3741688,5.1551591925,5.6112266325,-0.07389071155,7.4005756275,6.3842080375,-0.88159651125,-0.03351388875,-0.1794639605,-0.069354129175,-0.664837965,1.2008954875,0.033196269925,0.82961879625,0.32502534325,0.4898141455,47.30076795,5.9326501325,8.46724842,0.373943076,22.142527625,19.4935175,9.1959624125,0.039540734025,0.07522481935,0.72343522875,0.66312511225,1.4766684125,0.06342101415,0.98656772325,0.72601025325,0.54487950775
44.491890303,5.9841922884,5.8273335143,0.3683987647833,13.38694901941,1.708183171159,-1.0626266612003,0.015824067131413,0.03735215779437,-0.08359555216125,0.2235515120291,1.3050059689,0.053845344115,0.89289771931,0.68009327874,0.49032898238,0.843022268605847,0.232374251023873,0.656148316346945,0.137651937134841,4.50516236591377,3.92422165348426,3.46087400579868,0.0306362278783298,0.0950355959196047,0.272262765412838,0.513398052483533,0.0863550977808911,0.0122369100701553,0.0740713274790444,0.115328697036003,0.0149254891536693,42.8137524,5.5401546625,4.62691846,0.10523507325,3.983503,-5.87213183,-7.441344955,-0.040225803775,-0.1524425415,-0.58540158925,-0.750171365,1.1488612625,0.0328351019,0.72787357725,0.46919575175,0.46149162125,46.1692097,6.4382676075,7.2465292325,0.64924228575,21.91224485,9.24975336,5.8218015525,0.080642526075,0.213846362,0.45799407525,1.2603961175,1.47320071,0.0805898869,0.99522753225,0.92617982075,0.5220210395
47.019101134,5.4932085262,7.3249283328,0.330528049133083,13.05326343766,8.334203281215,-0.6251240066535,-0.012333333864077,0.057502190572599,-0.04917774848178,-0.16412084587116,1.3129443819,0.060053545685,0.86825096474,0.49670066922,0.48415109929,1.08000506247392,0.207161061262265,0.792391796572922,0.114466384102292,4.36933286244124,3.92866672432218,2.67780810600326,0.0213427947916947,0.0699467351298627,0.210659919641425,0.363635555545331,0.0866312835397942,0.0100847141127052,0.0511081144336964,0.0967501742737003,0.0136861222870358,44.797465875,5.0811462325,6.023226295,0.10446033625,4.695669675,0.57593107575,-5.932543315,-0.0546878829,-0.0770146341,-0.46670599475,-0.871201372,1.149687315,0.038196448025,0.754002804,0.324488698,0.45701014875,48.94821945,5.9070960325,9.02474063,0.55278542,21.675905625,15.805613975,4.568398625,0.02804101945,0.195812499,0.35939038675,0.54773096375,1.5005502675,0.078216713325,0.95193559825,0.70569122725,0.510325206
46.557000231,5.5924751661,6.5014589963,0.059175413398611,5.154776662129,5.3837307986766,0.19010261237843,-0.011353676674581,0.02089655189999,0.014955142246995,-0.20568527716649,1.1866654977,0.040214765067,0.86698072402,0.47653377833,0.49691095232,0.949376077562018,0.220123208057649,0.698860677026209,0.110076927377327,4.21994223410943,3.83787755597447,2.96770493263433,0.021657826646542,0.0770259997786216,0.233465751756527,0.392803193704077,0.0857988068097304,0.011665170904449,0.0769001552666888,0.108753933836665,0.015657185501765,44.687342625,5.184033115,5.2022645875,-0.16305755075,-2.914639805,-1.6413294125,-5.520947045,-0.054937966475,-0.12690908475,-0.434326213,-1.0033494075,1.03542169,0.0196934859,0.69820785875,0.2713114795,0.4674569755,48.3059997,6.0077687675,7.9001440375,0.2963503445,13.0066981,12.9553754,5.8885395275,0.030808351275,0.17139196825,0.463244269,0.52846998825,1.36657268,0.064555332175,0.991620578,0.69494629425,0.5282088085
45.677339924,5.8074953589,7.725615633,0.2605972754668,14.9835958605,13.25839273317,2.2932355366269,-0.00938845713357,0.001530309367576,0.18040606156952,-0.12896001801528,1.3821937004,0.044551603448,0.92867262942,0.51158746226,0.50105031668,1.27089068670166,0.210816039196478,0.847148164934121,0.126967693730364,4.29085003545795,3.63169459087239,2.87609386718578,0.0209156738475237,0.0754236012468473,0.226258820351087,0.379796494331036,0.0820412524056329,0.00891222619234338,0.0482574602819698,0.106618224652997,0.0147803387808943,43.135841425,5.419450065,6.28105821,0.016359042425,6.258741165,5.8210436375,-3.48260724,-0.050317918575,-0.14620587725,-0.27397249575,-0.88229763975,1.238127125,0.028866579975,0.81522659325,0.3094008295,0.47330702275,48.201216325,6.2340042975,9.4830657675,0.52402264625,23.274189,20.2275258,7.952220055,0.030421467875,0.1563352535,0.62559152175,0.592332779499999,1.549877375,0.06332497565,0.99544508775,0.730554749,0.5304932865
45.665911256,5.6203453118,7.0500197969,0.3240045549662,18.4197756819,10.6310935416,0.1926804020446,-0.004421029626772,0.046262448536062,0.0151579337453,-0.160411136607187,1.2813633372,0.049740329625,0.9532114678,0.5080293967,0.49440764757,1.09595372599382,0.203279000017066,0.828443795729948,0.117461043756252,4.26696827934312,3.6597783356668,2.64693484901169,0.0171187296164953,0.0668729730016248,0.208231158008524,0.315224725531437,0.0789188233147017,0.00742649890458689,0.0321673207915547,0.108649751959783,0.0136671878815877,43.58689145,5.2587807925,5.590166805,0.11657053525,10.559094325,3.553169285,-5.2066396125,-0.0383325307,-0.0833546273,-0.4096000355,-0.768211023,1.12576187,0.035775084575,0.8765939525,0.31931141675,0.4684031595,47.895824175,6.0414818,8.8592904175,0.559876211,26.947231075,17.733283325,5.35632242,0.02899127325,0.1754803775,0.4213754025,0.440839986,1.4443318425,0.065418957825,0.99633391925,0.73566195525,0.52100447625
46.025728723,5.2550467506,7.2747719435,0.332924106018,11.04150576003,7.917470624414,5.662661717211,0.030365946182875,-0.1165418420695,0.4454747376526,0.6930636321721,1.3677353975,0.043205957993,0.90760196968,0.42358493887,0.50833623429,1.04075157214305,0.188569425207303,0.778337854619389,0.114802021119054,4.35638719491384,3.81174642618858,2.99729812578904,0.0219853685111564,0.0780554692361911,0.235793812408038,0.389799503376265,0.0826532610464476,0.00861357744597415,0.0609516554406489,0.107341912760137,0.0148133276594065,44.01735185,4.90194399,5.985258265,0.107068519,2.53085507,0.429078656,-0.11791166425,-0.013259033075,-0.270258398,-0.00927596763499997,-0.057885880525,1.20849941,0.02686190815,0.762771625,0.23315679875,0.4799492605,48.091723575,5.65067722,8.9607963,0.56582108,19.69163285,14.9199543,11.6105137,0.071973013425,0.035159703375,0.91338505575,1.4570441825,1.54145102,0.062517202525,0.9937333575,0.64706362775,0.53554758475
45.994843251,5.9076325283,6.4376948191,0.2928873852912,17.5595384541,5.138876091651,-0.6151712726918,0.0130316263141642,0.041740654549865,-0.04839477864042,0.02989981419516,1.25325032622,0.055965001126,0.85269462025,0.3426849881393,0.50271967166,0.966687402817885,0.221858763266723,0.70359203706717,0.110828222242175,4.26245448939458,3.58531964462595,3.44720658510149,0.0282979964679725,0.0950168736300454,0.271187566001049,0.474951593572894,0.0827359905093706,0.0112275295723859,0.0624896521068318,0.102769993915147,0.0159434577838937,44.304878825,5.48102532,5.2104736325,0.085431278825,9.9077706575,-2.746332455,-7.39272086,-0.043224764475,-0.12673762125,-0.581576396,-0.89610222675,1.092834555,0.03446879095,0.720395955,0.1228226295,0.474830873,47.97133355,6.3453068975,8.002112885,0.51478085125,25.852489475,11.928518775,5.659896175,0.065341530975,0.22791118125,0.445257173,0.891658575999999,1.421126665,0.078663656275,0.96978059125,0.5454148705,0.535063822
47.585650359,5.6849457977,7.3188073867,0.15743032820138,14.9038947263,9.042095242417,6.532990028712,0.040535031661607,-0.13490107542208,0.5139424116379,0.5951660808371,1.3897921077,0.054368948869,0.94506016453,0.52821719149,0.49746074936,1.10552134345063,0.191748863354562,0.765025652780616,0.134003993343192,4.89688873209544,3.91867216643269,2.76409023610694,0.0164274520932202,0.0679337544492872,0.217447630983823,0.30994951771864,0.0944650613926096,0.0105007355018493,0.0323321394587687,0.0860564056390182,0.0152057290037454,45.30295355,5.336669755,5.91364938,-0.10637082625,5.095062425,1.3972238425,1.565701065,0.01107539885,-0.26697241,0.12317180725,0.0257199674,1.2242406675,0.035475657125,0.871375881,0.3690842525,0.467781656,49.699031625,6.062991935,8.9587912525,0.42209988675,24.264745125,16.760100575,11.998107125,0.074052209525,-0.0136786648,0.9438765545,1.22046442,1.58902922,0.07586422515,0.9970158865,0.7074962895,0.52800610375
46.539246394,5.4651988608,7.1585931096,0.3420181321832,19.7069545004,8.084826974371,-4.228429026132,-0.021655784347521,0.15487410886181,-0.332645388893,-0.5704175882213,1.2506603345,0.046472682951,0.9209624586,0.69737073694,0.47503605734,1.0991723848393,0.219339679777049,0.790012235832946,0.132865255397995,4.2352973785975,3.75749798643413,2.94566502236596,0.0206722449428555,0.0761777115434524,0.231731898890622,0.38125894790006,0.0850097463163705,0.00819574532399574,0.0503319771078957,0.115445543454039,0.0152693453745194,44.4936736,5.058603495,5.7592126175,0.082323155275,11.744766375,0.744324408,-9.6925623225,-0.0611616372,0.000517908517250005,-0.7625021425,-1.2964973825,1.081073605,0.03213696735,0.80677317625,0.48670328475,0.447380997,48.8735705,5.922414145,8.847057865,0.6062342545,27.65177715,15.221231875,1.6448145725,0.018256503725,0.29845460575,0.12939556825,0.188479481,1.4104263075,0.062825064175,0.9954970505,0.95138920125,0.50597866225
45.41929249,5.9050290793,6.6088186835,0.2815789379322,14.14409512699,6.807681004716,-0.6164166841237,-0.002676816005996,0.049864204802467,-0.04849275392734,-0.11000296690771,1.3209432165,0.054508753535,0.9079866152,0.48990478872,0.53415377739,1.05896212116556,0.218687893735908,0.706467035496594,0.120114279350752,4.45531121112028,3.82073625466568,3.46224377090696,0.0267760892685034,0.0914730416254932,0.272370523031177,0.46430010538762,0.085346381554727,0.0108535721463652,0.0525771273339657,0.0997262475474162,0.0160532524527431,43.32634535,5.4888592675,5.36052449,0.050955853275,5.14127369,-1.0820636375,-7.0540736675,-0.05549379635,-0.13663069825,-0.55493543025,-1.027122825,1.162046825,0.034921382525,0.79580637775,0.3053377995,0.50340080175,47.4012099,6.334640435,8.10968774,0.5268567035,23.18221975,14.0918941,6.4062544475,0.05179008585,0.22180062725,0.503972283,0.7930038685,1.49623636,0.0786815721,0.99326732025,0.689888916,0.56842828425
45.758766814,5.9477946917,7.7999219224,0.14539048152529,12.7199281429,6.1916091739795,-1.9474184281049,-0.012806639838924,0.083291932332063,-0.15320104879216,-0.3981524380264,1.4508892277,0.05430124237,0.94730006399,0.328539855377,0.49068583469,1.22615017820683,0.218685136209408,0.812348643298893,0.107826995744559,3.96978932294503,3.19908845978049,2.62629501893621,0.0177425674957588,0.0686322739582081,0.206607447700792,0.330839163516884,0.0871457888849909,0.00829833067645429,0.0346334850368641,0.103482018858579,0.0148963749327086,43.366443175,5.5509737925,6.3885770175,-0.060479506725,5.5402860225,0.0237085568125,-7.1750246475,-0.05002853385,-0.04803315065,-0.56445049775,-1.06052024,1.2904225875,0.038911992775,0.86058645425,0.1215938445,0.46346804075,48.161280225,6.3775922625,9.591636585,0.35073519425,21.148687575,12.801187075,3.044048105,0.022129249275,0.21862309675,0.23947158275,0.26369865675,1.62565902,0.07203542865,0.99371531675,0.52214443725,0.52001947575
45.620681439,5.3304347725,6.1342763534,0.2666386601442,17.214114684,13.21392603686,1.2983995741303,-0.011152104410416,0.02853190673732,0.10214352147632,-0.23674444671514,1.4685708314,0.063744933725,0.92658171797,0.37490716185,0.50323570061,0.889231683777876,0.220377018793903,0.69652782615535,0.113895046895133,4.59831283309069,4.05274833153022,3.14148810838814,0.0247527759630498,0.0827684631437012,0.247137063819403,0.426725095541009,0.0945702695698897,0.0124862118120004,0.0450899981582471,0.123885599741564,0.0155350042191561,43.948370275,4.9285908375,4.9670791775,0.04534973455,8.1083166025,4.5852113725,-4.712702505,-0.059050383675,-0.1340226225,-0.37074260125,-1.0046683,1.2919849975,0.042432446675,0.82931237025,0.1356918955,0.47435408325,47.387407175,5.7951269,7.5718835275,0.48597360025,25.910863275,21.208247025,7.424233085,0.037591205275,0.1783272625,0.58405542325,0.60235409125,1.6498772875,0.09064250825,0.995692138,0.6245998735,0.534078696
46.164913828,5.537184636,6.6484888185,0.32940409778536,18.0887137649,13.7473420038,4.9132487206745,0.0145949332699106,-0.06777896773486,0.38651932499372,0.28563562181207,1.2679207295,0.042428016355,0.95533635543,0.54761070413,0.48405446366,0.941696747121272,0.196188776142074,0.746950627331717,0.118829548803298,3.89445298229569,3.25196308282893,2.452555341471,0.0164197603092958,0.0626870153923464,0.192939557556918,0.311222687500503,0.0777507150064363,0.0072008806330226,0.0361985362826117,0.0932088591924359,0.0131185993783126,44.325898025,5.19824963,5.3166097425,0.0983158291,10.707655825,7.443565295,-0.0707885508749998,-0.01605537475,-0.18633541025,-0.00556884949499999,-0.29513432525,1.1246325325,0.029742454125,0.8564653615,0.37764846575,0.459885154,47.965623,5.9345030725,8.2706988675,0.56458851075,26.251342375,20.3153457,9.427998245,0.04864774545,0.0586555729249999,0.74168920275,0.90049898425,1.4230540375,0.0572085835,0.99791957,0.7429197465,0.51040816875
47.141583607,5.6283690635,6.7412688113,0.389348557447,15.54057497457,9.102628160227,0.718119420892,-0.00032459282791,0.024478076365346,0.0564935848835,0.0471153876897,1.2483803052,0.044489294823,0.85246904406,0.447350984727,0.5003150491,1.00977889873228,0.215239998219051,0.776752000793464,0.116207291640954,4.55489619445877,4.33056967895877,3.86174264801261,0.0269858349819824,0.100014057247252,0.303798616191766,0.487314436711169,0.0903191616050978,0.0143375103399927,0.0804128416650908,0.116741428647856,0.0168676544093704,45.238078,5.2399668875,5.4702142525,0.165030352,6.9942390725,0.79026470275,-6.564813225,-0.0467582209,-0.18273644425,-0.516445904,-0.78707613225,1.0894072275,0.02021373705,0.673980046,0.22129579925,0.47037626825,49.34889205,6.10027076,8.4813514675,0.6248417325,24.5362569,17.312373025,8.5767161875,0.0576413049,0.20476088225,0.6747198685,1.056287065,1.4444685025,0.074638086575,0.98558156825,0.67180390825,0.535121203
44.753727602,5.7797310054,8.2204741231,0.44066849391,19.3236709675,16.4563427074,0.443495688191,-0.02733675652184,0.0676382431219,0.03488926848257,-0.36007692030956,1.3984964509,0.047922885621,0.92114457414,0.59196676466,0.50947651352,1.24926583513374,0.206061257231,0.827270044808046,0.121156261428516,3.90861506367906,3.10723697923395,2.73912365683249,0.0206202622803828,0.0735037157787154,0.215483539921963,0.389475724304684,0.0753322384919448,0.00805581611677889,0.0467182766428508,0.11166571117291,0.0145914976316269,42.276896675,5.39730332,6.76424065,0.2027503005,11.6271659,10.50554255,-4.8222277575,-0.06781179325,-0.0759836347,-0.3793588235,-1.128930245,1.26611681,0.03112941305,0.81579089675,0.38959511025,0.4832159045,47.205918525,6.198563465,10.079530875,0.66923949725,27.00133955,22.52110735,5.5796055275,0.014235485275,0.208687523,0.4389408015,0.40498499875,1.5530843625,0.06370184635,0.99254305675,0.823612987,0.54086185075
45.911540205,5.4915361745,7.1485722281,0.42818688856,15.903349141,10.249675796439,-3.321217588484,-0.033987530503453,0.140548264349596,-0.26127616445914,-0.52417577252248,1.2492646339,0.044400221899,0.86543195182,0.42482865686,0.51165343385,1.07272386800808,0.200567818418594,0.727637703835228,0.105174873385426,3.89479397376668,3.55314851764162,2.87876448720061,0.0231737284990513,0.0766177030441304,0.226468915136347,0.390836395593404,0.0746481669505009,0.00893033495840503,0.0707759074145965,0.0975932154631851,0.0139214462083098,43.809369325,5.1224772425,5.846528705,0.22262905525,8.1270082875,3.389753345,-8.728665235,-0.0787230374,-0.008879634205,-0.686673518,-1.253504115,1.11062003,0.02747410515,0.70950495775,0.25495810375,0.4861758645,48.013387325,5.8889778375,8.710681745,0.6223891875,23.353753225,17.0286813,2.605215545,0.0110801904,0.28139604775,0.2049491505,0.24648801075,1.4009297075,0.061971125475,0.98375603125,0.6326059505,0.540746487
45.476388227,5.8831176966,7.2100984186,0.22039182402722,15.9365074868,10.48017944821,3.3223934763598,0.0130974304010376,-0.04009313332308,0.26136867023385,0.14662527964832,1.3744036314,0.045797439075,0.92272983291,0.2645616882984,0.51464232501,1.04538475214589,0.235228193923697,0.826744220023723,0.105473456997337,4.39193109068704,3.79861961596455,3.07448994851016,0.0216968846148823,0.0788195931245257,0.241866400102489,0.393217262402463,0.0852776573507336,0.00889758558930992,0.0600304526348325,0.124487285233841,0.0159372558606667,43.485052275,5.44215891,5.8467244225,0.02069897895,7.45433204,2.7325565325,-2.8138700725,-0.0323981238,-0.19850231475,-0.2213637535,-0.668941676,1.2288253975,0.028570752475,0.773510475,0.0320322008,0.4849996215,47.585935575,6.378948455,9.0787527025,0.43300357525,24.6357872,17.59093335,9.3718740525,0.052675762475,0.120265045,0.7372739725,0.89159217025,1.5708931975,0.063641111925,0.99772545725,0.4967152725,0.5465358065
44.868659478,6.0432768637,6.365484033,0.15329363313512,17.0418051584,15.19064563464,-0.8338864766493,-0.036095264339606,0.096449985767856,-0.06560083880387,-0.7589750360226,1.3733474292,0.044148729325,0.94474500226,0.42486677333,0.49599254546,0.897639936554786,0.209885265581678,0.725104051299053,0.107516754388192,3.53409818472185,3.16043242124899,2.84247973727588,0.0202349767452348,0.0744626324719551,0.22361443741436,0.357520030386404,0.0749900064659613,0.00764593645202905,0.0468704125468635,0.0928547459759223,0.0139744101299136,43.0640436,5.626006055,5.1101774475,-0.055392044625,10.0248533925,8.794518705,-6.3626770175,-0.073731332075,-0.045376629725,-0.50054409475,-1.44553814,1.22611015,0.029804831175,0.82927273075,0.25949532025,0.46899680875,46.765623825,6.46187507,7.975444045,0.36817475975,23.772552275,21.50972995,4.68465031,0.00465434098499999,0.24097697025,0.368535767,-0.075936922975,1.5259115975,0.059353545225,0.99798091175,0.62048411075,0.524274793
46.280370227,5.5851855696,6.478430405,0.22895031083661,12.68119965207,11.008808822823,0.8156364446244,-0.015108838596665,0.031050313006909,0.06416513100573,-0.2388948450653,1.2295209179,0.040917127316,0.90113207046,0.42792214117,0.51497081387,0.910817370600531,0.192614466893889,0.687721255209692,0.113634720943374,4.0212129248033,3.53629237627953,3.01533589229732,0.0206604415404054,0.0779831909380748,0.23721282167708,0.374175845230242,0.0848910306268912,0.00957480100205861,0.0647547621543723,0.0856727813387457,0.0149362735209096,44.572096775,5.2262773875,5.254631705,-0.00288768248249999,4.58134056,3.8423759475,-4.7386151025,-0.057624985875,-0.125312828,-0.37278110825,-0.99664744625,1.07893707,0.02448632165,0.750603337,0.2686347995,0.48740913375,48.114329925,5.9647508075,7.9169733875,0.445212994,20.974727675,17.9727444,6.7516906725,0.025519873675,0.17541678575,0.53114732075,0.53538442675,1.40155651,0.060438401325,0.9939770055,0.608871136,0.54590359525
45.831287228,5.672955134,6.1137353862,0.408391406736,13.793912919,13.127257779149,-0.6448865594534,-0.032831968123835,0.08127703950675,-0.05073244428296,-0.37693709009102,1.18990575689,0.058254424955,0.88081766602,0.57922684431,0.49834887101,0.819963106835909,0.212644974922354,0.633279906269887,0.12247116529181,4.07940200365413,3.74300545986731,3.15353512580744,0.0241760144245533,0.0820365652702175,0.248084787829411,0.411786662647293,0.0800998188195725,0.0105844986732156,0.0518470174746554,0.0997195262931119,0.0145075153017257,44.157467075,5.278304615,4.9638972675,0.1654629555,6.10580431,6.0988456325,-6.759956065,-0.081149791875,-0.073222461025,-0.53179755225,-1.1592445325,1.0378173925,0.036454975575,0.760964045,0.400852183,0.471668269,47.493885975,6.1062777575,7.4529893975,0.6536969205,21.897386275,20.434717575,5.228331805,0.01410178345,0.247094477,0.411306526,0.4002152845,1.3537380725,0.077050344675,0.96855902875,0.7836418475,0.52879618875
45.765629931,5.6462994149,7.2910093845,0.3167627660469,12.60240387937,10.6091809235,5.36468076855,0.019462863937023,-0.0953415731475893,0.422032937347,0.4838952809662,1.3326755863,0.046825554617,0.96399069709,0.53228421495,0.48646882849,1.04375422424099,0.209792311889613,0.800469843371531,0.118711345308757,3.77820668242625,3.01485548166341,2.40632125147073,0.0160271967851045,0.0621825451917749,0.189302377715359,0.316823935867631,0.0723176098908938,0.00684050292361667,0.0256957566596188,0.0903932672057351,0.0133796827786984,43.66754155,5.2378635725,5.932378915,0.093053530375,5.1712927025,4.8224621025,0.48105999925,-0.0096068242775,-0.215225537,0.037844407075,-0.116561,1.2013188625,0.0344415671,0.90163678925,0.38311951075,0.461109865,47.7539232,6.0927279825,9.183929005,0.55340108575,19.95584045,16.629291475,10.06504385,0.051247097275,0.022606433825,0.79180482525,1.099576075,1.48663933,0.06068957965,0.99774306225,0.715228595,0.51247434375
48.43001312,5.5774587347,7.9508654192,0.14399744393121,13.5748035555,11.84071819615,-2.9161158003985,-0.0438491796736,0.13717784268511,-0.22940729731042,-0.8692802779104,1.19252554583,0.037131188597,0.87471675124,0.55389314344,0.51761097973,1.14698502109204,0.225924580485583,0.868363463216241,0.127873342913845,4.25604114641618,3.66744875936495,2.79486707762272,0.0163941299624576,0.0705829528717432,0.219868806797913,0.333514174102772,0.0864567575349117,0.00943928334158062,0.0740949453331473,0.0982336891150165,0.0155640659149662,46.169001775,5.162331565,6.4878713225,-0.113183363,5.08748958,5.049451875,-8.126222755,-0.076185759875,0.00605909901,-0.63928010025,-1.4939792575,1.0426594525,0.018639393075,0.70058264475,0.3828286535,0.48897997825,50.73039255,6.060348015,9.7515122525,0.40750783075,21.8416187,19.238820275,2.5345072875,-0.01363611805,0.26776129975,0.19938661775,-0.217875462,1.372609035,0.0556467384,0.9908071655,0.76760948725,0.548984215
45.453647508,5.5460195209,7.7656720307,0.3263737674168,12.2885397940848,7.585627006901,2.6008981911265,0.012665876496162,-0.03438540534777,0.20460950993976,0.30510158091624,1.2818255722,0.053562891176,0.9185465251,0.345552232026,0.48873895788,1.13290925455971,0.212737747922294,0.816818847700016,0.102786053939429,4.22209474356288,3.79256458757702,2.93135342974566,0.0245539854788336,0.0789759561145352,0.230606023176419,0.418541121686408,0.0811280099734067,0.0100890600503627,0.0478451495887436,0.105614857106028,0.0144309012214538,43.165125225,5.1628289625,6.348851205,0.1230921875,4.0035912575,-0.13830706275,-2.8674859325,-0.0363800962,-0.19433638075,-0.225581639,-0.51698114225,1.13479293,0.036189588275,0.8099602895,0.123608587,0.46098909525,47.57992545,5.973281175,9.5427596975,0.5238882145,20.5029421,14.801576875,8.8212919025,0.06027083015,0.11221975425,0.69396034225,1.083200665,1.4488217,0.074516529425,0.9924815925,0.558182091,0.519670042
44.895139054,5.7165577133,7.2056007886,0.2221402031974,10.51565483004,8.0944413457005,1.2748670104931,-0.003430377851688,0.004359184523413,0.100292243393639,-0.022025797012916,1.3800746375,0.056432767155,0.93982984924,0.59893123419,0.49443281806,1.01245052473304,0.21956583850766,0.77022553583368,0.129128823751555,4.20521872234495,3.55614615155957,2.87593884723316,0.0226243423631312,0.0774898439176257,0.226246625268666,0.402110562728498,0.0789672943933612,0.00918859960826224,0.0353096824485483,0.0947295789759083,0.0146433255266581,42.99240385,5.312083995,5.8740627375,-0.040629237825,2.2394230575,1.01920871975,-4.3079726575,-0.046688757775,-0.143218751,-0.338902985,-0.82381953125,1.2365417625,0.039262583525,0.86258233325,0.441053045,0.468164729,46.805454625,6.1900969575,8.8682457025,0.47898701725,18.469217025,14.958488525,6.5903822825,0.04097395255,0.15520880875,0.5184573945,0.7534663225,1.5472024925,0.075834669325,0.9909903425,0.8035523295,0.52512182875
46.743369529,5.5211405981,7.2073004529,0.364495081207,19.0695172092,9.607326335001,-1.4221959486917,-0.009863345938695,0.085480248875887,-0.11188243240199,-0.26914348969708,1.330613174,0.048946953027,0.88835345441,0.49950173,0.51069548578,0.968040301095821,0.199809213854021,0.766722701677472,0.125429286502905,4.58904204322111,3.96501821836605,3.09796834414686,0.0229060315126441,0.0800035303562604,0.243713416398608,0.406857115779947,0.088257461913657,0.0102722071650318,0.0581691457149982,0.091453796101068,0.0143863381045653,44.849102875,5.1551439275,5.8765418075,0.13060667875,10.1811595,1.9469087825,-7.71400485,-0.058665518175,-0.0627026612,-0.60685140875,-1.1328991575,1.174580545,0.029177185375,0.7651989115,0.335415072,0.48385387575,48.65211605,5.9223651675,8.84339524,0.614070374,27.9700619,17.270454725,4.7836296025,0.029809217875,0.25148890325,0.37632234625,0.45118958325,1.511622685,0.069164615125,0.9813496365,0.6947668625,0.540339945
44.927686556,5.6304715438,6.9141774641,0.2571034872277,18.3090829672,12.3024114394,-2.7060755778654,-0.03335784323422,0.13366951553534,-0.212883687501913,-0.719975217758,1.3968998784,0.054716927306,0.93751249198,0.3468760358268,0.47049514655,1.06757025544944,0.211238974410818,0.73386823018587,0.100386222918243,3.71585977803718,3.12544812870476,2.49893877313586,0.0179676001409081,0.0648806680851807,0.196588485903061,0.328817384758819,0.0868294758026145,0.00788235605901951,0.0429980073797274,0.146458771188179,0.013796505776812,42.924778225,5.205387445,5.757549835,0.072303566125,10.678905075,6.116778725,-7.7859872,-0.06998078815,0.0050636156475,-0.612514183,-1.392310825,1.22357693,0.0389994851,0.83389109825,0.027451520475,0.44547968825,46.98050085,6.038220965,8.5277956675,0.452400295,25.438261775,18.16996525,2.1502314325,0.00140164712,0.265654311,0.16915610125,-0.0934771321000003,1.5660677575,0.069986232675,0.99567034675,0.6143744775,0.5003992055
43.863591053,5.6035022783,6.0122976573,0.21085464701195,17.8152405616,11.9644870539,0.5553053582735,-0.009360482064316,0.0428051815554049,0.04368519972681,-0.31118509755607,1.26381135,0.057077414343,0.87472424607,0.54497957582,0.48292570171,0.951980627850672,0.202107348307728,0.706217857843658,0.114807522006168,3.80067417449044,3.52045205953676,3.40998691125599,0.0316093434401371,0.094521923159201,0.268259539250594,0.52117597785594,0.0734259650414636,0.0118161601423458,0.0670360405500336,0.113682537339929,0.0144806546657785,42.01341535,5.2370673175,4.77677536,-0.00817423057749999,10.280082075,5.123772555,-6.636483265,-0.07570300295,-0.13942033325,-0.52208409475,-1.341830955,1.1225935725,0.03611783615,0.72199962875,0.31713519475,0.456558336,45.87569685,6.00057298,7.541363425,0.4316065445,25.0656,19.00774005,7.191503395,0.051105024225,0.238018622,0.56574685925,0.67002840875,1.4105277275,0.081151336825,0.98400374425,0.7641208875,0.512178137
45.687451986,5.9292234518,7.4550993222,0.13431049387746,11.637814440734,8.253262122649,-0.32461141918927,-0.013104463918909,0.048888278926663,-0.025536787118568,-0.325854616039177,1.3600434897,0.049890809295,0.90889436637,0.57608823201,0.50359416681,1.11793591480773,0.212970279279157,0.795455071818132,0.130386055743797,4.32321749397516,3.69717097033024,2.86715145803477,0.0198572162441438,0.0741597446276037,0.225555332014714,0.358129161784844,0.0860406151321932,0.00888691674384667,0.0494719320401635,0.104771201557375,0.0141478867004563,43.50335735,5.5256859925,5.9875676975,-0.122727472,3.5754952825,1.05958104775,-5.872950555,-0.0524038027,-0.092896936975,-0.46201790475,-1.0103723275,1.203740585,0.033327990875,0.80066995825,0.39287097775,0.47671121875,47.789068625,6.3655212275,9.1168656525,0.38305971175,20.24833435,15.63304515,5.24497191,0.024878608125,0.1906491255,0.41261558275,0.3676201965,1.54183821,0.0685261117,0.98687872975,0.80438944825,0.5320865625
43.049706405,5.8801217226,6.7336221949,0.3652936817468,17.4673197331,10.982823259878,3.7025108205825,0.017120001490354,-0.04805599690546,0.29127204108483,0.323519080112736,1.3826466657,0.062107178431,0.90197141422,0.5540074454,0.49435862853,1.03393972498606,0.211088142750405,0.779327768934279,0.12702804822978,3.79828032792295,3.28718897756572,3.35941752115735,0.0323203513040055,0.096826199638599,0.264281306746074,0.530353453948583,0.0783494347409265,0.0111325047884737,0.0473632227270861,0.091322225949084,0.0142453973971626,40.99636935,5.485183985,5.4010395025,0.10820837925,10.448827825,4.7563650025,-2.3127335925,-0.038959704,-0.2544768285,-0.18193994875,-0.6511488065,1.2298391,0.042325571725,0.80125419525,0.38267424375,0.46747194375,44.9687647,6.2892988175,8.3530679875,0.61902927925,25.818049675,17.284820375,10.675685325,0.08656216475,0.1249480935,0.83984323275,1.3838712875,1.53725084,0.084120130925,0.98116205625,0.7460125135,0.52119878525
44.729546321,5.7175774049,7.6222066958,0.2483167546915,15.7481601362,13.9662353419,2.7413434821441,-0.0076162292042123,-0.0072979755593939,0.21565817077526,-0.11855989483343,1.3832572075,0.040543863969,0.90330248243,0.41949242333,0.5010930466,1.18149606313797,0.212114781199691,0.804028575515527,0.107397314932529,3.85532669671806,3.12149403377275,2.94011310607174,0.0203262893845479,0.0769284727045986,0.231295136261271,0.379960387055842,0.0837809497760223,0.00891135398106188,0.0632384718483498,0.106471553958254,0.0148395353378735,42.574499825,5.3028620775,6.124162145,0.015964381475,7.95428901,8.150659025,-3.133220345,-0.046095125975,-0.1532825785,-0.246486643,-0.85312194425,1.230528775,0.02507064955,0.769440711,0.208654907,0.472944426,47.088649625,6.1640955225,9.2879345075,0.4629341315,23.177744525,20.069647475,8.305591195,0.031921578925,0.146640087,0.6533907935,0.6322239785,1.56187204,0.05949802645,0.99236172875,0.6387428745,0.528316669
48.327920019,5.6037499197,6.8708207837,0.48959980667,19.2435436769,11.80448465452,0.9936020923779,-0.002103026471789,0.03003846539251,0.07816547278487,0.04718645357274,1.2621557367,0.036438452934,0.91390575275,0.58225866795,0.48918347166,0.969969172644596,0.204997387884168,0.734200957330746,0.130246734139723,4.02053731095883,3.45473176500679,2.62681457970884,0.0169792827662227,0.0667116602750578,0.206648320941631,0.323829933802632,0.0778075435592005,0.00834657977160918,0.0646937993358738,0.0830156619198463,0.0137195036515496,46.484735175,5.215993345,5.59281295,0.24154249025,11.567575375,4.9935018925,-4.16711317,-0.0339932328,-0.1065974205,-0.32782173975,-0.58079423,1.1343327825,0.0225176215,0.75521772975,0.43827965225,0.46149869575,50.34194015,6.0109342125,8.3733430275,0.751153123,26.971309525,18.545610025,6.1528271375,0.0311113449,0.15597376725,0.48403546525,0.692392772,1.43408157,0.0553943445,0.99743376525,0.770341418,0.51694267975
46.648296679,5.7513902168,5.7683261278,0.12260835402138,17.2373143716,14.2757571214,1.0561568602878,-0.017744636730748,0.040306478415861,0.08308658070368,-0.47820342479731,1.26570581961,0.047057976576,0.85539723529,0.54440094194,0.48746879334,0.868415462741024,0.211617041787553,0.633148947973011,0.133341330096115,4.71779315280579,3.82849712933752,3.27764200977648,0.0209168605063152,0.0840697469830095,0.257848126273484,0.386252552219316,0.0988429889864644,0.0111650088324549,0.0740275943938034,0.0984740031630514,0.0145506016239024,45.001699275,5.3462540975,4.67246851,-0.15820537875,7.9246927825,6.525804195,-5.759240755,-0.058681318625,-0.1151085215,-0.4530724875,-1.2582223075,1.08806544,0.02543411835,0.678561087,0.36546413325,0.459834617,48.34319075,6.178006315,7.1176950275,0.382993334,26.883574875,22.196012875,7.40970516,0.0226353206,0.21617416575,0.58291252625,0.249443893,1.46958415,0.06780109145,0.97247717875,0.75033162425,0.518976683
45.654867756,5.8783337922,6.9834439265,0.21890839495288,11.8124544244,10.7372333889,1.3673829024229,-0.01190174313401,0.014638944001955,0.1075703563309,-0.16483341231317,1.3532695771,0.048279642826,0.95319658087,0.49649747859,0.48477158027,1.02456150516154,0.200574701541005,0.707040857419413,0.11776443298645,3.58261087058055,2.76755288590761,2.49489109648717,0.0186223454382878,0.0671529504782266,0.196270060363992,0.346909762042134,0.0703976771215123,0.00779425752537119,0.0415394057706547,0.0903845579667018,0.0133177684694518,43.599205125,5.5219723225,5.684343195,-0.022209398825,4.7618083125,5.4380254525,-3.2895526425,-0.047239947225,-0.12240044375,-0.25878511875,-0.79982280725,1.2264952175,0.034014201425,0.847884818,0.334614209,0.4604488025,47.753838375,6.2732586275,8.441400815,0.447066542,18.890830925,15.87579075,6.4668782825,0.02662287675,0.13548725725,0.50874148425,0.5418572545,1.5008113975,0.0655109065,0.9978935645,0.68536186275,0.51233910575
46.159710342,5.7591204606,6.538144591,0.3001426012882,21.5997829088,15.092727012793,2.20647720553701,-0.00295918861637,0.012795756881265,0.173580888763284,-0.16277685196049,1.3451766296,0.047259896615,0.85872001366,0.55686834323,0.49785757047,0.994762167340683,0.225918503409672,0.768617599990355,0.127863524482188,4.53992814021844,3.8865419619128,2.94675463820001,0.0217297880088727,0.0755859429733301,0.231817617695316,0.386459767802846,0.0824096082032186,0.0106982206762329,0.0650275266580614,0.10154422305725,0.0142080639166531,44.174903975,5.353046105,5.1724268675,0.036926822225,12.570683025,7.52070032,-3.9374183775,-0.04582615525,-0.130443833,-0.309751936,-0.9634770855,1.1981591325,0.02799165905,0.72008718575,0.37573214075,0.46946374,48.23441965,6.2144722975,8.160864485,0.5380022145,30.3373286,23.1096884,7.9788815325,0.03978511495,0.17605287,0.627688945,0.597405751,1.514460495,0.068628402325,0.97286743375,0.76797197825,0.526265413
47.342423031,5.9374427522,7.0096417967,0.4481381608441,20.0304056152,13.8485116191,1.9864002390024,-0.002496162370791,0.01278542293934,0.15626770027974,0.01987084099686,1.5001651481,0.05943529893,0.92842362131,0.73385754091,0.49760950981,1.06684303787448,0.231984989284446,0.816686391238558,0.146859686196215,4.80204934556002,3.98700728728609,3.20005936584912,0.0209684566476025,0.0817503283510315,0.251744793521131,0.396836419143579,0.0957189329604102,0.0101816514685649,0.0372517889689285,0.125110651723087,0.0146725959047831,45.237711525,5.5462374825,5.6458809475,0.170152899,10.42596855,6.01777559,-4.729081105,-0.04475868235,-0.14298490725,-0.37203108,-0.79493279475,1.31497134,0.03990656095,0.83906813375,0.5255922215,0.4690689245,49.3801857,6.4359387675,8.8554782325,0.75303359325,29.497866675,21.966693025,7.85473238,0.03666854395,0.18586901525,0.61792228325,0.7521505945,1.7069566575,0.079642245325,0.98206748825,1.0012889675,0.52619981125
46.143342293,5.6158567719,6.5273509723,0.3601080276072,16.793621493,11.44478303304,5.006595895291,0.022846908268638,-0.081494379799425,0.3938628343302,0.46004811275051,1.2818774715,0.039252665356,0.93033731194,0.69485028407,0.51457135535,0.913338037300309,0.2149096699915,0.759592907533371,0.137836540895333,3.98881864444084,3.34576638713177,2.95056502634749,0.021095406766209,0.076681805074195,0.232117376845014,0.390218247470594,0.0831062264491395,0.00903397870782543,0.0582892527006518,0.122018802013296,0.0152445767582118,44.2563054,5.21329341,5.174939975,0.092314123625,9.446245275,5.299556375,-1.0567778925,-0.01903258955,-0.22062880575,-0.083135435475,-0.29098681075,1.1190953025,0.022800306225,0.77145485075,0.48549635175,0.484555874,47.9207617,6.06385824,8.1336841525,0.6482897975,25.07771675,17.827417725,10.4514748,0.062548722025,0.075969162525,0.8222048875,1.2046877425,1.452328205,0.0579645344,0.99583314125,0.94841726475,0.54508015525
43.981215946,5.5967851774,7.18856659,0.09305121433972,16.9329762149,12.0158462799,6.961074538516,0.034683061772843,-0.13219763269473,0.54761930086315,0.42162049485064,1.2502269241,0.064256761367,0.77348852045,0.54755390286,0.47207261681,1.05828593522717,0.206506288484047,0.754769712642162,0.119691236749246,4.26167182075057,3.33536375893035,3.53423406406164,0.0350012817082689,0.101518071672745,0.278033911981708,0.55853588663781,0.0838955106305258,0.0116136340471519,0.0825210938670322,0.116146842237818,0.0138820627117591,41.77739895,5.2015931275,5.9406445325,-0.1513027155,9.0970345375,5.7138067525,0.534107151,-0.036913065625,-0.326147155,0.04201756255,-0.589860122,1.0875738675,0.042770928225,0.600069962,0.3544600545,0.4454274585,45.8494154,6.0123810175,8.846326305,0.3198107335,25.311799125,18.85043885,13.926431925,0.099178961575,0.05306251835,1.095575515,1.46194857,1.4141321875,0.0884363474,0.92148824625,0.8059258655,0.498213286
46.061055984,5.6502692924,7.9015070342,0.17639466041098,17.6130538768,13.2021790533,3.372633710962,0.004845423265451,-0.02827282222288,0.26532100845082,-0.04457067537548,1.3963345741,0.050097534341,0.9008072268,0.42358993724,0.50124907729,1.20425500376795,0.196588924440989,0.842509356980472,0.11034571013508,3.70461447316966,2.97461048334301,2.73335783717471,0.0199901299046654,0.0724044093631365,0.21502994971354,0.366649225138286,0.0837898250707549,0.0103462202032173,0.0556312480500329,0.088096160758951,0.014164293402619,43.745344425,5.29005308,6.463499205,-0.02865969555,10.771493225,7.819055585,-1.9910927425,-0.03262557285,-0.16442032975,-0.15663685375,-0.7476200695,1.2381083325,0.031391499525,0.7695832715,0.26151474575,0.47436388325,48.659837725,6.062920475,9.633217575,0.3941447535,25.6417131,19.142884725,8.4649514075,0.041872053325,0.11525479,0.66592747175,0.70613485525,1.56049496,0.070550123275,0.98749604325,0.60762327225,0.53037517875
46.374098809,5.5651498105,6.1081740949,0.2137720568799,13.97670773841,7.132092839859,-4.849172710942,-0.035190520435807,0.167238332621572,-0.38147854254989,-0.7675763877776,1.3929905822,0.054538836308,0.84868516453,0.2246218763137,0.48869676811,0.902256570207034,0.208677072728617,0.656824368109116,0.0986857634895591,4.68506015636099,4.02166577631458,3.66238004263082,0.0290012577696025,0.0971310469448488,0.288115001204684,0.48898067961042,0.0831503965013955,0.0127400923126593,0.0725213381646092,0.121105408990734,0.015726069771078,44.647173725,5.178913135,4.91586739,0.023794670575,4.9692470725,-0.5045888795,-11.354156625,-0.08692124225,-0.04384394425,-0.89321777225,-1.604098475,1.24064573,0.031093425475,0.6859295995,0.011042698565,0.4585642045,48.042464375,6.0017444525,7.44223308,0.4065783945,22.56368195,14.559279275,2.6770677175,0.029523732525,0.3375849115,0.2106016725,0.277951327499999,1.5660643175,0.079347258425,0.97672332225,0.46802048825,0.5190314715
46.330076366,5.5891894823,7.4478150393,0.432101007621,15.2534265192,8.701215388035,-0.39919374190614,-0.007231917415342,0.053100172909,-0.0314040879922511,-0.03782903695911,1.3376862694,0.062990758015,0.9385740779,0.5690308938,0.48747890818,1.1276695769728,0.209678422749621,0.766466302037649,0.119511751844632,4.28329362033476,3.39646354246375,2.62289415166474,0.0201298998053669,0.0693693730030564,0.206339905272748,0.344683668306301,0.0810312866038452,0.0085056041660961,0.0304702684064195,0.0921228205173755,0.0144971244493771,44.0808038,5.2086587375,6.12503278,0.21688477225,7.3268457075,2.07765167,-5.1815302,-0.046035840975,-0.0878993016,-0.40762470125,-0.69938695075,1.1946408025,0.047142523625,0.871612529,0.40611987925,0.45931421525,48.562507575,6.02066997,9.069116845,0.66140946375,23.76048575,15.206118025,5.0824158225,0.031851256625,0.181953435,0.3998274945,0.64583223825,1.51187687,0.081585296425,0.98461075075,0.759741694,0.51615723525
45.58769061,5.4822846703,7.6173390397,0.454608220972,14.79384620096,11.657812172289,10.3319659727,0.0557080571554,-0.2261554833548,0.812803247256,1.241553531167,1.3232057969,0.045624967391,0.94885880776,0.57242195408,0.49422901676,1.14530579187551,0.218599531573761,0.780250714166367,0.129420859204639,4.64038593175358,3.904524561398,2.83925089510055,0.0200357865374677,0.0725547090695266,0.223360428288565,0.35975758139759,0.089648278823975,0.00888901104333102,0.045369626142047,0.100259961294704,0.0165726514436588,43.459250725,5.0847871125,6.2690367275,0.1992714015,5.6821041375,4.0629734475,4.909667445,0.0178495031,-0.36052591275,0.38623759525,0.5386851165,1.170474935,0.030128445275,0.83366953025,0.39126056225,0.464646003,47.93903435,5.9435422625,9.3544801275,0.698016396,23.9530429,18.9780599,15.82925985,0.09325580885,-0.08318970315,1.24526867,1.8975449425,1.5160938175,0.064359307925,0.998291168,0.77916191775,0.530900609
45.55070843,5.2625421578,6.274525052,0.2658567173299,11.9179797354,3.6292259475492,-4.1177388015139,-0.0185795985351,0.13024741690101,-0.32393752330955,-0.4183668826646,1.3134449433,0.049336480783,0.84067316902,0.400704343059,0.46669251037,0.92994513653979,0.194954235847743,0.708334532394056,0.110163663373719,4.40442684784774,3.92790079166421,3.35056548883427,0.0251999479119647,0.087713950277727,0.263584928227342,0.434690168789444,0.0904238100946809,0.0128728877036567,0.0758514617390732,0.109853474957296,0.0150344213511815,43.812749775,4.894733545,5.0284661375,0.051452940575,3.66917983,-3.589558115,-10.807909075,-0.06888233215,-0.039947429225,-0.85024512675,-1.2604213225,1.1454948925,0.0257240621,0.674843758,0.18913140525,0.43855257675,47.388439125,5.6774979125,7.78817166,0.490417831,20.9771035,11.42493075,2.3557576475,0.02895188325,0.3064858315,0.185324603,0.38545348775,1.501378545,0.0744224461,0.975491446,0.61678721825,0.49888566425
44.588386497,6.0545040152,7.204996873,0.25581734499498,16.9302512184,12.4126300921,-0.7386454525283,-0.02286328188361,0.080378000787275,-0.05810834281788,-0.47428594116285,1.3521319429,0.057646166104,0.87344136779,0.48230575057,0.4859598573,1.03409657610841,0.22163652830034,0.769188588508479,0.115256715153752,3.95631250312035,3.26425045356569,2.79466545076362,0.0231669582445262,0.0772280289109041,0.219852945421219,0.403662925138803,0.0743352870633905,0.00938149646458043,0.0479506291569051,0.0982806865225017,0.0139953488092309,42.576490075,5.655914585,5.942043235,0.025226099025,9.13067074,6.4562342925,-6.529390675,-0.068500200775,-0.0602556005,-0.51365926,-1.282099495,1.21543791,0.0384258804,0.76158963225,0.30725943925,0.45811191625,46.659804075,6.517283585,8.919101815,0.48939646625,24.85023865,18.801871675,4.5953859975,0.019694502875,0.241819705,0.36151345275,0.2375093095,1.510197675,0.075372402375,0.9490525125,0.6823479075,0.51278353275
45.092025703,5.4997937485,7.0065990808,0.3178707955236,20.0297598316,10.4948399801,-1.0648887021636,-0.0091174699155843,0.08000707798707,-0.08377350429094,-0.31479505159543,1.3332464595,0.048965674833,0.96242505695,0.53957306094,0.50520973918,1.02440049036571,0.204461831335638,0.752991021114588,0.117310234728543,3.63842915052187,3.01762665498031,2.76286847825651,0.0206622355907328,0.0733331696448235,0.217351516261566,0.369525081630359,0.0844142507988983,0.00791638782639153,0.0343611205433337,0.10303371784112,0.0147655155298536,43.19839185,5.130655315,5.7484053275,0.07993107475,12.70734335,4.4869991375,-6.1449626425,-0.0489192616,-0.06580516765,-0.48341677475,-1.01192064,1.1875978475,0.03480192705,0.87951203475,0.36022086525,0.47557494175,47.1145003,5.916797615,8.783870675,0.54327789275,26.76865755,16.27041855,4.3578393325,0.031214640675,0.2150437165,0.34282594275,0.41659787725,1.5024005875,0.06501931085,0.999465369,0.745115956,0.5342107545
47.039905159,5.6556353395,6.8672857053,0.019247770543801,6.979169421556,5.7412033966653,1.528897685509,0.0009628081144064,-0.01399794027796,0.1202765287577,-0.07369250323592,1.3326673358,0.055586474083,0.85827424888,0.47596089098,0.49664221236,1.03247642602146,0.22032973349764,0.733805503531823,0.117677255407111,4.47810427972446,3.87443998942134,3.00605743049769,0.0209287157526913,0.077540245762965,0.23648289615622,0.37396642212368,0.0854581703581528,0.0100094821365599,0.0506588386925726,0.0935793620882142,0.0140060324099136,44.97782245,5.261314575,5.5881684375,-0.21809077425,-1.9207450975,-1.6217407625,-4.6728050325,-0.043186937425,-0.162754908,-0.36760390675,-0.90558926375,1.1794910975,0.036214385875,0.73787393275,0.304502802,0.469324608,49.103257275,6.1286195475,8.46733681,0.2368443335,15.18414895,13.5468715,7.2999874075,0.040075685325,0.1471308505,0.57428117225,0.585157635499999,1.507199285,0.074956591025,0.94422114175,0.67728690625,0.52362284525
45.710963828,5.6625448966,5.3247442567,0.640666113995,25.55850108,22.2357498598,2.712003292681,-0.0229437316699499,0.03359092939844,0.21335001382363,-0.16170853328414,1.3341411362,0.048971800445,0.91360298539,0.69791528079,0.49596019839,0.770692040459916,0.203229630848371,0.621768837914064,0.144251774321488,5.12663577675242,4.54084112713826,3.31722618962815,0.0233711272165695,0.0833415198228753,0.260962165762349,0.410429395178071,0.0858412810360613,0.0117589343012041,0.0589469166936979,0.0991691003629264,0.0133208417952662,44.250589625,5.27243823,4.2277294225,0.35681805025,15.39877805,13.6012383,-3.6895852225,-0.070534182725,-0.12789150825,-0.2902552035,-0.94500213125,1.17671997,0.02771412355,0.77764842725,0.52645560775,0.471539142,47.274787475,6.0769889425,6.5709415325,0.9146685,35.8929174,31.0182779,9.28386539,0.02119998045,0.1952143405,0.7303504405,0.64875097525,1.5051225825,0.0736213843,0.99661029925,0.91165037825,0.5221846855
46.245835849,5.7185656396,7.8138585586,0.2896356278197,14.5339785193,11.9809223672,-3.4005648461803,-0.045751816546931,0.1511112422759,-0.26751831675277,-0.7899622838416,1.19163618502,0.055654980383,0.88333143665,0.58984246068,0.49873634475,1.27222420612202,0.209437007790298,0.814476911571003,0.118018903521819,3.61102772985505,3.23337502162124,2.66736612248466,0.0206695727878335,0.0696526033096536,0.209838461347015,0.368143922371531,0.072359232915916,0.00862634993887753,0.0509538901369703,0.101453886442349,0.0136341936598282,43.92046025,5.3461213175,6.3980387975,0.058112949525,7.4520450825,5.31341106,-8.81389716,-0.08696316125,0.019544802975,-0.693378612,-1.525404335,1.0526903475,0.0410795097,0.7725231465,0.41076692175,0.4733824865,48.790812625,6.155800515,9.5871025975,0.52802759725,21.297272425,18.239742,2.0408884725,-0.007589263735,0.293873515,0.16055422275,-0.0992395229,1.339385585,0.074169686175,0.96555096125,0.81566404425,0.52614689375
45.698348679,5.6314001251,6.8277332835,0.2820148702945,15.6485096846,14.4772421596,0.1063001683723,-0.029270970958826,0.0672697568328,0.00836250544501,-0.47091513204178,1.15472677099,0.0330042501649,0.81766463733,0.55601066264,0.52682701714,0.98442868388843,0.219970118175116,0.767880961243253,0.126375096253217,4.06837993727109,3.5587376420904,2.90177977186796,0.0219618101979213,0.075567798505756,0.228279499372788,0.391142752072032,0.0846621932838436,0.0101433807249876,0.119350491971243,0.105777737050387,0.0161410107523729,43.898773725,5.2242552925,5.5464920675,0.0441320925,7.84187134,7.471958415,-5.6340802525,-0.0772803354,-0.079455520975,-0.44322626825,-1.2614707175,1.003213575,0.01630037045,0.5474146925,0.36090206,0.496764611,47.69613735,6.070677085,8.527388435,0.54716680525,23.364450675,21.07854695,5.81450986,0.00916403329499999,0.2193301105,0.45742044925,0.254300321,1.353886865,0.05490923965,0.9894498355,0.78295899,0.5579140735
46.775587789,5.5907539633,6.103895791,0.174676892278981,16.4125372149,16.2375530818,6.454803502315,0.010341109648958,-0.09788226601723,0.50779157173148,0.1725591577713,1.2936300938,0.042455153173,0.88249034318,0.56242072784,0.51163925044,0.96733935735482,0.217655617806916,0.704274967053849,0.127638882506875,4.46618303263051,3.94879786712301,3.13130465866233,0.023217861416235,0.0811242123083617,0.246335943913965,0.42493760411051,0.0883335455984536,0.0109179927867359,0.0912780224460725,0.116188187974239,0.0151671890139713,44.820069025,5.1744195675,4.880750775,-0.08955690895,8.1786111625,8.1953458625,0.29662924375,-0.034398817975,-0.260820886,0.023335463575,-0.662176395,1.1216191525,0.0255663203,0.677089986,0.34765697925,0.483952216,48.68513385,6.0459297075,7.6468606075,0.42189200975,24.902883575,23.689311275,12.81868725,0.0578537315,0.061310418875,1.008430575,1.02451852,1.473097345,0.06845771635,0.995430091,0.81187611875,0.541310412
44.53531088,5.5639426611,6.8010192032,0.0512050659512423,14.3740435855,8.625979240927,9.117119308119,0.05990813497443,-0.2076158996147,0.7172327307793,0.857516868729,1.4098449663,0.047506615742,0.92557508376,0.3274518091229,0.51611493885,1.0026358631253,0.203094605295653,0.713793874463661,0.0954649049375692,3.70297185874652,3.11437658896772,2.96571196611022,0.0251350768176784,0.0817843253968585,0.233308967308789,0.433144239023731,0.0790316810476437,0.00796795326571103,0.0587503436473886,0.125063327648363,0.0149886823012868,42.56461115,5.1750514,5.5761981475,-0.1321208825,7.419887155,2.87959523,3.5382057075,0.010501839975,-0.371567769,0.27834635025,0.00954268147500003,1.25960357,0.0334734021,0.78819823325,0.066430266775,0.48589923325,46.54251025,5.9822973125,8.4497515875,0.25533185125,21.596686525,14.822518375,15.04826255,0.10958416725,-0.0553104926,1.183828575,1.714230055,1.5704830675,0.0655093863,0.99801806,0.56279739425,0.54572492325
47.426595248,6.0991748795,6.2643824485,0.17079057625603,15.6219451206,12.5698365853,4.369904209101,0.0103075322025884,-0.058621835237855,0.343775070342,0.10728468456577,1.2921391006,0.054615326296,0.86839155538,0.363911406744,0.50165001197,0.9780283230985,0.220304568196242,0.690732808907987,0.110772346755031,4.54353404839828,3.7995578217557,3.34615844628775,0.0258367677818107,0.0871381167932086,0.263238231412931,0.449608795082596,0.0785867912175946,0.0133848302229484,0.0700398929470311,0.0872486324349614,0.0144448054513215,45.6092242,5.6660594125,5.0183214575,-0.039368851475,6.5066706375,4.5093713775,-2.547944045,-0.040817490775,-0.216837532,-0.200443671,-0.776697309,1.136983765,0.0298143418,0.73476028325,0.19236836,0.47540355775,49.349199475,6.540785715,7.693062415,0.38656222625,24.9905355,19.8700376,10.625663325,0.06173677645,0.117845208,0.83590804575,1.0032578175,1.4361511025,0.080902853825,0.9922767675,0.54328573725,0.53162809675
47.031395559,5.4495529785,7.4276566668,0.24700806832817,16.5712947828,13.8153151256,-5.975771852698,-0.0680631867591,0.2304570183519,-0.4701067332073,-1.27532356949,1.3070476789,0.051559885931,0.91882909063,0.42751499448,0.48349594465,1.14920989050598,0.210961275879576,0.807388750833298,0.109051207413792,3.93439978780997,3.21634933128949,2.58083736841999,0.0174293404893486,0.0673399521719778,0.203031350236275,0.323639661608441,0.0712811459981579,0.00819536070291452,0.0391805060549039,0.0781668528452118,0.0138030728387555,44.838111075,5.0575814975,5.9758920575,0.043318737575,8.03828775,7.4514109175,-11.06455205,-0.1005056995,0.09720935535,-0.87043491125,-1.8965682975,1.1818196325,0.03783940025,0.83401651425,0.28931648875,0.4579092375,49.2610299,5.8842636625,9.0573546975,0.463993572,23.8318078,20.427637725,-0.909169675750001,-0.035383109375,0.35947830525,-0.0715232767000001,-0.63860660525,1.4544454275,0.06910607575,0.98717202675,0.60110556325,0.51187256675
46.555078121,5.7461640501,6.4806636614,0.2285006270381,13.400670497,13.8506120807,6.906052735065,0.01754658956114,-0.12179835497627,0.5432908022999,0.4101867110811,1.3320663639,0.052835565969,0.88501750821,0.45738395288,0.49697004758,0.989087412896006,0.204423786461861,0.761172133026675,0.115546174294433,3.98767271322527,3.62056286387872,2.75464622007637,0.0190352345591127,0.0699311650349684,0.216704680758804,0.34123313028151,0.0861391818631727,0.00955248644904578,0.0482288788103448,0.103646780416702,0.0135608362613702,44.60369045,5.364215995,5.191951095,-0.0076528273375,5.0819055825,6.7046560875,1.3533426775,-0.019342329875,-0.26076616075,0.10646583075,-0.2496441835,1.1614242425,0.03423418415,0.7681084285,0.27025116475,0.47222514375,48.5029784,6.177541765,8.11661001,0.4528073655,20.807899575,21.149406275,12.350319375,0.055059284175,0.0192380013,0.97158469875,1.079428095,1.4998093575,0.071658954425,0.95706306475,0.65165407575,0.5236497665
46.285551078,5.8832424518,7.4851913575,0.06273072090991,6.9225152879233,5.018198931875,-1.0821704849585,-0.014729860206064,0.053932040360203,-0.08513304110404,-0.33709738122798,1.5239247,0.063454852994,0.9553644034,0.391496862254,0.48758521417,1.05591775659361,0.216830961177374,0.791658837346652,0.118636683458284,4.76517976932884,3.80468610705448,2.81804978943419,0.0203730173436608,0.0731508970053337,0.221692563243013,0.3692841001355,0.0907182038795355,0.0101721305223702,0.0269775079250612,0.106469744386239,0.0137584694145897,44.181970075,5.4914837775,6.1180168925,-0.17653954575,-3.13141832,-2.0263413775,-6.877875455,-0.0554516735,-0.0874397852,-0.54107413525,-1.0488260925,1.3707135375,0.04669618115,0.8981337075,0.1926789845,0.46245339025,48.414417675,6.3233452375,9.2564097525,0.29783004775,15.5443918,12.97920065,4.6087399075,0.02439761495,0.19712264175,0.362563985,0.3715740225,1.72063875,0.084975750425,0.9972176185,0.61377517025,0.51483308925
47.760139494,5.8590227807,6.9003232877,0.2758571088296,18.7044786825,14.6820902293,4.892981424797,0.0115835302675831,-0.06269332461152,0.3849249210903,0.17680631208216,1.3258399837,0.052435997406,0.94336874992,0.55206719547,0.48949495948,1.01205014794892,0.214594361196877,0.765571671024327,0.13233987865904,5.19930044621617,4.4675602095155,2.93435289144109,0.0172018602555051,0.0713861867862511,0.230841987220641,0.336224544983407,0.0880566442661319,0.008685140529292,0.029322302016763,0.0859663569436499,0.0143484185486781,45.722586525,5.4574997125,5.625299355,0.035151788175,9.14880001,5.95823122,-0.63598996625,-0.02116459125,-0.2086503895,-0.050032559725,-0.46973240325,1.1632315,0.0355069113,0.87710912425,0.402215867,0.462825608,49.76098975,6.2897876625,8.433558475,0.5291784365,29.60841275,23.9856012,10.761807125,0.04602386395,0.07307142095,0.846618353,0.81063399,1.5082273525,0.068755671425,0.9906489015,0.7357354535,0.52028315525
45.652895614,5.8608394121,6.7177074041,0.461244602545,14.8642668324,15.6465830098,5.7851619266144,0.0045898760262,-0.0824266332171,0.45511168017647,0.39352034427859,1.3811008324,0.053002399858,0.89173706459,0.4251130686117,0.51574543139,1.03281341542913,0.227259102059783,0.808931021061968,0.118475487555222,4.72145026259544,3.96465939700882,3.67975977414244,0.0295859571260739,0.0991512736625449,0.289482243191762,0.517108343896634,0.0958276613122748,0.0108870381796111,0.0632498953708297,0.126093448394365,0.016026430319785,43.82534185,5.4441036775,5.438296505,0.23427331625,5.50973133,8.241791475,-1.5067168275,-0.05218307925,-0.281315915,-0.11853158675,-0.59167998825,1.2079101725,0.033118511975,0.75484490675,0.14247618825,0.4864913675,47.7361241,6.332189965,8.4798553725,0.69501550025,24.185338275,23.9293655,13.5217056,0.06297911675,0.11424642,1.0637362175,1.433513555,1.57235691,0.075473057425,0.9913089445,0.6824992515,0.548114162
46.941380495,5.8690631374,6.8704414757,0.360804527748,19.4073823665,13.0298494349,-0.89824622579616,-0.021055259477581,0.08773637803316,-0.070663942594971,-0.4095796327172,1.3304820806,0.040191332444,0.94882999983,0.402223008099,0.49515779862,1.07223163937909,0.204476669950023,0.726708117844704,0.10189451390481,3.8018151513644,3.42474606905632,2.74048508349236,0.0190397725610565,0.0711839728135528,0.215590641676693,0.352569876661997,0.0810535116906281,0.00705008886725327,0.0425987111140538,0.123455202392426,0.0137638434513803,44.79641215,5.506162145,5.566807755,0.1543806375,11.917158225,6.5983317825,-6.35203393,-0.05656052485,-0.04981202465,-0.499706809,-1.04893239,1.189840285,0.0274299559,0.845586398,0.16363661,0.46854784875,48.933945775,6.28455413,8.321557545,0.56113017525,26.69409585,19.66079005,4.3453018625,0.015557785875,0.218943048,0.3418396355,0.286996777,1.503470295,0.054598900475,0.9983305235,0.633041607,0.52415593375
45.134878072,5.6998441133,7.5587219489,0.415784995261,18.4288630729,14.0525125057,4.88567670060185,0.013786335033761,-0.06554533625869,0.384350267097927,0.35221921570866,1.2317754671,0.040262327894,0.93000085383,0.51970080667,0.50676130338,1.2374848911283,0.205436426030124,0.790934313127151,0.107913031575112,3.62740432070225,3.08390519349533,2.45583183165267,0.0166905086209473,0.0627372618755872,0.193197314575004,0.314020586849396,0.0720507813559724,0.00775158382660989,0.0526471891487199,0.0865021496638021,0.013204879485943,42.60020505,5.290900025,6.1916482075,0.17921489775,11.034525775,7.9726207375,0.147349781625,-0.01988063545,-0.19132940025,0.011591828845,-0.31177769725,1.10033805,0.027357486825,0.79927763625,0.37720980775,0.48146971725,47.537635925,6.1129020325,9.29946611,0.61682963,25.3438926,19.9014641,9.9192054325,0.0478284113,0.0587579647749999,0.78033187125,0.9634760685,1.374588615,0.0570562335,0.99729975525,0.70546619125,0.53364098675
45.961445346,5.9174319684,6.7629324377,0.323075937607,10.90944243383,10.804727309415,-2.462446393332,-0.04204058785745,0.1197442285985,-0.19371767462305,-0.58619887346097,1.294617246,0.061877204228,0.91146401185,0.651855922,0.48169850224,1.05551522455213,0.228793899459192,0.790081161616497,0.150189930503407,5.37455455496317,4.34449989593466,3.16116908131539,0.0229583558153631,0.0801797331712804,0.248685341861305,0.410159554757165,0.0941275755919344,0.0115883658228657,0.0431275325033538,0.112227101806872,0.0157661261288412,43.93793745,5.50562195,5.378703565,0.01619500215,0.24047439625,2.8453043825,-9.0445766675,-0.09047712575,-0.03027124055,-0.71152588775,-1.4207010425,1.1181708475,0.038687223175,0.8143236825,0.45002484675,0.45254365175,48.019165925,6.372045875,8.5316182575,0.61120348975,20.503219925,19.0933639,3.3753589175,0.0027157920775,0.28744584175,0.2655353945,0.17556544625,1.48230795,0.084761716275,0.981016719,0.88417046725,0.514307007
44.803788388,5.7684588432,7.0232309725,0.344152597653,18.4649813519,13.2403380783,-1.253294220408,-0.0268038630269273,0.09847026981461,-0.09859513798507,-0.49404538268457,1.2843737746,0.0427995957,0.87552205563,0.64775845494,0.47589238188,1.16092257022329,0.20800225490212,0.758888613468948,0.119575747907045,3.60823477875009,3.27607186174687,3.08151630400316,0.0271755519151017,0.0858227627536045,0.242419154671099,0.462624778477717,0.0731704241947585,0.00959788861261614,0.0706405789994049,0.110888643783185,0.013854110302428,42.6116064,5.36265286,5.6684629025,0.1158264955,11.0727245,7.17221159,-7.011816065,-0.0809320459,-0.0809948719,-0.55161107575,-1.452723975,1.152054785,0.02547750505,0.72302713825,0.4686662555,0.44897673475,47.05333055,6.19523163,8.5789304025,0.56925033075,25.2053446,19.4009463,4.9534353725,0.027459493825,0.265986498,0.3896807665,0.44623919925,1.4371737575,0.062637978325,0.9882045215,0.89134219875,0.5050122035
43.591254623,5.7383215661,7.453672387,0.50263584426,10.92932469615,13.6995441535,1.0265899058749,-0.030091921354315,0.03832221016202,0.08076058431878,-0.1151716295331,1.1763219513,0.043924521113,0.89356997566,0.5552115792,0.4907505215,1.10275301077107,0.192689219596743,0.809560177286774,0.11143937182159,3.26829407006965,2.68586379578986,2.61195568573484,0.0208760720644005,0.0714973519435325,0.2054793897592,0.382751073283054,0.0657630990187976,0.009287403369078,0.0643297614629538,0.106253358513151,0.0141123791360632,41.578262675,5.37948932,6.1246520125,0.271967115,4.411022,8.487307435,-4.07132695,-0.070545161,-0.0981820193,-0.32028635875,-0.865389411,1.0579498375,0.025694075475,0.7386890605,0.35567028175,0.4654129345,45.7490936,6.10876902,9.1809458525,0.72709202625,16.9344632,18.82979985,6.2683495625,0.010219304125,0.178786033,0.49312346475,0.617715143,1.3047464,0.06123377315,0.993241788,0.775615088,0.518660757
44.249875813,5.5583247289,7.4999919609,0.355900180485,12.8440771873,8.98343768932,0.8082395182963,-0.005445162268128,0.0214347603082534,0.06358322351418,0.0124161715416,1.3509152861,0.053257954823,0.90427391435,0.42490838841,0.5305980828,1.08359867830742,0.21242140356596,0.793419549616172,0.105836665076402,3.70711258082586,3.0674819944617,2.86858590055434,0.0222129191034939,0.0775259619056654,0.22566817771982,0.396808954517564,0.0764865166500815,0.00958161744617097,0.0503954826452453,0.100880413721339,0.0156160623135784,42.222510325,5.176299635,6.18202269,0.14665551175,5.4987019525,2.986423185,-4.6912154875,-0.049624682025,-0.13762190775,-0.36905224125,-0.80951101325,1.20340349,0.036557015825,0.78826494625,0.22094571725,0.50065096525,46.3320825,5.98809589,9.1824461325,0.57120268425,19.997979225,14.943080675,6.7419973,0.038568427925,0.168306738,0.530384756,0.7816489345,1.5151977325,0.0711612562,0.98389913525,0.62753871525,0.56457640925
44.536271548,5.8840416871,6.3298991283,0.44730437995,14.5372988341,7.7171440763547,1.6511362544716,0.010459982453212,-0.007763886870683,0.12989288891703,0.3076175367081,1.3703658588,0.052310382448,0.93259711086,0.3404778115751,0.48497271991,0.891298986863919,0.212719032038088,0.654023781226403,0.101413140901955,3.97951416300494,3.45088673870396,2.87680648591393,0.0209262654874226,0.0760509687411407,0.226314881457625,0.381551295165501,0.0779071132917119,0.0102168322716084,0.0431941962203035,0.115544543087492,0.0146129863385783,42.7868258,5.4946028425,5.20441615,0.24705712,7.342756945,0.54068474975,-3.6015583125,-0.02953661685,-0.15491195975,-0.283330228,-0.3965424005,1.22584571,0.035136439675,0.8357189155,0.07940705785,0.45596866125,46.3295554,6.3155170125,7.728125765,0.6484633805,22.980200125,14.43651775,7.27512037,0.052756747575,0.1290387115,0.57232490175,1.06015479,1.5287899175,0.0756738761,0.994523424,0.548859623,0.5130243735
46.195265707,5.626649497,5.6035021553,0.0526621065087357,7.0902914139615,8.40078710083,1.9128348681537,-0.0082572318238301,-0.011609612234661,0.15048040178262,-0.15081963574912,1.3445209035,0.046810804129,0.92259023083,0.57333817623,0.49086513896,0.827110694310769,0.206342603946447,0.638462573463389,0.124758049515466,4.46597523485849,3.94506978274073,3.00028497506628,0.0218390143429157,0.0763021828909723,0.236028784429878,0.384164792295071,0.0867973265627855,0.00992634017279913,0.0541942238880499,0.104923643433704,0.0136078523482172,44.668083075,5.244139055,4.4830591575,-0.1923136715,-1.95356825,0.541751396,-3.86923358,-0.0505693318,-0.15774495,-0.304387921,-0.89155592775,1.190841175,0.029146154275,0.7996245805,0.386396878,0.4663033095,47.757482025,6.0439254275,6.9863292925,0.29234546375,16.0890923,15.782694525,7.6305233925,0.0349619798,0.1376844275,0.600284027,0.6247899175,1.541067495,0.0681710997,0.997390603,0.794756113,0.5190243775
46.602646949,5.4324115669,5.3109203924,0.412783517456,20.1299575361,11.769904378942,1.5553629883976,0.004199183650415,0.01450194343884,0.12235852206876,0.054744716203067,1.26535836,0.05325988115,0.89971368969,0.4988237478,0.51794300152,0.88104856716554,0.205668522914738,0.597263231662938,0.116908350033711,4.35838603482243,3.89650210472474,3.03542548691163,0.0234588232981826,0.0797548668719065,0.238793245950182,0.407274259763433,0.0752047486537203,0.00975302169037385,0.0458130145852242,0.0943746143757797,0.0152285082750583,44.981439775,5.0616111075,4.2184213025,0.19604681,11.896008775,3.7979261575,-4.3582006825,-0.0437728076,-0.1389278825,-0.34285436575,-0.75992601125,1.13109173,0.034327137225,0.79977019625,0.32703229525,0.489653084,48.357560625,5.840444895,6.4991813775,0.6490405995,28.997837675,19.518690975,7.19149546,0.047802783625,0.1801794885,0.56574623975,0.8610717115,1.432479975,0.073895597675,0.97863400225,0.68991381625,0.5487473055
45.868162008,5.5429314926,6.8213965296,0.408326501182,15.4568704325,9.89652810098,-2.4402282114542,-0.027032211334621,0.114733907861156,-0.19196979733191,-0.4074702749589,1.3706942917,0.05128575515,0.89909424641,0.49799762192,0.52087277267,1.00468930576846,0.191317253470548,0.709999940358613,0.113558609236519,3.87805500950596,3.43073374633332,3.13618486667725,0.0244635369094735,0.0842416915693687,0.246719864702958,0.435147028125405,0.0804416997129435,0.00981662062820224,0.0637738661836845,0.101401912451713,0.0158618459747466,43.965535725,5.165652185,5.58969906,0.19901810775,7.8631768025,3.35180721,-8.6499354275,-0.07316511095,-0.056473496425,-0.680479944,-1.2435509125,1.2297684,0.0326405224,0.76341293475,0.31785544625,0.490871866,47.87400915,5.9407294775,8.259397215,0.62658531075,23.139747875,16.667317775,3.6545379425,0.019795392525,0.26817553075,0.287498071,0.42560942425,1.5336137875,0.0715664218,0.99535265825,0.71866486925,0.55362760525
45.629705838,6.0709816499,7.2992110605,0.3841772370069,21.6258051917,17.9543970163,-1.17222530036799,-0.04053467249498,0.11910359974423,-0.092217544162609,-0.7077712442546,1.2994826148,0.042343379572,0.92636683999,0.48386046444,0.50608957152,1.0618249061497,0.239546706069785,0.772349879391346,0.109410686405516,3.77622497622048,3.29758764418777,2.86161679357146,0.0205357880722868,0.0756978559857697,0.225119926427657,0.379660195633185,0.0739299452625138,0.00902385117650607,0.0549340866136636,0.103103567738596,0.0146556238122377,43.472276825,5.6336103875,5.9471551475,0.16894301625,14.3968743,11.614800725,-6.6718892875,-0.0801559316,-0.030366484575,-0.5248694525,-1.4534783825,1.1546465575,0.026361000475,0.79522636175,0.2992526775,0.47776556975,47.6584692,6.562068115,8.865747475,0.59282905975,28.999255125,24.56249205,4.3704006475,0.000451774842999997,0.26429603825,0.3438141245,0.0728037236999997,1.4474290225,0.06174379295,0.99818067,0.69016448675,0.53557094975
45.995194822,5.7505503495,7.7258848513,0.21948480042587,12.41457121701,10.47110442374,2.4738148638688,-0.001257869790909,-0.01692134698398,0.1946120186369,0.00529579256034,1.2918876326,0.041782068554,0.91033539486,0.60543045656,0.48373047315,1.15528886711399,0.2188253067567,0.819597104237395,0.121166680074582,4.54041945543692,4.15519535392201,3.00544958779849,0.0205298172028117,0.0754205056839612,0.236435078463921,0.375869514434081,0.0859396910052026,0.0101868079114247,0.0622215491158365,0.103393128620278,0.0140831532144726,43.612769775,5.3153879275,6.3004088,-0.015306911,3.5825972025,2.009812295,-3.575872505,-0.040080097325,-0.15994987725,-0.2813095515,-0.73009752075,1.12866244,0.0235232038,0.748611371,0.418988447,0.456652813,48.221906,6.1845019,9.58045143,0.453262158,20.889155775,18.42526615,8.2594176775,0.040757345975,0.13146708375,0.64975839,0.74086359475,1.4731838625,0.064465596425,0.99451141175,0.81914802725,0.51145121125
43.512966169,5.8010933432,6.4234359354,0.404761375185,15.9926448742,9.074980353522,0.40972191116246,-0.001368671571947,0.032781325766154,0.032232326450341,0.02625768418616,1.4488675482,0.057240093766,0.91657113174,0.408861924936,0.49705974718,0.983180278246893,0.208738670522605,0.741799360040008,0.103247380684497,3.81273291995238,3.28269622381147,3.09185401916639,0.0267639038383274,0.0855872616806712,0.243232410046286,0.447925421220922,0.0860087576779531,0.00990020836358194,0.054190259351788,0.113413212892735,0.0140804867440617,41.617420525,5.4025670025,5.139295045,0.204225309,8.74314823,2.64796449,-5.9535224275,-0.054789566475,-0.13348973325,-0.46835639175,-0.90901517625,1.291235385,0.03975999925,0.789473148,0.16290630725,0.46976168175,45.626090375,6.19608064,7.98336527,0.61077049175,23.5247998,15.769941775,6.5215510575,0.05091812385,0.21253656875,0.513042525,0.88844642875,1.6357388175,0.0790822504,0.99574153625,0.61292085875,0.52515808725
45.908463627,5.568620151,5.9785166051,0.362866985603,17.9478275078,12.53643934541,4.0067079750693,0.0132866567326021,-0.04884724913738,0.31520286242836,0.270438695044613,1.13458536366,0.036591879423279,0.835941069357,0.57005157191,0.50940075965,0.910964153588574,0.224678734896786,0.687963963832496,0.122119583375991,4.36855987218683,4.0494246183033,3.40752689496822,0.0235521667741391,0.0867207901975632,0.268066012394448,0.425213708832861,0.0931857768583609,0.0116261679805081,0.139349347861574,0.11066987755361,0.0160317033503742,44.176868925,5.1624212875,4.8132331575,0.13035433675,9.909541375,4.6208039675,-2.2806976725,-0.032568685275,-0.21826392475,-0.1794197235,-0.50569089275,0.9692455875,0.013584676275,0.53476558625,0.3720334715,0.4779505055,47.820574425,6.0097164875,7.4806746925,0.609954777,26.647346825,20.441341075,10.69200495,0.05857782365,0.11316170625,0.84112706375,1.088170685,1.3361097725,0.059305947925,0.99011580125,0.81388443175,0.541684827
46.986557635,5.9941375194,6.5890492558,0.440731926474,19.3387982597,10.8039318494,4.5185649680546,0.028236808266,-0.07124912591195,0.35547003209629,0.53388264622192,1.3300617585,0.044513644611,0.96097177717,0.61679216427,0.49354731732,1.02896690244202,0.207112565730751,0.736856051535835,0.134680369552768,4.28608907296848,3.2979862584992,2.83704098174579,0.0190371855367622,0.0730368140358765,0.223186577421853,0.366723724934578,0.0843107185885281,0.00733903731114607,0.0340543273395785,0.0985419315856761,0.0142389429837167,44.889907875,5.6246587775,5.34058242,0.1829649095,10.6333101,4.127568515,-0.942445755,-0.008745493315,-0.22561412475,-0.0741410657,-0.178064723,1.172312095,0.03080219,0.87734733075,0.4346007225,0.46727255375,48.93952245,6.413315035,8.1266317675,0.73436499225,27.14568005,17.242615175,10.548086125,0.06755759045,0.066923850925,0.82980515475,1.2825983925,1.497101145,0.05877958915,0.998429018,0.823537354,0.522345955
48.053411739,5.7815172163,7.9353665464,0.4043658339389,11.940578407854,6.484198741304,0.96188253220886,0.005067717702104,0.005116349111502,0.075670133358276,0.227742377523588,1.3762346697,0.06007639471,0.9215561468,0.47920193067,0.48073657496,1.19175879655164,0.222369170759267,0.905473909944121,0.129189887717694,4.83691787011951,4.05155572946114,3.10114223803227,0.0190708357250389,0.0779563540903092,0.243963102826237,0.36555010547039,0.098663081088805,0.00953879412841224,0.0340983788786032,0.1017970790316,0.0146638114028624,45.6407706,5.35310444,6.4241997575,0.13720598675,2.74116459,-1.180655215,-4.72140335,-0.032184146775,-0.14844744725,-0.371427087,-0.47396793375,1.2056067075,0.039906817225,0.84060775575,0.29986431875,0.45266202575,50.300897025,6.2101996775,9.9387879725,0.638409648,21.502079075,15.148420225,6.986108455,0.043080170725,0.15312748425,0.54958868575,0.961519279,1.5918588325,0.078627439175,0.97629657725,0.705589708,0.5106871265
45.338276867,6.03161219,7.6371444658,0.3452879664771,21.730592294,17.952401828,-0.263118606805,-0.033701985189949,0.09422219775283,-0.0206992220442,-0.6236109491105,1.3838466161,0.050412596088,0.90976357977,0.62217686509,0.50344561516,1.19535321262073,0.214016137406217,0.79658119146866,0.128706627931223,3.67768404002099,3.23228528775243,3.39378266302597,0.0285628304124053,0.0942554111825309,0.266984770831687,0.491016544742438,0.0807853806530089,0.0091697105375781,0.0580803598636298,0.109274925572849,0.0145239587077553,42.909435075,5.6494985375,6.274406465,0.084072244625,15.4189137,11.7159037,-6.704421255,-0.088099020275,-0.095267166225,-0.5274287035,-1.53229353,1.2421764825,0.033846932575,0.78066958625,0.42436222225,0.47769900925,47.702653325,6.4473185825,9.2971750225,0.575610081,29.064440825,24.349505125,6.4891624375,0.023365268025,0.27091434725,0.51049454875,0.34237059575,1.5656965525,0.069706926625,0.99539054375,0.86103965725,0.53438590975
45.212754424,5.6757038787,5.767942239,0.42134689246,21.2627450348,14.4253813493,-2.3401980101973,-0.03357079428838,0.13395070818296,-0.18410054251332,-0.61403812630053,1.3674833545,0.046990821947,0.88408078672,0.310683885183,0.46799295077,0.894162941825021,0.210420151576898,0.629606947698263,0.0931152191718396,3.67625617996724,3.34118571577235,3.18774936115863,0.0292287069173842,0.0890035695493249,0.250776380384185,0.474078601999642,0.0786339986430387,0.00936110020708741,0.0732754046247773,0.118976765053174,0.0150449130199368,43.494918825,5.2647198,4.6205567175,0.230745883,14.181098525,7.521831215,-8.505480435,-0.088291451575,-0.041549950625,-0.66911584175,-1.5574808675,1.2214410275,0.0305429361,0.71951575975,0.066935419325,0.43956261575,46.9096799,6.0888040125,7.1513744425,0.5999023875,28.73663945,20.541808875,4.04630947,0.0272685349,0.30684125575,0.31831825875,0.3091704825,1.527010475,0.066315579025,0.9880565135,0.52918505825,0.49766653725
46.87845959,5.751232549,6.6388359332,0.404653153875,14.5342977476,7.02976932261,1.93109411624541,0.015646816176454,-0.01875512078966,0.151916835002113,0.3446709681818,1.3577063274,0.048612846985,0.91824502413,0.47685494733,0.4626283545,0.996119501432271,0.200182896238924,0.750257541887781,0.11064845069877,4.02828783974279,3.5197239608441,3.06764692059004,0.0235943687881141,0.0821168016530716,0.241328067227621,0.426780938920793,0.0814866775062994,0.00899171365019193,0.0472914489672041,0.110719330345663,0.0131748378173652,45.0495643,5.34211477,5.300001705,0.1934090445,6.78623464,-0.2607019825,-4.056369445,-0.0310973866,-0.17618394275,-0.3191096715,-0.50796007375,1.20748686,0.0319672294,0.8070433145,0.2691243845,0.437234032,48.759017725,6.1309768875,8.3621122725,0.62276279425,22.9936358,14.3360708,7.7816100225,0.05940016415,0.14888249375,0.612169842,1.1539966675,1.5190406525,0.066476832975,0.9881696505,0.706208733,0.48966224125
47.535665002,5.6285370132,7.2438541977,0.484492071651,20.2858324832,13.48297567853,1.4289292795439,-0.0042460474380154,0.02626502856129,0.112412135283891,0.00569284892575,1.3957639588,0.048264899452,0.88138243223,0.68516302974,0.49642466334,1.09455814914499,0.220060692044355,0.782303668525548,0.154046437286978,4.90656783269118,3.73155326837969,3.0128036591926,0.022167181375839,0.0803309602735447,0.237013613874765,0.406357389918297,0.0968463720968641,0.011939488565451,0.0805020417543158,0.114189333043161,0.0150654576536889,45.347125425,5.1919087875,5.89078683,0.1905468895,10.6981467,6.3964729275,-4.35551532,-0.0479251719,-0.12737591825,-0.34264311,-0.8269730365,1.2282848,0.027383213375,0.71441273825,0.50442746425,0.46835337475,49.666952975,6.0790302225,8.89718374,0.797382514,29.55618445,20.52231805,7.3217159025,0.03664483625,0.179622065,0.57599052125,0.7672528015,1.6120316125,0.0728683984,0.996901592,0.935056334,0.5273973975
45.568901255,5.6928495971,7.3271081228,0.36098389811,20.9600144956,12.05505548004,-3.61409010196,-0.0325724732853134,0.157312315391099,-0.28431608988071,-0.7026040319844,1.3361426039,0.042256124893,0.86333495601,0.58748662459,0.50959972928,1.03691279811888,0.215553364553142,0.746708853655501,0.115081553012269,3.55844333444843,3.34267313829311,3.16716037185424,0.0268723460936002,0.0868042200875446,0.249156669126035,0.470290672523095,0.0804338638376727,0.0105906169932631,0.0894852869305956,0.109522027045467,0.0157294400676164,43.5567646,5.2855503675,6.0410391325,0.13602704175,14.2818442,5.2933902975,-9.7073480525,-0.0848366548,-0.0068525461275,-0.76366530975,-1.6475031625,1.187643565,0.02442540185,0.663222918,0.390230148,0.47961245625,47.728069475,6.1405446,9.0034554975,0.58730633775,27.519962225,18.640112025,2.437830355,0.01714495465,0.32533577075,0.19178116375,0.171402839,1.50661599,0.066929346775,0.98950194175,0.81950187975,0.54265404325
44.797186349,5.9020105454,5.7202483652,0.3147962065807,14.4109205036,8.996696159417,-2.5667106755346,-0.0262521267513796,0.113832363020917,-0.20192001946193,-0.4708674263152,1.4076417003,0.057790694552,0.9585019514,0.54386167285,0.5139070257,0.855239411078507,0.204291919667853,0.674468904559304,0.112143073463121,3.75526211970941,3.54094893779547,2.85919529258829,0.0222310668016382,0.075345339939024,0.224929429882308,0.386483142459938,0.0816468342174168,0.00838017201122636,0.0337543364320976,0.101896032481009,0.0150455518973193,43.07554405,5.51699635,4.608091835,0.0906378526,6.8465730525,2.1284074575,-8.116115455,-0.068903354775,-0.03036172065,-0.6384849735,-1.2240438625,1.259760225,0.042565019975,0.8723250065,0.36279262375,0.48505561775,46.471988475,6.3357695175,7.2056464475,0.5408402565,21.579762875,15.85776905,2.77657083,0.01587198185,0.26059730625,0.21842946625,0.26320096425,1.588229,0.07526904095,0.9981068735,0.76284541425,0.54431846675
46.717711301,6.0705659091,7.1167930472,0.306052461127,17.0233020486,7.229115096073,1.4941066055125,0.017401711757666,-0.00583350722505,0.11753955667857,0.19422341770454,1.3474835798,0.054990658398,0.9301025368,0.52084007418,0.50636720588,1.00187925312055,0.21543364397505,0.750479486659659,0.119946770694194,3.81906239614468,3.5353834463976,2.89642013559758,0.0190546709362098,0.0737938125751656,0.227857863280677,0.367923926633963,0.0841916001594834,0.00866277850672194,0.0360694548464962,0.0866502773385284,0.0151896470173878,44.799523475,5.65525833,5.7056460025,0.069404766875,9.3478761725,0.4557549825,-4.1135471075,-0.019946271825,-0.1457308355,-0.32360776475,-0.49972981,1.19274682,0.037476502125,0.84357244225,0.36704294575,0.476186146,48.696466325,6.5355154025,8.77389297,0.5337470415,25.19305325,14.65277795,7.165339915,0.05417127605,0.1388013525,0.56368861025,0.89886562025,1.5263851375,0.071894804275,0.98505691375,0.70107908925,0.53400602525
44.86202596,5.0890801163,6.9302761382,0.444839029854,14.98912552173,8.232216471307,1.1110664941105,0.005237573500037,0.0095083696814,0.08740625493066,0.20450244097496,1.436506505,0.059717452953,0.89883355272,0.538126695753,0.50713722418,0.850418017578857,0.185309933312993,0.748643498614603,0.120496703319102,4.73081927232421,4.03944193338109,3.16594177966195,0.0255918455873673,0.0837662942178084,0.249060804457437,0.442253182834438,0.0884172417531815,0.0115012970745006,0.0459822782159067,0.126683134120708,0.0156646263552045,43.20800435,4.736617535,5.6190069075,0.20283907275,4.994898745,0.3139159605,-4.847394095,-0.045619530675,-0.14542626475,-0.38133861775,-0.70284835725,1.275628515,0.03665410505,0.79054435825,0.27666527575,0.47921101925,46.589278975,5.4868342075,8.4912069,0.6656767175,23.82282175,16.028193575,7.0945763975,0.055146210275,0.172631138,0.55812173475,1.0325136625,1.62056339,0.0825228736,0.972442078,0.79381297875,0.538452495
44.50869441,5.6578859436,7.2124653509,0.372990958382,14.9776529966,15.2180208381,7.5135322044,0.019336611537425,-0.13178956885573,0.5910804763738,0.5645759066653,1.4037382022,0.051010764862,0.96631695394,0.52158639269,0.49591746456,1.04766842775102,0.189668306304623,0.747560591320951,0.11060078045956,3.8024105021963,3.39822593033104,2.81405139837063,0.0208399919844595,0.0733250445089377,0.221378014312697,0.382950576913821,0.0779175254770485,0.00745758195762975,0.0339390846109663,0.0958346213645339,0.0133556827350949,42.438271075,5.2790396375,5.9198569175,0.1435422425,7.588315285,8.874213785,2.0977712575,-0.025685561125,-0.28047574075,0.16502912475,-0.1983796395,1.26025576,0.037728503575,0.8746439115,0.34312513975,0.46910580775,46.527744275,6.0345647475,8.731767035,0.5840236475,22.357055525,22.117703825,13.089700925,0.059018175375,0.0216643900249999,1.02975085,1.3070984575,1.57173121,0.065981410275,0.9988819285,0.72308818175,0.5224775835
45.400775553,5.3276815304,7.2155834783,0.229483922769453,13.16380040158,6.355594061025,3.3522295246621,0.025823640988814,-0.060903194548612,0.26371583580813,0.3912193628682,1.2754277853,0.041109119961,0.85478984278,0.52105547247,0.50005622168,1.05959711223283,0.205370597767211,0.792748520740375,0.116528799960356,4.00158512890451,3.37442777271324,3.00405218436749,0.0262488158491559,0.0824401284041069,0.23632514594519,0.438613578726896,0.0747803842240067,0.00956073029367724,0.0851915448769003,0.0998017592565282,0.0153337252854634,43.37592845,4.9283490825,5.8951407675,-0.000630355711999993,5.4798788975,-0.09685567625,-2.61448123,-0.029663392975,-0.2136978195,-0.2056780645,-0.50373436275,1.148264065,0.02376631385,0.67136551725,0.33730064775,0.47154957525,47.498470425,5.739535795,8.97780566,0.44987543475,20.84075045,13.256030575,9.132886505,0.07446345545,0.10634058775,0.71847312075,1.212280955,1.42824014,0.061224368675,0.9875638855,0.7382504415,0.5321939195
44.928690428,5.7135169874,7.2577391192,0.29228278461207,11.37382195459,5.508356703623,5.038912205744,0.0377360186502,-0.11115513751253,0.3964051190183,0.7187985197566,1.3065710574,0.060453759902,0.84840572282,0.41952893569,0.51203253808,1.00883654760789,0.209595282985226,0.748320103063646,0.109297056266533,4.07017286847471,3.42364885610668,3.18148107564095,0.0283619990675385,0.0873830156740857,0.250283262036928,0.461437575354992,0.0822082250059649,0.00972770315456897,0.066154152326574,0.0895344453200633,0.0151442739681009,42.879522775,5.3364502025,5.93571778,0.060205962475,4.08149318,-1.9007019175,-1.2016735925,-0.01684353335,-0.28065834225,-0.0945342062,-0.234701658,1.1327853625,0.042788882675,0.69902786325,0.2594119025,0.484311542,46.8466036,6.1422320175,8.82191137,0.497789656,19.852402075,11.980931625,11.3850042,0.09589210355,0.067115404825,0.89564450375,1.61662805,1.458088035,0.0792827503,0.960364629,0.6020004485,0.54291508375
46.156655747,5.770147141,7.0902911464,0.23415125422519,21.8446609162,20.0647952259,8.6074601162,0.021011839069011,-0.1382231353853,0.677138460671,0.3283122027033,1.4481746471,0.064707070833,0.96950272728,0.44048015519,0.51357057016,1.00950596685422,0.214179430213022,0.769898728575148,0.122995940762004,4.59895393357591,3.84532907975873,2.69995335664041,0.0174472749607872,0.0686981889789348,0.212402060858552,0.324213243450993,0.0906356982122279,0.00817353494782559,0.0263876420223639,0.0846939114919553,0.0143209427024633,44.25059455,5.381759075,5.763304075,0.006872165575,13.0318717,12.4595884,3.574463535,-0.01307294145,-0.2713432745,0.2811987135,-0.31264039325,1.27857096,0.04914655065,0.908107309,0.29164417625,0.4868088475,47.99280715,6.194003425,8.75657475,0.49468665975,30.67598695,27.231895775,14.1466667,0.05476366255,-0.0126360159,1.1129011425,0.94092179975,1.62993197,0.08139087355,0.998546007,0.62182392525,0.542575633
46.052038012,5.979538921,6.4390738498,0.3468496346481,20.8874738701,10.77486335259,2.4428977750671,0.016983266945617,-0.0146030425013409,0.19217980870568,0.1748137410033,1.19859947368,0.040075515909,0.91577737936,0.63015297899,0.50220981702,0.974809181225614,0.232201823038794,0.717861050732881,0.133057362238787,4.48758756639183,3.83454986434046,3.15490334404937,0.0215099064658862,0.0811662279122738,0.248192424149295,0.39696020734817,0.0822121549713036,0.00900259650979182,0.0561826924924651,0.107419992124205,0.0150929262846123,44.235147225,5.5565640125,5.2172235375,0.071977666325,12.424061875,3.649060265,-4.0952190525,-0.02545831025,-0.169646287,-0.32216592,-0.60584991375,1.0526799375,0.023203014825,0.783018379,0.4342994685,0.47364061925,48.02751815,6.47963643,7.9463093,0.5996012295,30.310098225,18.644358175,8.458005155,0.057436339825,0.15063118725,0.665381021,0.98146500075,1.376846465,0.057691134475,0.99309573,0.83818160075,0.53296605675
44.806138129,5.5488513479,6.8462744593,0.378889314784,13.91983974164,7.4884269932618,-0.9015070655262,-0.00840304089085,0.060963723567052,-0.07092046870105,-0.094421779997031,1.4977126697,0.063752910685,0.9305310583,0.59803282108,0.52319445203,1.02871231573917,0.207381849694244,0.772097786503116,0.136490136432338,4.74759627670499,3.78074282638677,3.08282866501398,0.0219311336090708,0.0800026765891874,0.242522395872359,0.392834626570127,0.0966792182731794,0.0109116955155532,0.041737495292922,0.0990786788570358,0.0156147927622121,42.91333975,5.158814745,5.4552419925,0.1370276325,4.5188310225,0.01514876317,-6.877487865,-0.053267152325,-0.095192646125,-0.5410436425,-0.8852027875,1.31310329,0.041484375675,0.8332751295,0.43066599275,0.49282432525,46.8435293,5.9698945875,8.507238675,0.63829590875,23.2637347,14.655508825,4.8498044225,0.0341341242,0.21845880175,0.38152823825,0.65683436125,1.685066125,0.0838319223,0.98988730975,0.80539541625,0.55345185425
46.291522067,5.6529919725,7.2027016685,0.1217934396931,12.31652578762,13.6613978741,3.6177170154291,-0.00791574668811,-0.0327518678901,0.28460141518808,-0.13496996052769,1.3723898062,0.049816451517,0.88070352641,0.46516916683,0.49444307957,1.0855908680569,0.207650814347799,0.783316044802655,0.118266785167124,4.30773759999733,3.36313987584183,2.73187767422289,0.0191788090044533,0.0721344381810249,0.214913507520133,0.356733625419622,0.0852983213841249,0.00982974193523773,0.048968848292841,0.0985187714360545,0.013468832271007,44.1567032,5.2776942475,5.7387282275,-0.1076843805,3.756721455,7.137498445,-1.42323871,-0.0450397364,-0.16726473175,-0.1119644635,-0.8349107455,1.2274287825,0.030795455025,0.77930157375,0.2903201135,0.4688288755,48.438901725,6.0869037925,9.022745455,0.35337541075,21.292763975,20.0571963,8.77904553,0.02772652125,0.1019425935,0.69063687175,0.5153571075,1.547125665,0.067914407325,0.96917041375,0.6825990565,0.52141739
45.700624014,5.6554179005,7.8616715728,0.2083494722833,15.2561658347,13.439494224,1.6181542625468,-0.014468673028957,0.020877355412553,0.12729823545769,-0.28090330772493,1.29231936583,0.03775151028,0.85732980166,0.48845960951,0.48612568985,1.17921568364011,0.220232580741192,0.821705511214296,0.122504073328371,4.11560256644925,3.35865982191657,2.97921134051987,0.0219679389360605,0.078555029715846,0.234370947072208,0.41058961437043,0.0888057825717511,0.0100355867730435,0.0895171165605081,0.127074988903013,0.0154256337105208,43.239804375,5.2663306675,6.4092606175,-0.03638812505,7.399095505,6.785847595,-4.1392973375,-0.056788517125,-0.13493115675,-0.3256335095,-1.0914105125,1.1304593125,0.0197190364,0.65524335075,0.232825372,0.457012322,48.085341525,6.13925519,9.6794476675,0.44184058725,23.273483,20.230528325,7.447504565,0.028254553825,0.1663199775,0.58588616375,0.5130195735,1.4805021375,0.057899875725,0.98946078775,0.7439981925,0.51787029825
46.429440728,5.7893208301,6.234253126,0.282268789075385,14.8354905201,5.8947605699851,0.0751524263127,0.008155831543351,0.02651860864049,0.00591215019672,0.0448261852226,1.3629103279,0.048252616744,0.9445399786,0.49317807399,0.50156217834,0.947786103113377,0.219741690369649,0.701240714351921,0.122426182553082,4.23718142336027,3.58696144383203,3.10262937166857,0.0222083208723109,0.0818807839174773,0.244080094386598,0.405624654589326,0.0824526572114301,0.00945933395484597,0.042305970699825,0.101113104054681,0.0156609639904018,44.5608635,5.37595674,4.967761795,0.034328190825,6.809362145,-1.0604570725,-5.9318383625,-0.033029773625,-0.140020713,-0.4666505425,-0.705747565,1.21073229,0.0318607322,0.84295608575,0.29344167125,0.47237931525,48.2303196,6.2562806275,7.68265012,0.52178478775,23.230684275,12.65717825,6.1109714825,0.052260498625,0.178629037,0.4807427215,0.8461315215,1.5299139325,0.06912866815,0.996221713,0.70305537675,0.53276576025
46.36367619,5.2776170027,7.0198505206,0.438336488288,22.3900337364,17.1440346564,-0.8751493681509,-0.0328583198101291,0.10704786365308,-0.06884694065504,-0.5581930609023,1.3215505485,0.04659621115,0.92346000018,0.371782758358,0.49851404691,0.985474150789236,0.191078389518848,0.719664593409393,0.107237117093263,4.22706099272076,3.49715861745637,2.7180229783016,0.0190674232027959,0.0698839237703279,0.213823575241542,0.344420770839693,0.080689391522212,0.00875123072947041,0.0470247862841625,0.098854279242549,0.0146143149834577,44.523513975,4.9020139675,5.8519996025,0.23557330425,13.85461615,9.82612491,-6.707065455,-0.071105026225,-0.0250955478,-0.52763671425,-1.259407845,1.177485915,0.03062203295,0.81321146875,0.17704195025,0.4704971135,48.289962875,5.677139645,8.4959901375,0.661160553,30.6496529,23.585596375,4.284964465,0.00543892061999999,0.2501593525,0.33709295825,0.10969337025,1.481729125,0.064406233525,0.99489040725,0.57897584375,0.52702841325
45.605539794,5.4299802452,6.1560494687,0.315183664495,18.5190566183,10.61973896362,-0.5424639607929,-0.009455043472795,0.0663198018317466,-0.04267498264413,-0.26653084910262,1.5190743796,0.056351840511,0.92356867277,0.3339106034132,0.47434526923,0.969625050692292,0.173752887317011,0.664850008102538,0.104409406548225,3.94582255067343,3.2670511283133,2.56794932829433,0.0202792891292758,0.0679596292803257,0.202017462736745,0.353599177138135,0.0834343645797151,0.0100298770501901,0.0407028149058603,0.122124494684599,0.0130698714944771,43.759840975,5.096717545,5.00653892,0.10439231375,10.6573384,4.32853513,-5.4488000975,-0.049846123025,-0.0713544149,-0.4286505055,-0.98958837225,1.35913412,0.0374584326,0.82564079825,0.04177445625,0.4506102085,47.577289025,5.7701811475,7.6322595,0.5173342445,25.88264945,17.11143155,4.5323232575,0.02757255365,0.20048254675,0.35655237975,0.4322971515,1.6801294475,0.07742132725,0.986092558,0.58159450375,0.50131575725
45.6231104,5.6592971433,6.2237031066,0.2044082777868,16.3168124822,9.298396652134,1.566202622083,0.006729260978404,0.00222483449888,0.12321126292911,-0.02994641356172,1.4840182501,0.055146970721,0.91864967447,0.52606541043,0.51414077267,0.898519718050097,0.207982891606781,0.719922821559316,0.125363571715453,4.34445678390804,3.89843987375035,2.90911401264477,0.022752882260899,0.0775056599237085,0.228856475308826,0.395648138007943,0.093697225193579,0.0108501053044768,0.0552987862142373,0.118375611730127,0.014816066995361,43.90500685,5.261639605,4.974429605,-0.05329493985,8.46843392,1.360931935,-4.010436015,-0.036353352475,-0.148341939,-0.31549614775,-0.770102588,1.31521409,0.0358175068,0.79638217225,0.317279477,0.48723984625,47.441765525,6.0695977475,7.76954955,0.4449723675,25.029176475,16.5596738,7.2214433925,0.0528196092,0.149619208,0.568102197,0.7112713685,1.6725517225,0.07799759495,0.99622865625,0.77731265775,0.54385234075
46.365915579,5.3397695801,7.3024131608,0.163845603975851,15.4331663961,10.54790172086,2.38997776166483,0.004858723298088,-0.014255423322124,0.188016655223703,-0.04318293818224,1.3483530966,0.042655621191,0.9528264166,0.50407060922,0.50745009124,1.00237144471072,0.191280335656122,0.770991401961954,0.122806004389003,3.96035203695496,3.17883810801106,2.60724670943043,0.0171341780565076,0.0669344280048987,0.205108940203686,0.328361662876554,0.0798489198053582,0.00713850925503699,0.0363250983448279,0.0959540840462722,0.0138593083715418,44.5448174,4.98511754,5.9870680425,-0.07881185765,7.69455823,4.45738895,-2.5496373275,-0.0277606128,-0.1464934355,-0.20057688275,-0.698312919,1.203709335,0.028682502925,0.86688540675,0.3238170275,0.48115747975,48.388458125,5.71191138,8.967213045,0.406515711,22.98127275,16.91432405,7.5700602275,0.038052590325,0.11034791975,0.5955274715,0.62116223675,1.5191508625,0.0570288876,0.99834335225,0.708749872,0.535217447
45.110169423,5.7977161217,6.5438440621,0.46253273876,18.7103228244,8.976777363334,4.099024748528,0.0321494691429473,-0.068628237007061,0.3224653114304,0.606470224160758,1.2700634153,0.04578195738,0.85612297007,0.387102543665,0.49439102411,1.03095394230103,0.219132775723178,0.681775049347628,0.102570364922331,3.56765707668511,3.09403190695195,2.63058850644758,0.0187395524807391,0.0692473843658494,0.206945210963047,0.3425884609595,0.0694374039370831,0.00832564938635637,0.0650933169891146,0.0975347693996438,0.013401329964846,43.022799975,5.39988573,5.3125082025,0.257670088,11.84900895,3.003522605,-0.64678587225,-0.0050482744675,-0.2066938965,-0.05088186085,-0.042003719,1.143699125,0.030016200725,0.70904770425,0.1993768065,0.46990631475,47.120681375,6.24250554,7.964278875,0.666856767,26.129768675,14.871527075,9.2622120475,0.06889876855,0.06141946215,0.72864699925,1.2668296025,1.4100443,0.0616380335,0.9629659635,0.5759345905,0.52186643125
46.257312517,5.6117305975,5.9945379565,0.2445705210848,14.37029317456,9.446465275969,-0.3288822580043,-0.012228708235653,0.05478913610761,-0.02587276894387,-0.268346850144416,1.29010323216,0.055918741988,0.88818864861,0.55482580892,0.50272809445,0.822160145426472,0.222914984261591,0.659131432376803,0.121431910424398,4.44605769075074,3.89197064834903,3.36103085571564,0.0257418412631114,0.088300589646822,0.264408225679704,0.445229410910374,0.0855193001764939,0.0112777734005213,0.0551280324909961,0.0927470454554723,0.0147090671881504,44.668931125,5.2087756725,4.8809390025,0.01220333435,6.289786315,1.7674474875,-6.7566720575,-0.0643551963,-0.12033913275,-0.53153920925,-1.14396513,1.1351014425,0.0341964921,0.7650415035,0.397958025,0.47404225775,47.8969125,6.071544575,7.476676745,0.48876467875,23.480503475,16.7048573,6.2847142725,0.03945639105,0.22651697575,0.494410855,0.60732129075,1.4663812925,0.0779825778,0.9812049275,0.76816089675,0.53047365425
45.901058204,5.6713045636,6.7793470063,0.08167327195228,7.919874546298,11.06610156784,4.019468732677,-0.003354714694842,-0.056323778135108,0.3162067358329,0.00422142452207,1.13439266763,0.0292941644249,0.8803855259202,0.320616171085,0.52451335153,0.949977550160184,0.225934044330594,0.752854253867053,0.102584103295292,3.80782318742482,3.16410692411076,2.85845966524125,0.0204201181731295,0.0757497203210832,0.224871558764526,0.375491868750772,0.0825636398933174,0.00853339724162214,0.0957146139885259,0.116232169941497,0.0160550941825922,44.06128745,5.24199194,5.406987785,-0.1134026925,0.51036267825,4.7196665375,-1.8501418875,-0.042865216,-0.20598483625,-0.1455484275,-0.73763901425,0.98338452675,0.0144998081,0.64856503925,0.073956961575,0.49409843325,47.705235425,6.13221179,8.4137232275,0.28723693025,15.438973725,17.12508255,9.5194294925,0.037698055575,0.0957408802,0.74888198875,0.761409948,1.3058073925,0.04682644285,0.99153677925,0.53849904025,0.55461041025
46.893594173,6.0520097991,7.6518120172,0.2763269271463,12.4866672109,9.75860938181,1.4752317318603,-0.005030031305997,0.00694452131441,0.11605469314792,-0.02779496758163,1.373961004,0.049699416397,0.93876158735,0.47852882908,0.47820181413,1.08753970918206,0.215682555817341,0.852128077727862,0.112501428777351,4.02438650143656,3.34149356419801,2.68599816612435,0.0185005911799946,0.0710930742363028,0.211304221650125,0.34947625419271,0.0771128314926524,0.00779941061373511,0.0400064116487653,0.0953482301940306,0.0130860540852842,44.8052171,5.6708567675,6.2112554125,0.0528946825,4.7018107475,3.5076973375,-3.7293062625,-0.041531149225,-0.12636144375,-0.2933800105,-0.66451618025,1.2318408025,0.033078390175,0.84577009775,0.30690245375,0.4521314175,48.9320719,6.499890315,9.50834817,0.49693254825,20.491487925,16.15353495,6.54504149,0.029492973275,0.15062226875,0.51489048425,0.6644294675,1.5280223425,0.065361490225,0.9950208215,0.67992216825,0.50479327375
45.880178102,5.7186677636,6.5309488245,0.3731163410435,21.4686544563,16.0840568469,2.7027847299668,-0.004244834109942,0.0040230023871742,0.21262480041851,-0.08488140364167,1.4606750735,0.05552487018,0.9753507189,0.61381010065,0.50816518129,0.956569468751113,0.219591036406178,0.727420571468191,0.126044144308707,4.49022384980339,3.49178870782796,2.96898639596911,0.0210529177476861,0.0794166507528187,0.233566563102085,0.395499937814099,0.0907053624147819,0.00893255515150952,0.0244791713787584,0.12785897528408,0.0141562961520838,44.22715995,5.2926755725,5.27506844,0.13291600825,13.150247725,9.6981058725,-3.01251625,-0.04486803705,-0.15917531525,-0.23699099975,-0.866567801,1.2952848275,0.039823932,0.91900929725,0.3836316125,0.4807618745,47.8273079,6.157111135,8.12583781,0.612847437,30.75730965,23.405197875,8.526994035,0.036738128075,0.15909089375,0.6708082905,0.70013559775,1.641198405,0.074620999225,0.99907939925,0.891989692,0.53604147825
46.428212957,5.8764012999,6.6340533627,0.331556599147463,19.3987898201,16.7714987721,4.3446053299504,-0.0003868873534002,-0.037562276268932,0.34178483808423,0.0361289736954904,1.3911393084,0.046418253843,0.86217418742,0.48673189514,0.47279230935,1.01434819848417,0.196399895410978,0.734647620377558,0.114671230993028,3.54316759770766,3.17628412897684,2.85533003827258,0.0217859733293782,0.0758549538578346,0.22462535517786,0.383252867123684,0.0829892284620784,0.0106671952784884,0.08936347308087,0.0945787904273253,0.0129704871620602,44.319054825,5.515407885,5.3304198225,0.0984214557,12.3660339,10.633901275,-1.381493455,-0.04503149615,-0.186129466,-0.1086804115,-0.7362707725,1.23419126,0.02840380245,0.67893580175,0.3059771175,0.44857941475,48.45988065,6.27363704,8.1272651675,0.56546266125,26.578962225,23.149500025,9.973113195,0.0410443858,0.11892137925,0.78457272775,0.821863333,1.5492429425,0.069585078025,0.99535942475,0.689070958,0.49697096575
47.272919901,5.8010145437,7.2566603129,0.311060114562,15.5574276767,13.1430171644,1.7543903565401,-0.0114101052930342,0.015712987205003,0.13801576407579,-0.13941622348668,1.3063594233,0.045254714746,0.8965761142,0.53276566758,0.49632163154,1.10311145103023,0.207412852963996,0.809587802504163,0.11709560277864,3.97259937774562,3.46730184672618,2.82159608696495,0.0203659526760104,0.0734294043709628,0.221971546026584,0.374102206185244,0.0734979379886074,0.00918207454950585,0.0614636486742294,0.100580399082325,0.0147429196919066,45.083060925,5.4180455375,5.885145175,0.080052277025,7.6724541975,6.721740515,-3.67399787,-0.05092020735,-0.12825817775,-0.2890289605,-0.85612228075,1.173053405,0.028993759725,0.76161758775,0.35121098825,0.46986752125,49.32699125,6.2607636725,9.167238925,0.54965111075,23.53814735,20.05232545,7.12033261,0.02830266725,0.156435591,0.56014794225,0.588933078,1.455139275,0.06321755545,0.9923274945,0.73935442775,0.52711950225
45.71081553,5.3670641196,6.9183103873,0.3621050712103,16.2162444592,9.39297736222,2.19623282415,0.01061610154539,-0.0145533247492899,0.17277497580827,0.20581910667263,1.3258528024,0.041589285517,0.87624839226,0.471681311362,0.51707755719,1.0523669892656,0.197820970333156,0.750902974625952,0.113626599980235,4.01177366801128,3.62847985353623,3.00008749915845,0.0247606282595256,0.0802886869196719,0.236013249241958,0.42704408800651,0.0757800266186669,0.010454532330669,0.0837692695158927,0.106462192477704,0.0157748560403886,43.40657375,5.0128363575,5.553741625,0.1331990595,8.4208383425,2.1425508625,-3.4533366075,-0.03702155565,-0.171246891,-0.271669815,-0.62808609425,1.18378594,0.0224987391,0.68759360475,0.26394902125,0.4867311105,47.684983325,5.7578107725,8.66668022,0.58136441275,24.219751975,16.202987375,8.0103838775,0.061936625575,0.13695255975,0.630167198,1.0737193625,1.482607225,0.064527319225,0.993612232,0.67505313675,0.5488172575
47.422526553,5.8688077305,5.9764134219,0.1230552677902,10.463760827084,6.897307364694,2.3417605634361,0.0096852544389051,-0.030632414424486,0.1842234665966,0.0951680054218,1.2706027357,0.055438583022,0.85660026848,0.44412987386,0.52582825759,0.930972483943439,0.213328709661764,0.667969218276473,0.121878828682713,4.73632534072639,3.9792401939641,3.03594586260823,0.0210443143937675,0.0775516032727512,0.23883418329789,0.377185695604702,0.0839607351227686,0.0120202144962082,0.0552864618798932,0.085713532008999,0.0135365757972605,45.639361975,5.4810479225,4.843327745,-0.12531395775,1.2104681925,-0.28644779425,-3.669547,-0.032062908475,-0.1836632915,-0.2886788145,-0.628333933,1.1293778325,0.033707727625,0.74268061725,0.2938410615,0.49804494975,49.254983075,6.29615673,7.36235537,0.3502111835,20.11368465,14.61219505,8.1354504375,0.048938164125,0.12193369125,0.64000603725,0.80310081375,1.460681105,0.0803344458,0.9670474575,0.630999475,0.552469453
46.29799757,5.9076931411,7.6947517394,0.11988085766379,13.70978670103,13.24624048774,7.46571756977,0.025106423847579,-0.14003957707004,0.587318957382,0.41615124449363,1.4650622049,0.050563416169,0.93487303288,0.40411558237,0.49587914551,1.1778027170765,0.220435024322551,0.785609773997408,0.120034112200779,4.63794748105984,3.73690354219338,2.84826895771588,0.0195454254296034,0.0748258156779664,0.224069868608468,0.36552633290736,0.0900635409196385,0.00885920243469868,0.040727846455341,0.097521818656243,0.0137304965822267,43.850983725,5.4850266575,6.25626083,-0.12645461925,4.859987315,5.67296245,1.7826207275,-0.017311757625,-0.27048508175,0.14023661175,-0.34782071525,1.2994420275,0.0355349007,0.84101222625,0.2291408025,0.46828798775,48.534308475,6.369733605,9.328707895,0.34956755575,22.687711475,20.019469575,12.535564475,0.061441817425,0.012075607975,0.98615764125,1.090628605,1.6479104775,0.0684324574,0.99371265575,0.6091115815,0.52387638175
45.744816414,5.8661199081,7.5024104869,0.08055969523261,11.9161299495,11.0139945795,3.76965682248,0.00444726448653,-0.04974190372738,0.2965543354217,0.003361762508483,1.3991069874,0.057782488533,0.93525283219,0.55310964214,0.49749827732,1.08724268027332,0.213487626402066,0.830454459422004,0.115207158599524,3.78358835140952,3.15296536359634,2.76054479874666,0.0227224520542364,0.0751193766740987,0.21716871525022,0.394451231023715,0.0803890978036232,0.00945007923357784,0.0395471751959349,0.0909392977069113,0.0134008308259147,43.7008654,5.45771426,6.0050575725,-0.131647717,4.678501805,5.10989104,-1.427728105,-0.039520053425,-0.2009468875,-0.11231763975,-0.7486811665,1.242533675,0.040288629425,0.83499717225,0.3906092155,0.472060667,48.104758425,6.32680079,9.2685938525,0.313030417,20.091203825,17.491453075,9.50001466,0.047379973625,0.0902396290999999,0.747354644,0.733413912999999,1.560125115,0.07799894785,0.9947647155,0.74670834775,0.5243266325
45.762517411,5.9174562209,6.295087425,0.11996471649843,11.19358491614,8.630763554723,-0.0558092796301,-0.0139410373157126,0.043364200980933,-0.00439044850972,-0.33062649052403,1.4379352278,0.060055118842,0.96073439566,0.58173540883,0.48823312841,0.932085176765405,0.223811810945729,0.719406120638123,0.128401653808761,4.53240134698734,4.01078064876801,3.54980049021459,0.026794765076221,0.0933751258860038,0.27925850378904,0.465738625251728,0.0974238036019424,0.010793752941312,0.0320320587469675,0.104165664140312,0.0159446846146892,43.843251,5.51309429,5.03180702,-0.13076196625,2.53967325,0.71439105225,-7.054012565,-0.06398160525,-0.139538963,-0.55493062725,-1.2345720775,1.2669291675,0.0404777969,0.88120986075,0.397235036,0.45820028875,47.47710685,6.3468118825,7.8374466475,0.379136573,20.00095435,16.355018225,6.842430655,0.04185959035,0.229759043,0.538285732,0.6040021065,1.6416427025,0.081431394625,0.997986714,0.8011265285,0.51862621025
44.322122432,5.6968754725,5.6032425028,0.26864486230166,19.9134913747,12.2616481425,-2.784903577852,-0.029978741703055,0.1356285267402,-0.2190849905429,-0.7042323474371,1.3306687257,0.048257699583,0.90544779598,0.50625710487,0.51788835945,0.838624434466946,0.210470588018744,0.607898746673183,0.113644812307226,4.12667266590551,3.69802304097844,3.23974230450864,0.0247956679481203,0.0855699694742456,0.254866602182527,0.432400095602266,0.0803782373499702,0.0104720115500081,0.0634316542157185,0.0988443504779401,0.0152079069124123,42.761530975,5.3054904175,4.4769155975,0.045281713775,11.64449215,5.0680733925,-9.6020467025,-0.07999330035,-0.026822588475,-0.7553813835,-1.56916726,1.184468635,0.029298152175,0.75585597775,0.3264333725,0.4893259285,46.00702435,6.11931708,6.9250886325,0.4947626725,28.254011975,19.762900025,3.587235265,0.0150985355,0.3117694675,0.28220344975,0.10030277075,1.5001718725,0.070969068025,0.99313473525,0.70036943575,0.5477110335
46.460121908,5.5586044505,6.4787357227,0.26950647485718,16.34856987211,14.2935236944,6.1680045337907,0.01707641759997,-0.09945951665876,0.4852294447408,0.347494149761663,1.2773136038,0.048227333657,0.93017697157,0.54427731724,0.50011144963,0.886742447478822,0.215920535504143,0.728045839732958,0.133357325032828,4.90702651790106,3.88828878673133,3.16302289241839,0.0213428729787398,0.0808459068970271,0.248831179091107,0.381190396191821,0.0864379755907741,0.00965763222131379,0.0452986959365922,0.102592924594841,0.0158089264884176,44.69487285,5.15846401,5.1333913625,0.0041571178575,7.4292663925,6.8333052975,-0.00372325316749995,-0.0242644185,-0.25409398825,-0.000292903809999996,-0.42179068375,1.125369035,0.031448630775,0.81885319175,0.36494281475,0.4686376735,48.1260311,6.00615247,7.9572192725,0.546668485,25.850137775,21.664184,12.143435825,0.059118620825,0.06023510455,0.9553094045,1.0863256625,1.4585884925,0.068882974525,0.99493031225,0.77796624475,0.53188428425
45.667677371,5.781635009,6.4868665272,0.23174225102741,16.3124160061,14.1277271049,-0.8701714715598,-0.033168676896179,0.09229022312959,-0.06845533542792,-0.62585783787385,1.4375923599,0.051181311312,0.89732329089,0.62653048448,0.50657727215,0.946780299242371,0.206511104936521,0.750332066986014,0.133810912427101,4.19920010505079,3.55087961468723,2.84839999967457,0.0224975588159268,0.0759140710120571,0.224080177582139,0.399167847369093,0.0824711996583388,0.00951906682561606,0.0568110264118475,0.11301213036775,0.0145326721220764,43.8629847,5.3905740125,5.1942620375,-0.017322337275,8.7658396475,7.25709448,-6.5554457675,-0.0786219832,-0.0443746776,-0.51570898325,-1.447062785,1.2914987225,0.035013641575,0.769590587,0.42296508775,0.4779478575,47.531553975,6.212413475,8.156021625,0.5178091775,24.978900925,20.834672575,4.324780485,0.00777425881249999,0.24251607,0.340225235,0.11446072825,1.6090069025,0.071069547575,0.987816105,0.86029459825,0.53709339875
45.935930826,5.7482530659,7.480264853,0.3561782377614,16.6435070342,6.558983582474,0.61111615719047,0.013211186955015,0.01507528291284,0.048075767493796,0.16388612983409,1.3923020419,0.052487162188,0.9784911277,0.57335886839,0.49722204912,1.04997943516748,0.198857083573217,0.769677511135274,0.118319414545301,3.63712171331211,2.88609014508462,2.29651065055724,0.0151725116415795,0.0592917789937032,0.180663710679392,0.28839842310376,0.0730048995119465,0.00692126711357854,0.0197440581960039,0.0929788365987675,0.0124813398401073,43.8731356,5.3822359125,6.1535280025,0.10573780625,9.481756815,1.2249505175,-3.6411789275,-0.01655915815,-0.1041069745,-0.28644713875,-0.39437258675,1.2520890725,0.04050747945,0.92686002225,0.41121416075,0.47314145975,47.962234775,6.13842417,9.10989541,0.6059911505,23.64828945,11.841863225,5.1118242775,0.042298573275,0.126087395,0.40214102425,0.71663029275,1.545585205,0.066344995175,0.99940415175,0.78290268275,0.52253881675
46.946180994,6.1303461578,6.4266264375,0.3118789769447,14.8277593039,13.05155893127,6.407862155991,0.020970779509931,-0.11204202796292,0.5040987526909,0.48653809495752,1.2923436324,0.04449350717,0.86891779299,0.53310977899,0.49652439808,1.01037542688991,0.215780255470992,0.73059860825433,0.125595176904874,4.21840395555556,3.66661585727182,2.99714090427678,0.0215850612001795,0.0779714338872202,0.235781443150131,0.397447536985554,0.0810250059741463,0.0103496492480602,0.0640450418188706,0.100243689081193,0.0142390743580828,44.981638575,5.7287655825,5.15470992,0.0541404298,6.5846887025,6.1358861175,0.4949609645,-0.02412441975,-0.26733267375,0.038937979275,-0.33815354125,1.1470841275,0.026057579375,0.7241188585,0.3555326145,0.46859385425,48.995406175,6.558036475,7.9979755175,0.551749466,22.6278024,20.1836426,12.4077864,0.0606087989,0.0443421045,0.976105521,1.2709794025,1.466287135,0.066334477625,0.98258440325,0.73763651775,0.52513715825
45.027739386,5.7867404965,7.6269873771,0.199727152576332,17.4034381857,14.6623741039,-2.0836470634867,-0.041855108459233,0.128080691926,-0.1639179904491,-0.845286272465,1.2894269157,0.054724279019,0.9049044575,0.49735182962,0.51347318017,1.10045275884411,0.206167546514409,0.832348891392817,0.11123961793162,3.91704209117249,3.33627917793892,3.11904468820026,0.024781573841863,0.0834685753794788,0.245371467346493,0.433158484133782,0.0755328703843229,0.00971822612925589,0.051803225651707,0.103086977180354,0.0158428108475544,43.046076,5.3842128075,6.2307659925,-0.017729913475,9.20262611,7.9047164125,-8.0227055475,-0.08686913575,-0.040371891775,-0.63113652875,-1.6561192175,1.144250995,0.03659398395,0.794391819,0.2948250835,0.4849771185,47.4097616,6.200768085,9.3890442125,0.42380171125,24.968593525,20.777353,4.31133641999999,0.00850191716249999,0.28760893475,0.3391676145,0.0509068381749999,1.443880935,0.0748190709,0.98983008125,0.711380578,0.547649581
46.027306208,5.5371877919,5.9631818916,0.222765795885994,11.86583300433,12.96720078938,3.9887228967714,-0.003088315846054,-0.046267103648423,0.313787998350556,0.0549257733066,1.327816601,0.051716425733,0.95113126975,0.70855848707,0.48864374155,0.897839213393198,0.205675627151126,0.697781575213057,0.140700416783742,4.74431423403296,3.96075228014693,3.17559059655043,0.0220015776224187,0.0817033176641404,0.249819865757709,0.394448484885048,0.0871567513860343,0.00938983193118896,0.0359448588367833,0.105154023329277,0.0144240597294774,44.269340425,5.1543135475,4.77433767,-0.0504151435,2.794151875,5.2748925575,-2.25740657,-0.044260487025,-0.197352577,-0.17758743475,-0.69534186775,1.1766352625,0.03545216175,0.8662238995,0.525090195,0.46147622125,47.7068945,5.96877547,7.4816809675,0.497635407,21.2407975,20.882865175,10.051159275,0.040444050125,0.1179513245,0.79071255425,0.84895860525,1.5183983925,0.0719258828,0.9979022875,0.9353036515,0.5171572745
46.66175815,5.7914734967,6.105046804,0.405790432213,16.7000377561,6.291923577659,-0.7883655013689,0.0044487465442919,0.052068336761495,-0.0620197587789,0.04229713709057,1.17071655661,0.038679706398,0.87675154876,0.5417141667,0.52215653652,0.911897887509313,0.200796738383266,0.685047620454074,0.125487852540341,4.58385860631371,3.87868418566704,3.1859531509958,0.0217139598459641,0.0815401944558782,0.250635074451547,0.391070471001137,0.0842866963803888,0.0111729644290459,0.0718192028294274,0.0994039552217147,0.0158435353724276,44.93030365,5.4259488925,4.928061075,0.16795564825,7.4782962825,-1.4189817725,-6.6284552375,-0.035711717775,-0.108458333,-0.5214525445,-0.6775846375,1.011372225,0.01895335685,0.71604641,0.363992028,0.4905242565,48.451070425,6.1860509575,7.52787467,0.64906718775,25.186394875,13.367719025,5.5738987275,0.046096058525,0.197235184,0.4384918605,0.81118773225,1.34442214,0.0616595049,0.98933117775,0.761002112,0.55198314125
46.219281897,5.6135790564,6.7152835721,0.301684712887,10.24417464274,11.5819263698,4.3703033444722,0.002255579285268,-0.06342161775405,0.34380647000914,0.25756316202783,1.3757128069,0.057394169717,0.91812047296,0.278163581752,0.50054808245,0.951683451934578,0.184368287466873,0.711877126429194,0.0982823460257922,3.87544495177365,3.24749066149112,3.18686613921387,0.0248855969559819,0.0858171766967488,0.250706899000979,0.432672169947543,0.0844189046606721,0.0103994557883696,0.0506072012576403,0.105997801400174,0.0141530039706966,44.41289355,5.2996920275,5.479652145,0.122968972,2.8645339175,5.56641879,-1.60306296,-0.043663081475,-0.22620358825,-0.1261110165,-0.52679526975,1.213191705,0.036930068325,0.79767022725,0.075811352975,0.474092797,48.05631715,5.9836074425,8.2763964875,0.5036476755,18.33134445,17.93831005,10.535854475,0.04911704335,0.09929057085,0.82884291375,1.060806555,1.5432520525,0.07562772595,0.99306013075,0.49174588775,0.530006142
45.860181438,5.8050161492,6.631681747,0.2496771990523,22.819755184,15.9958755816,-0.45087350138991,-0.0234889053423152,0.0898746790435,-0.035469672280154,-0.616210208817018,1.21712245112,0.039976165638,0.85193594477,0.362392849917,0.49480158808,1.0032476842649,0.203299341917877,0.73700678824714,0.100862072314645,3.7589346206883,3.26616442603286,2.90683463342748,0.023314460945944,0.078201234303339,0.228677159076348,0.396299219247851,0.0781546372881629,0.0104652528206778,0.0856900326267341,0.102907373813428,0.0137408741482755,43.90120825,5.4230146825,5.33817541,0.045786800825,15.56592275,9.647651605,-6.24410723,-0.0707959086,-0.06031267775,-0.491216349,-1.362458315,1.0730187825,0.021619683225,0.66749101425,0.16329936075,0.46927921075,47.79442365,6.2434240775,8.23726564,0.4443937065,29.70599405,22.4038181,4.7488300825,0.02341333285,0.2476974715,0.37358470625,0.1883217615,1.3850144825,0.05972822835,0.99185762875,0.5550941025,0.5227716635
45.967542032,5.6199480478,6.666797118,0.3026047450871,12.987854874703,12.13604473563,0.866444751989,-0.0192179039166613,0.03512451708677,0.068162158825363,-0.22513812083925,1.4875570881,0.04945077952,0.88178295136,0.48672881031,0.48473322363,0.983695754983403,0.203545425428491,0.717667326246282,0.119594278910099,4.5832107057092,3.82966729504391,3.09910426801581,0.0243018352004099,0.0823323585927963,0.243802778651562,0.431609985903674,0.0849667463637902,0.0111239816631261,0.0716602421127884,0.103152731227711,0.0140966725874842,44.0874371,5.2469719625,5.45792344,0.069022582,4.7696624875,4.593540355,-5.322363215,-0.0686234749,-0.12088607525,-0.41870386875,-1.080275435,1.3211267075,0.030476371025,0.71042404025,0.30092932425,0.4566424495,47.771978225,6.03851041,8.32725757,0.5370725535,21.995166,19.3974565,6.8717723475,0.02574043335,0.201117069,0.5405940065,0.56145217325,1.6527058575,0.07331920455,0.989972398,0.71940985975,0.5134060885
44.849897782,5.7736524679,6.5620623322,0.0908567417743,10.094774431537,9.574426813953,-1.5979920947839,-0.03202516964353,0.0901302759966081,-0.12571210211697,-0.63314598506335,1.2371562695,0.049851006972,0.8587168877,0.368677678057,0.47813546495,0.904928675477967,0.22383314359312,0.773402054507694,0.0980195852460112,3.84400330480562,3.55107089236065,3.20754168629788,0.0311674091724328,0.0901689559303175,0.252333418564332,0.495114430061033,0.0858326478321704,0.0125614079498894,0.0787693121460344,0.125096685657037,0.0143312884976218,43.171447525,5.3471725525,5.26967753,-0.10260261225,2.526680975,2.920343775,-7.5134284625,-0.0915597101,-0.090186310225,-0.591072312,-1.5416100125,1.07584587,0.028323046675,0.678852866,0.10013071145,0.453283415,46.700139375,6.217771555,8.3630379675,0.2955331655,17.5550727,16.176323575,4.7389621375,0.03149511765,0.256795047,0.372808415,0.35834075075,1.412193935,0.0772344903,0.988743368,0.594109995,0.5083735175
46.273689546,6.215750356,8.6473772336,0.11273841952977,14.4278859832,10.7940580946,-0.5426655380301,-0.019851818578943,0.06717032306109,-0.04269084040053,-0.51103138092078,1.4107981039,0.051169137306,0.95220870854,0.60019962132,0.46415787263,1.23193736846548,0.222552592541,0.930096413421833,0.116270732603394,3.96163020070146,2.80272725052839,2.40201570264958,0.015605787020317,0.0637853259652306,0.188963665546836,0.305803364146024,0.0751516083606902,0.00706340207416616,0.0321452761066985,0.0992113592814308,0.0128504726520494,43.853916425,5.792697575,6.9535620825,-0.1230009525,5.7817496025,5.0944488875,-5.1154002875,-0.05072630785,-0.059867943475,-0.402422347,-1.1176332675,1.2673574925,0.03793861545,0.87214615075,0.432945456,0.43902424325,48.735122025,6.6589925225,10.604394675,0.33488936675,21.508875,16.087442625,4.200682385,0.01062661535,0.1905758295,0.3304626015,0.0825276532249999,1.5628635225,0.0657392965,0.99558487675,0.8247514715,0.48944433825
45.5168704,5.9882320271,6.0201191272,0.2601246674752,16.70184907502,12.820462745519,-4.4570633114723,-0.052183060667321,0.1840850246273,-0.35063177152814,-0.9962309795167,1.4877387309,0.066003377119,0.91295370975,0.4302247789305,0.51455179097,1.03938361083252,0.228135454654027,0.674086541350045,0.131794964298837,5.2518897218877,4.40891732842204,4.51966121748539,0.0427097372685989,0.127380836580096,0.355556273210222,0.67309782953987,0.106085914502118,0.0179555045487426,0.0561705561086546,0.146320213385072,0.0162767721019755,43.354907425,5.543419885,4.8355522775,-0.0077866751925,5.2298035925,4.516698795,-13.999528425,-0.13535166625,-0.06144603655,-1.1013259,-2.19175844,1.2978080925,0.036869645825,0.7815911665,0.026722013175,0.4835483525,47.451874825,6.4480597325,7.5215344825,0.50077410175,25.9379523,21.271083425,4.2509385675,0.02821307335,0.438401375,0.33441619125,0.291682996,1.7176596075,0.0990985488,0.99310719275,0.6891238,0.546625025
46.460041857,5.5311946633,7.2843478269,0.337782110461,16.9766526356,14.897491879,3.7954063022886,-0.0014016993736108,-0.031621241994151,0.29858001598728,0.0648514662969,1.1167377137,0.0375381278135,0.77081751142,0.56778005993,0.51991159017,1.13848196205055,0.206835522900314,0.785102229984057,0.114748895730937,3.85397012029347,3.52124585302057,3.01408614161924,0.0235519813222268,0.0790439376710354,0.237114505339347,0.407554285315055,0.0727756773487288,0.0114452587620331,0.105374365370946,0.0983089105480776,0.0147235793825044,44.220812275,5.1444758325,5.8366184925,0.11492939675,9.4048490575,8.15101623,-2.0096355975,-0.04962321615,-0.18759289975,-0.158095598,-0.750086198,0.97642105825,0.0164974529,0.548266953,0.380823261,0.49332432975,48.69566675,5.95788801,9.0876486925,0.5585100385,24.029415125,21.768395075,9.7305483425,0.043486950075,0.12356324825,0.76549044675,0.842907742,1.2687696025,0.0609999217,0.96784939375,0.775643907,0.55171822025
45.887394027,5.9410512789,6.1732156178,0.3622805399639,11.872744362517,4.864433277176,1.5038331043973,0.0162957584645264,-0.0175623274557896,0.118304728737841,0.357192924430395,1.3503374472,0.054115114524,0.87636829227,0.413840529622,0.53139555943,0.90834759221775,0.219862666216532,0.695192996479127,0.123180696639311,5.29330385486038,4.59924231486234,3.36279940727934,0.0265482064228135,0.0876531995008151,0.264547355890907,0.450409242803595,0.0883186982257623,0.0126237035330796,0.065929545127252,0.111081992478468,0.0159501985734132,44.05505365,5.5552382525,4.9503601675,0.1202830275,1.3266803825,-4.2728436525,-5.002221505,-0.035855123375,-0.1945428295,-0.39351870975,-0.5506002165,1.1890277575,0.030340385125,0.7382893535,0.194834744,0.50114358875,47.633574225,6.377528435,7.5954156675,0.61536661375,22.1739016,13.831464225,8.093314685,0.068806536175,0.15631505225,0.6366912595,1.2584188275,1.5209004375,0.079424762925,0.9830945945,0.6469439335,0.563650894
46.109141511,5.8767100216,7.0983236488,0.361317256699,11.596626567057,9.321353144336,0.2579633943892,-0.013908864198907,0.038127484292893,0.02029366781981,-0.08635196696355,1.4316038502,0.072106476277,0.88376040588,0.45200454662,0.4897255206,1.09447252174363,0.218324825885216,0.808179398659493,0.122594837759193,4.44303908242404,3.63822810709335,3.06411481499305,0.0256716136067608,0.0838951613505624,0.241050200685566,0.44634573122829,0.0881609887731696,0.0106080682406547,0.0465165614820764,0.10157433754072,0.0142065273781196,44.01117565,5.4848355475,5.6851564725,0.13306259775,3.2893881125,2.04077036,-6.015487985,-0.07045625785,-0.1225181175,-0.4732311465,-1.010533075,1.2588797925,0.051970431675,0.7778850865,0.25454880275,0.462039078,48.4073134,6.31463553,8.824400075,0.62070216825,20.317886325,16.186273525,6.1672596525,0.0327472911,0.2074941625,0.4851708455,0.756065025,1.6101681275,0.0927475084,0.96253643175,0.65821828975,0.5172734705
46.402039649,6.0029192818,6.6770114503,0.14222155756791,12.57686295927,16.5422196961,1.5072649577123,-0.035853758657811,0.03895147381741,0.11857470835673,-0.5725792563456,1.2854441158,0.039622066745,0.94912842567,0.54917347409,0.50404613638,0.985674507782307,0.220635334199099,0.752163155057277,0.122053935293835,4.23630093272888,3.66780215796533,2.84998406666446,0.0172340545757349,0.0710747912513668,0.224204794355252,0.336093412146573,0.0890139211747764,0.00809319704995984,0.051012282757723,0.101065895322087,0.0165057981141398,44.460501625,5.5831875675,5.3589976225,-0.10510971375,4.027931815,9.2312820275,-4.0941315725,-0.07021765635,-0.10471178375,-0.32208037225,-1.2049334775,1.134810195,0.025122038125,0.824246795,0.35866799225,0.47327181325,48.290427,6.45774345,8.3032840125,0.3656341295,20.469532775,23.494514725,7.0941721625,-0.0031314241,0.17900462225,0.558089935,0.0688241025249999,1.4770103375,0.0568218241,0.99813207175,0.75965704825,0.53707429425
46.024494774,5.8893733542,7.0609478473,0.16987087087556,12.38490372474,10.17194427439,5.025019589406,0.01851062914166,-0.08816846759234,0.3953122035956,0.31650082464552,1.4023000942,0.066322229564,0.96380949991,0.52452472724,0.51861291993,1.03794210889026,0.209659694185881,0.768824772522125,0.12280081065231,4.09457485371451,3.17894401915229,2.62369231687551,0.019509859444608,0.0687942246609602,0.206402696100977,0.349387511274942,0.0774383638010274,0.00769203613938317,0.0240758972416956,0.0933072817965651,0.0143993864240238,44.006263325,5.5046976625,5.6585485175,-0.0577901846,4.6162210575,4.0528983125,-0.26309839975,-0.021641337175,-0.22457365175,-0.020697632075,-0.364151169,1.2567959525,0.051758959375,0.90973826425,0.35889028675,0.491292819,48.234344175,6.302937315,8.624771955,0.411201016,20.25472275,16.10230185,9.871042865,0.055714648475,0.0520556469,0.77654298275,0.9740605575,1.57489543,0.082783403425,0.99816182125,0.72468396825,0.54841919725
47.579098932,6.0159983463,7.1862068761,0.25068796464476,14.9308885846,7.962403594124,0.5938503400659,0.0026023527290223,0.02235068160193,0.04671748673425,-0.04304174869018,1.5077507382,0.071231511236,0.94539091706,0.398299740081,0.48812185955,1.07219981012452,0.210410039573522,0.713861975097983,0.122304798906039,4.66632051455729,3.75316451642022,2.68477288690296,0.0186488765309716,0.0691515526266659,0.211207830675198,0.348579164887624,0.0879701807559248,0.00728370925543751,0.0229146429023027,0.09532381736755,0.0132572999434981,45.43037525,5.621150205,5.983765915,0.01509639595,5.9610738025,0.86608431025,-4.5752405675,-0.0339684227,-0.111641729,-0.35992863325,-0.69946536825,1.342813675,0.05719186595,0.894397348,0.20546511375,0.46264515075,49.762829425,6.4424573025,8.7433681675,0.49447813475,23.886185375,15.27282355,6.0383317575,0.039211631175,0.15708016525,0.47502823825,0.662208318,1.68636728,0.085745857575,0.984135726,0.577980558,0.51235634525
44.84001437,5.7896270239,6.5721720578,0.46051892404,19.3488847748,16.6731156424,7.9407371189,0.02596928354723,-0.13642369863746,0.624688169015,0.6538221595445,1.3405046785,0.050925079731,0.92334217653,0.46666262545,0.48201036807,0.992519350207671,0.216751629404101,0.738972840808607,0.115792138141581,3.98660924352809,3.46581256707268,3.34255245519052,0.0264031205277644,0.0900659364810535,0.262954551429832,0.451908917040708,0.0894835021834842,0.0113014404458428,0.0555388319573119,0.103108405214904,0.0150236814960417,42.848152425,5.3918938875,5.3353566275,0.21627316925,10.701901325,9.679961765,1.74235387,-0.023008299,-0.33461765325,0.13706886825,-0.16303802075,1.1742334775,0.031653625,0.79018400375,0.2701327165,0.45488495675,46.827289025,6.214568915,8.1150289875,0.67959854525,27.073076975,23.715396625,15.1952215,0.084228902625,0.0268783456,1.1953896575,1.6464230725,1.52926929,0.0748093196,0.99416014875,0.6822469445,0.513043418
47.079548115,5.9643671362,7.1140463063,0.3118873961471,14.2213046438,7.0792636226323,-3.7484794812002,-0.0264095231687633,0.13686900804012,-0.29488833969735,-0.51648865895333,1.2994161166,0.0406960883376,0.8796239465,0.397374922674,0.51152724727,1.04375487409238,0.233385314487144,0.809294571475352,0.107703141110407,4.10296761674287,3.48790849102031,3.21454134927969,0.0238264017420564,0.0861351169233636,0.252884073678046,0.432083664224279,0.0788397019002788,0.0101969894223554,0.0775589247980298,0.112836581375017,0.0154404195346476,44.86126425,5.523791675,5.6236226125,0.09169196155,6.1337792925,0.5363027985,-10.090256175,-0.0722781417,-0.034974956425,-0.79378824125,-1.3673029375,1.1556493825,0.0206305535,0.7058394305,0.17105617625,0.4826663765,49.0177502,6.445172205,8.81962552,0.52596033125,22.2395278,13.48641265,2.71110393,0.018623192625,0.30766555225,0.21327925975,0.319977747,1.457006875,0.061384747375,0.9926936775,0.621236247,0.54155719425
44.849870891,5.5231956358,7.4154740876,0.2670187644763,13.0628760034,6.8128076371894,1.1433976477521,0.0074976964748446,0.00174330167195,0.08994970792839,0.1032422480476,1.16988439072,0.038571442672,0.82802565554,0.47063395412,0.50933372398,1.06124131108735,0.204148661246192,0.804574994582255,0.108504552468698,3.66844080154525,3.08283266122839,3.22667964735423,0.0238852971114843,0.0864988047684836,0.253838979090965,0.427364016995257,0.0801356834868934,0.010312912791481,0.0973151980503462,0.101101234677422,0.0144792457169696,42.57261925,5.141588045,6.0645556275,0.044211078125,6.15240737,0.6480335605,-5.3579641275,-0.041659474775,-0.169204449,-0.42150454525,-0.7296975365,1.014122935,0.020697907075,0.62303961525,0.297886466,0.48266214425,46.7619877,5.9365550275,9.109026145,0.46869501375,20.0944015,12.75512345,7.3379412975,0.056254054925,0.181155961,0.57726694725,0.9420480575,1.3362499,0.059298572475,0.99256779475,0.692683908,0.53635337025
46.36344217,5.8358794755,7.6010936363,0.2903622735345,18.816586273,10.886770702906,0.5538668269945,-0.0020558093274548,0.03762034242091,0.04357203237666,-0.15816013746766,1.3608780444,0.062392700281,0.93370863587,0.58779811704,0.47903657686,1.13328784048364,0.222961705770891,0.852639075124293,0.12625358176747,4.16077377306966,3.56614947966951,3.00078679758512,0.0236563530590225,0.080566421229783,0.236068262199476,0.421369300156451,0.0844788537495541,0.0110115756128446,0.0374101987335735,0.102168728210324,0.014533511987215,43.9992532,5.4379744975,6.22961017,0.025601086125,10.99404165,3.81130852,-5.4185703175,-0.049157118375,-0.121362933,-0.4262723655,-0.9629123695,1.196992915,0.04052838085,0.8461467925,0.4244732485,0.450823423,48.423356125,6.2919122825,9.578922395,0.5394126475,26.8585716,17.879150375,6.4807845675,0.04509603665,0.1968904915,0.5098354665,0.663899625,1.5324365325,0.08295886645,0.9929132765,0.79715504375,0.5085824215
46.378795974,5.4333371576,8.0285171725,0.17183945425452,12.7764323477,7.2689869449589,1.6592582324246,0.008455998434292,-0.010158518533169,0.13053183493259,0.04721320650705,1.3736011362,0.056426450286,0.92297458018,0.56322831883,0.51711954572,1.13377725486545,0.182616594679825,0.848074577524211,0.116777178509787,3.87615575171597,3.19594289747237,2.74176188630096,0.0191706875858015,0.0716277239126258,0.215691086046241,0.362657534396167,0.0749171878888569,0.00962849453870516,0.0448058829786487,0.0945842235598323,0.0135442705222124,44.25745345,5.09172755,6.46887095,-0.069232085275,5.091893245,0.8603013115,-3.4534627975,-0.0280746461,-0.149051955,-0.2716797285,-0.63454096575,1.2315940525,0.039675473475,0.8244991155,0.399810817,0.491337697,48.643571925,5.8120055625,9.8607301725,0.38530934825,20.37269835,13.365501775,6.977744995,0.047708136875,0.124759765,0.54893074625,0.820943864,1.5216108275,0.07640385325,0.992986611,0.75821812475,0.5461441645
47.291352043,5.205793758,6.395059289,0.3642504165095,18.4615925395,11.98298123869,0.3492069962055,-0.009421556642199,0.04853335878148,0.027471691369005,-0.18165634886084,1.4977279272,0.064265095137,0.9468861043,0.400934510702,0.52579553986,0.977426533347429,0.196903315695167,0.697954268507561,0.126701394110501,5.03673051792813,4.28587556138197,3.34339263191543,0.0220819357647506,0.0856026073335256,0.263020648058859,0.399714119763062,0.106095830461389,0.0115037625449246,0.0352338009711948,0.117607555513256,0.0166620392761526,45.491183425,4.8170408875,5.17005919,0.0991485934,8.8168241925,4.0021258725,-5.898308095,-0.05220881235,-0.11107500825,-0.4640127535,-0.9700167975,1.306921255,0.044900229325,0.8671396875,0.16859383725,0.4957761595,49.164247475,5.5979321925,7.862321435,0.61740201075,28.509981975,21.41013705,6.7990474725,0.029385286425,0.20782270925,0.53487282475,0.53475326025,1.7105861675,0.088615614425,0.99487215375,0.6325158045,0.56063885075
45.210854545,5.4675794702,7.3314385027,0.20728857419368,16.1954773305,12.10520554497,1.297976949184,-0.00843307493783626,0.023168982407175,0.10211027419779,-0.23601805587963,1.3737203152,0.049838694225,0.87455774565,0.42620327169,0.50940306325,1.09567242729081,0.196519051326646,0.799424841245504,0.127635655665052,4.8365446307954,3.86633764455682,2.98053363949266,0.0220445365773219,0.0760177808969515,0.234474970970564,0.391775905187926,0.0824221055656708,0.0112868120732976,0.0590049209995154,0.105862595540156,0.0142648081086356,43.07685965,5.11614395,5.8608468225,-0.038409529575,6.2251144175,5.0409727725,-4.2995046225,-0.051686259175,-0.13263874875,-0.338236814,-0.9769620455,1.2201209075,0.02790703735,0.75906624125,0.2165089415,0.4823468815,47.4700254,5.8507266725,8.9824029425,0.47015425075,25.210033575,20.108641375,7.23915916,0.036505590725,0.16687174725,0.56949587675,0.58109986875,1.5447501925,0.0716275839,0.98983515925,0.6538234535,0.53740636375
45.568729016,5.7623292092,8.0389434022,0.16241367732493,9.564186851778,7.357862362542,3.7449228084339,0.0156059350665776,-0.06678820248922,0.2946085407148,0.28790600363195,1.2282297371,0.036018785297,0.90264208199,0.40948145096,0.49631959329,1.18594057314463,0.228997016525828,0.879618815147005,0.112312668227038,3.96672589392767,3.37006653298779,3.08680871126437,0.0200637183121324,0.0801619180531604,0.242835502428087,0.374263816931305,0.0795212944789658,0.00828582008362814,0.0731702564385166,0.10471225009013,0.014863989227481,43.31526275,5.3328255725,6.554283965,-0.04470529085,2.2090096475,0.819038957,-2.51939623,-0.02348735215,-0.21631947425,-0.198197851,-0.44372646275,1.085063255,0.02149736425,0.73822102975,0.22001557575,0.46786070925,47.83237255,6.2211493225,9.87956338,0.384216932,17.3409775,14.00168525,9.5260375825,0.05387020555,0.09556323015,0.74940183825,0.979856356,1.39589951,0.053991195675,0.99677625375,0.6311508785,0.52688916525
46.568760872,5.8943039308,7.4590537375,0.050656657909228,8.704960237914,11.11625221284,4.51943944648002,0.001872306877316,-0.069759087426086,0.355538826230368,0.043310448324245,1.3968235808,0.052348271008,0.90123727401,0.36935242359853,0.5086324017,1.1185807985216,0.214051623725176,0.838275538783944,0.118072922251905,4.35746192103678,3.63380999850635,2.96313508117023,0.0199851795441392,0.0775352132576596,0.233106247107027,0.370713437220065,0.092609102432051,0.0101826853574294,0.0515158331726248,0.138630064210113,0.0153540536722639,44.409208625,5.496576435,6.03980139,-0.18638144425,0.31750321275,4.127006285,-1.27423167,-0.040146897625,-0.21302234525,-0.1002422645,-0.70927605025,1.22839305,0.033670208575,0.7759937125,0.059224552275,0.48038110175,48.688698425,6.35174246,9.2994252975,0.27284959925,17.1165427,18.3405693,10.085570225,0.03768049935,0.07978350885,0.793419612,0.72786577025,1.579776,0.0729435949,0.98230362075,0.6026099075,0.539784235
46.432498549,5.7632407166,7.3560253701,0.17060519680408,12.08532478014,14.1632967322,-0.1728402496415,-0.038197619257387,0.073384759693375,-0.013597133038,-0.6278868287435,1.22449281554,0.052794511575,0.87741973797,0.35272551067,0.48875936143,1.08709005638141,0.232371437656916,0.798135556829149,0.111172239914154,4.07433370235232,3.34364472026602,3.07686680702619,0.0239365993117207,0.0826670307796862,0.242053384286971,0.419005214773667,0.0807402201206127,0.010208837972135,0.0643540745618379,0.10588873518453,0.0156635557359518,44.417899225,5.31339901,5.9253468475,-0.04004190665,4.30864173,7.83405033,-6.41751879,-0.085157426225,-0.0771509206,-0.50485843275,-1.4600226475,1.078481165,0.03308157015,0.73025311125,0.1364891155,0.460083539,48.69269045,6.2225444275,8.96344179,0.41030934375,20.33223665,20.841899675,5.507660865,0.0068735814675,0.24152189225,0.43328100825,0.135476280749999,1.3805820775,0.072200080175,0.987755183,0.54357992325,0.52016119875
44.122908033,6.1156151929,6.0580415258,0.1393996257872,16.0967070765,5.593433995192,1.6188729661014,0.02367120125237,-0.017175829854834,0.1273547752321,0.137459584078,1.2942143319,0.040359433642,0.92477666602,0.49873541502,0.4866353654,0.942518573781071,0.216928618615721,0.661068581439443,0.107852822713304,3.59033924153575,2.79846788530235,2.60192049973143,0.0208037804093718,0.0707411608016311,0.204689933712718,0.360138963104528,0.0688389399442068,0.00731758163833408,0.0668636562813313,0.0900371324798833,0.0141375699558231,42.22637255,5.7078946,4.944204625,-0.06332312385,9.421036155,0.119488611225,-3.458573945,-0.0183649148,-0.15257664625,-0.272081821,-0.57226127675,1.1639872575,0.02617271105,0.74610472375,0.3423597135,0.45951622725,45.931731,6.56754609,7.4877020075,0.370027301,23.3850013,11.04134295,6.62633628,0.0629509774,0.12016752425,0.52128584825,0.886028302,1.43406337,0.055510109275,0.9977638775,0.693410814,0.51409748975
47.0851789,5.5963464451,7.1291185311,0.2668681442602,16.68458883956,18.0167819595,9.37826207609,0.023930732070195,-0.16923874338274,0.737776516537,0.5505321268034,1.3857028295,0.051923124485,0.90747359083,0.45837500421,0.50669788609,1.11631516705768,0.211930518079347,0.768604603510117,0.130057455477552,4.95290696860685,4.19900426335003,3.1093468047012,0.0200083393729665,0.0786961268508417,0.244608546542499,0.373406691990649,0.0906159065962991,0.010457159922281,0.0472663598473888,0.0915015719934921,0.01467701385315,45.023680225,5.2102210225,5.76851399,0.0020635482375,6.693071705,9.84829885,3.075344065,-0.0175655031,-0.32358251925,0.24193359225,-0.17472576075,1.2155394725,0.032067874375,0.79509291375,0.293655416,0.48105326775,49.4524651,6.030446495,8.8336666975,0.51689697625,25.6369918,26.189688725,15.442932925,0.062987047375,-0.0140902609000001,1.214876765,1.3265962875,1.5663604225,0.07370696235,0.982138235,0.6508788555,0.5364680485
47.03263148,5.697804747,7.4207315135,0.3445002025736,13.431508526294,4.121562183911,-2.4751632163655,-0.00541555908525,0.087695714521102,-0.194718091670218,-0.13764052841466,1.19186020336,0.053289207253,0.86138664341,0.59082029093,0.48771410007,0.961477832848308,0.207728927206921,0.797139368165361,0.123175383078762,4.01039614887611,3.34916808342696,2.95197354743669,0.0227423598300059,0.0785789153086753,0.23222818284407,0.408319934368623,0.0817420898199708,0.013832382706298,0.0806793949297763,0.0906671836931282,0.0147411259841364,45.286572,5.3008115075,5.9235323825,0.0920802758,5.52109351,-2.33813484,-8.44550788,-0.0507928423,-0.0502421208,-0.664397868,-0.95073648875,1.026901755,0.02995042985,0.69905165775,0.43050775025,0.4617446245,48.9481759,6.1116459,9.127343645,0.585951427,21.01173385,10.692567625,2.722609125,0.0355054341,0.241695075,0.2141843585,0.5676828685,1.34305824,0.0777593878,0.99037106875,0.790158373,0.5173369275
45.890399618,5.7145993536,7.4414967487,0.401183912521,20.2709576545,7.413761776898,-3.562899123832,-0.01242497425588,0.1334132900631,-0.2802889578923,-0.3764064984624,1.3685042049,0.05100413164,0.91023540077,0.53126723913,0.47992289423,1.11556270334684,0.204278454913971,0.846285444915223,0.120051027904309,3.74732145519855,3.14179013677599,2.99628897150908,0.0252986032137384,0.0825118925120042,0.235714423572655,0.43671554171365,0.0828669108219939,0.0095690826351829,0.0497502019472253,0.103349322972217,0.0144258095761097,43.54063965,5.3297223375,5.9788884625,0.17662295375,13.061395275,1.5125059975,-9.4167232125,-0.060700217425,-0.0316600621,-0.74080220125,-1.242187435,1.217502755,0.033645600375,0.805482553,0.342218543,0.45296080025,48.0059756,6.13483049,9.3735437925,0.6552009585,27.57972535,13.607647925,2.36797943,0.038358108325,0.2936835365,0.1862860715,0.4801188975,1.5465430475,0.071557819875,0.99380684825,0.75685187625,0.51006973575
46.647575571,5.9354000525,5.450048087,0.2510699472256,19.4774310121,15.51306424309,1.2633440491727,-0.0166965208156,0.0406359688772,0.09938574582658,-0.38056298196896,1.18189390452,0.0316210788595,0.86696184552,0.33695941585,0.48997263245,0.830479879722932,0.233793167451466,0.626570156438158,0.103122121822059,4.25959712656557,3.84810260886557,3.50218495813148,0.0249264207467338,0.0910488287697913,0.275512647785436,0.440259089705738,0.0825851705100363,0.00968207065159746,0.0941692303459026,0.0885521971998718,0.0156617586913536,44.9875111,5.5017893825,4.353567485,0.04895451225,10.9662432,8.0090085325,-6.1510021825,-0.067492131225,-0.123164199,-0.4838918865,-1.291770735,1.02855154,0.01136725665,0.6213832925,0.1661762905,0.46117841025,48.239635375,6.41311337,6.7676676825,0.46062312975,27.858186575,22.7399291,7.6591567425,0.0295835129,0.24153755125,0.60253658125,0.437060835499999,1.3521903,0.050066168725,0.99463954075,0.515368536,0.52296167525
46.445365248,5.8121883202,7.7865601615,0.2931594643201,17.4937020052,18.9419106558,1.0278122552554,-0.03885581843036,0.063700970373443,0.080856744964298,-0.59541920903713,1.4290602156,0.056357518034,0.91439178516,0.24843738519412,0.49870784109,1.15464267611061,0.230912199782685,0.817340606835336,0.108280681495285,4.50116936584628,3.65005053371393,3.37480577309757,0.0212922101787915,0.0883092624715723,0.265491881993326,0.403478857093861,0.0936046913254455,0.00885203952472872,0.0518644762237665,0.130076945456419,0.0154516935025358,44.10196925,5.3887216,6.3268860825,0.07338446485,9.05974364,12.1068896,-5.585553915,-0.079673157075,-0.10318527375,-0.43940875625,-1.3597335575,1.262018705,0.038354074575,0.78708676675,0.0097408793275,0.46965636375,48.75625015,6.3147110975,9.4950319575,0.50912489275,26.2672534,26.3741643,7.584300645,0.000381772483249991,0.228484541,0.59664774225,0.161619304,1.6173368475,0.074048635,0.99064978375,0.4918200965,0.52979790625
44.178595565,5.4894520602,7.0188768551,0.27671063900981,17.5555477672,8.595276817936,2.6650140587905,0.020824738561639,-0.031245269922177,0.20965342747309,0.24253992284881,1.2960205282,0.042615969287,0.93782466767,0.47952878695,0.51455932595,1.02128005950285,0.19699709174771,0.742441150980194,0.105408431229455,3.56604627689027,3.24374585477453,2.76693945342612,0.021292293460905,0.0741147625596546,0.217671774800991,0.380847227975547,0.0719764615586662,0.0075565701576649,0.0474906225671289,0.0968703408930328,0.0150370071421988,42.178765725,5.11511804,5.743943575,0.077974319175,10.581390525,2.6211690825,-2.8397281925,-0.02140452315,-0.17439208675,-0.22339798025,-0.50807898325,1.16806145,0.02834142585,0.829553727,0.31127585725,0.486243397,46.179492675,5.8784622025,8.63762992,0.48514466325,24.304337275,15.506080825,7.7748181275,0.062706919275,0.11415302525,0.6116355215,0.947815713,1.4512945625,0.0586130879,0.99656257175,0.6908769755,0.54320716925
45.596637073,5.9006088123,6.4498679724,0.09271490931502,13.7178601875,11.09351109661,2.3860824265497,-0.001705856010184,-0.01150402928887,0.18771021377866,-0.161412426583847,1.3051548444,0.042577994097,0.93496067645,0.393546812933,0.49504754332,0.981202371340479,0.211096699447226,0.755407878307104,0.10439244454739,3.82631088673905,3.24056590432983,2.76702722360799,0.0216521932882682,0.0736648089261434,0.21767867951792,0.373950686323612,0.0718131179791486,0.00809448546224952,0.0524285429751021,0.0940929240310496,0.0141351709037357,43.788149075,5.4935621525,5.074941155,-0.095614708425,6.4372612975,4.632888205,-3.0328006075,-0.0450176344,-0.15897846825,-0.238586746,-0.90742775925,1.164743535,0.0272960974,0.80619157875,0.22104605325,0.4677898025,47.553867425,6.325776675,8.0331754325,0.303130867,21.813913025,17.549450575,7.6726165175,0.039387458475,0.1327520055,0.60359544875,0.542310014,1.44723214,0.059517290375,0.99737751025,0.58446622525,0.52190683025
45.583092022,5.8844614382,7.5238063479,0.18563586897766,17.0416395029,15.3087170363,0.70315317520602,-0.02551866064471,0.054971344139215,0.055316208513789,-0.52739151401779,1.2961038664,0.043399749702,0.90100659356,0.43765218017,0.48430721726,1.14587664836227,0.214526923347103,0.770398257179637,0.120328555579671,3.91884392204801,3.2653927411582,2.71986936466754,0.0193871198743058,0.0704228704903636,0.213968828092013,0.34620467183761,0.0832534434590344,0.00919732842927117,0.0731347854157095,0.103515932023723,0.015189331208345,43.4274219,5.4747403875,6.2132165075,-0.05172109655,9.0024886575,8.7999565025,-4.589447905,-0.061209772,-0.09460294885,-0.3610463025,-1.1495804525,1.15353086,0.028142989975,0.7338267415,0.23588204325,0.456642946,47.919956075,6.31805545,9.1848376575,0.431211439,24.535879025,21.382902425,6.30262386,0.015248114375,0.18883836475,0.49581977775,0.17485308225,1.48170794,0.06491348005,0.9965323525,0.64855348725,0.51398986725
45.350483815,5.4692424873,7.2538155664,0.16384588880559,18.8236980482,13.3190859493,6.436069245277,0.029310360012293,-0.11151690115473,0.5063177708855,0.35651812525714,1.3619407201,0.04922200452,0.95570488398,0.47199623371,0.50402973911,1.10161224597248,0.211346635455064,0.79677522313248,0.118869034819531,4.2221083474417,3.66085201775729,2.60446592160765,0.0168677389543928,0.0655270419915282,0.204890179405011,0.318989351430096,0.0772789677463053,0.00744513927172335,0.0322333620282151,0.101054374865866,0.014731807728353,43.109917075,5.0768935625,5.90624335,-0.09293246125,10.42002785,6.482260825,1.6363109975,-0.0029095137275,-0.23914017,0.128726604,-0.2548751685,1.226131615,0.0357997709,0.8791702795,0.2977984575,0.4764131895,47.434531975,5.9066408,9.059236725,0.39656219375,26.731690025,20.581868875,11.432269025,0.063169303375,0.020089727725,0.89936277975,0.963056356,1.53265725,0.065372986625,0.996199997,0.6987209855,0.53306465675
46.252067907,5.4196686907,5.9776995889,0.16759919257225,16.2789918315,13.0735859424,2.26611161908724,-0.005695814838387,0.00137653205684,0.178272255898693,-0.20435219654123,1.2967321433,0.042855179333,0.87420573141,0.31192605345329,0.51925941262,0.92693859491839,0.206650030868069,0.691629014778106,0.101210871628523,4.22951477847048,3.63108386579628,3.33873573091931,0.0248108482100215,0.0890776398440213,0.262654295363128,0.440704979316066,0.0848356262534089,0.0108852860266978,0.0840898222038502,0.126692892562913,0.016001547902762,44.404142225,5.0247916175,4.7965370825,-0.0467250827,8.1965055275,5.9422783675,-4.3985388625,-0.0591113962,-0.16800593625,-0.34602772,-1.14767732,1.1372913425,0.023003486025,0.67346904025,0.03565224255,0.49074687675,48.072901275,5.8292909575,7.5368429325,0.35967633825,24.872499225,20.068562975,8.679128525,0.03799741885,0.18335383975,0.68277652575,0.640985007999999,1.467976845,0.065495936475,0.99467616575,0.54642983575,0.55311482025
47.450517652,5.8462208435,7.2648451865,0.4077863726,14.5503988423,1.0738221946709,-0.5872652404502,0.0249151586403761,0.021271972243714,-0.04619944509345,0.37458211242178,1.27966269925,0.041667649114,0.88567742503,0.51917432862,0.50724654961,1.08572144115629,0.238118503465547,0.77703501901014,0.121171569551981,4.16327719876136,3.6068335018467,3.14083148936646,0.0209052687026534,0.0818317966358612,0.247085408415154,0.396764385559024,0.0943383723395444,0.00952387591570429,0.0738733379852938,0.102782937538634,0.0158411900838398,45.326507675,5.381832695,5.86470266,0.1488668695,6.3757911125,-5.74911315,-6.7914564625,-0.01926589835,-0.13987539,-0.5342756545,-0.43380627,1.107960945,0.023664504825,0.707836036,0.338294641,0.475128158,49.696343625,6.3137586325,8.8486360725,0.6276777885,22.505679625,8.2120135825,5.533797475,0.0644248232,0.18488334775,0.435337147,1.1639203125,1.4703232475,0.0622388929,0.99439979775,0.73852903625,0.539962133
45.554020267,5.5652398963,7.4287306267,0.53792672422,23.8794645272,9.496970020176,-0.32583474799523,0.009855032253262,0.05495058103266,-0.0256330248166006,0.09518342208705,1.3661654123,0.044302384829,0.91296066103,0.48574578985,0.49920622235,1.15605072302407,0.210421550298429,0.822676409660098,0.127300705159928,4.10942039943436,3.64217723866739,2.78054777458095,0.0196699946809902,0.0715067709483386,0.21874232499458,0.360215047857505,0.0852352109170185,0.0094247322782305,0.0548163776561264,0.128767455994835,0.0159004680677762,43.4065806,5.165182865,6.0205664775,0.29058866375,15.519456325,2.4580825775,-5.2859361375,-0.0297488232,-0.091643173125,-0.41583818625,-0.61237946275,1.20782553,0.02733572045,0.78260429175,0.239177121,0.4693199715,48.0336443,5.9991097275,9.16664285,0.78324067625,31.487325775,16.63703835,5.2197658475,0.045799861675,0.1880757585,0.41063265775,0.7941598745,1.53959185,0.064932726925,0.99037136175,0.7390325145,0.53249502625
47.696764731,5.5876613292,6.7182009152,0.14196117436636,13.51265912436,6.16233387322,-0.0432967139103,0.00296408985197059,0.03105624384547,-0.003406100042763,-0.137924641701073,1.3319370725,0.053258647385,0.83535827436,0.64318214674,0.5117689866,1.0051727231773,0.197944406029124,0.770107878153186,0.140522510973722,4.66985834602253,4.00583564756727,3.24482233950438,0.0215772480352463,0.0829803330479988,0.255266242575472,0.397751610843502,0.0999254547978453,0.0095503900915761,0.0645255449584348,0.105996475298342,0.0151118800659918,45.8847928,5.2135696625,5.425065045,-0.12169545175,4.3784061025,-2.1272960375,-6.1239976625,-0.03434239645,-0.13516489225,-0.48176747825,-0.873218817,1.1629407125,0.0361356622,0.68840890475,0.45960547325,0.4825536615,49.754618525,6.0092323625,8.311591415,0.43234521375,22.403848325,14.0248869,6.6542351975,0.04893667485,0.18399224325,0.523480619,0.654600149,1.5539328125,0.07254325685,0.94025535,0.8694324835,0.5412458715
46.449446899,5.6490292102,7.3903384777,0.338178031053,11.54052409422,9.61545151489,-1.3367150306192,-0.0269342036535522,0.08318101205965,-0.10515775209518,-0.3421626407305,1.387431035,0.071827576844,0.88126949239,0.293167148492,0.49668046289,0.98170780727597,0.216051971293496,0.822306754684337,0.0992458279033394,4.26238620550881,3.74027280224022,3.34321294990911,0.0242694536041543,0.0884472127669389,0.263006513042426,0.432740373956586,0.0901272550821497,0.0112412451497652,0.0489291142362503,0.0972790161944903,0.0153459150843909,44.456707675,5.2619615975,6.008130055,0.1365232135,3.31329823,2.2999621,-8.11228929,-0.078376115225,-0.070392014,-0.638183971,-1.20212039,1.222516095,0.04969246275,0.7701612145,0.086368551575,0.46826744475,48.3976965,6.09375329,9.1918696675,0.52639447425,19.589960825,17.171494025,4.65530919,0.01571520635,0.26576117575,0.366227538,0.4168397835,1.5855629425,0.09387656915,0.97349536475,0.485674311,0.52671232375
46.347658619,5.8992632287,7.1096380609,0.3667848771129,22.3496359655,13.3934536092,6.359295617203,0.03667873630132,-0.109056000661717,0.5002780827193,0.571602593921,1.2958268988,0.042314849188,0.92651989513,0.45993594849,0.50312307699,0.999612627838898,0.21510741660151,0.760348207730247,0.11275797362765,3.97276421957107,3.60545603967902,2.81480411254074,0.0186607041870939,0.0716345062502686,0.221437229692021,0.348159379611879,0.0802831739355855,0.00877616986547154,0.0564566239154263,0.109830930890264,0.0157418757102809,44.494634225,5.5087749675,5.8160304625,0.14126951375,14.86352465,6.25917116,0.60045112475,-0.00048537159625,-0.250213686,0.047236762175,-0.112681304,1.154103015,0.026251659775,0.79056093925,0.25807920975,0.47162723025,48.3638165,6.342811765,8.84571435,0.589545069,30.3979205,20.0014936,11.6361638,0.072174725725,0.03014153105,0.91540287575,1.2681741225,1.4534665275,0.060321642075,0.9974753485,0.7008619445,0.534105633
45.786875115,6.001391588,6.4815334667,0.034824246017891,15.30039248945,13.1672987815,1.06198763483102,-0.017134508921806,0.03477374166093,0.083545280921624,-0.51212298114514,1.3571382173,0.062021707936,0.89089906499,0.55170622415,0.49990191099,1.05274146818137,0.221589483234514,0.775414597817676,0.129949324849868,4.5773025981476,3.84574411575108,3.23044477460546,0.0250467473574723,0.0861960593185563,0.254135177070748,0.451597797425038,0.0921656673135692,0.0119163802683921,0.0507662339945691,0.122177024616032,0.0142654511880213,43.791119725,5.6122808725,5.1237450875,-0.23396671175,6.6833508175,5.5376734525,-5.22286299,-0.068135538925,-0.1280132995,-0.410876307,-1.3771509275,1.18283809,0.03800663865,0.77361337825,0.3328962235,0.4736563585,47.837842775,6.4828696525,8.042803575,0.27132401325,23.865945375,20.4540393,7.47290993,0.0298260889,0.20206013,0.58788477275,0.37725914225,1.54149445,0.08270350555,0.9726777855,0.805287326,0.52832982725
47.05583077,5.5763131279,8.2704550364,0.17948014317202,10.48798246774,12.1123389247,8.67054221452,0.031496672946137,-0.17849823667344,0.6821010527693,0.6823956420006,1.2271461773,0.041820437502,0.87825898302,0.36979105818,0.51400915939,1.21668563715263,0.213258082701876,0.831520345955285,0.111800568569024,4.16946291447481,3.75388438326288,2.9818507681309,0.0172893581612651,0.073707102926682,0.234578588182852,0.340010669403125,0.080763468414259,0.00769413576382833,0.053143826535868,0.0888366797686153,0.014134070961631,44.698402725,5.1618330925,6.7438055725,-0.053270227725,2.3268719875,4.8990962925,3.2176994975,0.00085598932575,-0.31955590775,0.253132524,0.05616025325,1.0815009525,0.026922875075,0.766003148,0.20329566975,0.48892785075,49.3925475,5.9849339375,10.016883075,0.39801259225,18.540720775,19.485283875,14.30855175,0.066630253025,-0.04341033165,1.125636375,1.3843792825,1.4075836025,0.05723332395,0.965095335,0.55954055525,0.542603465
45.79958566,5.4691630428,7.0653776282,0.2732510430442,12.4515898943,11.05557775383,2.36320209282762,-0.004665364509103,-0.011061939913023,0.185910245816777,0.00867231183534,1.2820219485,0.053270502446,0.89656162056,0.49815427833,0.48009341089,1.02263417353834,0.192867425021823,0.750362783174044,0.11219118888887,3.9244371280654,3.35632553181002,2.65041860371136,0.020230418782756,0.0695691291557889,0.208505220811266,0.356750172625437,0.0724458275089939,0.00887513237075383,0.0405797850438283,0.085398795459965,0.01307104144208,43.824537625,5.1071586175,5.6671724225,0.056916414425,4.851856505,4.65211244,-2.9520548375,-0.04464547965,-0.13911248025,-0.2322345755,-0.68456002025,1.1478547275,0.036451830425,0.8064159925,0.34654161775,0.455330398,47.753620975,5.880046445,8.6696501575,0.4943581435,19.9580611,17.976533,7.4328912725,0.034549459775,0.12253083975,0.584736558,0.69172078525,1.43894477,0.07036519375,0.9625068195,0.6835992835,0.50527736225
46.45722598,5.9208740587,6.6250943569,0.25662204915507,13.189473859293,5.646828739229,-1.969052861952,-0.009351316033101,0.0812430108309119,-0.15490300353907,-0.25284743667138,1.21500834671,0.041247442525,0.87411955098,0.43916894688,0.50125244812,0.928164085039944,0.232552599037045,0.720931775674769,0.106764663398107,4.106046318898,3.60504539414706,3.03543238019417,0.021359380003097,0.0783038082901942,0.238793788353995,0.384655535268325,0.0791954086282554,0.0106559710348084,0.0744681617449702,0.0940986180044295,0.0149593761362803,44.667574,5.4931565225,5.3056648175,0.04577524475,5.075249335,-1.582864215,-8.2579992625,-0.05173788775,-0.06455372565,-0.64964680175,-1.049778845,1.0760465975,0.02280063715,0.7101494095,0.25609238875,0.47241770375,48.466432375,6.4134287725,8.084435425,0.46283266225,21.030738075,12.412256875,3.8584425725,0.030658656075,0.23623685675,0.303539009,0.44779474525,1.383501595,0.062505747425,0.9932098975,0.637903378,0.53214289275
47.267440746,5.9495328333,6.0196214236,0.22371347959666,12.9208969629,9.07631771701,-0.20054407589872,-0.012992183017166,0.0494837267529512,-0.015776559472975,-0.26038773822792,1.3851194501,0.053862343655,0.95300448628,0.62675196322,0.49377705929,0.863111931041143,0.22269693997053,0.686815860663362,0.14316497528452,4.28076851541141,3.46601212090918,2.78738667392187,0.018678634415082,0.0720747748320538,0.219280333056626,0.346222777594533,0.0974951708961498,0.00922613123976106,0.0359373981139524,0.107110277889083,0.0142874356767093,45.594339075,5.53502409,4.7860230225,-0.067577139575,4.6916515425,1.91421268,-5.7428341175,-0.047213337625,-0.101382738,-0.45178179625,-0.88504518425,1.206920725,0.036910067425,0.86478221275,0.44675263675,0.466148439,48.93335815,6.4125847125,7.5005410225,0.50225733575,21.160671475,15.525654375,5.168240695,0.025220074775,0.189582244,0.40657923775,0.45047293025,1.5890070175,0.0716357176,0.99734776225,0.87487197225,0.52284037925
44.382519653,5.7903227209,7.7219322313,0.2435868086603,13.5300728433,13.1964875927,7.70815188839,0.026668527653298,-0.14691337435273,0.6063909714003,0.57409619038788,1.3674394415,0.059601876736,0.93658634839,0.51041263923,0.48735381432,1.1115059516283,0.202396207304419,0.816750235247745,0.117366291469443,3.64252930040323,2.92130374786435,2.65638937410355,0.0215034342639767,0.0730629606920166,0.208974934509157,0.387341028579138,0.0782821634730981,0.00852603926590526,0.0324564293091324,0.0898854207861383,0.0132430467882412,41.990200675,5.4000112475,6.25143528,0.0176850211,6.8204498175,7.842312375,2.2583871225,-0.0164780971,-0.2880217065,0.17766457775,-0.2056491355,1.221407775,0.0439823075,0.86386623675,0.354345722,0.461584973,46.5391475,6.1952436675,9.4168702275,0.46658010075,21.00860405,18.8496809,12.724649675,0.068228707875,0.000907853447499989,1.00103281,1.35341888,1.5348382125,0.077214015875,0.99152210775,0.70930266275,0.51482907
46.008540994,5.8290128926,6.1861480364,0.21624178532315,15.52662231454,16.379983096,-0.8891593595269,-0.0455294574650703,0.10372743983213,-0.06994908949514,-0.7879392532424,1.26388869235,0.05028029835,0.83969519455,0.443751357523,0.50335831734,0.961635041969682,0.217331461579973,0.726543873978225,0.114602903898719,4.33157886506124,3.87713485790726,3.14159947274025,0.027131177169809,0.0849200253307765,0.247145825020453,0.454047849669888,0.0849868856260782,0.0134479890810608,0.0775032711326924,0.114148715663295,0.0150310134103401,44.141619175,5.412536365,4.9986184925,0.008678784155,6.79038094,8.8029130025,-7.16694874,-0.095627920275,-0.0649330624,-0.5638151705,-1.6445252025,1.1182878625,0.02643395375,0.6843434755,0.16759886725,0.47423114125,47.8631829,6.2704270525,7.82054028,0.443314306,23.8774868,23.97930965,4.9816524925,0.00974472794,0.2708138915,0.39190056275,0.104011372499999,1.4381472275,0.0773247957,0.97932721675,0.65041775525,0.53411841175
45.621275589,5.5265858976,7.8445883439,0.468232921911,14.38086163648,13.0905017899,3.9966343133339,0.0022971529035655,-0.045885850097,0.31441038013565,0.31317046059197,1.2869795168,0.048276254721,0.89396193393,0.66789268563,0.48514734583,1.11543845940806,0.200954348063985,0.84624228356053,0.135046579067869,4.10898568698987,3.60734096713153,2.79443263566868,0.0219338640715608,0.0726809724090241,0.219834630676256,0.391194330368515,0.0723346802735851,0.00897094595149252,0.0577909199816751,0.101400361991381,0.0139736213455782,43.4552016,5.1553529125,6.4642021325,0.21040159575,6.967878615,5.9759115625,-1.3444330675,-0.0409815839,-0.1947023095,-0.1057649175,-0.450734249,1.14857721,0.03224943635,0.7679158225,0.491189174,0.456172235,47.945883775,5.9454768275,9.630452145,0.75034772,22.79607195,19.800523125,9.7415697325,0.045965656825,0.09914176635,0.76635748925,1.0621687,1.4288852975,0.067992542025,0.9904686075,0.87301507525,0.51261808875
47.005583412,5.6741991473,8.0040138653,0.22526986467777,17.2168448398,11.15209439668,4.8559591047256,0.024098295652951,-0.078791992656123,0.38201242043091,0.32615178796135,1.1377572644,0.034384793744,0.89038254495,0.47958033537,0.49657501161,1.26080664801932,0.19767632957871,0.839651979678922,0.106729350393249,3.74582122269453,3.40496986461072,2.65757326770844,0.0187725858633914,0.068401055320473,0.209068069577495,0.351495958610435,0.0760716782428556,0.0085342830096718,0.0663604983298976,0.098553257318079,0.0136338836160582,44.720180575,5.30367694,6.51870429,0.037792597725,10.32092575,4.2301640125,-0.7187555275,-0.0141742815,-0.20218121825,-0.056543626525,-0.37991027425,1.00318034,0.01975163375,0.74785688825,0.30384781,0.47070209425,49.7249693,6.0647486875,9.83824465,0.42908592075,24.5638005,17.45444265,9.90312870249999,0.061043818825,0.0652705701,0.7790671335,1.0203579625,1.3071385825,0.052295742475,0.9945935115,0.6926394855,0.52420845425
45.037193961,5.4499240127,7.7188479006,0.2810225057341,8.67885774493,7.795647742974,-2.1442000638617,-0.03109815571712,0.09645109339907,-0.16868162162119,-0.4182069507206,1.2717257821,0.042236679743,0.85713975195,0.53954049631,0.52380909333,1.15966063641427,0.18521591554576,0.869589890534543,0.114840173420052,3.7982777590941,3.35967849971852,2.87408184318452,0.0249488202610771,0.0776627011063739,0.226100536671403,0.428416433992144,0.0717394776077684,0.0112879655907355,0.0805823883064159,0.100928363263665,0.0149576752602456,42.912355275,5.121265995,6.2921154575,0.07089632175,1.244007765,1.115767295,-7.4689584575,-0.081591358075,-0.056914476275,-0.58757391275,-1.258461395,1.14255277,0.022897499375,0.688885804,0.3604852465,0.49546560425,47.53266115,5.839026475,9.6869403325,0.51092357725,15.9052834,14.177542925,3.4889702025,0.016292627775,0.23876151175,0.27447305925,0.43363196125,1.4137978175,0.065917498975,0.99133359375,0.76605100725,0.552765038
47.87346036,5.7993945425,6.5476589569,0.23775073156343,15.7058467655,11.128823168092,-2.5631404422138,-0.03301769402982,0.12407010361989,-0.20163915362198,-0.6681599733571,1.2993211245,0.03676803574,0.85906791789,0.58774083913,0.51119661633,0.980943374391485,0.211463027603656,0.741373598277484,0.132295724440584,4.41616939543238,4.16471034553712,3.04413691463742,0.0180953076356725,0.0748419218315676,0.239478563516763,0.351060062181411,0.100036535187129,0.0116820160512549,0.0848524125777549,0.0997144101244863,0.0152873388822742,45.93291725,5.3732947175,5.2415892475,-0.031335251775,7.4819664775,3.10570736,-8.2783788725,-0.069228281025,-0.021896477775,-0.651250036,-1.3185483375,1.126330855,0.0148826738,0.65423266525,0.40472307075,0.48308321725,49.702690375,6.2402108225,8.1743539825,0.49526245,24.4664595,20.09052325,3.4976869225,0.0013136372475,0.26807686475,0.27515879,0.00825961529499998,1.5139615675,0.060916325525,0.98930361825,0.7981458805,0.54206956525
45.777137773,5.5098860035,6.663774486,0.36721996924,29.871187437,16.2637255222,2.6227352127948,0.014047779022951,0.00708396934202,0.20632740191657,-0.04816024845656,1.12091011292,0.037726103007,0.93827855086,0.6015986697,0.51094522839,1.02213527081087,0.213908582381619,0.738846581506026,0.1244486861549,4.09451135426831,3.52789275573809,2.61256506968609,0.0191955914597521,0.0678536583733688,0.205527329280436,0.343781531320851,0.0704608308287436,0.00740915412981016,0.0543419102685838,0.0960990089305285,0.0142047322185647,43.7007719,5.121270145,5.4027781575,0.10295175825,22.06284625,9.3715416825,-2.58851811,-0.022733984,-0.12407573075,-0.20363557975,-0.72952559775,0.98651344425,0.02392964515,0.80049221525,0.43296782625,0.48489683525,47.734166675,5.9527873975,8.224352775,0.6070590625,38.2952343,23.190872525,7.6784507075,0.052545222,0.141074356,0.6040544145,0.63950242625,1.27221695,0.0529661939,0.9974714935,0.81455591675,0.539651205
47.260233101,5.7247525594,5.794468157,0.3634339483856,18.4343391349,15.93037852141,4.277893460777,0.000746128884421,-0.03981444751178,0.33653669628043,0.10319554457871,1.4352783154,0.055985495575,0.92285820241,0.5665054747,0.49441515683,0.896874426324348,0.211663816420346,0.677172935942198,0.134090236814815,4.8660602223173,4.13968385897189,3.00576691506565,0.0206192748531616,0.077070387959548,0.236460042104201,0.379454360325577,0.0830216374908231,0.0101660425654289,0.0428026051010448,0.0987513770054085,0.0140739004252018,45.527282725,5.329082965,4.6535879175,0.088033646725,9.0651522375,7.9543672425,-1.91705563,-0.0437507108,-0.180574127,-0.150812447,-0.693163952,1.2808487225,0.03865652245,0.82448728425,0.39242289925,0.46821805125,49.03160665,6.139118565,7.2383310575,0.634354308,27.84591925,24.03684415,9.9076644725,0.037496652575,0.119560325,0.779423963,0.77614732275,1.6024361075,0.078724275025,0.98635812925,0.7742620405,0.5202149625
45.896457799,5.5331712566,6.8372259785,0.099757134787164,13.574262670248,5.8508699727779,5.441735906145,0.04423091322064,-0.120515438790534,0.4280947716364,0.576257939541,1.2949768065,0.051450327805,0.95282338973,0.55986095725,0.51230923415,0.971536734560541,0.199859556191425,0.745895117410937,0.12742671326939,4.34203230285628,3.46028096959947,2.9383866990292,0.0219551490254843,0.0785041549242548,0.231159322053533,0.394046061250338,0.0801950935838245,0.00834225008345255,0.0414331685858771,0.10810597696065,0.0159845301480155,43.9368605,5.155542735,5.493540775,-0.139856728,5.22787675,-0.48221192625,-0.44155616,0.000104925998000001,-0.2776034325,-0.0347366887,-0.190984834,1.138983205,0.0369467411,0.841092303,0.3587575855,0.48129614575,47.7920263,5.9587691575,8.465184575,0.355907447,22.076553075,12.445731375,11.23459475,0.08857417715,0.033093737175,0.88381192025,1.336090705,1.45556373,0.0706075605,0.9987427135,0.794509291,0.54499513075
44.288533096,5.627234621,7.3056313171,0.423441473596,19.2896748832,9.65019868424,0.9920060527942,0.007923100833115,0.019639299084586,0.078039914398954,0.1131734130168,1.3142546059,0.041135836516,0.91836760533,0.54505711321,0.4851843397,1.07830312474867,0.180626001366699,0.76103192588763,0.10904685023085,3.40357298235647,2.86633475718777,2.48780109668852,0.0199103389903045,0.066968419260055,0.195712298562344,0.361945771101261,0.0639969687517417,0.00701187140348784,0.0528278978532017,0.0932128464605452,0.0132375071958276,42.26393305,5.2780313575,6.0202673175,0.224912249,12.871328525,4.016423685,-3.92439142,-0.0313853002,-0.106931497,-0.3087271165,-0.5991389165,1.1938125975,0.027891602975,0.79732312725,0.36516197675,0.46027994975,46.403083475,5.993566405,8.964043015,0.64480629325,26.3538897,14.9198287,6.0042565875,0.0461546003,0.150444719,0.47234759675,0.80479195825,1.43926393,0.0550406986,0.99256088025,0.73297355625,0.51223359625
47.045445415,5.6852587977,6.3878192143,0.428498442886,25.32928856,13.754203513,3.5707786983275,0.0218256024271142,-0.0310178369028441,0.28090883448856,0.2594468248634,1.3464180468,0.05616821701,0.91039578075,0.48829339879,0.50527146904,0.897527361683144,0.21985093978304,0.719169490441615,0.125262004995382,4.86137029485081,3.96653490690556,3.16568048883854,0.0221391507150082,0.0835952945450743,0.249040249155146,0.401000637358236,0.0943948461428296,0.0104123268552024,0.0458942086750945,0.0946410767585986,0.0151732014093921,45.310988275,5.283815225,5.10464402,0.1819895015,15.4125973,6.1123065725,-2.5083171775,-0.019325921975,-0.2006980365,-0.19732627375,-0.50067036525,1.1673925825,0.0373241773,0.8021191405,0.31267801025,0.475282881,48.803948075,6.116946845,7.9118055725,0.68399596225,34.650681025,21.95172385,9.635534805,0.06534369745,0.12813700625,0.75801585725,1.079752915,1.541376255,0.07616945225,0.9822315565,0.6960591615,0.53632706675
44.369471916,5.5377028277,7.3128418947,0.06331432583368,10.29225817908,9.27583994071,2.26980921713198,-0.002200555132614,-0.01713407896303,0.178563141343816,-0.12129973856783,1.3797464582,0.051780840558,0.93741095941,0.45053833796,0.50747430171,1.08943014456823,0.205710645183257,0.751914476814441,0.111424677863817,3.72169387281543,3.14566653000713,3.05236694616012,0.0251074267074459,0.0843880587644112,0.240126010041158,0.440980825957461,0.0751138693578382,0.00982839121869616,0.0514407765793028,0.100272104556568,0.0145569262789814,42.352658925,5.1419865725,5.9930861675,-0.15813493125,3.15103377,3.4169265075,-3.9648750275,-0.050033352625,-0.17285178625,-0.31191191475,-1.01849733,1.246235115,0.03611244505,0.8058019785,0.25039569675,0.479644844,46.593268725,5.9480135375,8.833928415,0.28442313125,17.536517275,15.402844575,7.9801036425,0.04494206325,0.15324186675,0.62778508575,0.706454990249999,1.5326454375,0.074127705025,0.997517186,0.64840939825,0.535387124
46.423957221,5.7617468983,6.6499751115,0.3730987501539,16.1880448593,10.21243192894,0.6898825550863,-0.0041261911535732,0.03063033046247,0.0542722248855,-0.03597112605784,1.4022243262,0.043494707169,0.93275822877,0.63282791662,0.48434007013,0.960209162925166,0.200844594297442,0.751977206597568,0.127177581591203,3.98378296047101,3.25834243737213,2.81182459971763,0.02073759327814,0.0751502292391297,0.221202834887089,0.384555362270786,0.0852296812056575,0.00842602573498805,0.0515516575561803,0.105958059940919,0.0142895489435853,44.6310506,5.375401635,5.3159824825,0.1281964225,8.637809435,3.8940023325,-4.7342392925,-0.04052870975,-0.1179492455,-0.3724368735,-0.726011333,1.2439417175,0.028938528275,0.80587161075,0.440244912,0.45845586025,48.369687425,6.1655588025,8.1762267325,0.62133126025,24.092224975,16.424083775,6.223727155,0.0385150076,0.17301663825,0.48961308125,0.737976338,1.5855284425,0.060982735775,0.99698121475,0.85983843075,0.51273450375
43.985124046,5.8502862629,7.3223986312,0.094850263051446,13.0627196714,15.2150860541,1.5727705782593,-0.02812367710358,0.030726105726527,0.12372795600614,-0.52610667303529,1.3286808435,0.042990604489,0.88886026619,0.457193604735,0.46395706108,1.03034789783091,0.225892307960908,0.777654317263196,0.110314815757643,3.68224014036899,2.9159807878875,2.79300052413863,0.0225929118836519,0.0764899256963101,0.219721967596064,0.397849365764546,0.0757402972993038,0.00875720552057492,0.0717205025003566,0.122597791677252,0.0142799867668824,42.08738755,5.4245944925,5.9476739875,-0.10744299325,6.0327223875,9.7442880375,-3.53592618,-0.070354805925,-0.11450882025,-0.27816703325,-1.263263095,1.187133895,0.027726027725,0.72350963425,0.2190028825,0.43712014225,46.02434465,6.3072879075,9.04499363,0.31202777225,20.208217375,21.17795835,7.0336719025,0.016425604475,0.174907252,0.55333045275,0.251091222,1.4763824575,0.0625148297,0.9909138345,0.71288716075,0.493366871
45.532610657,5.8316099824,6.6175175407,0.432409972916,21.575747262,11.3373269647,0.40774927270463,0.0012791786406286,0.04380194591007,0.032077141348475,-0.04220866739254,1.2797523031,0.050477755244,0.94911458789,0.4340432988,0.51558308523,1.02174111250347,0.224274006840832,0.749270353434802,0.108436238792175,3.56762608296228,3.30537789412795,2.69768720201153,0.0201073383204305,0.070886228099054,0.212223784024323,0.359368392161105,0.0788640086168803,0.00889633608626305,0.035234559438924,0.0878942083432025,0.0146175244284572,43.545813075,5.417911075,5.350581785,0.22375937925,14.503839675,5.17083967,-4.7897007475,-0.038119231925,-0.09455909955,-0.3767999575,-0.738524742,1.1380514775,0.034953388425,0.8689136465,0.28641780025,0.48777500475,47.56981275,6.3184496725,8.2025821625,0.63881153,28.340342025,17.700462525,5.62152196,0.03873235215,0.18551811425,0.44223832175,0.666171008,1.4447927525,0.0681423641,0.99689528875,0.6331792545,0.54368618725
46.790935048,5.8591851341,6.848321846,0.58485928097,22.2182250596,14.4173975084,0.4180578192615,-0.01133656928403,0.05845046247118,0.03288810218139,-0.07218659444445,1.3865653383,0.052709204852,0.92169757172,0.45699593992,0.50447917682,1.04877851968567,0.206635432687176,0.734476137292017,0.113973266390837,3.79106756722731,3.46523413521875,2.84062829233364,0.0216271812658553,0.0754240286948635,0.223468786499165,0.381410412635551,0.0839541248507172,0.00956958033638017,0.0465982827537417,0.0951221081055826,0.0136486525453918,44.769734925,5.480643905,5.59960531,0.35183648325,15.01770215,7.724891545,-4.9087627025,-0.052752939825,-0.099360095075,-0.38616641975,-0.82974542175,1.2352871875,0.035749714975,0.82005071025,0.28755189675,0.4791312645,48.80254485,6.284624185,8.5895387375,0.80239844725,29.372992875,21.046311875,6.1062338025,0.030820677925,0.19971131625,0.4803700115,0.685178801,1.55715986,0.071472094875,0.99470278,0.676439726,0.53286701
44.836562466,5.7182859194,6.4590536283,0.35593159217885,12.6105886841,10.61640318536,-0.5320197552046,-0.02321664182238,0.066017894755131,-0.04185334964114,-0.2694462715853,1.3129859964,0.041737193384,0.94303184164,0.61672937276,0.50668574379,0.963760600822309,0.210006983565048,0.691688409152901,0.115179683487034,3.48201764920813,2.92126177271913,2.60556669948543,0.0215701736092693,0.070922660629644,0.20497677588262,0.383687676247722,0.0706501437202783,0.00781688371365695,0.0487113959562297,0.100544255112911,0.0143541073112427,42.86435745,5.32644584,5.2432091825,0.11033727,5.68544455,4.9896181575,-5.6776456175,-0.068000976325,-0.06441295075,-0.44665349825,-1.0868694275,1.18379553,0.02738346045,0.8257860965,0.4386821885,0.4795382025,46.60876535,6.1402317925,7.9984680375,0.563276221,19.68012215,16.0177264,4.1235672225,0.0175638302,0.21076710975,0.3243960455,0.466075401,1.471460795,0.058399118525,0.99795916675,0.83713734675,0.53519908025
45.016948198,5.7301168712,7.0578284783,0.330356293624719,12.8985469876,13.9817277071,9.0183833027,0.03104871880044,-0.1789528204562,0.709465289426,0.783919795905,1.2490834853,0.047906625344,0.85504800088,0.55545997673,0.4894084728,1.05990822293721,0.21431666262727,0.755042708676035,0.114927922097207,3.79397156197531,3.45348022380225,2.88007627438012,0.0226158251147459,0.0764166123265659,0.22657211167364,0.399806562519716,0.0766204227808946,0.00956074132892043,0.0691848684639417,0.101204483072233,0.0143596541584155,43.07298195,5.3377534625,5.72465146,0.106305178,5.949864795,7.605374575,3.5044907375,-0.01742540305,-0.32570243,0.2756940425,-0.04259668825,1.1020408,0.02941589375,0.71462387225,0.36724782925,0.4639904655,47.232549275,6.167809905,8.6609088725,0.5600901775,20.259707425,20.65435385,14.6092834,0.0718010112,-0.025763582975,1.1492946175,1.5360347675,1.417644045,0.06689990465,0.97345019875,0.766312228,0.51807674425
46.768687777,5.6116708985,7.3640328813,0.4063891270721,14.6026101391,9.686382258937,0.4568760485851,-0.007104527658288,0.03445501354308,0.03594188536337,-0.0138949240678,1.4066418396,0.054876598235,0.92511437827,0.58037031688,0.50395549174,1.04094905873053,0.211452012241484,0.798625480168243,0.130735251611784,4.2218834669893,3.53583581983044,2.88478470685318,0.021078592576251,0.0766331726534012,0.226942518284447,0.388270926063207,0.0876482915113628,0.00997173748672515,0.0400063018462096,0.109298467614454,0.0147255988437539,44.8020805,5.2302597875,6.0391210275,0.15832301925,6.738421575,2.7017636375,-4.94480411,-0.04919245015,-0.112571066,-0.3890017485,-0.78600694375,1.24587971,0.035851487625,0.834190598,0.3932881575,0.476772229,48.782652,6.036201975,9.106279355,0.66461053075,23.3078412,16.809379875,6.0844419875,0.033406464925,0.1856293775,0.47865568425,0.7306726715,1.5935946275,0.07402927735,0.990238715,0.8185096195,0.533401419
44.605756205,5.6980351029,7.2071412895,0.23262894809327,18.2885962647,11.5134561034,2.2724887854778,0.0062528313550446,-0.00636061589153,0.17877393989627,-0.027469479398181,1.3723160272,0.056241455031,0.91333809711,0.2550433404635,0.50945898001,1.01067858623834,0.190398079228268,0.724295692396984,0.0841889725325238,3.43850966203129,2.83248261945165,2.49683075434338,0.0183300159072043,0.0664173185575345,0.19642265066098,0.330229593735043,0.0753617527964059,0.010387910303209,0.0425187798903689,0.111197903945299,0.013292872328409,42.54868415,5.34879211,5.95007411,0.0755721045,10.8123483,6.0074284275,-2.957777705,-0.03005547,-0.13338774825,-0.23268479225,-0.70474536525,1.2298135425,0.03543505885,0.82694656725,0.04294663165,0.4846184875,46.618022775,6.075716645,8.7882988175,0.39378699575,24.54920885,17.018853425,7.1304870775,0.042611185475,0.12889037025,0.560946783,0.63517808225,1.5203911125,0.0773832639,0.984132007,0.4617172315,0.53615825875
46.286862555,5.5909551984,8.002315711,0.11926430555255,11.68131494943,21.107211503,8.957939616,-0.005085178514546,-0.14275862470229,0.70471025765,0.118759842404408,1.3019967313,0.054078490187,0.94908617923,0.60573944997,0.48064455376,1.19575720387072,0.201893513725242,0.812377778139624,0.131089997350821,4.10665531322797,3.02126487065055,2.68480819276915,0.0191540864328853,0.0705147999954184,0.211210607317184,0.360248950692786,0.0754962609182337,0.0080400762592947,0.0314776752670662,0.0944231069430066,0.0140534031851966,44.021634625,5.19384173,6.552601965,-0.13564664825,3.53491277,15.092804825,3.8964589825,-0.0415493996,-0.286369319,0.30652970075,-0.587619988,1.158868295,0.039728774225,0.87084456275,0.42834675175,0.454244974,48.659457575,5.990099065,9.7577229675,0.3730128345,19.5079017,27.334093775,14.20245195,0.029780504,-0.01190569895,1.11728966,0.81453526475,1.45917248,0.0702614331,0.99387516275,0.80851911775,0.50857200325
46.845533946,5.9431982716,7.3490481287,0.3162802413381,18.375897941,11.48720762292,2.7486985862405,0.0100240987085841,-0.019516206263538,0.21623678784822,0.122430548179895,1.3634123465,0.047782859259,0.97669851393,0.54868347943,0.49030499336,1.07885531402991,0.205213238432757,0.839461249112606,0.129249589109325,4.91906396664011,4.12162968012533,2.81857743649096,0.0165314276922869,0.0697853134175187,0.221734072628779,0.325086176598648,0.0840123879114852,0.00764972345875701,0.0215190900319502,0.0941278412312257,0.0136178708745289,44.735131825,5.54905911,5.8609373775,0.068815252875,8.9551852475,3.5412701775,-2.95976343,-0.022462578525,-0.1616236265,-0.23284100275,-0.4984501095,1.20752383,0.034123890775,0.92073970675,0.39100268175,0.46508645775,48.9743792,6.3607646325,9.22162526,0.57170660225,27.690153975,19.534420725,8.51963931,0.0429367657,0.1136091885,0.670229705,0.7807016275,1.53604252,0.063680233075,0.9990017875,0.75345369725,0.5175269255
45.061680668,5.8090325441,6.291964716,0.31065289406325,10.791067437725,8.100476615998,-0.814890559646,-0.017932864870523,0.06156092287446,-0.06410645320512,-0.21249932629903,1.347021384,0.044760592427,0.95183020378,0.67478550645,0.50198333767,0.951767330574277,0.221801560785839,0.69476858378026,0.141637108267781,4.37528401107942,3.73480245932877,3.00691954440435,0.0232913405315568,0.079196479284483,0.236550717839518,0.408880390566571,0.0825448445612385,0.0084729470671282,0.0471605383503616,0.106932760824346,0.0148442162054028,43.250715225,5.3971158175,5.0708926175,0.02658436665,1.5643055475,0.237621756625,-6.55251024,-0.064185649,-0.096644786175,-0.5154780485,-1.00974122,1.2046954575,0.02926342515,0.80750143175,0.470969314,0.4731544595,46.9211837,6.28174883,7.7728132025,0.57079073875,19.0478956,15.1752537,5.10278311,0.028477167075,0.21350463325,0.401429768,0.57614635175,1.5179432175,0.0625928667,0.9984709085,0.888964562,0.530325158
46.873856168,5.7951765499,8.31354889,0.3000714970596,12.83387988199,3.6237454232542,-1.1062060764061,0.005382869916283,0.047830048010004,-0.08702389178747,0.02775422059341,1.3708041966,0.064468434653,0.92358894587,0.39427534798,0.48471351151,1.18406909622736,0.213099504248838,0.891962850597972,0.106592428779648,4.45187396976207,4.01142178256514,3.11162999231887,0.0218578511925382,0.0802205282637112,0.244788161923242,0.393698272064071,0.0924572826747646,0.00909706969538631,0.034571249743167,0.101790756487137,0.0151068049699444,44.5419511,5.3883746225,6.6990967525,0.09698085065,4.1949567925,-3.66556471,-7.4453970075,-0.0368078669,-0.108617202,-0.585720365,-0.72882172975,1.198128815,0.047412274425,0.84294186675,0.20927966425,0.4569751695,49.25051955,6.2352367325,10.106734375,0.49999762525,21.5723351,11.7148457,5.337416405,0.047494233,0.209054382,0.41988808375,0.79616858175,1.565513355,0.0836748264,0.97992692675,0.60620228325,0.51503602675
47.239404415,5.6635808478,6.3580229111,0.2541472662912,20.3690003868,15.5727307702,4.7741327316185,0.0105209801907953,-0.05512445993692,0.37557523857453,0.09730959807096,1.2396000575,0.047835141131,0.94433162636,0.50657608801,0.49663210049,0.966042501648025,0.203536352360289,0.703952635641443,0.123543984223606,4.33644572623155,3.6344575322352,2.53939000388004,0.0153704689191372,0.0622664993609423,0.199770735348187,0.299133276369046,0.0736687034990535,0.00757983900664816,0.0313362978344761,0.0834624244064884,0.0136758926214704,45.332148575,5.28966765,5.1136354725,0.02191131045,12.00871675,8.40844209,-0.25675586375,-0.019284393775,-0.17398368325,-0.020198672525,-0.51561335275,1.1004070825,0.033544710175,0.872472844,0.3593776755,0.47283129375,49.03894905,6.0836923625,7.7987579975,0.50324365225,28.885359075,22.5769527,9.8554360825,0.040598227075,0.0700483534,0.77531521925,0.6773262345,1.387906305,0.0645663575,0.99242796275,0.67885785675,0.524023284
46.402507806,5.8119414803,6.4606875578,0.195415931318776,13.64800436546,4.6630462750738,3.588986627598,0.03647319704511,-0.07558506737452,0.28234123010927,0.49637872911869,1.3030285822,0.054102641681,0.89327073222,0.55160286902,0.50354870188,1.00366672770049,0.209466661622715,0.737232557531965,0.128009614655009,4.46833441555656,3.6879478691109,3.35445801821545,0.0266250843626724,0.0887992897885649,0.263891148606126,0.462441886259766,0.0802626362439653,0.0112447673176907,0.0644189016885914,0.0945408620111123,0.0153313875835888,44.453475875,5.4097310175,5.2253296675,-0.05554643615,4.4520533975,-2.525396305,-3.3889492675,-0.0182797546,-0.23709221825,-0.266604531,-0.46274325375,1.159677825,0.0350369893,0.75135614175,0.38137378525,0.47567618625,48.38141535,6.2290446575,8.1084180725,0.44743828425,21.7498057,12.118690775,10.064798525,0.086689358925,0.10823604275,0.79178552225,1.3750027025,1.4627097675,0.079558776525,0.99398537875,0.7556982755,0.53510521625
46.311554881,5.4109902146,8.5776335758,0.526464983905,18.6643872797,6.194134614268,1.73693896830118,0.02777670605791,-0.017494053265469,0.136642884420385,0.5232502986877,1.4083277726,0.051840702575,0.9023826821,0.48504342633,0.48396103441,1.3428349457754,0.204181560817164,0.836586981319422,0.124869024138301,4.0475337635028,3.1914594858236,2.72030539885476,0.0195931084765374,0.0728823824124184,0.214003130308115,0.36890656876212,0.08367559261239,0.0091475081982282,0.044130834904034,0.0983334191164267,0.0137423757935639,43.63746765,5.026690695,7.1589611775,0.279649311,10.342139725,0.16262205625,-3.364319005,-0.010782200375,-0.1684500145,-0.2646669,-0.18862600575,1.2527416075,0.03415994545,0.804825665,0.29520253475,0.45800815825,48.81510955,5.797878695,10.370692025,0.78109902775,26.76228335,12.279190425,7.390924015,0.0681625627,0.12070506625,0.58143503175,1.269405055,1.5786639775,0.0693438183,0.9688229115,0.69806355075,0.51110640925
46.179470038,5.7288186116,6.3806846784,0.0977052551599,10.12477765063,9.057312112173,5.696039708254,0.0232044116429577,-0.11192966670877,0.4481005435107,0.38545957444916,1.4025557113,0.065556191051,0.90922104386,0.44356726403,0.49813675606,1.01751039618161,0.204646420276673,0.72495386142074,0.116784829063266,4.36494454719899,3.59197355386049,3.35730879405181,0.0276310775703027,0.0921471514651957,0.264115415718774,0.474875624200653,0.0830634954189701,0.0113446450416707,0.038368200281635,0.0991140222847949,0.0137142914101548,44.148025175,5.3376599225,5.146475365,-0.15017354475,1.9095335375,1.82228415,-0.9410381675,-0.0283753784,-0.30449737975,-0.07403033215,-0.52552230975,1.253893725,0.0436020854,0.83397981225,0.26268903175,0.470765137,48.066268025,6.1220372425,7.9126825025,0.3213613625,18.852909125,15.967811775,12.7123819,0.0817893581,0.0656677710499998,1.00006762,1.34310196,1.5714264225,0.087691712425,0.98093176725,0.6452535175,0.5261823485
46.061899363,5.6984371695,7.8389622873,0.3324333164317,20.5218707824,19.3201964451,-1.9643893860394,-0.05514978623295,0.14739663259829,-0.15453613341506,-0.9580793835167,1.5516177098,0.077954819445,0.89385345292,0.359174659622,0.48899838029,1.18148690984528,0.21798394956313,0.794063148330133,0.127690850392017,4.93541029122816,4.17405977540158,3.48349292608344,0.0293162830744957,0.0951050614504233,0.274042168809562,0.497963843351778,0.105908805559828,0.011775374463544,0.0457554989393009,0.140762860755784,0.0142922670222537,43.612771975,5.3010667925,6.5379998575,0.0856231128,11.30169345,10.867485275,-9.0610365925,-0.1155225465,-0.04236411225,-0.712820776,-1.987377045,1.3584257075,0.056512349225,0.787288846,0.060006301775,0.4622863295,48.40182425,6.12112616,9.6574508325,0.574046104,30.20946285,26.881673,5.029996235,0.00324365031249999,0.34197111875,0.3957037165,0.0174656229249996,1.7689317825,0.10052753275,0.96384842975,0.61885074725,0.5191257985
45.787196169,5.6459166737,6.5857395999,0.2663145611824,15.7408837687,12.2889580443,2.81349978392725,0.000619690714885,-0.01740260608451,0.221334619711607,0.01185225108327,1.2913514454,0.043201854987,0.89350855824,0.49954133606,0.5214355729,1.0439971381753,0.196951807207948,0.711605478322671,0.11125283685358,3.65129135337704,3.24249618825553,2.65526284558449,0.0185493306747275,0.068347575960736,0.208886311501782,0.335257070025929,0.0809025027944188,0.00947619779519957,0.0549845522811862,0.0933532736739548,0.0133002040036422,43.550124725,5.259600085,5.33572869,0.048914373475,8.7983944,5.6797997775,-2.3489584725,-0.034727022875,-0.1518769365,-0.184789715,-0.6211283385,1.152543265,0.026320075225,0.77016228625,0.3313912565,0.49550717925,47.76047715,6.0249563525,8.2666089975,0.4793963315,22.858972275,18.458833475,8.05030011,0.036727013425,0.114204906,0.6333073595,0.6866915805,1.4770392325,0.063123229575,0.98742910525,0.6796342585,0.547911677
44.426649317,6.3130869551,6.9149374178,0.3106473150638,15.7157477698,8.79991607648,-5.188417357884,-0.041255214163923,0.18460425221704,-0.4081665082874,-0.80514655275304,1.3766980303,0.052589863651,0.88601389574,0.63281603234,0.52098592783,1.00725409492397,0.222355308325732,0.744468018455408,0.133316258867152,3.65256312427834,3.2991493787694,3.03466574615726,0.0278898514564565,0.0859105772331985,0.238733478222698,0.473641274326575,0.0765338955404147,0.00941803048241452,0.0559654564492929,0.10803984778601,0.0148738301033567,42.424593025,5.89367955,5.67181819,0.036558214525,8.50758722,2.2960694975,-10.79726255,-0.096602858125,0.01588718945,-0.84940753925,-1.7010182475,1.229979695,0.0352596854,0.76129985375,0.4370211915,0.49228987875,46.321746875,6.7711790075,8.5263177125,0.57104736125,22.78274275,15.13773655,0.584378655,0.0111501103,0.3511745955,0.045972360825,0.141152778,1.5324868175,0.07205264545,0.9759709355,0.8546848655,0.55002331825
46.072316802,5.6914398452,7.0661479461,0.29026811924697,9.8822993669896,10.06947159819,1.6022687209828,-0.011649684551162,0.00497588349079423,0.12604853933649,-0.035791449558924,1.3575493629,0.05136919312,0.88116444175,0.55684861646,0.49644930285,1.02956868016319,0.215312113401499,0.77735941970473,0.128851597627534,4.59549446458385,3.98318425834146,3.17565701365821,0.0229095885821824,0.0824100574613286,0.249825090365058,0.420483264626928,0.0888950152456923,0.00989613482812946,0.0581924245494477,0.0988696483001782,0.0154207097367071,44.1946915,5.2832645,5.7379035675,0.0246268678,0.9533934485,2.153323655,-4.464436665,-0.0565325337,-0.15195027925,-0.35121182175,-0.8512405855,1.1900983025,0.03456966275,0.75170563575,0.381301943,0.4680206205,48.1023441,6.099810055,8.8001412175,0.52810709075,18.544844625,17.648302525,7.65650572,0.0319109691,0.1630597185,0.602328027,0.7842197885,1.54485868,0.071600533825,0.969039372,0.776057748,0.527152077
45.425408397,5.351531594,7.2266363893,0.21979976510547,15.6320381385,14.0456040874,0.8535231924697,-0.021913575093203,0.04473455785679,0.067145635514016,-0.40642948678893,1.2807709922,0.04628744443,0.86879911746,0.3926887319135,0.48971557406,1.07457465824398,0.189248967832785,0.781389832826444,0.0976329301203332,3.65076881380943,3.04092826066925,2.82278036660822,0.0214458112336701,0.0756054405400384,0.222064712039805,0.387894740232065,0.071840588709826,0.00820399799293277,0.0626253156930647,0.123109837330462,0.0142369005393617,43.25148695,4.9986909375,5.912653265,0.03544630665,8.6140886925,8.46078354,-4.45936133,-0.066555925525,-0.1054050625,-0.35081255475,-1.182001715,1.14956695,0.0320992616,0.71070733475,0.06242593965,0.46489610175,47.749143925,5.7516430125,8.8846449125,0.40693316575,22.816596975,19.9695396,6.297641625,0.019620397525,0.19138874675,0.49542784175,0.3422589015,1.42419947,0.063202107075,0.964122067,0.61040647,0.518568537
45.453447591,5.6743622718,7.1030942808,0.2917128304409,13.83913857219,12.0277056937,1.4723400423178,-0.0123387557920102,0.0180230042742288,0.11582720764382,-0.14147622905316,1.3491120226,0.045745656914,0.95579632807,0.41992448318,0.47504296678,1.04132244193878,0.227062982760351,0.785227033193993,0.116739212989709,4.11002121889045,3.47016000879309,2.70682806856669,0.0173968367811355,0.0686307441729191,0.212942885050583,0.343846372857274,0.0779153060096337,0.00798655999074182,0.0341864346201542,0.099537765838872,0.0149657135563721,43.522305125,5.27089753,5.7150574025,0.06640606115,5.604254935,5.4875514525,-3.9589223,-0.0454862323,-0.11289186575,-0.31144361775,-0.81590607125,1.20718673,0.03108591485,0.871632782,0.22717898975,0.4470066975,47.557618625,6.1455372775,8.8157397025,0.53350551725,22.079739725,18.614788225,6.7376401825,0.022411731325,0.14924768675,0.5300419955,0.505128849,1.510759055,0.062503290525,0.99843092125,0.6234892855,0.50712191925
44.994068461,5.8194892147,7.9772530066,0.309367951296,22.146074923,9.37101940071,-1.43318475614839,-0.0016406088521317,0.0846353952568,-0.112746908608746,-0.2876941974309,1.21290761238,0.050098237405,0.86171060229,0.5071505898,0.49522713329,1.17404422325321,0.211580779023226,0.802268137102709,0.105896613411459,3.69977963077473,3.12084423701721,2.89204146508961,0.0237533350878811,0.0792659735448805,0.227513398675053,0.407924352217104,0.0822982062077749,0.00977677948660463,0.0599362294155532,0.101192924000066,0.0148978457905129,42.736350125,5.4261415675,6.568013725,0.10868661125,14.564993725,3.50923376,-6.8909302175,-0.046273792425,-0.0831604353,-0.54210113325,-1.0853653325,1.055226965,0.0314953112,0.73349693425,0.321800551,0.4677799005,47.284303775,6.25751414,9.6245157625,0.5162656835,29.600625825,15.811610675,4.6648564475,0.045558695075,0.23295226375,0.36697860225,0.55691503175,1.375364575,0.0703420675,0.96980650225,0.73047187175,0.5245668985
44.770338016,5.4651118794,6.7852481717,0.04464465043171,13.2580026704,7.419651267862,3.0290378481678,0.018801611332913,-0.0469031955226761,0.23829073802208,0.0984847916367,1.4344073458,0.057168712809,0.934075481,0.50929796223,0.50671724789,0.967854166549174,0.186210919497235,0.716051462782997,0.112320298748306,4.09571154191318,3.54711341601954,3.33569053877117,0.0260384351703314,0.0897360568270272,0.262414733335999,0.457727112831978,0.0778875662766644,0.010388301365313,0.0415311801999404,0.0984549444470024,0.0139898784680773,42.846421,5.102442125,5.5173548275,-0.169670288,5.243053975,0.639081088,-3.19475085,-0.030179282675,-0.24098397075,-0.25132718325,-0.7708058885,1.28585175,0.0383550906,0.843604531,0.321862715,0.48140074675,46.6668817,5.824276025,8.23461561,0.26379104025,20.934537925,14.42181855,10.012515425,0.075060397325,0.115677962,0.7876724855,1.074631105,1.5912998675,0.076911820825,0.995017541,0.7040598755,0.5344649825
46.357857574,6.1444114391,5.9970858775,0.296224879944,24.78260216,21.5473720057,0.55856459234974,-0.037171122140204,0.08916873824868,0.043941599994908,-0.7591948007379,1.3627815237,0.052281065582,0.94621919005,0.3838844027062,0.48105582055,0.907319407333615,0.237581521644977,0.721396694225841,0.111537958581391,4.0943495438732,3.84591915053355,3.46364471979918,0.0242572737243005,0.0906651285300088,0.27248073443891,0.437955723950418,0.0941975518925689,0.0114154018895317,0.0449881727171922,0.151588581438337,0.0139847096272892,44.407798375,5.7006903475,4.7380844875,0.07885135875,16.943940925,14.697784825,-5.9748744225,-0.08427127915,-0.09387648515,-0.470036136,-1.588587395,1.19027011,0.033634440125,0.83596116025,0.028424027975,0.45444831875,48.065637975,6.5913324925,7.565961855,0.5180456385,33.32386385,29.8056891,7.5232821875,0.00969142944749999,0.26447324375,0.59184749575,0.0807149898249996,1.5452232575,0.0783000253,0.99835884175,0.6426401495,0.50872794225
45.64435494,5.5218818325,6.9365825992,0.461588581874,21.1114679503,11.23239661177,0.796485502298,0.003486998831405,0.0326580871577,0.0626585493539,0.0420630503326,1.3840187879,0.04812915246,0.8952710543,0.59284394065,0.4988438536,1.04388728532593,0.203101189268131,0.712173543141181,0.134834865548526,4.74089199808149,3.99782010903908,3.35376768426692,0.0257784641211268,0.0892922320441696,0.263836840777307,0.464073748170001,0.0965166118721858,0.0112813355053416,0.0657649699843445,0.107791502982565,0.0154800549898612,43.60726385,5.1482028625,5.610909365,0.200207216,11.560953575,3.2425136875,-5.8106484,-0.0451867262,-0.13927817175,-0.457116672,-0.87747503125,1.2134657075,0.02585147335,0.74229309825,0.393457218,0.470053565,47.79874825,5.93875041,8.3969198425,0.7113217515,29.65998685,19.00009485,7.0318328325,0.0550270182,0.213555968,0.553185772,0.95120619375,1.57867685,0.069792121875,0.98999239675,0.81103973075,0.53014982
47.403674424,5.6213365764,7.8554690766,0.400109458633,20.1338458859,18.9872222581,2.6845086229225,-0.020887810009981,0.018596008122707,0.21118704123569,-0.24846536873061,1.3618796966,0.042522246242,0.95239104476,0.69783302975,0.50961059301,1.08372697254566,0.213459558828842,0.819043642861335,0.141254698902227,4.63774517817182,3.84914237869237,2.96124351612637,0.0169880305680677,0.0736291784968591,0.232957440172786,0.341127753250915,0.0947889941603287,0.00775733363630492,0.038943441834217,0.120319555205224,0.0160243836304521,45.21263025,5.19321824,6.3567003525,0.1089289685,11.168644,11.146898225,-3.19627906,-0.05436357745,-0.1311569695,-0.2514474025,-0.9306461895,1.2058897625,0.028724717675,0.86005153525,0.4810670255,0.4791063065,49.569904725,6.0380908175,9.61223987,0.68211269825,28.694243775,26.659542,8.595706605,0.01180824025,0.160593309,0.6762138295,0.41535384975,1.564665755,0.058967253875,0.99840244675,0.94867385625,0.541434407
46.283350125,5.5017464949,7.16996662,0.384130787142,18.0740188364,12.850837642554,-2.9829162021982,-0.038439831092755,0.14390191800229,-0.23466240381706,-0.6655436566449,1.2414622228,0.043717020272,0.86976924731,0.50595633462,0.49525826862,1.02276465334945,0.21664464491367,0.743889573507436,0.124355444824687,4.30415552466704,3.70373779332919,3.01017337722507,0.0218112214169123,0.0797350104896307,0.236806692586397,0.397464403118155,0.0792764769807327,0.010007494632002,0.0720060349550591,0.103255070554775,0.0153622851539351,44.086998025,5.079619005,5.8794807,0.163898137,9.5358557575,5.0104914775,-8.56108174,-0.07920317205,-0.0148027576,-0.67348993375,-1.4347164,1.09423093,0.0264993503,0.70587473075,0.3261819615,0.46579626675,48.18325045,5.9213718725,8.7701253525,0.660651687,26.177448825,19.908813775,3.0054497375,0.0052073239525,0.292079317,0.236435085,0.13291346275,1.4143503075,0.0639537758,0.980253319,0.74338738825,0.52641162075
46.954534378,5.4057422489,6.8151936083,0.3723863081005,20.439277081,16.1926791478,0.343803929213,-0.024227232212459,0.069087552403012,0.02704663871096,-0.41704708694437,1.2932211235,0.052386040205,0.86458960536,0.61132641753,0.50793087395,1.07964247814736,0.205755131863779,0.741932906379518,0.140281555045285,4.67581077508461,3.82836070839873,3.04841817466953,0.0237838971493769,0.0809598159545446,0.239815364984997,0.417292041798834,0.082019886564649,0.0114796925556039,0.0582083171699643,0.118786187338406,0.015176197703225,44.73054695,5.034078695,5.5074319775,0.0914348319,11.7778635,9.05426002,-5.470199665,-0.07132659815,-0.089647999875,-0.4303339775,-1.253010955,1.1532259875,0.029394824575,0.7304271025,0.3972952375,0.47756778025,48.899367275,5.8562102125,8.4292062675,0.641053899,29.32905225,24.00700285,6.32721402,0.0219839982,0.2170106605,0.49775426075,0.400521691,1.45682438,0.0746748051,0.9668623745,0.85656648,0.53707201125
46.724716448,5.3785795604,7.1391641105,0.3170426836301,18.6691205379,8.181514451691,-0.1773614250237,0.004776720944222,0.044511956082718,-0.01395280845975,-0.065071274277827,1.2816095304,0.052629330868,0.93684331247,0.66035357788,0.50768591388,1.03366185661951,0.18894467204817,0.801426845703723,0.132099482815392,4.20398502268228,3.27911507400217,2.65099358886117,0.0195836998153229,0.0698868594824728,0.208550454310402,0.357139101946928,0.0722399794481617,0.0093118511019859,0.0350640403493775,0.095918381718236,0.0137138961441447,44.590697725,5.0221975125,5.7451930125,0.045718627925,10.068810025,1.8647499275,-5.3312950025,-0.031302708575,-0.09572819295,-0.4194065135,-0.712488009,1.1400652575,0.0341311413,0.85982898225,0.4966702865,0.4822705635,48.640235775,5.737371435,8.8303211,0.554965632,26.21125405,14.6137996,5.2118811175,0.04493503005,0.177733763,0.4100123705,0.6304163285,1.4268526175,0.070374311925,0.996045056,0.8568260345,0.537131388
44.019453823,5.9590536443,7.3689877922,0.48818047522,18.3259103518,12.4225669443,5.11069694479805,0.022685820963418,-0.07960264465207,0.402052337099239,0.55393056351699,1.17910432086,0.04902131528,0.92127314156,0.62285357631,0.52126497379,1.0727033256857,0.210560231278016,0.820739912112549,0.12068665956864,3.56569185362912,3.42812973692122,3.3277457196988,0.0322369567832553,0.0946159069362876,0.261789723717917,0.53838841077581,0.0726426032435272,0.00854707776638788,0.0521199345459971,0.108937495837734,0.0166322187255851,41.829585225,5.5429417225,5.847063165,0.2534088835,11.274171025,5.855819895,-1.63000571,-0.042069757275,-0.2663073965,-0.12823056975,-0.47106601375,1.0452618375,0.03342512435,0.80314874575,0.4216268305,0.4900576535,46.061014675,6.384558115,9.1778065325,0.7468776015,25.411433475,18.909674425,11.528941075,0.088268340875,0.10345792975,0.9069678465,1.6107568425,1.331483865,0.066091277225,0.9940971525,0.84853491075,0.55274183325
45.564413865,5.6023078066,7.5762401081,0.2498127872285,20.0843714556,14.6064369979,4.992207869543,0.015885371816114,-0.06577473067226,0.3927309453687,0.17930002303277,1.3562071191,0.043380319054,0.90781660549,0.47406327898,0.51633937398,1.16796034699066,0.200557902997661,0.795800329305298,0.112386168335969,3.65651074565577,2.9690505975938,2.92992213544228,0.0203980212655605,0.0774251602684452,0.230493424741088,0.376936339037999,0.0804620529212081,0.00902340558676632,0.063462597413975,0.10740037565421,0.0146352116492113,43.063799325,5.23187725,6.22995296,0.02143548785,13.094333025,8.67537315,-0.61985171975,-0.0208879602,-0.21612832975,-0.048762983125,-0.521018582,1.21357904,0.028116264975,0.75791444825,0.28018751725,0.48832901225,47.531415275,6.02575818,9.3955163575,0.46090058775,27.6019896,20.2611518,10.903320925,0.059173696225,0.084311518925,0.8577510265,0.9259819,1.5187535375,0.06291412475,0.993685095,0.6972358945,0.5471819435
46.309328517,5.9621749247,6.6969341838,0.07854804239545,12.755184382,5.253996348482,-4.085915444971,-0.023875375805806,0.1372528017157,-0.3214340184532,-0.6945454965146,1.3298663976,0.053040434904,0.95269271083,0.45373024192,0.49297423515,0.935485545592066,0.203632921877544,0.787225782394072,0.104693780094708,3.87233187377829,3.33775237389881,2.37134775300317,0.0163488825943413,0.0610465741174056,0.186551055358565,0.307835756277021,0.0769528711484146,0.00813136664940211,0.0353013768009437,0.0859900561362156,0.0132092166593924,44.605953575,5.5905583075,5.387036135,-0.12227871325,5.0388615225,-0.8908940685,-8.7162456525,-0.0556871858,0.0232759936,-0.68569648775,-1.2923417725,1.1883566075,0.03815097475,0.86642942275,0.29806417975,0.4684884255,48.152484225,6.396059235,8.4584950325,0.27342467425,20.303964375,11.573250475,0.4922539825,0.007185728015,0.2582356305,0.038725024475,-0.091883128325,1.4863521975,0.06999359065,0.997111221,0.630083354,0.5187325095
47.928039372,5.9326563725,5.7607472881,0.3212737801575,12.5505389641375,7.14336942305149,3.73271324708887,0.023507805386725,-0.0674939157655,0.293648029349249,0.481150706213018,1.14978253852,0.033635016301,0.89307705186,0.50526912731,0.48898392984,0.837321857588333,0.227134356225889,0.671352252143701,0.116778489522814,4.0917736785661,3.48573577610921,2.63182365170504,0.0171673507949605,0.066791198715376,0.207042378635635,0.320311038682128,0.0718554138967507,0.00817297579700768,0.0734742077214638,0.0899700788743429,0.0140556632242153,46.299532325,5.5010698875,4.6253696325,0.089563244875,4.1990749975,0.1471559595,-1.5365482975,-0.00988562323,-0.19156527225,-0.12087839525,-0.1584651025,1.0179769625,0.01998432115,0.74186392975,0.34326628025,0.46113756275,49.512154825,6.3955716625,7.195602125,0.56033522025,19.8511401,13.80161225,8.6828204825,0.05698412405,0.067061167525,0.68306696125,1.08876253,1.2962276475,0.05061040505,0.9963567485,0.6978036445,0.51628186225
44.838258818,5.9339402852,7.0606968876,0.192675902702388,10.117481808353,9.04775162597,5.549233296632,0.022169158982049,-0.107959618044146,0.4365514605467,0.4612389796333,1.3944088096,0.052561678749,0.94599157631,0.49113644841,0.51611860234,1.06550196689711,0.206211131933926,0.781542033192121,0.116102711415831,4.41165359269421,3.51439015977735,2.96810291856479,0.0222767818282449,0.0779161417596089,0.233497060086073,0.400190586769163,0.0828158056483897,0.0102590124938932,0.0434947421638022,0.0945110646602326,0.0148502204798469,42.765433225,5.5438440075,5.694005965,-0.022499718625,1.8873940225,2.26257723,0.21505723725,-0.01991088835,-0.2592532895,0.016918292725,-0.28723757625,1.245026625,0.036905037125,0.83986893825,0.3245703945,0.488270473,47.08870215,6.38252223,8.7024713425,0.43125904325,18.954518525,15.972340575,11.404025775,0.067148517725,0.033867315075,0.897140861,1.2468216675,1.5746849375,0.07639728915,0.99828639625,0.67694027775,0.54514611475
44.462928817,5.6727351475,7.1827548618,0.27103554245913,15.0421924758,5.040229020329,3.6686910789234,0.038580095206231,-0.075937274834576,0.28861148282077,0.570275404917101,1.2729687106,0.042185612709,0.84333710797,0.6140265881,0.50543217176,0.953586653840566,0.199521927882488,0.767654180128096,0.129380553409465,3.72177972422453,3.20706296224114,3.07402161213035,0.0264116539515,0.0844952285103054,0.241829556530451,0.449675466981262,0.0728734937499824,0.0101349220925415,0.103610807244771,0.108894780747911,0.0147000516627155,42.466305075,5.2809010225,5.8626085275,0.02047438965,7.81084214,-1.3793239325,-2.3042532975,-0.013144568975,-0.234519032,-0.181272818,-0.31462031125,1.142258405,0.0254545172,0.61450678575,0.4183246335,0.47600482325,46.4633174,6.0687436325,8.8419488,0.52191517475,21.953409075,11.550408975,9.46262877,0.0915005283,0.086279535675,0.74441354225,1.4596114475,1.428388415,0.063356654325,0.99022506525,0.855075324,0.53475003325
47.044130799,5.691187555,6.6062403187,0.170218537305,16.4657102516,15.615287885,3.35135153934,-0.009121021733419,-0.015993108509581,0.26364676566007,-0.210262587319,1.2348648897,0.045821286767,0.74593670329,0.441454353862,0.51679284742,0.958021919552157,0.223972812557619,0.688985640294682,0.120376465187132,4.41406670166283,3.90143318442394,3.44515612947228,0.0250695053435743,0.0908527251964978,0.271026259393257,0.446164112858742,0.0899762263091467,0.0129939331881943,0.10828088706483,0.11576200157094,0.0155152469056313,45.239640375,5.288577255,5.420487835,-0.0749559188,7.603939815,8.2255129025,-3.54415942,-0.061381218025,-0.1887187425,-0.27881473,-1.091582435,1.0714195,0.02241586105,0.518096308,0.2143344685,0.4882754535,48.854827125,6.1557689825,8.047908975,0.39171166675,24.867102425,23.696762975,9.9860398075,0.037693631425,0.17176875325,0.7855896495,0.645917423749999,1.42585931,0.0715456826,0.96861831575,0.67674235475,0.54719934375
46.057610863,5.5125461357,7.8988958066,0.303201650159,12.8655329693,6.3220425536749,2.40684205759832,0.0184386675617586,-0.035201519362939,0.189343348841232,0.33770947753116,1.4674723835,0.061748724524,0.91218969715,0.20759846341463,0.50150115501,1.12509108767849,0.200593655763439,0.819355906017579,0.0933922617189128,3.59321468830968,2.9992307867949,2.49354755491992,0.0173199704567847,0.0657381780475632,0.196164365429948,0.322553968726072,0.0828407075266488,0.00748064140711934,0.0346118892677928,0.100102511083687,0.0137210141185845,44.03951285,5.1501843825,6.4044675075,0.1191931515,6.0017991475,-0.00612949164749997,-2.59793265,-0.01578048465,-0.1771728615,-0.20437621075,-0.30597112775,1.316128905,0.047158584375,0.8361953875,0.00965027465,0.47520787925,48.418414075,5.9076022975,9.613231575,0.47312775125,19.1569391,11.848339925,7.4756279575,0.053245295975,0.09421265545,0.58809859075,1.009113375,1.6314139375,0.07607754195,0.967838046,0.4111246255,0.52955729975
44.911341667,5.9074347252,6.5208205012,0.273560417248,16.1056580005,8.37491504755,-0.9234782882256,-0.007523305169871,0.065862043826292,-0.07264891828689,-0.24027492790393,1.2636770184,0.037678849816,0.90164383486,0.39327138114,0.4930253437,0.91857477960773,0.220190938964948,0.733660425540777,0.10165348077514,3.62197910148997,3.20711716012318,2.9475159847248,0.0233245213531957,0.0802183665206636,0.231877512185713,0.402967827349717,0.0798588314901274,0.00878115675247587,0.0729482648164615,0.111804436145387,0.0151742513809629,43.03693925,5.50049408,5.2114295325,0.08211678945,9.0011444025,1.73868239,-6.677424155,-0.055583362025,-0.0814855878,-0.52530486975,-1.05892514,1.1218170525,0.022099147975,0.7217440515,0.1868343885,0.46470268,46.7111332,6.3583870525,8.13777467,0.48153607025,23.442199,14.290221325,4.481600785,0.036914042675,0.2266478715,0.3525621025,0.5556450165,1.43288537,0.057057673575,0.9935682025,0.620610148,0.52232752475
44.425827419,5.6699175158,7.2659497692,0.2422537972074,19.318201842,17.8404483282,3.16344577606546,-0.0140490685072347,-6.59090247080002e-05,0.248864446702229,-0.2779628750445,1.2555627446,0.046714392234,0.89509454181,0.64602773877,0.48758360069,1.08336893630795,0.204727879897627,0.812655613774892,0.11917128852542,3.51698040380232,2.9745099684681,2.89293991215392,0.0251405235733752,0.0804094984528611,0.227584077555744,0.43968138082338,0.0714883702388,0.00941612458413898,0.0593390645863848,0.102895034391266,0.0138514130538094,42.34832115,5.2956234425,5.8349434525,0.005774232085,12.60279475,12.256342475,-2.350318395,-0.06232828225,-0.16461551275,-0.1848966995,-1.12377627,1.125419645,0.0297835106,0.76135258575,0.46043004625,0.461513954,46.5758645,6.130990285,8.962348135,0.4665400905,26.40735555,23.54035525,9.09646902,0.03436222185,0.15221906575,0.71560820375,0.62869241175,1.41424953,0.065533607225,0.9844976715,0.85722932725,0.51597592825
47.187149449,5.8658352969,6.5736257115,0.3276276695846,10.175939165421,2.8822314911723,-2.5682529012763,-0.008009551614072,0.0842348865605523,-0.20204134459705,-0.11602109446432,1.2549519991,0.041398051663,0.86852871008,0.50175322364,0.52988318245,0.94114843210186,0.206054404200455,0.687490660849877,0.116934674065446,4.00169175566814,3.60971552097216,2.9662904579736,0.0203178549786373,0.07584166423934,0.23335447703135,0.372581783445901,0.0773932648939382,0.0101618803884697,0.0754382831503364,0.0935678001553909,0.0157984136227081,45.41876915,5.4874197825,5.36840586,0.10808680365,2.23996031,-4.156541025,-8.161261085,-0.048231654225,-0.059287020925,-0.64203652025,-0.85460409225,1.109529985,0.0237797659,0.7076870905,0.32470192475,0.5021157225,49.15787605,6.2851158575,8.0745907525,0.5464786755,17.542231975,9.380719185,3.2521187975,0.03088401245,0.22616303025,0.255840246,0.6146607005,1.423806625,0.0617320661,0.9923208905,0.68533424625,0.56265161425
44.870893849,5.8209049238,6.515436012,0.40162588664,20.2525044874,11.7687794432,0.23341740124,-0.005073216216211,0.05066284387792,0.0183626642103,-0.13298797539327,1.1870804961,0.039141102791,0.89029237926,0.136632660744684,0.50029236885,0.992535683209556,0.19168279754344,0.725492164435725,0.0762135422806504,3.012305869957,2.68899885432486,2.37783876841372,0.018299996073317,0.0637741133792003,0.187061695333143,0.324206622561255,0.0614601358832963,0.00830431903930449,0.067736304239944,0.0915731598093268,0.0128673700970095,43.004845375,5.4502274325,5.29782947,0.2547239645,13.90470775,6.331113635,-4.3789536475,-0.041427970075,-0.081888773,-0.34448697675,-0.7936875015,1.0775262175,0.024064525525,0.7366592925,0.0083193397225,0.47617661,46.907621,6.2143829375,8.0894885775,0.533442483,25.61332065,17.055440375,5.0923313325,0.031464431425,0.1714807155,0.40060753775,0.54925652125,1.3170554825,0.056196768275,0.99554019,0.33484748375,0.52570647775
46.785106979,5.7183957565,6.2398984787,0.04605877990007,10.07186165799,9.015722606841,-1.85017977486589,-0.031328410345724,0.09432143388896,-0.145551401631614,-0.6777618059356,1.23393299887,0.0369233181375,0.81729825892,0.46585044898,0.49804341066,0.912577494844098,0.209712128233296,0.704947204434792,0.109470708534292,4.02282269527545,3.69559892976323,3.10758355512161,0.0242129235048064,0.0828129556873587,0.244469833452342,0.432847997134395,0.0847822265401468,0.0126702409669951,0.104725261023927,0.11228553509754,0.0148131030300641,45.0758849,5.31637446,5.1051171325,-0.17121657725,2.287575715,2.0423687,-8.019701985,-0.081199214175,-0.070216348325,-0.63090024,-1.5557659675,1.0782530825,0.0151732917,0.58389321,0.2526155875,0.470406696,48.6155939,6.14642253,7.89163104,0.26508394175,17.699268175,16.394460875,4.1896834075,0.01366593325,0.25867561375,0.32959731925,0.17980116575,1.4258295675,0.06623676175,0.98402725125,0.69076646175,0.5261932395
48.247917255,5.7356592972,6.2766918964,0.24740592338417,9.732326698826,8.26642858,2.94629508889194,0.006033938102867,-0.04053475810108,0.231781465440204,0.21122986287113,1.2532603843,0.048583794161,0.91501456751,0.51588542943,0.52276479475,0.924953613513534,0.227673125299971,0.72583899979294,0.128105861847313,4.48973732081621,3.86512747104212,3.03608892230237,0.0203030844770523,0.0778006673559492,0.238845437422419,0.372806174901426,0.0828935259995603,0.00971947656996642,0.0456016180915845,0.0931798023798037,0.0153313123155597,46.272586925,5.3124579475,5.0429184175,-0.01916019875,1.5624610775,0.98537943525,-3.02116513,-0.030634744675,-0.203814018,-0.23767140475,-0.5053009965,1.0966504725,0.03194623515,0.80824426375,0.3480724355,0.4943939695,49.904093075,6.2173723825,7.80975166,0.48151700625,18.846483225,16.1673726,8.977949445,0.049030624625,0.10453712775,0.70628440675,1.008862125,1.4226232775,0.068914768975,0.9915063695,0.70132836275,0.55284713425
46.135841612,5.9867121842,7.7903713767,0.370047182364,16.7126891748,6.381154997969,-0.16681282378133,0.008564349680371,0.035496178772841,-0.013122962620424,0.084679060734173,1.4294472587,0.043282537616,0.9382507982,0.18094368021602,0.48605944499,1.16192527156159,0.214374019699421,0.870957888664563,0.0989533249693012,3.46584038766409,2.75649785309274,2.46697752189479,0.0161190631104487,0.0640490500099068,0.194074132991715,0.31658088526054,0.0811995783306344,0.00677131074209087,0.0410618474985401,0.109203772444118,0.0137162913508059,43.8583383,5.5656827725,6.373835715,0.15712803725,9.7352173,1.01784655575,-4.8437520325,-0.023537255775,-0.09376759345,-0.381052102,-0.54408499325,1.265825885,0.03044612215,0.8419487775,0.0073377392975,0.4604741805,48.47466515,6.4456692625,9.66293374,0.57635351075,23.68243495,11.629897275,4.78071184,0.041052406825,0.151455779,0.376092807,0.72228692725,1.5988567275,0.057243536775,0.9965149185,0.4168643545,0.51351733575
45.505484485,6.0450232088,6.2295181175,0.228752438652452,9.39647466929,5.6379892206693,-0.857321114893,-0.010159446005225,0.05078492836554,-0.067444413619958,-0.15989344349546,1.3051951465,0.0490960087,0.93386977819,0.54087452469,0.50462034336,0.987488769184795,0.232644802400415,0.726828557888497,0.12212610698797,4.45960542714613,3.8165343755327,3.30833007850171,0.0245009358222172,0.086918960995083,0.260262319704426,0.436601697822486,0.0800549491773764,0.0087851472414429,0.0498682650715665,0.104985226394014,0.0159033110854265,43.510656675,5.6200082925,5.0548859375,-0.001090963735,0.7949999615,-1.6848676025,-7.4756200875,-0.0588339757,-0.1214811925,-0.588097971,-0.99196893,1.15674456,0.033267282375,0.81387575125,0.338577916,0.47501265625,47.2600351,6.52314828,7.82297129,0.4711459345,18.0265158,13.423653425,5.7245849325,0.038049702275,0.22049980275,0.45034616475,0.731445308,1.4689765575,0.067129621025,0.99697796375,0.75338104775,0.53809167325
46.053599523,6.0693982573,6.8540848288,0.3566891142938,22.2074974582,14.7503969183,0.4240891279282,-0.012852939528034,0.059899659111724,0.03336257806664,-0.320033647124,1.4515541284,0.050164100455,0.95294680914,0.45152704194,0.48088708423,1.06716562480035,0.219663716463171,0.754360525633126,0.125351040719216,4.48950321934892,3.65346733099776,2.7354311759946,0.0176707910914168,0.0683282467419333,0.215193057151947,0.326876876041121,0.0873434844518322,0.00821712805659268,0.0382938697217205,0.108217207694391,0.0145918265612276,44.1120734,5.6427937125,5.5493013875,0.104391981125,13.696578075,7.5485750575,-4.683559775,-0.0482224013,-0.073561307675,-0.36844997125,-0.97853856625,1.2874842775,0.0347232947,0.86233743775,0.258015112,0.4532338645,48.151558075,6.5127946675,8.4444945475,0.59724741775,30.727512075,21.8422405,5.9568578325,0.019501171525,0.1861443115,0.46861878525,0.3222554015,1.6373602825,0.06728653505,0.998493779,0.679033974,0.51049191875
45.808875942,5.6552949062,8.5028237519,0.3053784736858,14.7885121513,8.97677898319,2.233813728185,0.009459003669816,-0.017598987366147,0.1757314200111,0.168704627780523,1.3590964357,0.052032185378,0.91281519817,0.62875155286,0.49395389798,1.18276047996231,0.209872122970503,0.918822978967398,0.134421754497589,4.09777684610855,3.29654304251504,2.7689252835489,0.0179147743126009,0.071204974154838,0.217827997583794,0.348541668538715,0.0823562260800885,0.00903062208069702,0.0380059909032598,0.0991389857416662,0.014870699795336,43.5423315,5.263971165,6.9990735475,0.033244176925,6.81908465,2.2768277,-3.102325945,-0.0243829309,-0.1586113725,-0.2440562235,-0.4824262755,1.210349065,0.036654508075,0.82608774325,0.43683236825,0.46490611825,48.134769125,6.095223675,10.50647245,0.5677910575,22.343780625,15.144102575,7.640790955,0.0459370935,0.1166896005,0.60109176975,0.91106702875,1.5403925225,0.0710604286,0.9751833235,0.83434052525,0.524028322
47.218705147,5.5638489279,8.3310916481,0.13964482579518,14.62384664201,12.7851346326,2.3370871034046,-0.007733272942812,-0.001963503990397,0.18385581112317,-0.2177786816488,1.3693242999,0.060582608348,0.91617216566,0.63022514406,0.49462712817,1.14591161526647,0.213745485492682,0.852034573821571,0.133571634366418,4.25594633895946,3.73752649043537,2.95274996721199,0.0189217465630083,0.0750907772627512,0.232289262784191,0.364575360634854,0.0811497826475355,0.00957635007000363,0.0306623275508856,0.105269688228365,0.0144007346391475,44.955358325,5.1364529125,6.762634755,-0.11429254925,6.2165064875,5.1728793725,-3.3666007975,-0.04574360725,-0.1477631515,-0.264846408,-0.9169870015,1.223729115,0.041036856175,0.846384594,0.44512460425,0.4669281345,49.67218245,5.9887273225,10.2015254,0.387644938,22.369855825,19.9882668,8.091410305,0.0279803078,0.14660774825,0.6365414495,0.45219596175,1.5386974175,0.078550604,0.96783675325,0.854246368,0.52123277975
44.892541196,5.5584106548,6.549171008,0.02962948259144,12.57080982102,9.99890162181,2.6319708075681,0.002429241885786,-0.023537232836051,0.2070539550899,-0.13318187248018,1.2748361792,0.056433416665,0.89006246621,0.54590400141,0.51185722444,1.02127341876557,0.201490948328733,0.743468096984685,0.120608874733032,4.24881871933757,3.4777627816807,3.56452850529369,0.0312075886107773,0.0986367201086519,0.280417139596563,0.516408699084899,0.0793142597297546,0.0112016338284353,0.0611374969142102,0.0994357471309042,0.0144100129900502,42.9727454,5.1854607525,5.2839334125,-0.2065877875,4.6583949175,3.1081962125,-3.9616355975,-0.05467662525,-0.21653829875,-0.311657071,-1.06717455,1.121972935,0.0366008197,0.75868258625,0.3604567705,0.482992312,46.849432375,5.9602463525,8.08963367,0.27270993575,21.098430625,16.741543225,9.65225642,0.064825370925,0.15792391275,0.75933132475,0.90330225525,1.4264029725,0.07765224605,0.98729386525,0.75953976525,0.541613509
45.755168601,5.5465420845,6.7800156815,0.463026623669,16.33859985699,10.50752506742,2.036784084988,0.00461211451525,-0.00478832392901,0.16023133664704,0.21796354090401,1.3955339977,0.045392484088,0.92942203684,0.63618681249,0.50454219501,0.937497888695603,0.208752137993088,0.75419508102456,0.135076771587062,4.44871904265066,3.96001326824238,3.02416682688717,0.0229613599796965,0.0797642736918876,0.237907540872336,0.401341400742662,0.0876292301208131,0.0088607257385445,0.0568308546757649,0.114869065119692,0.0140958409321749,43.82279905,5.173815725,5.5007982925,0.197260255,7.2627260775,2.6168732925,-4.2697758475,-0.040780176275,-0.154121444,-0.3358980945,-0.59769599725,1.2331340675,0.03033772165,0.78927551875,0.4377130285,0.47806285775,47.5919228,5.9677485025,8.3921136075,0.735482884,24.665976675,17.6328775,7.6134001325,0.050776374,0.16398839325,0.59893696575,1.0226479975,1.57219847,0.065367797325,0.99741417175,0.88567673075,0.53375693225
47.669328354,5.3316500327,6.9383160762,0.29128980809716,15.8260646206,10.3604857699408,2.3119665009521,0.006079270484287,-0.01302965052889,0.181879603639158,0.08827616932906,1.4333214865,0.05821009435,0.92970293253,0.46102175895,0.52494082595,1.02886212385748,0.196860628456301,0.813570982169606,0.119668422433804,4.67129152840586,4.04553362875099,2.82172010422295,0.0189789544614947,0.0710062339963108,0.221981301963695,0.352968856726649,0.0945392931900759,0.00895048870479072,0.0375280343463562,0.0913890084443116,0.0151913452476914,45.70857755,4.9652879625,5.5771770125,0.0576501185,6.410123925,2.6604607375,-3.07949943,-0.03286957645,-0.150188375,-0.2422604835,-0.64057605525,1.2504523325,0.0409334579,0.8426702825,0.2914762225,0.496285039,49.659924575,5.731308885,8.7005503975,0.52819280875,24.812915825,18.3062819,7.670956665,0.0433246087,0.1261996435,0.603464867,0.77725660425,1.6159098225,0.077003169125,0.9930963755,0.64869192525,0.5561149375
46.899101181,5.871022065,6.4772356815,0.472185127579,19.437917003,15.1096254493,5.507545711758,0.0157791634775886,-0.07743437410286,0.43327194897387,0.4351134644036,1.2817942265,0.048273575983,0.90180536311,0.37640447896,0.51814684702,0.942725788573285,0.224659008091143,0.67605919215405,0.116233947414604,4.45570714229845,3.72597647354245,3.19045511828491,0.0214441123448072,0.0817270996359564,0.250989238953398,0.387074164288555,0.0819789798754459,0.00917344900296335,0.0521869790164702,0.0898161196819885,0.0143046180537635,45.04582135,5.4561732525,5.310837865,0.23547032025,11.31507245,7.9176292725,-0.28210685075,-0.023388547525,-0.2356538475,-0.022193004075,-0.24676014175,1.1399975375,0.030692006575,0.789236712,0.20885728775,0.4897209465,48.763693425,6.3414361525,7.8809311925,0.69410910075,28.160650825,22.4020401,11.745450925,0.056721414325,0.070756657225,0.92400038575,1.1832812375,1.447479105,0.0657882113,0.99232921975,0.556335556,0.5452868465
46.468508607,5.5216474658,6.8617489874,0.29446200423828,16.8057330043,5.3152563298546,6.3529647275235,0.060869088031536,-0.148041596831158,0.49978003900073,0.9509522002317,1.40757119,0.05767209507,0.89904063596,0.46427447587,0.49470029256,0.97730917749627,0.220041075825373,0.807785085060631,0.116282440207929,4.75698767240424,4.02048574534421,3.12424627772857,0.0247106581924326,0.0821598627348462,0.245780669905869,0.423663770434048,0.0988329531022895,0.0117542373635902,0.0577565836474952,0.0988412757105773,0.0152455547818616,44.56672585,5.09123397,5.559163295,0.068679050775,7.4706334475,-2.6487446175,0.1299194325,0.012520951975,-0.29951576375,0.0102206038225,0.118572163,1.23194409,0.036032286725,0.76145596875,0.2775924125,0.46438999825,48.3982768,5.93495159,8.5707231225,0.52252788625,25.83859085,13.16326565,12.02202835,0.10724983025,0.0191528253499999,0.9457584125,1.797370435,1.6073290525,0.0808768381,0.98221249975,0.67271682325,0.52361921975
47.610359914,5.6710825968,7.290112477,0.31631410277786,20.9583216026,10.14851352743,-0.5466669071073,-0.00159457065460904,0.06415053792533,-0.04300562327799,-0.218400471428536,1.3056704836,0.047286243226,0.96705313502,0.7255441245,0.52591505008,1.03521398872763,0.218071323645455,0.77430147044352,0.146648103539127,4.60727623874715,3.93420361420546,2.90652237533648,0.0181215738697083,0.0728519685362913,0.228652594422738,0.355720926248641,0.0879851503721439,0.00753363860207792,0.0288010629318916,0.117517068251886,0.0155833036202264,45.656371675,5.29328539,5.946356535,0.02274860185,12.198193825,2.146959715,-6.1069238275,-0.0373631783,-0.0741726678,-0.4804243035,-0.94401268475,1.1483952875,0.033085595225,0.88850011375,0.527075156,0.49593063575,49.63233545,6.1335987,9.11626416,0.59235156075,30.17203895,17.81067305,5.1392172,0.033761982225,0.2108032435,0.404295995,0.432856048,1.498940485,0.062914953975,0.998894557,0.982692944,0.55838999825
44.582811995,5.8597579798,6.8836228636,0.2373173401093,16.4676727914,9.95909216611,1.605121648864,0.0043192809982588,0.004362771152878,0.12627297569293,-0.03113812968238,1.4527736206,0.045820715499,0.89887340747,0.4541798097782,0.51297971315,1.02690275093082,0.223204995281594,0.787439385242184,0.118012165119382,4.09068535192064,3.57221364944996,3.07167353437781,0.0256882107860041,0.0832576537557985,0.241644835969889,0.446872359144971,0.0875447851210541,0.00892124522991544,0.0771178042542591,0.138416631875049,0.0157403156318247,42.54399125,5.4658752975,5.5540836875,0.005795494525,8.59346969,2.7352715125,-4.6350162075,-0.04952854415,-0.1574806695,-0.36463111275,-0.97045984825,1.3005463325,0.0302582723,0.70860960575,0.1008935746,0.4833565975,46.634999675,6.3479356,8.5802075875,0.4703634355,24.4193493,16.703722,7.6496686975,0.053713987525,0.17534372775,0.6017901725,0.83235254875,1.6474169575,0.06543317865,0.9958065235,0.7029108515,0.54522131475
46.601227415,5.7226976533,5.3625314847,0.3621541180399,18.3762885935,5.4633668084988,-3.6750321353368,-0.0086886589581004,0.127026596620245,-0.28911032592547,-0.32550401954369,1.3818296157,0.057037060541,0.91901636738,0.6054374436,0.51077762472,0.829553002460091,0.204656094309053,0.615205705668187,0.124022059889312,4.2534779349639,3.85371113997505,3.27805648408741,0.0263644375040115,0.0878601927862907,0.257880731749481,0.459305257251177,0.0789733094099499,0.0100153032861451,0.0415439320909112,0.103981018314331,0.0144881994433938,44.972765275,5.3422508,4.2787941425,0.1135763145,9.97355706,-1.993266085,-10.2095368,-0.060361660825,-0.047847477525,-0.8031718535,-1.233803205,1.233822685,0.0370100154,0.82642706375,0.41632445225,0.48406974675,48.239046575,6.131698695,6.6755717,0.5983456475,26.795657425,13.280591025,2.7708489075,0.045383038,0.30458824725,0.2179793305,0.6146341135,1.5443762975,0.0772177852,0.9834470425,0.81770475875,0.54053168825
45.661868282,5.7340620397,7.2442192701,0.2801044791672,18.5285720343,17.3638929528,2.3364939960546,-0.019687224294629,0.020248105215123,0.18380915228468,-0.3280490802677,1.2382415213,0.048208563701,0.92834098192,0.50264357751,0.48980457434,1.09252303746227,0.216255455029745,0.810896982097508,0.112354289250931,3.7827514312604,3.0102756671188,2.73852624444516,0.0208534855473229,0.0731732281774885,0.21543654235714,0.372925887357196,0.0728183397369923,0.00874892092699766,0.0412522623604672,0.0916797143747891,0.0137407512075149,43.5535631,5.319793315,5.8567980125,0.061406298225,11.03829785,11.459768225,-2.99648303,-0.061219394475,-0.11468901875,-0.235729689,-1.067957255,1.1056582325,0.0309213797,0.83123606625,0.3398585185,0.46398277925,47.8391476,6.1680035075,8.9455656625,0.4888842205,25.874287975,23.6317618,7.29501571,0.02027074425,0.16904992775,0.57389005075,0.38139014775,1.384093395,0.065640970025,0.99135050725,0.69606886375,0.518569365
45.582586259,5.4870022627,6.4300129315,0.194152146599052,12.44862127348,4.433914580921,-3.38979591015,-0.015777452337053,0.11423274547055,-0.26667113789211,-0.43752597741712,1.5733778029,0.062144827767,0.95856474281,0.51016026043,0.49441519229,0.988216539090031,0.199993871512556,0.72883342500586,0.130983441398534,4.70591578890758,3.81218318966155,3.05306906448096,0.0208971090811483,0.0797826167114414,0.240181245171177,0.382727631122758,0.0933855953660151,0.00980844724116494,0.0320260974908321,0.111373041128427,0.0142423045562881,43.63951225,5.11885291,5.175917465,-0.0669561342,3.443383325,-2.7885537,-9.147342785,-0.056318383075,-0.0530733316,-0.71961037725,-1.1708959925,1.4043417225,0.0447341146,0.87844264625,0.293257243,0.46777768025,47.534617025,5.8913020275,7.9328193075,0.4536418965,22.041263975,12.04761105,2.8859892425,0.025348829525,0.2680393835,0.2270372815,0.325316157,1.768098145,0.082256874425,0.99885294675,0.71682517825,0.52447403475
46.632575365,5.8350760394,7.7935816305,0.27684534050526,13.9715098861,12.8277871296,4.840489360192,0.008654009305663,-0.070245898264443,0.3807954342756,0.24810342473875,1.2860268188,0.057517956242,0.91630044707,0.54432098255,0.51356870516,1.11995577028722,0.214518210721225,0.838249959580633,0.124639388276086,3.97116529662595,3.24926792596656,2.80990385223197,0.0215149584479839,0.0751992874688245,0.22105173202442,0.385598185715792,0.0840349064080768,0.00831774833137377,0.0453820306753722,0.0981740411986264,0.015012273235419,44.446209825,5.4276487075,6.383694725,0.033206082575,6.18154837,6.2654120875,-0.53614899175,-0.0321893219,-0.21020446875,-0.042178191675,-0.5183220955,1.13295863,0.040434126275,0.81514831625,0.3717433625,0.4843088805,48.900828775,6.253557395,9.6903005475,0.51476847425,21.445491275,18.8705559,10.157053475,0.047879702575,0.074782216,0.7990430905,0.95051837225,1.46442787,0.07296280495,0.9853344045,0.757743005,0.544347043
48.337963659,5.7054535701,6.6920940127,0.3685584924592,13.499468537756,13.988866075581,4.8184344025699,0.0020360823652095,-0.064014216746669,0.37906039692346,0.26209065920648,1.440191394,0.050193845126,0.94636526259,0.54449398982,0.50148541892,0.97450705003173,0.222720388232714,0.749928787254717,0.148022783963201,5.90071808953818,5.16018170695857,3.10820803855567,0.0170380542151527,0.0743253904652668,0.244518960544702,0.332881780842408,0.104053858893254,0.00900992325321171,0.0341937359195364,0.097019849411335,0.0158679721321017,46.4496672,5.2715421575,5.32149278,0.0601463079,2.05040696,4.65547851,-1.0268963925,-0.029861590975,-0.209724387,-0.080784695275,-0.37853764925,1.23534786,0.033605051375,0.86687428325,0.3776205125,0.47172963175,50.39110765,6.161550325,8.3015678175,0.66509270175,24.207672925,24.744628275,11.175463475,0.034896577925,0.0814819309749999,0.87916015275,0.92155292375,1.6527304475,0.068614339725,0.99471974325,0.7417313105,0.53413545625
47.490119202,5.9359875902,8.1550100686,0.2059944304939,17.5235329039,14.8181458218,5.03354347072603,0.0092047012087296,-0.065879356133864,0.395982767020506,0.10844059093892,1.20296292875,0.042464608036,0.92063608542,0.54844465727,0.50097952414,1.14146994136161,0.221928848684332,0.864315832402643,0.117195186974978,3.84486192740505,3.08215604609313,2.46259921895232,0.014505088635027,0.0617387432650937,0.193729697175867,0.29521064005305,0.0743109515634415,0.00728660638817675,0.0389210267310992,0.0916273355907627,0.0139681584555397,45.3647588,5.5088441,6.68196153,-0.0512498688,10.592391875,9.0982617775,0.317910067,-0.019659507825,-0.181376288,0.025009599875,-0.4750292655,1.06501543,0.02828388245,0.828920362,0.3931495815,0.47449194975,49.70014605,6.38752403,10.12645495,0.42594303175,25.305975825,21.091207175,9.7456061775,0.036597756475,0.056385121925,0.76667503225,0.67765803025,1.3534358375,0.0576179282,0.97978657025,0.75189009925,0.5304600465
45.429512193,6.0899802285,7.0665996623,0.50060845955,22.0173897839,9.524448342302,-0.4555162492934,0.004424394450232,0.058631663362926,-0.035834911495924,0.02449344378572,1.3207881434,0.084296452629,0.87923817337,0.2958061404487,0.50462517756,1.05982098415348,0.221774016025251,0.764067810702353,0.103142110844436,4.30959610311629,3.99576395316003,3.3026447156124,0.0314863147655188,0.0922504368190984,0.259815058542377,0.498633900314939,0.0971726309732177,0.0122668855172421,0.050720843927555,0.127982116625875,0.015414696556215,43.40534485,5.689368455,5.7458822875,0.30536483625,14.012072975,1.557103685,-6.8795091925,-0.0556271978,-0.1239495655,-0.541202647,-0.931880113,1.1408067775,0.06054970645,0.769325789,0.047328609175,0.47575860525,47.4162322,6.552230655,8.6938404725,0.7050176035,30.821293425,17.334311825,6.0275730575,0.06443527705,0.237896705,0.47418186625,1.020936995,1.532426035,0.109855326,0.9692729405,0.54331126775,0.53850092775
44.621175259,5.3288314342,7.0411778828,0.476714900235,23.5912721,15.2525528074,0.180857684994,-0.013683074804808,0.068988273472766,0.01422785517414,-0.2528498963597,1.2622058172,0.057673913402,0.85708102912,0.56613609603,0.46827828682,0.97944057628574,0.205063818479606,0.753309884814875,0.123434740903665,4.11885790071387,3.46586524886475,2.98433438360183,0.0242650571855121,0.0806053175025357,0.23477397067002,0.408343770912425,0.0763771622729581,0.0103725553603871,0.0505492265906633,0.0967925011841949,0.0137942964823633,42.7204229,4.9416300925,5.7117467925,0.24734558975,16.2146157,8.67835759,-5.9680032875,-0.062702803425,-0.08121190135,-0.469495585,-1.0836921475,1.12725308,0.037791451125,0.74895895825,0.4029397555,0.441783194,46.6391761,5.7366624575,8.67520187,0.727002527,32.345077175,21.8508212,6.0349710075,0.03163442555,0.23123137475,0.47476385525,0.51002454925,1.42140591,0.0787519238,0.9445164415,0.781453571,0.49530661375
46.282008337,5.837914894,8.0862944887,0.2936726340093,13.5932689743,14.983183713,0.4098984656463,-0.0342248365437,0.06141631972,0.03224621564749,-0.46522303873235,1.3598634439,0.057602361501,0.94265871654,0.46745692434,0.48313745068,1.23547757838513,0.221258480619579,0.833001866062696,0.128417943644161,3.81265486810297,3.26181293549688,2.95826878337171,0.0205851618841632,0.0771206068773121,0.232723421605176,0.382850117327975,0.0912268002096375,0.00970128204383785,0.0338528001086546,0.107731844612819,0.0157323831729459,44.092795525,5.427203005,6.7253778225,0.044462843825,6.3751359475,8.2572903675,-5.3224455375,-0.0764961706,-0.087648572,-0.41871034425,-1.1916531175,1.1932300375,0.0390248634,0.86112732725,0.25899207875,0.454492478,49.0004505,6.30902443,9.8242651425,0.540446429,21.126442925,20.871194725,6.122810015,0.00722837358,0.2163234205,0.4816740495,0.3094233855,1.55067387,0.077747762725,0.99355284125,0.68199483525,0.516539699
46.239490799,5.9618747864,6.3494730361,0.401316707724,23.1679300608,15.1207075633,2.709527555283,0.0042282079056269,-0.00083127524266,0.21315525049163,0.0162749185058,1.3064280809,0.057424770749,0.9132266045,0.49446154706,0.4964239388,0.968556921104211,0.21884993233107,0.763561647896798,0.121467022974207,4.38608096960444,4.18596822940135,3.51160468553412,0.0259589891975172,0.0916767906004867,0.276253686613201,0.452806545019631,0.084195045875671,0.0116116047558685,0.0519834967809811,0.0941387823132856,0.0151012273631554,44.361097125,5.5336540575,5.0000453275,0.1437866825,15.105917425,6.8199423575,-4.5527228025,-0.0434449019,-0.17286933425,-0.35815719325,-0.8304196625,1.14488054,0.036378879325,0.79708784625,0.3169985105,0.46825390125,48.157218825,6.3976580525,7.9739985475,0.641836241,31.795595875,23.390149,9.338593725,0.05289181235,0.18372615375,0.73465585525,0.87218289475,1.48225252,0.081589905875,0.99324325725,0.6856399715,0.52742564025
45.668121806,5.7163227942,7.2198449174,0.3470397011885,16.1077759234,12.2064938384,-2.56497217328243,-0.03705580716676,0.12934419057583,-0.20178325376918,-0.6220729350166,1.3773609647,0.053609597816,0.88716739738,0.57561182347,0.48858355231,1.08244406289473,0.210721471045165,0.813969205573045,0.115561541847823,3.67518111237113,3.43181462264049,2.90171200282969,0.0235213524079241,0.0779124080312531,0.228274167981109,0.415577021532043,0.0797556614121746,0.0105149771461682,0.0574404376785907,0.0964966934926968,0.0142331494487599,43.690408975,5.3212673775,5.842861755,0.11867862525,8.649547245,5.3213637375,-8.12896993,-0.081831248475,-0.026823808725,-0.639496218,-1.4059345425,1.2286467475,0.0321132302,0.76423638875,0.40680423025,0.4621507375,47.791723275,6.118153835,8.9627462275,0.5683683345,22.67886925,19.07287945,3.2261217375,0.01003654555,0.27907695325,0.2537950825,0.2113874055,1.5460655175,0.07390008625,0.98670005525,0.7756239095,0.51822656375
45.175615804,5.6988328559,8.1133236903,0.2344558984529,12.524580599616,8.122035603746,-1.0487021040033,-0.015659708683971,0.068062145707,-0.08250012412245,-0.30814413402617,1.3376322641,0.060353903846,0.88014722537,0.5798763612,0.49056868216,1.17799765244487,0.202958895443605,0.886176026510375,0.112050385271314,3.84458269593824,3.32332934948541,2.78808779089817,0.0240435604388502,0.0771848548897814,0.219335488678396,0.42146300992935,0.0789466323441167,0.0109908670655882,0.0443747020053518,0.0974604680072065,0.0138906347461835,42.826593775,5.304752095,6.65149943,0.013971084375,4.958090875,1.97243237,-6.3570662725,-0.059540827775,-0.0920627028,-0.50010270325,-1.1214959425,1.1868268225,0.04021811035,0.78129577725,0.40120281325,0.464011529,47.435214625,6.084845775,10.013891525,0.46754081375,19.90679725,14.170344975,4.7426401925,0.03395724895,0.206302939,0.3730977565,0.5667915475,1.4978992325,0.0813717425,0.9643644205,0.78730450825,0.51932273425
46.62590623,5.649169246,6.6227524521,0.2776368638266,12.1529846871,5.769763814664,-1.4355327898105,-0.008487751727267,0.067242664022716,-0.11293162554989,-0.17563702754747,1.2434686175,0.040624546254,0.88200029369,0.46151718442,0.49606449523,0.996917880778928,0.212563291379261,0.723650796475862,0.108001863516583,3.7730718400031,3.47622600603769,2.60898094109842,0.0180282823675389,0.0674455555082768,0.205245370122759,0.324831144655726,0.0763404502733071,0.00863063626408564,0.070909217216391,0.0845514154578056,0.0141083714222023,44.718291375,5.2560080625,5.3320232925,0.06860992115,5.1753259875,-0.66407575325,-6.6690913975,-0.044904006,-0.0656266499,-0.524649341,-0.8013015205,1.102360735,0.024667796525,0.72016178975,0.31525526875,0.46853657925,48.469473725,6.095458645,8.2611298175,0.48940785325,19.78652175,12.5204668,3.824896235,0.02638934545,0.1970692675,0.30089995275,0.477840713,1.40673032,0.057680478075,0.990829766,0.64241173775,0.523035561
47.410132369,5.5500131878,6.1570974303,0.113484582627358,11.393774092431,3.626286473818,-0.5672454643354,0.005894429660822,0.03309725051489,-0.04462451361497,-0.09762148825999,1.3960422422,0.059055640676,0.94093732076,0.58583516105,0.48084019636,0.922497362106616,0.207447212075797,0.716885110448234,0.134607207684971,5.11006516276225,4.24623949615797,3.22752461985993,0.0238829670453014,0.0835193936413217,0.253905451943659,0.422697385733445,0.0949652854869057,0.0103234741242903,0.0350426171935274,0.0935358297219608,0.0133630641082752,45.6030275,5.172780755,4.9488645975,-0.14381297125,0.66218274925,-5.17626908,-7.0087930625,-0.0407282478,-0.1269955525,-0.551373265,-1.00221487,1.2231604275,0.040080030875,0.86267717525,0.422674805,0.4551197355,49.3301276,5.990251585,7.759143775,0.3801412345,21.256181325,11.2801661,5.7679667275,0.053595569,0.20381629575,0.453758959,0.720195507,1.5875976175,0.08048799455,0.99674193,0.7788782795,0.50807812175
45.761067619,5.5102521156,7.2790920629,0.387101048832,24.0034077899,14.8722346349,0.19381548475216,-0.010870097308813,0.06679018857815,0.0152472292344677,-0.31426086390627,1.3378668619,0.04502999343,0.94615310333,0.378663910044,0.51207162138,1.08181408338035,0.206504855011497,0.798746672917035,0.105998786007075,3.78061193505357,3.52633104570008,2.84044382594242,0.017110467688897,0.0711259593120871,0.223454275003024,0.344656901044841,0.0837998324683768,0.00795229409629757,0.0378922669708557,0.110373119300084,0.0171473213752674,43.682187025,5.1101427025,5.8876154275,0.184516347,16.661549975,7.9584428025,-5.136227545,-0.044284251025,-0.07401975595,-0.404060795,-0.976326687,1.185167735,0.030528961975,0.85226844075,0.14111917125,0.4796732705,47.914988575,5.943070545,9.037944775,0.602359728,31.3381599,21.296129775,5.89498244,0.020009352775,0.206091117,0.46375112875,0.3563969255,1.5123669125,0.06200380115,0.99624244475,0.58612382925,0.545543803
46.493434192,5.4031462848,7.3154855597,0.2884154818018,13.5151101357,12.05730609758,-1.38634390201185,-0.033918807300951,0.096375590842705,-0.109061995225398,-0.533090072459284,1.3812563507,0.070211096057,0.94984280234,0.52777455773,0.48846361572,1.09874593714831,0.197348726032094,0.789876024435125,0.1197632268182,4.34261911317269,3.47313311554066,3.1400831082965,0.023063651964679,0.0825259415989678,0.247026534103483,0.416774764569417,0.0894945029588528,0.00849155529720126,0.0299168806975035,0.0890377590372693,0.0142642558708731,44.0990399,5.043507865,5.88498026,0.051709236425,4.87457255,5.4871388375,-7.632819575,-0.078191095575,-0.0675973203,-0.60046467125,-1.3691682325,1.2267288575,0.053402838425,0.87648632375,0.36159376675,0.4601998415,48.530601625,5.7998192525,8.9996578475,0.5143190975,22.194510325,19.071171625,4.7473552375,0.01030532525,0.261809249,0.37346868675,0.27343369375,1.56416815,0.0873591336,0.9969586775,0.721833084,0.5183493775
44.411116221,5.9145210522,6.809266026,0.399685754349,17.3605284108,8.86021648331,0.1582781368415,0.00100893753593,0.0386193714122958,0.01245154917272,0.01104511611183,1.3679937922,0.058211208707,0.9504829281,0.68807652738,0.52971511837,1.01383596072624,0.211874156638763,0.708469108077212,0.131667251645342,3.86508675139642,3.36421887727247,3.42686997530358,0.0314108767190913,0.097491720605222,0.269587709573682,0.542327509630587,0.0734514110399672,0.0092698202464044,0.0433539468205882,0.120839476454023,0.0150865049799956,42.4945076,5.52511159,5.504644005,0.119761265,9.57105068,2.61398761,-6.037952645,-0.054501430425,-0.16200017425,-0.47499842425,-0.97679639175,1.2235224875,0.0422424734,0.83889147275,0.46301901325,0.5016023495,46.38097365,6.35354158,8.2142757875,0.6472666145,24.980027975,15.5611404,7.0838803725,0.061936853975,0.2150790465,0.557280294,1.058755655,1.51141043,0.078075286725,0.9982144365,0.946767019,0.56018136825
46.451634223,5.3474809518,6.3614835044,0.23854310828151,14.539457364513,13.8459358518,3.874622280846,-0.001695771684416,-0.038885850251338,0.30481184105383,0.02201532712402,1.4240713182,0.063003237654,0.91220937329,0.5031783818,0.49237395487,0.905190867038286,0.197364543604869,0.71775865734347,0.125901172008713,4.96986938158057,4.26869077002011,2.9997845778464,0.021515250157257,0.0777091612705285,0.235989418646617,0.378952613200974,0.087878197705921,0.0105441378720794,0.0375170195121432,0.0942519137061667,0.0142965404456901,44.562677625,4.9672098825,5.1231731875,-0.015124805475,4.2493965225,5.684042125,-1.81875655,-0.042170447775,-0.19410249575,-0.1430793715,-0.679172437,1.2613698775,0.043866144625,0.82757778525,0.33945893025,0.46439726925,48.110625725,5.759631855,7.9069526325,0.48729981675,24.72024565,22.043487675,9.8410696625,0.039500279675,0.1070042675,0.77418502925,0.78257886775,1.607413615,0.085166150525,0.9744673275,0.71103840975,0.51984972575
44.381926943,5.5388517341,6.2870247555,0.1940733884975,17.0206269108,12.34959618511,5.007281824485,0.019213632499049,-0.07712709325272,0.3939167953919,0.24040151804707,1.3968677727,0.05907563651,0.89410271691,0.69927695128,0.49272619761,0.937869323591041,0.219997671665891,0.735874868428417,0.15164775357778,4.35776244026325,3.83211825628764,3.35394090509695,0.0321072798937077,0.0943767636915464,0.263850468177341,0.518399611904506,0.0910000474401911,0.0118061105268654,0.0679695062431739,0.12284009402485,0.0159546550519484,42.584524525,5.1389848425,5.007432395,-0.090470107975,8.79357767,5.319553535,-1.723227585,-0.0417133125,-0.266845312,-0.1355642285,-0.72414993575,1.238897985,0.039353102075,0.7396734965,0.48826876875,0.4642045905,46.240014125,5.97035584,7.981920915,0.4833255665,25.61957545,19.608848775,11.65746015,0.081944427175,0.10993821325,0.91707828225,1.28042167,1.5929802475,0.084367170125,0.99183813275,0.95443487775,0.5252480185
46.460922532,5.8050788841,5.4332785681,0.2293259129524,10.43959333574,8.714157828652,-0.957570411191,-0.022617835206426,0.06843921914491,-0.07533090420784,-0.35329012885512,1.3077081184,0.0387705601255,0.8810202793,0.40122778321,0.50094714606,0.794954494952241,0.215187883184673,0.68812294268569,0.111371878354653,3.96892487930345,3.89670631011546,3.38981509233754,0.0247417126014819,0.0876037581938058,0.266672646851098,0.426514417220444,0.0992166045057003,0.00976219860401435,0.107973444783248,0.104170527414221,0.0145904913994537,44.81002795,5.40078653,4.307776965,-0.0019870079375,2.803269385,1.2237694025,-7.491022665,-0.068299904175,-0.1178109275,-0.58930967775,-1.124829985,1.109560685,0.01923835235,0.596273941,0.2127214825,0.4734261815,47.987698875,6.236310085,6.948337275,0.441546612,18.408724325,16.4629673,6.00921842,0.0304902591,0.22965077125,0.4727379355,0.58803175325,1.4958548625,0.057994171475,0.996526195,0.62105510975,0.53098436325
47.174871656,5.9565803227,7.1611014944,0.2329833420958,15.2967225027,12.1001854664,0.9017862214421,-0.01338371493543,0.03398380344583,0.07094242955665,-0.27012404945048,1.419174101,0.050089711569,0.92141090028,0.45631452254,0.50067045462,1.04964967476406,0.225749539021043,0.774558967782262,0.124977872222556,4.29090770950025,3.45250007340147,2.89044129383698,0.0191878407301658,0.0753010246420642,0.227387514893818,0.358492592382732,0.0935428601875835,0.00895417051562483,0.0501186669482745,0.119001003169032,0.0151156672149107,45.12792715,5.5437481075,5.8725392275,0.005973447635,7.4306330175,5.735378705,-5.29201575,-0.05357976735,-0.10604121925,-0.416316468,-0.97902669825,1.248044195,0.033009343125,0.799893238,0.22565049475,0.472810889,49.26103155,6.42539536,8.8013984425,0.497897969,23.759615225,18.952923975,6.5189390625,0.021752622125,0.18628224025,0.51283703775,0.40814624125,1.6153518325,0.068259916275,0.99423075675,0.68469842125,0.52947401625
43.58394811,5.6796773038,7.0007064665,0.14160731556832,13.9517259352,8.59507538166,2.6927035172252,0.0125767680246946,-0.032003786515345,0.2118317236303,0.083556055238322,1.4529891279,0.045598333186,0.94587261679,0.47816044868,0.49453885895,1.0200945407622,0.197149894976758,0.767249609506524,0.112050185447725,3.54607968315824,3.03221048977536,2.56188660631199,0.0185488815593677,0.0666981934724536,0.201540515823037,0.337365795428303,0.0725371910517659,0.00695692431814142,0.0482463248461607,0.102988181994241,0.0146906791407191,41.546717275,5.3181943425,5.6818087475,-0.075342346625,7.215012315,2.60693504,-1.9725920525,-0.0221394433,-0.16071757075,-0.15518142625,-0.53597935375,1.3302796225,0.032629493975,0.82436257475,0.28219057925,0.46717644,45.613456475,6.0902374425,8.6306925225,0.358589677,21.266354925,14.921172575,7.69599529,0.050272342375,0.088644752625,0.6054346215,0.76254180775,1.598984165,0.0596252593,0.998013863,0.678063705,0.5256730665
46.93989378,5.6467202234,5.7222065057,0.259323178737,9.572168263392,5.269765961353,-1.32754754985744,-0.011452626004351,0.06186463413143,-0.104436557577953,-0.16858090259872,1.3915203823,0.054506804531,0.92690969831,0.50053832279,0.47894965537,0.90141651121457,0.201793842088779,0.637606814654453,0.117057439015145,4.37213688651868,3.57774571209446,3.09506687682811,0.0219262751180859,0.0807777921981718,0.243485161509686,0.398137696634987,0.0773865577415163,0.00945040240167533,0.0444611821918187,0.0879478144131133,0.0130939987439556,45.088294775,5.26377357,4.6488821275,0.02730781615,0.19065998425,-2.1156441125,-7.618584145,-0.057025101525,-0.09113008325,-0.59934478475,-0.983099381,1.2495222575,0.036085928125,0.8215936,0.3407625035,0.45378984325,48.620920825,6.0561603525,7.06304042,0.4868366375,17.72593365,12.510823275,4.522554595,0.028414944375,0.2259056215,0.35578388725,0.5839938775,1.54233563,0.0722974076,0.99333857475,0.67472454675,0.5039532555
47.046077091,5.9006678857,5.816337377,0.3741995562542,23.0484872177,14.0535342675,3.6855740825918,0.015929135486732,-0.03270746229597,0.28993964841129,0.18475156948494,1.2648459181,0.052117994544,0.86978306781,0.50513064893,0.4843934925,0.835919296005995,0.218293756230439,0.686846394564428,0.116991552599664,4.09199318115969,3.33161871332908,3.15236558456863,0.0232732138209566,0.0840471288476615,0.247992782091975,0.410942451199617,0.0779126767527749,0.0112440845071882,0.0523873736553774,0.0961289406389231,0.0144446642124687,45.454084475,5.4810372,4.586813805,0.146804443,15.29742045,7.5497110325,-2.10895786,-0.0294378808,-0.2011707225,-0.1659091575,-0.5814709405,1.12000708,0.03108485565,0.75873649525,0.33438830475,0.45815698625,48.752911375,6.3500875725,7.255533025,0.6024845175,30.8315928,20.315235275,10.339820175,0.060604696275,0.1296238895,0.81342114225,1.0040641075,1.4237821175,0.073124908975,0.96288619475,0.726217313,0.5131093405
46.484164443,5.5830650318,7.0380199979,0.25521034174209,18.1037298651,11.68799643761,1.7120141829517,0.0009596197927645,0.009819166867343,0.13468208186089,-0.0922907821749,1.26430699112,0.056156601674,0.89043102417,0.356885603946,0.51555103428,0.965224958263881,0.22271219958241,0.787354030022517,0.119341933149094,4.75186092253302,3.77269148897359,3.00739654645237,0.0196357485005927,0.0764863241947336,0.236588242972539,0.363492406382088,0.0882796251763995,0.0107934736035537,0.0424013502173364,0.09405489470978,0.0156304201333729,44.4469868,5.1663622775,5.62527618,0.0262052099,9.11276061,4.3957058125,-4.153915985,-0.03811360565,-0.14860579025,-0.326783537,-0.8218666135,1.10920467,0.0362070482,0.7896385755,0.176934997,0.4874050245,48.33950085,6.0398563025,8.7235800875,0.48005925425,27.318546425,18.962181225,7.9090882125,0.042024516875,0.1602954885,0.62219839375,0.659424523,1.45015892,0.077644521925,0.95973431775,0.545223416,0.54814482275
43.009718871,5.6622673232,7.6311064066,0.32013668431122,12.60245795709,5.4830422026012,3.56181460840865,0.03004576704974,-0.07086677989385,0.280203640206034,0.55919219769909,1.32050454,0.05775107067,0.84200270909,0.48016272832,0.49808177258,1.12278536579193,0.208295834840056,0.821935736571257,0.113012893277982,3.84797547225402,3.56401010273084,3.17890684481561,0.0276909571227594,0.0869375057117329,0.250080750102241,0.460325415427319,0.08431361839809,0.0103677536431938,0.0677599655260898,0.11628615413117,0.0154864817226158,40.67693455,5.271730985,6.2310779775,0.083868693775,5.0545297225,-0.9911741765,-2.8806917675,-0.024296959025,-0.2406323365,-0.22662052775,-0.3607891135,1.16785291,0.038693638825,0.69793737325,0.24575286275,0.46895803275,45.1649597,6.0993137475,9.4364627125,0.540833859,19.734735475,12.54169295,9.64791408,0.0842056259,0.104325659,0.7589897115,1.454754145,1.4942438925,0.07928747815,0.9570400345,0.711587596,0.5309147975
47.183740153,5.7267921917,7.8845803661,0.47946008621,28.253232918,12.13906080447,1.76904946423162,0.023089003464178,0.01044529100808,0.139168978471267,0.1897469543809,1.22533936002,0.044320568155,0.91166721272,0.49952148622,0.50281730545,1.21548966184435,0.227926403486503,0.863913230299261,0.118261779162074,4.42747709523139,3.85431999458144,2.78696319223799,0.0172392817069765,0.0696644690610208,0.219247018211891,0.340319324226461,0.0891651984716685,0.00971134578562715,0.0483999960586948,0.0826506854722515,0.0144767248450841,44.810644525,5.29578583,6.4148576325,0.252952639,19.7432267,4.9145836275,-3.4059182725,-0.009043707775,-0.12978323825,-0.2679394625,-0.4473295215,1.0569020125,0.027040755075,0.80206968275,0.354515874,0.475105961,49.520213075,6.18823025,9.79080113,0.7125642725,37.726873925,19.76799075,7.26887896,0.057126897825,0.13840719325,0.57183390075,0.8659034785,1.398617845,0.06454647725,0.986890356,0.67375587525,0.5306067385
47.246890338,5.4173215387,6.6528129577,0.456654868854,23.094823409,11.8580694934,7.019284314097,0.050278056701838,-0.134554978697218,0.5521985937365,0.849923846674,1.3133651753,0.056499022947,0.92805533621,0.54884160413,0.50784335482,0.945715690491745,0.201975785084627,0.750661965514305,0.129101803692701,4.37309295049577,3.5626304634434,3.0870722877046,0.0234785015232731,0.0819211973323491,0.242856237298553,0.41308245359803,0.0824323487168586,0.0105547160957844,0.0422459577960572,0.0839467063342232,0.0156830799235018,45.44034905,5.0330110375,5.3285694175,0.20138431675,14.6577466,5.0493642875,1.06056403,0.0044108840475,-0.2928449125,0.08343328895,0.035058233925,1.1663518575,0.0379901762,0.83337075875,0.3887994705,0.47749568075,49.165860875,5.8080180975,8.2318829225,0.71081668875,32.223398675,18.7895536,12.753968225,0.095217562425,0.03223830885,1.003339215,1.6392353225,1.4949424625,0.079807372725,0.99115377275,0.7267789215,0.53900077975
46.679626246,5.5797722651,5.8219360317,0.57767976739,23.8249913204,19.7685178515,7.072815857237,0.015916495694885,-0.09767387539349,0.5564098550015,0.49901303195005,1.3932907294,0.059627026985,0.9123202638,0.468647754323,0.50906769604,0.855144912088876,0.218397594445607,0.652136310102931,0.125013206673232,4.66936021521332,4.21630388761436,3.18983188880874,0.0242856238423728,0.0835999321088441,0.250940209832697,0.432102908788101,0.0932119869176169,0.0129882220473779,0.0545262675110456,0.122835449194525,0.016510177131081,44.9888407,5.159378625,4.6643289075,0.32845799725,14.7309717,11.0959784,0.69489662025,-0.029616080375,-0.25626802875,0.05466667535,-0.31248269975,1.2298073475,0.03814271755,0.79153688075,0.2251163585,0.478362605,48.25883775,6.0319983475,7.243253345,0.817722418,32.501737525,27.946997875,12.86802995,0.063014927675,0.06402855895,1.01231236,1.3589738075,1.5910545825,0.08702888195,0.99262577725,0.70628110375,0.54170748975
46.664376194,5.8649891925,7.3172575175,0.331396878422325,18.0552921045,11.1015758687,5.791916714561,0.03306899890469,-0.104643208500273,0.4556430712612,0.56753000785438,1.3263291287,0.056028520027,0.94324984961,0.59866713984,0.49670456527,1.18136823847264,0.209848924561265,0.78094391711498,0.128962994219464,3.96466633144377,2.97763749716821,2.49463565633183,0.0178975818643666,0.0656658504130125,0.196249964592717,0.337695182127734,0.0851057724690832,0.00770897780789908,0.0347464194092601,0.107234008719981,0.0142526772978434,44.4646481,5.46560778,5.9854892075,0.0799058168,10.71695375,5.586575845,0.91249038125,-0.001503024795,-0.224988169,0.071784512675,-0.05283141645,1.1711385625,0.040866894,0.86750252225,0.4139240965,0.4697774525,48.967336875,6.287910075,9.0560749175,0.59458112625,26.4779444,17.56181405,10.49575295,0.06830565925,0.026249241975,0.8256882,1.227828315,1.51126605,0.0721764685,0.99554327525,0.83215861575,0.5248746125
48.023837258,6.1248259993,7.6559875063,0.3447643716023,13.25625467318,11.92262010158,2.221664426653,-0.0077992661194998,-0.002986732116639,0.17477564908377,0.01420862617566,1.4512668107,0.052164658469,0.96297571081,0.44097387236,0.51571625408,1.16397901448724,0.242983774824134,0.874957664590308,0.13226092502262,4.47676658616548,3.81462161540926,3.09074113357779,0.0170061094440484,0.0772563474799629,0.243144860830936,0.348197526062381,0.100045909194622,0.00838450632155537,0.0248675725194326,0.109503774488355,0.0157818339247644,45.744029025,5.66540902,6.172525985,0.0803431382,4.51350696,3.848024385,-3.8038540675,-0.04164594065,-0.1569625665,-0.2992445905,-0.6900775255,1.27267542,0.035598221575,0.8992514675,0.23171760375,0.487503613,50.316787675,6.6198025725,9.5127127975,0.595906462,22.4553413,19.18609925,8.5863869225,0.0251353991,0.141573283,0.67548066175,0.66184909975,1.6551983675,0.06802535135,0.99597863425,0.67571306925,0.54908871275
42.867112631,5.6902433068,5.7853427412,0.02505398483261,14.5790369919,5.71770804822375,1.7079526582992,0.020184718395551,-0.0190104957597729,0.13436256646441,0.015836981611161,1.3860316876,0.070633380752,0.91101799728,0.3441670277454,0.49935346136,0.846419099215523,0.195580040482329,0.654699134867179,0.10222575373613,3.94528495093589,4.1678920604089,4.12960137919709,0.0452773055852199,0.122598741395395,0.32487073745695,0.691532778471658,0.0798414512018267,0.0117585961654476,0.0560501888643495,0.113266565973657,0.0150606874755114,41.253077325,5.326173155,4.62645607,-0.183316092,6.5529176825,-1.42141947,-7.1537024725,-0.07630170145,-0.24021211275,-0.56277310775,-1.43269272,1.24409257,0.048316287625,0.7805242555,0.103637539,0.47068593575,44.537850725,6.104332715,7.1800030525,0.2168124995,22.33922805,14.50950625,9.0136630725,0.1017236915,0.23792083675,0.70909395725,1.2653199325,1.5565347425,0.09412261595,0.99248068325,0.55862649175,0.5307995835
48.615306895,5.6346256563,6.9661939107,0.12594465572508,14.644489037818,15.7184382663,6.582963811105,0.009515879603809,-0.10390492312915,0.5178737883619,0.15930579526219,1.3704788388,0.049218162292,0.92725261712,0.52349709848,0.49886923341,1.10401826267785,0.211126110092281,0.790878243191977,0.139797210602144,6.15242560129997,5.25781928833475,3.1589366394573,0.0170239090972929,0.0742436984393189,0.248509718898805,0.329989145257572,0.0957727280835014,0.010140762766538,0.0496124839518659,0.102553842019495,0.0138838989340762,46.525404125,5.2122385225,5.62181677,-0.1266814225,3.4884885475,6.1202982725,0.16984461625,-0.0226493691,-0.250107513,0.01336147025,-0.4755458375,1.1994223325,0.031934415575,0.8139951805,0.351680173,0.472567986,50.939105475,6.0563394925,8.7062089325,0.392501711,26.64436825,25.8061833,12.860100025,0.044001010775,0.043354170775,1.011688495,0.82384646175,1.56887914,0.071151688975,0.99655669475,0.7413153505,0.52689298075
45.850471286,5.5032047108,6.5346302751,0.382104558581,17.0195502823,7.697016654015,-3.9394863631229,-0.0240783379974228,0.14508919397277,-0.30991461989769,-0.4883436121509,1.2709157297,0.044461778769,0.93190098543,0.48437231184,0.50869729218,0.939191342823099,0.20375363094449,0.693683910525653,0.109478587125756,3.89267135102111,3.49463488344388,2.8567936496799,0.0197120806746711,0.0723162759408929,0.224740495658212,0.346042536243467,0.0769437565964927,0.00765279476993391,0.0475835084902385,0.0966146059375576,0.0152470543163049,44.01186075,5.148223775,5.3030358025,0.17849195375,9.6136156825,1.17784495,-9.673775555,-0.06389605645,0.0115168147575,-0.7610242055,-1.192071245,1.1237774475,0.030005082475,0.8217141965,0.29949852275,0.48097346125,47.6261752,5.92425144,8.049362095,0.6012097475,25.114708125,14.665143125,1.3328507425,0.013803135875,0.28577638825,0.104853755,0.152698486,1.43265829,0.06002457845,0.997132856,0.683692073,0.539754872
46.265045417,5.7288805763,7.3611299051,0.24991035278935,14.983385762235,10.45438113244,0.3409553869,-0.010590385777223,0.04134927029621,0.02682254718107,-0.230088312112328,1.3075157137,0.04138472698,0.92142643564,0.54385828963,0.50121583368,0.993272998912572,0.196981399129639,0.791116751668465,0.123253533644098,4.09348724163644,3.19631680723947,2.74231703587548,0.0202191645697589,0.0733544449842018,0.215734759177836,0.377898915062992,0.0759400478208515,0.00822082723518236,0.0605543955848522,0.0999578458522943,0.0146691200575324,44.36367865,5.3548044775,5.9968280625,0.000502185802250002,7.2470575825,4.4846804975,-4.91943349,-0.048912306125,-0.09318997225,-0.38700587375,-0.975309708,1.1638150375,0.02540897685,0.76545204525,0.36464367025,0.4726576855,48.2145729,6.116056595,9.0846376175,0.48154599575,23.0159831,16.60214045,5.4331945175,0.028601740025,0.1861637455,0.427422832,0.49728224375,1.46178534,0.058506267375,0.99590546875,0.75241342825,0.5306983975
46.188605018,5.8548863178,6.2488972676,0.2947890121042,22.3634211926,14.6615443702,1.6909941805857,-0.002911179270492,0.024808418416624,0.13302846372682,-0.2051054180498,1.3609138177,0.059445586674,0.95907509409,0.43659335211,0.50481775935,0.899942426831719,0.212219311586759,0.733003468728753,0.118976788386037,4.65984559023028,3.93100132677045,3.04514268411734,0.0213142001606104,0.0792869218204843,0.239557685998535,0.382252589628147,0.0848234016266938,0.0100031700504075,0.0297979560334828,0.0785393427388944,0.0153467809763814,44.443602875,5.46087362,5.03952906,0.079743699875,13.6669647,7.141290025,-4.2235336625,-0.042718651525,-0.13600224725,-0.33226027625,-0.9051629385,1.20712311,0.04069533385,0.8887558015,0.295227037,0.4760514715,47.924029025,6.2859592725,7.7472899575,0.52610470075,31.499225925,22.6705508,7.7317949675,0.04018142655,0.17133292225,0.60825094625,0.55747375575,1.539356865,0.081300140775,0.9986851675,0.6142776625,0.53466972
44.903784421,5.9811571121,6.8688330851,0.358249353306,14.83512403716,3.662552183948,-4.086594956975,-0.0116685516605313,0.129556918168591,-0.321487474788,-0.3014814509005,1.3326131179,0.058669487039,0.87310059669,0.255878360162,0.54342766375,0.978271883902552,0.215445825735132,0.737893779081381,0.0957572553764317,3.78724197631623,3.75854925782644,3.61068390210613,0.0315331173689697,0.0993806806137592,0.28404812852901,0.523233860485583,0.0788890810764005,0.0116215508743217,0.0596019442756048,0.126093252262143,0.0167244364054059,43.026920125,5.5855500075,5.54572527,0.1737351435,7.663720945,-3.58055693,-11.62013675,-0.076888617475,-0.057635432875,-0.91414205275,-1.3796868675,1.1848140075,0.03734316285,0.73560704525,0.0227204603,0.510908735,46.764965475,6.4216476525,8.4279866925,0.5458400225,22.373600775,11.337477375,2.66310921,0.046746991525,0.3402455455,0.2095035755,0.69038052975,1.4933319725,0.083467507375,0.967506221,0.51029052,0.5758785075
47.174983519,5.6062908971,7.6627447458,0.14330213790905,2.2462770812171,7.192977147116,0.7790089487088,-0.02225087319011,0.013555263234395,0.061283690229237,-0.17559661623872,1.2472095561,0.032717826519,0.86197480587,0.288207957107,0.51288072924,1.10407697431812,0.200578032885226,0.804538910811517,0.0925442509052292,3.41723784724315,3.25581022289681,2.66103271929494,0.0173010712069401,0.0676638558920862,0.209340220256294,0.320743932040043,0.0696368790652221,0.00748285885510119,0.0957860021071385,0.120310656415663,0.0133166164238788,45.245675975,5.223955075,6.3561464225,-0.049618527625,-4.246352795,0.7417645755,-3.8895920275,-0.054286565525,-0.1246314605,-0.30598949175,-0.79241965925,1.1181964925,0.01911934715,0.649431457,0.023652125475,0.48622822675,49.36012425,6.00247275,9.4521698375,0.322624669,9.00068347,13.866889525,6.375532755,0.012098275425,0.1349189975,0.5015554405,0.478811053,1.3831781325,0.048486528125,0.9971394495,0.498979708,0.5384125245
45.942913143,5.8572569396,6.3299734663,0.324862389933,17.6882252494,16.6557857063,3.73315883342,-0.008288106002691,-0.021394976678527,0.293683083317234,-0.05871954455902,1.3118146193,0.046529167173,0.89601961194,0.43012018606,0.49750933305,0.905155954009199,0.214626729392774,0.753384638042412,0.108999536634121,4.33568646669864,3.71914791003902,2.90627655186648,0.0214749835768282,0.0756109623329304,0.228633256036223,0.376240501091934,0.0823676416035808,0.0105560360815843,0.0610485151196974,0.0970571355118481,0.0144811367614788,44.0591909,5.4518007575,5.09232208,0.11170481575,8.95452361,9.2589022525,-1.9305666625,-0.051665140675,-0.1700474645,-0.15187533975,-0.84862077075,1.160060565,0.027559732075,0.751476507,0.248874544,0.46976906975,47.7023722,6.2961218675,7.98801021,0.547609305,25.8572645,24.10744145,9.255636425,0.03241447775,0.13203987875,0.728129698,0.68241374975,1.4773997375,0.068258674625,0.98343331575,0.62853078375,0.52751625375
46.850828056,5.2400122884,7.2428868582,0.2447870483449,15.478679856817,6.321147919678,0.0611443492763,0.0075971475711888,0.028968746440985,0.00481015207135,-0.01573655015816,1.456340997,0.055029195296,0.97207519322,0.63107891901,0.51582706599,1.03511176960375,0.199556287460269,0.743901139054388,0.14109586012732,4.91836626816561,4.13119890948423,2.91752676926889,0.0175982598244532,0.0712585814705597,0.229518296636908,0.339107667012198,0.0884694407582284,0.00777908243651321,0.0206662102797393,0.101264996403254,0.0160149254683216,44.85326995,4.870206975,5.897862655,-0.041612659225,6.1548204025,-1.9854666525,-6.05519655,-0.029330113125,-0.1004027905,-0.4763549795,-0.71318173025,1.2914222825,0.040154749875,0.920029678,0.454116791,0.48582859525,48.9379155,5.62879144,8.819339365,0.51847094175,24.9426864,14.4120104,5.6312939225,0.0409633218,0.16925453225,0.443007074,0.61034148325,1.642310935,0.071740711625,0.998587891,0.8254092545,0.54901225875
44.692026833,5.2962788283,6.1169055493,0.1575323478154,12.9477403184,9.4822460461002,1.7941977648225,-0.000367353132691,-0.00312155032763,0.14114736466193,-0.08327417662506,1.3314907462,0.057353339002,0.88840653923,0.38550053978,0.48317099675,0.892244075466566,0.182042557088178,0.640991878804251,0.0990759711005199,3.86024383283238,3.10200290920501,2.6201678937561,0.0208547339712902,0.0690672447238439,0.206125434139702,0.355567394186093,0.072947972158392,0.00983062135572152,0.0441485908092018,0.0992361189676043,0.0134898193438258,42.82334495,4.9476455475,4.92027638,-0.031912317575,5.70544676,3.563334885,-3.300526675,-0.04233848695,-0.137215915,-0.25964842925,-0.78281102725,1.200532325,0.03858092075,0.79521298575,0.20259416375,0.4574927505,46.398360175,5.6676206775,7.4764728025,0.3580304245,20.70310195,15.456686975,6.9609580375,0.0406180658,0.13109617725,0.54761013575,0.611493035,1.4878986475,0.076047419875,0.965079014,0.59384479125,0.50969827525
44.317894721,5.6339567666,7.0193936772,0.2623482234612,18.5452347513,9.53830416517,1.8362934663149,0.0128023040760402,-0.0040014826123511,0.14445898231809,0.06664967062373,1.3194459906,0.059704084851,0.88093635759,0.38002050868,0.53270375821,1.09412225449439,0.207546978739087,0.753604864486698,0.102335759134402,4.08745250051082,3.47184045907892,2.9724445917721,0.0261677552206983,0.0811953171629928,0.233838614792646,0.430246231343483,0.0750933161221191,0.0114471541276303,0.0637601835724015,0.0952424436901526,0.0162475646619985,42.154452025,5.23893348,5.6666904275,0.05057188745,10.4307977,2.6406754575,-4.6242202675,-0.039352277075,-0.156141938,-0.36378180525,-0.8150006545,1.1802283125,0.0397389165,0.748515175,0.202324416,0.5029669145,46.301243675,6.0762868575,8.689078345,0.447274039,27.044794675,16.4509196,7.3586643025,0.0620630128,0.1660205025,0.5788972125,0.902766098,1.480232535,0.083027188925,0.98632510675,0.57518654975,0.566249987
44.606539582,5.4331176256,8.6003069022,0.354499236083,18.6037307617,13.0295744068,4.330825072751,0.014896622650256,-0.05532412737604,0.3407007621122,0.2804192145799,1.4623404905,0.06352078797,0.95028152192,0.50510123717,0.48028993302,1.35340285655967,0.187334280646452,0.899630672842262,0.120033684415894,4.0579320822611,3.12810802378239,2.67355315571955,0.0181916204207507,0.0699124727048189,0.210325188315086,0.344358864090818,0.0849317742464359,0.00842852652369822,0.0283275900491502,0.0980317006121678,0.0144521240632352,41.772359475,5.0850185825,6.9805973625,0.1216070215,10.51474755,6.98969433,-0.74904536025,-0.022674394375,-0.1978813525,-0.058926491625,-0.39083838625,1.3046259775,0.04592124235,0.88480988525,0.33225534375,0.453016225,47.45180495,5.8223584275,10.493534975,0.580000554,26.7734503,19.010079925,9.8100996725,0.050817925825,0.074355447525,0.77174865625,0.9685529915,1.630527345,0.0801655076,0.99303739375,0.7111678295,0.50847901325
46.942036622,5.7633588884,7.8313283395,0.2805540568675,16.1180712325,6.4275377114732,-3.5096405051297,-0.0172304662221236,0.12717552891989,-0.27609916708996,-0.461269399292979,1.4208475118,0.063900726881,0.92141043276,0.48158558025,0.5199962534,1.140260531731,0.206820754533518,0.82838815252394,0.125908747339889,4.74326636476845,4.08493829621075,3.42973053745848,0.0258391736712532,0.0914889590567942,0.269812746811369,0.458545207975177,0.0965547065150431,0.0133528250568446,0.0382596488632989,0.0978051581075072,0.0163274136897423,44.767086125,5.3615815275,6.3210434775,0.0447114867,6.89783742,-1.28349784,-10.53375045,-0.0670529369,-0.054365950725,-0.82867739925,-1.3277430825,1.2334128925,0.038072438225,0.83675252,0.3046099275,0.4882713635,49.142273475,6.163767915,9.550502325,0.53026185575,25.947097475,14.5548645,2.9519062475,0.033386178975,0.3089239985,0.2322228885,0.461275417,1.6218554425,0.0889170864,0.98319658075,0.6889913335,0.55439752175
47.597831741,5.8694072168,6.2586820241,0.3578572498853,19.7021742893,17.8241067795,2.9230582726446,-0.014812831601356,0.0064315002544985,0.22995345323997,-0.19070841920024,1.4384160661,0.053660405886,0.92099459544,0.44323069037,0.49936220799,0.984608432729456,0.219781197113142,0.726481137644098,0.123881192105291,4.75036795831822,4.35426583306469,3.08341665563574,0.0201867806628256,0.0785781453524532,0.242568653099424,0.377671084383959,0.104466804478619,0.0117313671349614,0.0424072335548606,0.103357594642462,0.0153759658538929,45.73463455,5.4473766525,4.993499915,0.1291552315,9.910085175,9.24374634,-2.74004642,-0.054473088675,-0.158307399,-0.21555613275,-0.91005081075,1.262301675,0.031011459175,0.828410028,0.23214079125,0.47056845575,49.643698725,6.2984805675,7.8901811925,0.60915208875,28.214016525,26.27363445,9.1063503425,0.02416546805,0.1503927925,0.71638555175,0.544354653,1.6797447175,0.07692767495,0.983547637,0.6502078435,0.53039360625
46.294754037,5.6806213247,8.4626049573,0.38248923804,20.5164361912,15.8685404063,2.618366481763,-0.006094781170131,0.005287843943741,0.2059837192094,-0.08093869655219,1.295881399,0.037494769558,0.93328758993,0.2569051502065,0.5182310861,1.20147128419731,0.202957070964737,0.86568902106819,0.0942203208473654,3.49904037089324,3.11247454196444,2.52138241604582,0.0149007698392391,0.0639089064210181,0.198354100276317,0.294091023758903,0.0798985218411111,0.00755910957471283,0.0466373614854447,0.103503227111522,0.0140806749980796,44.154496275,5.30691914,7.022840945,0.2102526945,14.00672255,9.6276055525,-2.2331300625,-0.035124725875,-0.1232418565,-0.175677637,-0.643959665,1.152591365,0.0248318181,0.82245654525,0.042307258825,0.49135853725,48.7477699,6.0939229075,10.4011665,0.57681409,27.577447825,22.13511735,7.86208194,0.022047137625,0.13559726475,0.6185004595,0.50524410575,1.46064017,0.054245962725,0.99575736175,0.44253368325,0.544979913
45.314215865,5.7852722052,6.5454175453,0.390105110387,23.215255524,19.8095475541,3.4585952137539,-0.011852747238665,0.001404410877069,0.27208349550463,-0.18126223022033,1.4290995698,0.050697283628,0.90966259551,0.40187350586,0.50619063636,0.953249543051972,0.222917379547816,0.722647184971345,0.116966868739271,4.73751810161982,3.85932712221474,3.39912022273265,0.024348436604514,0.0899478310900066,0.267404669944704,0.440769287468839,0.0934901474264121,0.0111342625840308,0.0594350623874751,0.0901426258999596,0.0160672384443151,43.282610125,5.3946342275,5.316698825,0.15789492175,14.743492425,12.33537295,-3.1155096575,-0.05990385965,-0.1752075835,-0.24509337275,-1.0440579875,1.244500125,0.031008439625,0.770566449,0.244719017,0.47586676875,47.1209625,6.25669161,8.094297645,0.622040824,32.547543525,27.112493275,10.05811685,0.036309533625,0.1770382385,0.79125990225,0.6913801475,1.61951234,0.074627370675,0.9942015385,0.5938508075,0.53793718575
46.174291105,5.7098743716,6.615063036,0.152713612101046,15.1316026105,11.1788204038,6.82141326467294,0.033307197621202,-0.1324341756913,0.536632317364845,0.50000908837023,1.3633653839,0.051189238194,0.92478355882,0.58924991093,0.50231950678,0.972085574242743,0.204532719767162,0.713278098417493,0.123929288267953,3.80952070248388,3.13391391047096,2.63710648123815,0.0202022272442836,0.0688188091722823,0.207457971186616,0.359126178356136,0.0772107565767468,0.00923166476368524,0.0455230746946023,0.0918725132543486,0.0135789672897976,44.2242171,5.33141731,5.3068976725,-0.088367669125,7.447871215,5.157798855,1.7028905675,-0.009574479555,-0.2597192925,0.133964337,-0.2108758545,1.21956384,0.0337159919,0.8273519045,0.42588740975,0.478389308,48.075743425,6.1249777625,8.1352901975,0.388252614,22.255490575,17.304417875,11.9032142,0.070395669825,0.00231156406999999,0.93641146425,1.215719985,1.5245799425,0.06895655215,0.99599249475,0.779326715,0.530559629
45.675796886,5.4601269335,7.0898575059,0.2086720654025,18.0026263846,19.5508256259,7.71485749155,0.00791468303525,-0.116294381397697,0.60691849309,0.184981976676,1.4392380833,0.054787849947,0.93158956796,0.374127571752,0.504102509,1.06122641436437,0.213131255375397,0.769428532484213,0.113619558890515,4.31286795029405,3.59655231286696,3.12195803883898,0.0234504843901135,0.0826659187226536,0.245600657057442,0.408437374302184,0.0889831444202081,0.01138561564137,0.0570475054234085,0.108059143650981,0.0149981325823545,43.6162986,5.073913605,5.797580035,-0.010936996375,10.15168885,12.6187742,1.7056102375,-0.0405640018,-0.2658536635,0.13417829175,-0.6381043425,1.2822141375,0.035637968225,0.78759257625,0.165845651,0.4771532035,47.74869295,5.920699105,8.7024982125,0.42697689475,26.865545025,26.824475075,13.369666125,0.050349557625,0.052755020925,1.0517753825,0.94112519725,1.635089285,0.080298721525,0.9964585965,0.593599872,0.5349835475
46.712595055,5.672616613,6.5052496537,0.2820106205042,14.42543610685,13.05196638544,7.04584727922,0.024641768176727,-0.12949432303299,0.554288269979,0.5392656011737,1.22935629244,0.0452453009776,0.82310425483,0.49669916241,0.49653116137,0.982359455060129,0.214899391820108,0.79170915852033,0.117145386965174,4.64317250426807,4.0224868221603,3.26391453161889,0.0232134787490055,0.084532746548024,0.256768201885269,0.409373672561312,0.0894190065810011,0.0141354440700485,0.0848442033777424,0.11071413215015,0.0142066388871524,44.8470627,5.275932295,5.1674795175,0.04263028065,5.2315273325,5.301469345,0.62813273275,-0.02007914185,-0.3013091425,0.049414440725,-0.2384298745,1.0641037075,0.02161223885,0.62599861675,0.2792105395,0.47087643425,48.73336525,6.070871345,8.2755858925,0.51222082725,23.23871765,21.02302075,13.442114275,0.069385090325,0.030695240525,1.0574748475,1.3594899075,1.418422545,0.074501378125,0.9699955825,0.72126264625,0.527305998
45.448931741,5.4801180211,6.7727917576,0.434477111095,18.2357665669,10.05279676947,2.4892413908906,0.014429738814922,-0.019371125387375,0.19582560491926,0.29259476723711,1.2187209644,0.038872999456,0.8917221364,0.63485665482,0.48901399945,0.974553471142565,0.218340557517169,0.770110593052252,0.120219058842384,3.54914076363838,3.13055409577867,2.82665183264753,0.0227698624026874,0.0763036064798635,0.222369275522658,0.402675038433966,0.0711526274071275,0.00862321044512085,0.0714971330867701,0.113594394662944,0.0128887483252084,43.55556305,5.0783727525,5.463399,0.213476254,11.0623285,4.192635485,-2.7473437025,-0.03223152685,-0.15942804625,-0.21613020375,-0.51342312025,1.0890959825,0.023315856225,0.7254798655,0.43369186025,0.46491150375,47.398523975,5.9229723375,8.42628399,0.66759224575,24.99417015,15.915851725,7.8224376825,0.05693450605,0.129903482,0.615381693,1.0598427275,1.3761787625,0.0570982926,0.993662014,0.87180991325,0.5143950095
45.743886269,5.4987109549,7.6713237256,0.355466105841,19.2073322284,20.0277325541,-1.4447409145797,-0.05773302171959,0.13660962532642,-0.113656017408244,-0.9186669224821,1.3158768134,0.063282823666,0.90926450909,0.58959317581,0.48695270148,1.06418216092971,0.219414363123912,0.813896264812359,0.132926057718884,4.66207020770647,3.95502504432209,3.28100308543396,0.0261175459584614,0.0867403117834832,0.258112537964589,0.449025036576526,0.0847730013869479,0.0123267427527722,0.0463833865126885,0.122611694139801,0.0154004462452654,43.767498575,5.0769381525,6.2086125525,0.11168527875,10.342149825,12.5227116,-7.8950467025,-0.10813875925,-0.032305877825,-0.62109375875,-1.781991685,1.163061965,0.041099540025,0.80289738375,0.35691223925,0.45887659175,47.883170875,5.9181230775,9.3073391125,0.61871434975,28.505073525,27.9317901,4.88019855,-0.00915874430750003,0.308837319,0.3839193075,-0.0798392604000002,1.487935605,0.08789652065,0.98362710825,0.84606140075,0.51822196175
46.729274509,5.4751898245,6.5296545648,0.329304229787,21.561119896,16.1962564059,10.95555485498,0.055167483913707,-0.2212159332003,0.8618602282948,0.9737718644692,1.4782948272,0.066913744996,0.93736986053,0.50323873456,0.50146677027,1.03184198371699,0.206056166480577,0.754272836915474,0.126531479018561,4.59709075898509,4.13012846317604,3.29999050710668,0.0239750469309432,0.0855769065329963,0.259606255117655,0.425419731172884,0.0927355502040435,0.00965112225794719,0.0359547556975257,0.0988180538181144,0.0141423674875796,44.884024475,5.0910711925,5.2725194825,0.07080150505,12.650925925,7.9109668325,4.503780505,0.0054223918025,-0.38020059425,0.35430695725,0.1308506805,1.3178397925,0.049467178775,0.85116086925,0.3301580045,0.47450638175,48.858605925,5.88946861,8.3831399525,0.57011188625,30.596069575,24.4574353,17.163000775,0.098285605325,-0.05341424985,1.35019255,1.7837599775,1.66762313,0.08693940065,0.99392702675,0.72063318625,0.52990238575
45.263853202,6.1211733688,5.6771189587,0.3085882300071,9.583073516966,11.1818726838,-0.34350363945332,-0.031557077671686,0.06360148531113,-0.027023015347228,-0.34931204090452,1.3156189459,0.045584406995,0.89101003374,0.47711481525,0.5073665173,0.901719290204054,0.232846376879634,0.671836632638606,0.123654087668603,4.31608424515735,3.90229847403843,3.19263397722496,0.0255412440484126,0.0866503703674146,0.251160647348267,0.447395980588276,0.0810608107030339,0.0106082347000098,0.0721988219881026,0.10847269841025,0.0155450366593127,43.449235725,5.703136305,4.511762755,0.0767650746,1.22834412,3.54548438,-6.3980782925,-0.07955379015,-0.093567845325,-0.50332907,-1.2128721875,1.160156625,0.027049920825,0.71337372275,0.274775055,0.4772124125,47.147765175,6.606513935,7.1432492775,0.56254728625,18.1552277,18.6453538,5.54869182,0.016901387175,0.2331840725,0.43650886875,0.48054419525,1.4709174425,0.068064669275,0.99264285725,0.68960638075,0.5366774695
46.689910158,5.7756275554,7.5885933389,0.23642604481298,8.2702494546042,8.85986056888,3.516273940832,0.00399488653358261,-0.05325184136028,0.276621011245998,0.2292521747227,1.2939218541,0.047298545846,0.90267898533,0.5634736965,0.51171504218,1.16020135371469,0.227948062475242,0.774040266623878,0.128509932304138,3.94356503029236,3.10404248416149,2.81776841516484,0.0173382382829516,0.0722525541187861,0.221670427892351,0.341334009218692,0.0797114325170953,0.00827829186312147,0.0455156777265983,0.108474860894177,0.015165805574946,44.364078025,5.3520787775,6.2320314725,0.0013582270395,0.84704671775,3.1689455275,-2.024984165,-0.03007251835,-0.19615277875,-0.15930305425,-0.41575729175,1.1467755,0.030837983725,0.8007599475,0.35726673325,0.48337884075,49.015373975,6.2642524225,9.280810165,0.4872520315,15.807214775,15.20340005,8.85754745,0.038510022075,0.08986582255,0.69681252675,0.91996471225,1.468797785,0.06373849585,0.9766604735,0.782254413,0.54375843675
46.137263632,5.5797265621,6.7597316573,0.3129913454785,16.11496026767,5.785447503315,0.32521611743197,0.013468752144332,0.01914736752531,0.025584357997993,0.12564252674424,1.6448934124,0.07190133004,0.94793226588,0.53810540792,0.50974839867,1.09747867545623,0.210345955659318,0.765029340654198,0.136022897250723,4.73597684338105,4.17060900278278,3.13758645932652,0.02383604896681,0.0818901537479428,0.246830125976597,0.410880643858363,0.102805451206258,0.0098689027459284,0.0336711891288539,0.108897422582152,0.0151820030549468,43.8495515,5.1932723575,5.4008500975,0.063048217175,6.8138356075,-2.3964732375,-5.759893125,-0.0344524317,-0.15560622125,-0.45312381325,-0.68146734075,1.4657439375,0.054575611825,0.87029007675,0.3483937995,0.47997919375,48.285441775,6.01281129,8.37395311,0.6003072675,25.330794675,14.0259444,6.578412705,0.061136880275,0.1734404925,0.517515758,0.93595656575,1.8598532825,0.092368957,0.99610641325,0.7630154365,0.53986682575
46.015760036,6.0531076613,8.0699562857,0.51613229681,20.1292915796,7.95430934776,3.02953974120983,0.0324507993451638,-0.04432518863343,0.238330221209958,0.5899260184187,1.2910511596,0.052252408663,0.94795301615,0.45737951726,0.50697306449,1.20476340686872,0.248598356655484,0.903528271788748,0.11837625776913,3.90223442296737,3.52204691498262,2.81021485011821,0.0218367235725143,0.0751812600724454,0.221076197168756,0.392470612302209,0.0738413952824534,0.00846029242974334,0.0385877761346278,0.0996295839553328,0.0163092830729957,43.5805513,5.5818455025,6.570376335,0.272152602,12.6258372,1.215964845,-2.71298646,-0.00853702319,-0.192312635,-0.213427357,-0.16601621475,1.15320324,0.03669524925,0.8508403245,0.25583746525,0.47669068175,48.572095425,6.564103545,10.0747904,0.753572423,28.0678031,14.9072559,8.387600335,0.07480906105,0.10623586125,0.65984236325,1.3600009825,1.441165775,0.068958507825,0.9981356025,0.66749992525,0.53996415725
45.769470549,5.424655969,6.9165024277,0.18999235518037,13.4570369846,15.7610016983,6.6196357007649,0.006801025620158,-0.104701883286245,0.52075872107762,0.21657339917622,1.21026982169,0.051426854303,0.90873178272,0.61297645385,0.49293641337,0.978601795307594,0.198366761583165,0.70186031492145,0.118951997585518,3.57193122370069,3.25993375611359,2.93990560512919,0.022379437088454,0.0783818403800584,0.231278812318866,0.409347229704697,0.0755678166637355,0.00861651003679094,0.0471434121430876,0.096480677592309,0.013662328785424,43.863685975,5.064092365,5.6030724775,-0.034916489525,6.6065548775,9.28255157,0.59526792875,-0.0370206628,-0.257369476,0.0468290065,-0.6006833245,1.068088965,0.03559114285,0.79848746875,0.446706131,0.46642568125,47.72920015,5.82859895,8.3623840275,0.43471288225,20.24609985,22.1172514,12.3336357,0.050858479675,0.0549088089999999,0.97027217475,1.052479645,1.3686692,0.0686351558,0.983630532,0.827964527,0.5202044125
47.542317907,5.5079449271,5.9032793133,0.26192227584,13.58654247075,10.157517408204,2.396227507101,0.002373846482426,-0.016318781870746,0.1885083151057,0.06550565738871,1.3768389089,0.052299036016,0.9163139099,0.48029823327,0.50367422636,0.885598217706032,0.218783986126401,0.671906197412093,0.139285005762601,5.66131295076865,5.02366631090967,3.55406580603126,0.021110945547968,0.0861509031988793,0.279594051550679,0.384198350881106,0.101009954113199,0.0112625630385565,0.0453300585219278,0.093639483336269,0.0157867600234639,45.8999851,5.083281205,4.7093310775,-0.019629808125,2.1735472175,0.5598470255,-4.4174875725,-0.0372608782,-0.17935146475,-0.34751839725,-0.669816417,1.192925665,0.0321402217,0.8126225035,0.314255565,0.474149313,49.372680525,5.9388548525,7.206938345,0.53731853025,24.634202975,20.311192775,9.392813865,0.041799600175,0.14736451925,0.7389212915,0.795934779,1.59201952,0.07502947435,0.9887821685,0.699604916,0.53734029875
47.573830136,5.6198616145,7.4338566618,0.19342395814224,11.3022858042009,11.3816886311,4.43557253609617,0.006131533558413,-0.06617792608416,0.348941118081545,0.178447365235287,1.2870237973,0.055034409962,0.87587824804,0.45066874569,0.50465532126,1.0689719294274,0.195794443425318,0.782286700682839,0.109298890245221,4.08609650824239,3.4635284066641,2.74109598896663,0.0188765320210219,0.0708923648043491,0.215638701007488,0.347146125350753,0.0762983131866215,0.00886208701229267,0.0474904444671234,0.0937235731015356,0.0139384811615952,45.5015015,5.272155605,5.9862572725,-0.026121878425,3.10561687,4.72103657,-0.53023099475,-0.029593183025,-0.2005013295,-0.04171262965,-0.48510512075,1.15159593,0.037876348275,0.77224690475,0.28072375475,0.4795368345,49.797556025,6.0323607525,9.19364635,0.4010602555,18.747408075,18.123548325,9.5033837025,0.043192390075,0.06548271595,0.74761968575,0.861848882,1.4500484625,0.072983706025,0.956547951,0.63931310825,0.53453276075
43.741847226,5.5418584911,6.6127087321,0.350041729492,16.1259005088,10.6286010742,0.2889389977706,-0.0090911095078185,0.0436168825309479,0.02273048081435,-0.138866086466,1.3098159956,0.043239873636,0.9380735265,0.44227922312,0.49595587248,0.960200937315282,0.199316124842677,0.689741241403728,0.0955496973213049,3.20493736015611,2.77819995091289,2.47754878590793,0.0210907713764543,0.0680399995528492,0.194905761548722,0.362003611841568,0.0693973812520047,0.00760656496062656,0.0618257672056091,0.100972161916699,0.0126328441991621,42.005460725,5.13753542,5.3978284525,0.17413299325,10.15570335,5.26988245,-4.450034845,-0.049183965925,-0.093395039925,-0.35007884775,-0.84187086025,1.184139,0.030381444175,0.765431263,0.24314795425,0.47050108275,45.6782443,5.94364822,8.0600028925,0.541853887,22.36685565,15.83442525,5.465637335,0.036710057675,0.16704351125,0.42997506875,0.617301439249999,1.4473700125,0.059879628125,0.99916807375,0.6505637835,0.52047292525
46.195328726,5.6998107852,6.3705528459,0.08453240696532,13.15535524169,11.57749549051,5.5721171253179,0.0177970225642337,-0.09632283233943,0.43835170429314,0.22443297319476,1.3801688776,0.05193889991,0.91424185156,0.65304093983,0.49123371819,0.930282340124979,0.220953114920702,0.740446453179159,0.138935309118944,4.51209603774,4.26734899864533,3.51609154904646,0.0282048169075537,0.0940167141431713,0.276606663083418,0.488812519192497,0.0903011065879958,0.0114603750381373,0.050838627135579,0.112967851370948,0.016333575662133,44.35256155,5.29936165,5.0337369925,-0.184659749,4.17946177,3.331306435,-1.27984101,-0.036836444475,-0.2777224945,-0.100683548,-0.67802995675,1.2048934525,0.0317956289,0.80415097675,0.44226620225,0.46174002325,47.8910286,6.1265314875,7.99040207,0.371358338,21.724096025,19.77229215,12.36369165,0.07218644685,0.0810187966,0.97263666725,1.1811840475,1.5565677025,0.076095692075,0.99354566025,0.88304464675,0.52504756975
45.418644343,5.7159902781,7.8775686358,0.3588698164263,13.6916261265,11.9188517966,7.717594329882,0.0330044836356505,-0.15336500309638,0.6071337974396,0.7701740043302,1.258211122,0.039618982328,0.91468577431,0.43438675493,0.51890969578,1.1640474401376,0.218381983996368,0.829684412603199,0.104655460377689,3.81251614879859,3.10998966209472,2.91344907678897,0.0217041569366295,0.0775030491919741,0.229197510328977,0.389657390145738,0.0773527277975264,0.00756765314341692,0.0701254193911794,0.0998994067811367,0.0147748763916675,43.218553375,5.3091753425,6.3714211,0.1550604285,6.2914586575,6.00349399,2.27423711,-0.0110443385,-0.29820244325,0.178911478,-0.00641935357499998,1.1078620225,0.02655632235,0.72760685675,0.25311808375,0.48960155475,47.7694853,6.1617577375,9.6068547675,0.544573971,20.60528355,18.0307328,13.19166365,0.0743607228,-0.00290089133500002,1.037772185,1.478212775,1.412240065,0.054969734375,0.996164742,0.63737365375,0.547715922
45.9360745,6.0181147246,7.2672439608,0.2789477143888,10.927329557002,9.85009561327,0.0607051103377,-0.0193423795195531,0.046087223016777,0.00477559728506,-0.2327475491221,1.2815593445,0.052981634252,0.91561295303,0.433211853934,0.49640465509,1.02119111435053,0.232733400345795,0.794600877127436,0.109622591630913,4.10870640403293,3.51923675336674,3.2519318081569,0.0253500423037459,0.0865502003572876,0.255825536007601,0.442964154258453,0.0840257765793448,0.0128724525542305,0.0613835277552259,0.0961235920564207,0.0158983974049892,43.84608365,5.5828353025,5.8965930225,0.055435576175,3.49465907,3.012446385,-6.08108178,-0.069027697925,-0.12217824425,-0.47839133625,-1.1110475975,1.12835169,0.029582620125,0.7688953015,0.25065253125,0.46786597475,47.9720606,6.48464333,8.9788689575,0.49700282425,19.17050815,16.63462865,6.356323485,0.0328333484,0.21547945425,0.500044275,0.65623488575,1.447784345,0.0772707158,0.99348181525,0.62901231425,0.52908329375
45.408444959,5.8943108155,6.2997345132,0.15435938086882,15.5962481437,11.89459960515,-0.2041612177661,-0.0197359357826135,0.063244216106289,-0.01606111564275,-0.48242247767737,1.2988896013,0.051226881645,0.90745697577,0.42348025901,0.50555195553,0.861577373592184,0.187629676898066,0.708113101126043,0.103978098121762,3.9896359045778,3.56360737258996,3.00549908805977,0.0260579351882248,0.0815925333839867,0.236438972313099,0.440036963760448,0.0730281541113065,0.0106375554858679,0.0567398802405782,0.0818690007437332,0.0135593858525988,43.680581175,5.546519945,5.04014677,-0.039750189325,8.0183625475,4.7380986975,-6.069001285,-0.074920854425,-0.10215721025,-0.4774409775,-1.3308007525,1.152191345,0.03255073835,0.78398328,0.2811809395,0.47908909875,47.06537035,6.277132125,7.85477165,0.351163114,23.670954525,18.641415875,5.8672823225,0.0299873603,0.22673869275,0.4615720005,0.378971695,1.44512737,0.0722276544,0.99680547425,0.590758699,0.53307361025
48.163588667,6.0847248141,7.8452897242,0.48678571,14.6812967939,4.739119528353,-3.853760109639,-0.015306640001897,0.128405547713,-0.3031706391656,-0.20881380382331,1.2751555537,0.04106235384,0.90122833623,0.50062003417,0.51105135659,1.21963752265286,0.233374156280863,0.828020671630176,0.125162899415823,3.93443721749806,3.23156119438253,2.55091959361431,0.0178441744383215,0.0671876430866019,0.200677754150459,0.338600811405208,0.0814586335185227,0.00863378176402492,0.0587393840674739,0.0947042202723458,0.0148752758070181,45.553590175,5.6272656775,6.403371825,0.232019687,7.1385997375,-1.6165786225,-8.6765618425,-0.049675171075,-0.00558560907,-0.68257460575,-0.86779848525,1.1233989225,0.025750160775,0.774618349,0.33056495775,0.483602406,50.412242525,6.521938815,9.5717716225,0.73113188725,22.2822934,11.2694523,1.33340757,0.019098694925,0.25265817475,0.10489755575,0.44940057525,1.4430299125,0.058428981275,0.9940471895,0.71559997675,0.54062638
43.953226879,5.2834329175,6.8150950284,0.3860415421507,13.24758812728,2.2084778336307,0.1011217456892,0.02161164561864,0.0079389926736346,0.00795512529784,0.36580200388716,1.326375733,0.0427871967608,0.83329275085,0.51536503446,0.50624709726,0.98086093554452,0.206232074728844,0.758359688619636,0.121804630079938,4.13246767769839,3.69718752443704,3.51642572898337,0.0292760671742221,0.0958697999449293,0.276632952238473,0.502382812611133,0.0773888446751158,0.0115153082276135,0.0991559667368418,0.123910036585216,0.0164856637173478,41.9564386,4.88930765,5.46404463,0.14130647525,5.77637043,-5.2375428,-6.582014335,-0.036231250125,-0.1857637875,-0.517799095,-0.64586931525,1.1899372675,0.022412405025,0.61341744275,0.27783633075,0.4770816655,45.809510975,5.6949245,8.3912140225,0.62919607025,21.5139232,9.42236208,7.3143044425,0.079384178875,0.18738822925,0.57540747625,1.324138165,1.485295785,0.06569520625,0.98763285625,0.753840745,0.5418315275
47.80879139,5.4960204404,7.7052332773,0.14297774579688,15.1572932189,14.1547932986,6.894351841989,0.020178341464904,-0.12000372815087,0.5423703068819,0.31791222635789,1.08769008115,0.032310102362,0.83540936474,0.60330716101,0.48920917147,1.10655953066154,0.2023173129504,0.801559552794764,0.125526039561985,3.78768015179547,3.5631040024614,2.69133588148107,0.0180650598254403,0.0683767256806182,0.211724132664663,0.338682096184366,0.0734647465673978,0.00904975030243653,0.0902266719567982,0.0899100427119103,0.0143123394359653,45.7687237,5.1181744075,6.37009126,-0.09083273765,8.018205995,7.3208795225,1.50867532,-0.016376343675,-0.25251474525,0.1186856605,-0.35410515125,0.955951324,0.0168559843,0.6398881155,0.4468265375,0.463873414,49.9598696,5.9287579125,9.4320254075,0.3933645055,22.93861745,21.085965,12.252269725,0.05367980305,0.010952214675,0.96387119375,0.950147036249999,1.24630566,0.051775525225,0.98628200625,0.78821639275,0.520832144
46.067984049,5.2214971876,8.0031041316,0.156652038284844,12.8519455798,7.755136003956,4.9484661196128,0.03019125494026,-0.097789484664769,0.38928983490524,0.44466927810484,1.3209318122,0.048001796608,0.93165122778,0.50080410086,0.52762674343,1.08441510203736,0.19271079642778,0.781977947900069,0.118010282791875,4.07662617318544,3.50023950995983,2.90372487519794,0.0177327410782199,0.0737265596482884,0.228432517849316,0.342092984727339,0.0863985967041345,0.00882177923489094,0.0410317253231923,0.0946954442933956,0.0158598171841856,43.95377635,4.8574141675,6.6454935075,-0.0673108153,5.109265025,0.84487109075,-0.6272049045,-0.005133583885,-0.23380423075,-0.049341450175,-0.25292326525,1.1558914325,0.0318710079,0.83869967575,0.3323266165,0.49829795375,48.156317225,5.59010973,9.64734864,0.39371035675,20.539483275,14.5269324,10.48558135,0.0641022079,0.04425491335,0.824888019,1.085382145,1.4994935675,0.065550756125,0.99497104075,0.69475712375,0.559308629
45.421430508,5.799228015,5.9046982595,0.291336437555,17.0435546758,11.36119771062,6.76876319554,0.036568254051791,-0.13010968448412,0.5324904009188,0.6350332271791,1.2107336159,0.051287569126,0.79591758189,0.37015474035,0.4988434549,0.866581516713939,0.198438971357597,0.690531839669017,0.0978413829930745,3.69250013615832,3.35242303364744,2.91257312024512,0.0250317821767017,0.0791519661708636,0.229128599333485,0.410117892960504,0.0724619321884064,0.010296854733535,0.071705959274429,0.0764269971821536,0.0151433079983437,43.69997335,5.4118335675,4.6399663675,0.1004101952,9.7139672675,4.7620649475,1.2553965875,-0.01333114265,-0.293590814,0.098760529475,-0.1768082525,1.082634675,0.03241726585,0.64093977625,0.228372675,0.47123247175,47.12745275,6.1814542775,7.4298483275,0.4879464715,24.2813211,17.707852425,13.0591003,0.08627508825,0.026800766775,1.0273435925,1.4575370575,1.368517945,0.0722689205,0.9181283515,0.53572318425,0.52898524475
46.529506033,5.8431275762,6.1341009709,0.32116078149112,21.9958119743,14.9832569416,-0.6784571842779,-0.02239997999308,0.09119237457874,-0.05337340463829,-0.51956272059566,1.3827716409,0.055060553589,0.85558257057,0.69526486358,0.49434621501,0.909742406320193,0.23736422078805,0.728663093321686,0.152873130942693,4.76357129980576,3.94521582826477,3.71338498831222,0.0295208159614819,0.100338275709847,0.292127498385642,0.513398615032142,0.0995205831811508,0.0144481313722753,0.0733311226298633,0.116864568285772,0.0147643945996004,44.719655,5.417644205,4.937748285,0.01723927575,12.783356275,6.804524305,-8.5042826725,-0.08313268065,-0.10370623125,-0.66902161325,-1.5435437775,1.204991385,0.028809054525,0.693745911,0.49425853475,0.46727730975,48.292155525,6.3454686325,7.74883468,0.63320509825,31.59069245,22.424602075,6.3474206675,0.035384569925,0.3009365645,0.499343898,0.52666008575,1.5876857,0.083594156375,0.9808370075,0.9416484515,0.5247857295
46.799111881,5.7565149531,6.7315258443,0.55051938574,15.6777993068,3.934954810424,-0.02113815181274,0.018467059533737,0.01965287262568,-0.001662912794473,0.42668466360583,1.3103016416,0.04397505838,0.87459927409,0.43018395291,0.49478970884,0.994344462591523,0.221064772285314,0.7548482871967,0.113517568935524,4.4202447047491,3.82519856072649,2.82947860211984,0.0218051636996566,0.0743767162881742,0.22259165383985,0.390784391971962,0.0825493263684702,0.0109308983614211,0.0669268900206734,0.0980532319914166,0.0148288270005729,44.922541125,5.343592205,5.4302127325,0.3381905515,7.7112582125,-3.280424165,-5.74762778,-0.025175242175,-0.12476902625,-0.45215891325,-0.35780869725,1.1612662675,0.023895658725,0.73033634275,0.24907161075,0.46677573825,48.9354073,6.201953625,8.4698209175,0.773787758,24.900421325,11.217286075,5.440399915,0.06101252185,0.16983141125,0.4279896715,1.16818356,1.4908743875,0.066868617,0.9847236155,0.64604866175,0.52582080175
45.93192395,5.432015025,6.5728890453,0.31764494158878,14.49764008805,4.736839299064,-5.495861176178,-0.027608092360468,0.17331979866216,-0.4323527407537,-0.599812917359,1.5149934215,0.064956600977,0.98273413313,0.50290074306,0.49905138779,0.97569283273444,0.204337935331698,0.739572906145696,0.129602416580523,4.94088063081262,4.15350647254557,3.01729569278641,0.0190444231863813,0.0754508753539177,0.237366996576089,0.357559424548247,0.092936846193942,0.00821184733257274,0.0148873520672573,0.0876602775362789,0.0158722835537354,44.060808325,5.02831025,5.24654209,0.058045997475,5.43711741,-3.595822365,-11.231092425,-0.064322954575,0.0265166423,-0.88353640125,-1.3002347625,1.34613324,0.04969132085,0.941742853,0.35481917975,0.46887256775,47.789807175,5.83016415,8.0849168875,0.57253991825,24.341151975,12.7374265,0.4865585155,0.0095444442625,0.31524036125,0.03827696875,0.0864367584999998,1.7181586575,0.081673406025,0.9993448745,0.695968749,0.53337022275
45.476047571,5.6593272042,7.1471461324,0.290760665514,14.9241602078,8.91942543402,-0.5102278860542,-0.009813046567416,0.05719565879324,-0.04013900967618,-0.20997900267867,1.1905558241,0.0346667789898,0.84776182784,0.43203255472,0.51927565225,1.10027697020233,0.201001168105363,0.796128422591616,0.0995967925042053,3.77614065556736,3.55487729909007,2.9098763624671,0.0224353908142922,0.0756995851009053,0.228916448451821,0.382393503376392,0.0764365616497526,0.00927452017017574,0.0987843797325511,0.0955395096716948,0.014913608153098,43.22919475,5.3132926175,5.776108565,0.098450829175,7.4298544775,2.1497112225,-5.91598279,-0.052725744725,-0.09305352145,-0.465403199,-0.94809498125,1.05011416,0.018416714925,0.64265264825,0.25897455375,0.4895731205,47.584455,6.0686712275,8.8040673725,0.48743927625,22.48320635,15.70454815,5.444545375,0.039473151525,0.200904503,0.42831578575,0.538179842,1.3368053325,0.05384234685,0.99343681125,0.6214987205,0.548426029
45.24579494,5.7210111546,7.4864398736,0.110576648339436,8.5935701792763,7.979167374506,2.5377895919066,0.0017324092263587,-0.030751179197743,0.19964483288024,0.0284012659972,1.3837404736,0.050848374679,0.91896054785,0.52624921321,0.5177840713,1.05727408497165,0.223720519417357,0.815905853413786,0.121900991815406,4.32235125275881,3.78202533817816,2.96356029703934,0.0220957309190894,0.0774063528211404,0.23313969858636,0.392794675206531,0.082934078299973,0.0106958048658107,0.0512909821499221,0.101859188946173,0.0151508593354948,43.138720775,5.282896695,6.02855282,-0.12608556475,0.5878333505,0.0792310442750001,-3.1055866025,-0.040346202225,-0.18463372175,-0.2443127365,-0.7176807205,1.2173205475,0.032175766425,0.801088943,0.34293331725,0.48834653975,47.28402585,6.191084325,9.23104259,0.353736923,16.71758995,15.099848025,8.1917425825,0.04385212615,0.12277795325,0.64443446275,0.8046464335,1.553771075,0.07386786055,0.98755893175,0.7514488795,0.547178458
44.985292094,5.7692704109,6.1431559982,0.05900721157544,8.96445696852,8.33873710085,4.4113156982862,0.014500479834315,-0.08026490616592,0.347032862123,0.209319803005,1.307602545,0.05350635996,0.96550456812,0.69277514212,0.5248858129,0.912806502685807,0.206303922496907,0.657344494038778,0.136311586485737,4.16436617703397,3.30780990210783,2.9911877030769,0.0243182153787008,0.0805579147150174,0.235313112880189,0.419822831348281,0.0761821645728022,0.00831318676353862,0.0329389291400346,0.105198755862617,0.015140178346905,43.160161275,5.3827607125,5.02329793,-0.19689275225,1.0351778645,1.957943115,-1.664284095,-0.034039365275,-0.23832363425,-0.13092721225,-0.64683707025,1.166669045,0.0386978795,0.8782623815,0.50915275125,0.49585280825,46.85095795,6.164803345,7.616042975,0.3514091445,16.993616175,14.713201925,10.28318325,0.06373094685,0.083209698625,0.80896554425,1.03962939,1.4683820925,0.0711458072,0.999008526,0.91712385325,0.55536683725
45.372946117,5.7801895923,5.697396195,0.3410651670434,11.85249613636,11.5380641623,-4.111712478663,-0.05514288433777,0.1684203829505,-0.3234634396201,-0.82747336921077,1.4144857178,0.050234754529,0.96507237126,0.454792720361,0.49719436175,0.822627273808838,0.200277527844537,0.672709810397646,0.116737306054762,3.97227048599147,3.38632611863618,2.92479428271003,0.0239516045517947,0.0792657804916234,0.230090023002404,0.419728489143727,0.0790903899399149,0.00811030300990822,0.0339327788377706,0.118941625019515,0.0144431776113627,43.88758015,5.3992125475,4.5411408,0.11619991,3.9633603125,5.106975,-10.070680075,-0.105948213,0.0199969373,-0.7922481685,-1.7174315725,1.270382215,0.034884820325,0.8747689785,0.2145999115,0.46972114175,46.947389275,6.1840246375,7.1470348275,0.5785575305,19.684661,18.26110395,1.5171836075,-0.010824503325,0.328436587,0.119354994,-0.0198266050750001,1.5745921775,0.0669433374,0.99813305225,0.68880775925,0.52544173275
45.646327335,5.5351359885,6.1735395856,0.511422817675,19.9708898162,8.850276732588,4.64700877024449,0.039652886591334,-0.084233426264828,0.36557455014503,0.7463834322874,1.391647696,0.059222214212,0.94175723903,0.55962919357,0.5187303127,0.925897994740465,0.215554310624126,0.715378645645393,0.125811616667647,4.29743238025464,3.85522532247545,3.16990009123839,0.0242800276887586,0.083926451726988,0.249372198923369,0.427718175137067,0.0816321047552023,0.00991645428223409,0.0385881542504394,0.101104813774564,0.0149729754048043,43.854326975,5.13200261,4.8971143975,0.26270577175,11.655955075,1.3399736925,-1.45136837,-0.009769870625,-0.25254770025,-0.11417739325,-0.12849926,1.2402515575,0.040343325525,0.84796514475,0.37192439425,0.48894802075,47.363476725,5.969544735,7.680473815,0.73329916125,28.193149575,16.198605275,11.33205585,0.0861072355,0.0772060503,0.89147913875,1.5500520925,1.5568048775,0.0785078701,0.99817022775,0.7851283915,0.54822657975
44.34443839,5.6800025456,6.7400798738,0.3024591947991,12.8672217007,8.00403846383,0.4326283595511,-0.003594383072422,0.0269632852229037,0.03403434894519,-0.03129126877922,1.4142717838,0.057259095869,0.95404636973,0.47972065358,0.48191419874,0.972169401793625,0.192708580477119,0.793293896760161,0.107285056387917,3.45608307220959,2.84600994108536,2.67744192457624,0.0222889404279245,0.0741934469565357,0.210631112677849,0.397328149414191,0.0698360084623591,0.008256308658431,0.0266526520342167,0.0902404257542881,0.0132829877179058,42.394483075,5.3017603525,5.4048703475,0.0921657277,6.1873108225,1.9975476625,-4.92305092,-0.046175612025,-0.1209842105,-0.3872904575,-0.81928693525,1.2912191925,0.0421894244,0.89242685475,0.318651824,0.45769146775,46.1926242,6.0785106525,8.556516735,0.517566243,19.251727675,13.375250075,5.6632175275,0.039278142125,0.17723091825,0.44551846425,0.71829036975,1.566079165,0.073441196425,0.9961131145,0.66635144325,0.5081668355
47.504117404,6.1770718986,7.4392166089,0.48718618722,13.6432991846,7.87911046449,-2.51678850040155,-0.02253945445503,0.10704911030601,-0.197992702511613,-0.22917140903119,1.4494490354,0.069752600825,0.94330841801,0.40379673801,0.50466871654,1.131479059115,0.230812484911802,0.81351609553033,0.126403304152913,4.75908200809795,3.88836515582395,2.97315803920828,0.0230197422655348,0.0791862873568702,0.23389474094202,0.400141442165404,0.0916055849923132,0.0131703821953244,0.0329973757939649,0.0919157343230948,0.0139287477545518,45.207210275,5.7467244525,5.9978944825,0.23945423225,4.4623563625,0.4323224035,-8.4927022975,-0.068578046925,-0.045826602925,-0.668110598,-1.02434762,1.28828442,0.04567484685,0.87006825,0.2322392805,0.4796106425,49.68960085,6.636776375,9.1231116375,0.73047814925,22.95950915,15.612206675,3.2711226425,0.022550180675,0.262470027,0.25733525925,0.54778279825,1.6373431975,0.092804695975,0.99372866875,0.5925336855,0.53433063525
44.129675156,5.5123470893,6.7946551267,0.49808572796,13.3247784881,8.85360931339,-0.619824781457,-0.014052460681612,0.0598750160683,-0.0487608645484,-0.0255981207348,1.2616259383,0.038340078969,0.89982861116,0.364565363408,0.49814562756,1.00245309270723,0.209562214623063,0.739314493988522,0.0954822123758083,3.59305435709938,3.15690913096085,3.43471005403704,0.0306989941339945,0.0967816769677498,0.270204478931904,0.51029729139414,0.0747013415617832,0.00824072305235488,0.0796426031233933,0.122345080715346,0.0148999700260062,42.0422591,5.13493598,5.515492525,0.3092385255,6.274764055,2.889262825,-8.10642317,-0.083402342825,-0.11376463175,-0.63772248575,-1.1973306025,1.11998819,0.022926907,0.70238085125,0.11606230975,0.469725538,46.068686775,5.9362744225,8.3600835125,0.682647909,20.4873178,15.159609075,5.4945714275,0.04115174545,0.27460075375,0.43225128125,0.883538996,1.4089354975,0.057024115275,0.9969144555,0.6067394905,0.528344927
45.389150187,5.7205316148,7.651060107,0.2388611585351,5.9375142955826,3.4384873296144,-3.14091583832084,-0.024654015270855,0.10259847660262,-0.247092044118129,-0.34827607926539,1.3598002537,0.057233139001,0.87053289132,0.443947023766,0.4931489332,1.1293787335815,0.20871580141764,0.816766127176873,0.113464681508611,3.89518453836427,3.27797199502817,3.30306213009364,0.0252473663660405,0.0888718257618281,0.259847896417145,0.449672938581751,0.077909360454331,0.0125387234085471,0.0552646902227788,0.103526224057013,0.0151170730146451,43.2364821,5.3441840875,6.2589404475,0.024989288975,-1.22657917,-3.6871795575,-9.87168768,-0.0747857038,-0.062110771825,-0.776593717,-1.246704485,1.2052729925,0.033981287,0.74086914725,0.24407721625,0.464817713,47.5497522,6.13850568,9.424673425,0.46170392375,13.92855685,9.456574655,3.16713369,0.022303778725,0.28362224675,0.24915457025,0.4791697055,1.5169802,0.084290835925,0.961753113,0.65105617475,0.5231662115
48.944277965,5.6564587481,5.8271501551,0.469990083038,22.7823889408,9.884388330148,0.84440759611146,0.01396448167097,0.02481258748271,0.06642852276111,0.15230545316651,1.4363576814,0.050331915406,0.95487565795,0.43575510715,0.5028104175,0.975973680338237,0.2111135135017,0.673199587903256,0.131526038843757,5.12986145847617,4.09567278314448,2.89719794531098,0.015951388480087,0.0717641710560952,0.227919052749069,0.318541177801038,0.10310222317457,0.00908512459192807,0.0332828175434017,0.0969242657264032,0.0158376497377363,46.969368425,5.2522672,4.6442594225,0.2134470455,13.228765825,1.77584929,-4.95602681,-0.0187711566,-0.110101776,-0.38988462975,-0.552305955,1.2455885525,0.034112088125,0.87070539075,0.2549644195,0.473569697,50.76581915,6.077680865,7.3120087825,0.727893125,33.111686275,18.183283375,6.348607905,0.0440031266,0.17257593525,0.4994372895,0.77270082625,1.64792678,0.068847892125,0.99750035675,0.63721207075,0.53441432475
46.22637502,5.8306597575,6.3986622892,-0.021015860225206,11.15577282443,16.4596619175,9.38729411891,0.018210710473711,-0.17703393477644,0.738487056843,0.316913805681,1.23427347007,0.0353814723671,0.87137856277,0.53967793334,0.50286892938,0.972398506030587,0.217859335957764,0.710404991847868,0.122156148015367,4.0814266822325,3.37792418055914,3.07373600838789,0.0213909934919608,0.0804777830549171,0.241807088623011,0.389134539095989,0.0824209894900898,0.00950509693480272,0.0935988326119299,0.0944368403669804,0.0142071600682949,44.405880975,5.399092465,5.1195202075,-0.26368416125,2.933702105,9.7179764975,3.115255255,-0.022976980725,-0.33399014725,0.24507335425,-0.452116424,1.0842829825,0.01841657835,0.64626847425,0.37257747775,0.4761823085,48.0488387,6.2592270025,7.914835355,0.226873111,18.852006225,22.822232175,15.4100841,0.06065022655,-0.0163907303,1.2122926375,1.0413928925,1.40987821,0.0538982938,0.994485138,0.74454126725,0.52991942325
47.308442088,5.624402873,6.519664791,0.38647186015,18.6733705166,10.38102431191,-0.5846653723828,-0.008298316193948,0.066317204747095,-0.04599491648259,-0.185101902725022,1.16225341505,0.048392951632,0.84195945155,0.57715576118,0.48470223742,0.891648745605348,0.200678227162805,0.692287615539824,0.121223727066036,3.98481437520921,3.34330264500471,2.74264708931818,0.0205830094378565,0.0722288943462043,0.21576072389477,0.370072688895057,0.0800923607016786,0.0103935904940257,0.0660071069255375,0.1036217497384,0.0145479100270795,45.583372875,5.2463875475,5.33079929,0.13387879475,11.013178875,4.47710283,-5.87670427,-0.04885281405,-0.075224452625,-0.4623132065,-0.90723262325,1.01025581,0.02681542935,0.686874323,0.39375521775,0.45839155575,48.9422832,6.040441265,7.98398622,0.620591373,26.56017055,16.680456375,4.78390635,0.03210611325,0.20473557825,0.3763441165,0.52187154025,1.32549412,0.06912772455,0.956535133,0.8007548685,0.51728198925
47.353314018,5.549175623,6.5004390326,0.241292004988474,15.740832663,12.95707472221,0.40479732828684,-0.0198880048208843,0.051734381186559,0.031844915490826,-0.37768220985828,1.07481146084,0.0312265597152,0.90220142825,0.43883287532,0.49161394929,1.0051868280305,0.210590856079152,0.721455719403579,0.109800297890823,4.45281725470246,3.80379464620088,2.5331205180323,0.0154632516626974,0.0620472915776309,0.199277522557397,0.282030767055376,0.0759570459778656,0.00759222402188486,0.0716639640328154,0.0791328982706784,0.0157376977407736,45.397430675,5.16555487,5.277040345,0.0135013006175,6.9101357225,5.76143886,-4.6631631025,-0.051816080575,-0.0677891458,-0.36684538675,-0.91896534,0.9327221105,0.018704728975,0.7229963665,0.28484942375,0.4635603645,49.4147163,5.9992776275,8.124243115,0.4596298375,23.795139275,20.4509605,5.19886534999999,0.0078066212825,0.17332678175,0.408988438499999,0.15716544,1.2366459025,0.047877559675,0.9951000815,0.603768127,0.5235966795
43.703864808,6.1229031964,6.8638378992,0.48614221511,25.971050499,8.812768913497,2.714871979793,0.03991336560466,-0.03155501857128,0.2135756899102,0.5098217837134,1.392120472,0.05249822609,0.92474635651,0.63875331573,0.48574501087,0.986974078723812,0.221179946523883,0.700844727067301,0.124279835916923,3.78708645775393,3.25560112443629,2.95715812759292,0.0260300744808557,0.0815418475312712,0.232636047768914,0.451072914246579,0.0792521241981028,0.00976441596780729,0.0518541318960554,0.113380463475808,0.0137218223211602,41.739062425,5.6817111775,5.5758865825,0.245026367,18.338634775,2.616948485,-3.3669341775,-0.017658249125,-0.1898363825,-0.264872635,-0.51623708075,1.2498259975,0.0355128915,0.800669168,0.43723296225,0.45842857575,45.804453575,6.5502845125,8.2936037525,0.7278317585,33.4314262,15.27292725,8.78446228,0.087215348475,0.1379152075,0.691063012,1.30757915,1.541766085,0.073702489425,0.99646050725,0.87641271825,0.5137959795
46.076928423,5.7278956009,7.6232492852,0.385707105031,19.5716197935,12.98163639475,4.582529956608,0.019208020229119,-0.06244275515614,0.3605020802104,0.35579317726839,1.3359220776,0.051972584308,0.83509460366,0.326835866017,0.49247453557,1.11218131498568,0.211913294747232,0.81396143752252,0.100614937694999,3.86621378362837,3.4732493107701,2.82889933434814,0.0219410612264387,0.0756308231858927,0.222546083299111,0.388408321901056,0.0718697231089171,0.0122580736545841,0.0624531259295619,0.0959194864698388,0.0140027371465216,43.7718672,5.32779947,6.1979393225,0.18491067775,11.824418325,6.3332927775,-0.99997475725,-0.024325004825,-0.20633308975,-0.0786668025,-0.4077369945,1.2021950625,0.029000724,0.70719071225,0.1238808185,0.46332124025,48.184863575,6.17790885,9.2949893975,0.5780603065,27.543700925,19.611951575,9.9786019975,0.060291508925,0.0840100712999999,0.78500453025,1.09016252,1.4919483425,0.07494351135,0.9513287305,0.51389626125,0.5192498105
46.461919551,5.6134001164,8.3720240737,0.2791052820889,12.06370273954,13.8920592073,-0.837375991984,-0.04180635570092,0.09025059777452,-0.0658753548421,-0.59220213770331,1.3226244058,0.055877777954,0.82416589957,0.62767616317,0.50830451619,1.27439442629069,0.206474351671639,0.898306247422736,0.130303622465396,3.86241358693993,3.57563903649065,3.07308299511231,0.0249068933418118,0.0823579885078497,0.241755716544953,0.442744393498019,0.0822680354322412,0.0102853681008872,0.0738490949551162,0.113459650575952,0.0144667077306501,43.924792825,5.2337258375,6.7784052975,0.014580643625,4.21801448,6.905426215,-7.0031790325,-0.0885285984,-0.071454494725,-0.55093161775,-1.4988317225,1.15918309,0.03431249495,0.65340137275,0.435041979,0.47959449775,48.965683125,6.032983625,10.2534116,0.5440846245,19.74202825,21.307473675,5.3164591575,0.00668573763749999,0.25270168375,0.41823939975,0.27157733,1.486520195,0.074134035425,0.950469773,0.8788958945,0.53836743725
45.396547769,5.2788436046,7.219107343,0.3812190421365,13.3054935762,9.683484691943,0.3958265557019,-0.010574014444194,0.036111185873742,0.03113919557299,-0.05702704006978,1.3161941471,0.055431115649,0.78733484361,0.511404707,0.50962136942,1.1173771853366,0.187311383035282,0.770660280973207,0.118135003948673,3.93602670191386,3.66939539104603,2.97017075656246,0.0268129364916977,0.0812006527180244,0.233659735191394,0.443327437676829,0.0830374049404925,0.011763971316862,0.079148824337024,0.102910545207052,0.0150233632982923,43.3044062,4.9178853725,5.82012352,0.13067524875,5.5555509,2.3473278875,-5.4393957025,-0.0602427487,-0.11933558,-0.42791066825,-0.943694373,1.155842005,0.03214598395,0.63147900225,0.31076003725,0.48138058375,47.72651375,5.665165965,8.896377395,0.594981877,20.884380675,16.43116205,6.034834915,0.044385211275,0.1989695675,0.47475315525,0.81405545925,1.49260532,0.07902914745,0.937353102,0.73411138975,0.5380388185
46.363441476,5.5505411378,7.2015154765,0.383820127401,15.0808683123,10.8736781039,2.0176774535904,-0.000162582196324,-0.002490681550132,0.15872824095417,0.104117176854892,1.3463741422,0.049297683798,0.93582087087,0.51898016767,0.48065645965,1.0413581236341,0.197816218288292,0.802518324943115,0.119586855539109,3.94321081928079,3.14541707947967,2.52732903153202,0.0193978690894028,0.0667071479542522,0.198821913273547,0.355779852258789,0.074766802314953,0.00887244364279076,0.0456038604148284,0.0961875927334842,0.0134791018495016,44.3447326,5.1781723625,5.8499976175,0.1498821875,7.6388453375,4.8393997275,-2.79837737,-0.039506284725,-0.1287066595,-0.2201449635,-0.5851627085,1.21032802,0.03411989865,0.825977582,0.35504075425,0.4561990265,48.505968725,5.9505354125,8.798870115,0.625179829,23.125558,16.980951025,6.7690005475,0.038107565575,0.124872924,0.532509071,0.76118277,1.4976402425,0.068373996525,0.996815068,0.7375749545,0.50797910175
45.657927932,5.7234286542,7.5570685938,0.2798458231499,11.696520240511,4.5333863546401,2.1130514583712,0.021816437815361,-0.035834323280744,0.166231198553513,0.375532305132,1.3742630088,0.062275114957,0.92106414878,0.62454610391,0.50833612986,1.04965276933136,0.22307564634161,0.892000434366908,0.137361175542609,4.4066951501583,3.94164396027343,3.5605090730476,0.0280187773086801,0.0955319715814039,0.280100935332636,0.495061689056684,0.0912584788582334,0.0114059742775706,0.0443568432507155,0.118916551562777,0.015922234921886,43.622917325,5.334211135,6.064203585,0.013742506875,2.883880985,-3.1019373425,-5.2766559075,-0.03268124305,-0.2167026885,-0.415108133,-0.59247872275,1.2027824175,0.04081888605,0.81845045775,0.40988894875,0.47925747525,47.6360064,6.19435762,9.50424385,0.555962722,19.7608614,12.091722125,8.8182147825,0.0784591087,0.16229294,0.693718279,1.32042779,1.5666669275,0.084080609825,0.98808545775,0.87449373825,0.539783422
45.476403093,5.8194609673,6.0663131177,0.419729891047,17.3813695743,11.3526257709,4.3590865350499,0.0199646327948113,-0.06422627060439,0.34292405721977,0.44283747850451,1.3466396933,0.038858362748,0.91147564163,0.55120089881,0.50175017086,0.86619678858167,0.215757523258207,0.731998130132706,0.122644658271573,4.02302881407651,3.29850395792919,2.8663634069137,0.0208518811538506,0.0750622202040959,0.225493337474007,0.388593359904554,0.0804334909908505,0.00774381973508883,0.0698390120837643,0.0979859150831129,0.0131725548794488,43.800957075,5.4256336825,4.8030699875,0.17879738075,9.98407358,5.0450022725,-1.1810041125,-0.021007798875,-0.20864564475,-0.09290816525,-0.33486103475,1.1979410725,0.025701906775,0.734037924,0.37159995775,0.47628689175,47.259641825,6.2618329725,7.55960138,0.675921621,25.1742683,17.91184585,9.789343385,0.062457889875,0.0802585964,0.77011578225,1.19236047,1.5119080925,0.055038831825,0.995309993,0.760894236,0.527287404
45.470868942,5.5185166083,8.2980452912,0.3707916131589,16.4682318718,9.94293194136,-0.7230800736007,-0.012450558959877,0.067980374678955,-0.05688383343752,-0.20942723936107,1.4414694685,0.054624482861,0.97063333122,0.46968505799,0.48968595807,1.17201932050419,0.204838704773709,0.904112644152152,0.121280009383236,3.9025363092202,3.14805253295822,2.51608520722947,0.0173460538757117,0.0655078004900169,0.197937375241812,0.324603684344125,0.084725245731685,0.00731332695862694,0.0239899373730048,0.12355709431003,0.0151954754981731,43.163247375,5.1380113475,6.71921331,0.148529677,9.145500605,3.57194115,-5.499475495,-0.0460093029,-0.059386940875,-0.432637074,-0.8395288875,1.2883719875,0.041021468675,0.91218385275,0.23275949625,0.461056484,47.63419555,5.94866213,10.290462425,0.617738023,24.052218675,15.6822201,4.347446605,0.0217927581,0.19081586525,0.34200835625,0.44415924,1.61314064,0.0696211132,0.99931242475,0.74117159675,0.51932960825
47.085909293,5.7689290513,6.6704513855,0.411382156187,17.38629856914,10.1431802943478,1.4874316346153,0.004772980374278,0.00847494616635,0.11701444488769,0.12287517494298,1.29090122038,0.045086788555,0.92868275264,0.43015250398,0.54348551973,1.02562332561041,0.198828349681598,0.71433000499621,0.123328776284519,5.17529640715257,4.5273370578278,3.15427153199003,0.0205498347412526,0.079302863764148,0.248142720614146,0.382306543204194,0.0931274262583392,0.0093769903237274,0.0532053761099673,0.0972685782017414,0.0172075401028184,44.838814175,5.389222285,5.4161522375,0.169626807,7.5230134925,1.32623648,-4.74742989,-0.036029928675,-0.1394392365,-0.37347456275,-0.60308164175,1.1273065375,0.028035445475,0.8017757,0.2573385615,0.511564283,49.006495275,6.174914305,8.1886572875,0.641314213,27.2447768,18.49035455,7.6419445025,0.04321968815,0.16449099475,0.601182521,0.85211424225,1.4810859775,0.063621037275,0.994939508,0.62360632925,0.5769090005
45.747010852,5.8330262551,7.3223278106,0.375225936274,18.7240615261,15.4779622378,4.049540327317,0.001858421398973,-0.035760138160855,0.3185724318638,0.114253983162864,1.3510361156,0.046779281624,0.9121302922,0.53720066588,0.47389878013,1.04500388332234,0.208011382820991,0.790888401470278,0.11654582900973,3.83922494450178,3.31266541544417,2.88400037505521,0.020424785841488,0.0751082696165085,0.226880815600125,0.377053894981593,0.083766912305727,0.0091942905229037,0.047723520707511,0.0894308471781604,0.0133196259144469,43.530528625,5.4388926475,6.01095103,0.15259788025,10.517786575,8.6997660775,-1.3510972375,-0.039435808325,-0.18328122625,-0.106289177,-0.6094917375,1.1952502825,0.0296582115,0.808102335,0.38068007775,0.449648467,47.85404655,6.2377018175,8.944429755,0.59406224275,25.817146775,21.4974582,9.51407753,0.0403493559,0.10434189725,0.7484609465,0.84207044175,1.5248107225,0.06377115265,0.98741011975,0.721575959,0.50059729275
45.850005616,5.4289683497,7.9029271656,0.492556529966,13.35260114971,15.19333443,2.1921884003821,-0.022862005844957,0.01367436734351,0.17245680577174,-0.04163726601575,1.2597452509,0.04272290501,0.92227151765,0.51980346504,0.51430202399,1.12253541766456,0.205968170704252,0.826665775710015,0.118607841577157,4.24222807350455,3.66836278364955,2.64059788861651,0.0161154383003991,0.065001826200492,0.207732636809787,0.316227830450896,0.0863973593901218,0.00803102885861134,0.0392228285057161,0.0977652015141534,0.0148071222608585,43.656824975,5.0655748725,6.49730171,0.25622907125,5.5630916725,8.17204642,-2.9569044275,-0.054481690925,-0.112266671,-0.2326160885,-0.63427736575,1.11023802,0.0283238857,0.8316181555,0.33051005275,0.48650690325,48.149912125,5.8731897975,9.7247725975,0.72714552425,21.818007775,22.34392615,7.530397235,0.0095806860225,0.13475301175,0.5924072305,0.544027645499999,1.4496430625,0.058228843275,0.9827971645,0.7290893265,0.54395128125
45.76651325,5.7839922837,7.3334639474,0.02805461992396,10.54884927147,13.944927544,3.9616860110772,-0.0108781711991436,-0.04078791797431,0.31166103918966,-0.21341942071916,1.4062172612,0.066167753782,0.85379454438,0.45110055325,0.46303216166,1.06098844207571,0.229912360342354,0.771525020679604,0.12212194637863,3.96251901432789,3.61426289689522,3.23905567855031,0.0272530953083081,0.0894000821789724,0.254812586275317,0.477528987112825,0.0896689181859297,0.0105736468216192,0.0457425994274743,0.103312482355857,0.014884695726848,43.817707775,5.358564845,5.998328705,-0.2066309955,2.896520305,6.6717061225,-2.4251319825,-0.063821457325,-0.21933581575,-0.19078219475,-1.14139641,1.2490094825,0.046320381,0.75493817425,0.25539542025,0.4358166485,47.943998075,6.2611765975,8.9750631325,0.2869054435,18.206731925,20.67121745,10.244718175,0.043764665675,0.1366729945,0.8059395875,0.7592940365,1.5986840775,0.0854652775,0.93037401025,0.6693130625,0.49297782525
45.497496549,5.7066080574,6.6700573076,0.282318605462,21.018865815,10.42399434168,2.6907630973693,0.020701963780566,-0.02308507427626,0.211679073140641,0.16608619583982,1.3051611628,0.041479227752,0.92406219997,0.45982288544,0.4847402619,1.03781671637123,0.2178151245405,0.724724137294934,0.108035920442954,3.4971496971742,3.03854296683642,2.57236610168539,0.0175197702516042,0.0673620050006151,0.202364925145024,0.327080087605236,0.0743848375519894,0.00762960634458926,0.0527020294669386,0.0984726103526897,0.0127284852190647,43.2899675,5.3050918025,5.398388835,0.0654341668,14.325813075,4.3720910425,-2.642116455,-0.0145289789,-0.152417926,-0.20785210125,-0.49761292325,1.162808975,0.027247016975,0.79583960375,0.2876784925,0.4604029175,47.4780229,6.13628149,8.33935535,0.4835683715,27.840523175,16.417697825,7.7058886725,0.05376687095,0.11219472525,0.6062129235,0.79297137275,1.4546477375,0.0568952106,0.99282962325,0.669807113,0.50917413725
45.616159385,5.7944340938,7.6807552093,0.1674968087244,10.42360192311,9.8597589606,3.40708937037323,0.00364474571121039,-0.045417747930963,0.268031593413824,0.10088482736373,1.2576495143,0.042034342886,0.923159238,0.5041652995,0.52770915592,1.22670380640566,0.221492604707382,0.807038114704653,0.11286812193176,3.92677905238512,3.29385979031226,2.82898383362778,0.0207927349319463,0.0758617273252856,0.22255273090217,0.380505905342951,0.081721813174089,0.00859672683835067,0.0479124196359285,0.105530211073886,0.0163039706593292,43.1377022,5.3871601275,6.2961177025,-0.06521497785,3.2424544175,3.5637436175,-1.9644255325,-0.0377507172,-0.194768827,-0.15453897875,-0.65137184925,1.1086135575,0.02600084745,0.8121547065,0.30068477125,0.494886273,48.038493175,6.2304787975,9.4306583325,0.38421021875,17.726400875,16.158770125,8.69100571,0.042484099925,0.099366776925,0.68371088625,0.83093235725,1.42336279,0.0590497932,0.99351914675,0.72145279875,0.559867662
43.490799424,5.6354558043,6.4672780519,0.144468927948731,12.90506918039,10.32116783897,4.1257041554601,0.012535398137639,-0.062841254294068,0.32456414786304,0.1651314353914,1.2465012176,0.042162961484,0.80467796186,0.66014524582,0.5042255675,0.947034095935951,0.178595450249308,0.726833661017519,0.127442626923134,3.92395657701164,3.4452016146439,3.18574034279217,0.0324966800470313,0.0913784643636615,0.250618333239739,0.532250669736295,0.0725247613358029,0.0126260020066643,0.119271515321329,0.135163899695579,0.0167887138357554,41.51646205,5.31304306,5.1631813125,-0.08485979415,4.8380320025,3.1195014125,-1.7143621425,-0.047197797475,-0.248797011,-0.13486679375,-0.8460388485,1.12638554,0.022873822975,0.56069497125,0.421343987,0.46884094,45.253191875,6.0108445975,7.82986776,0.38453983675,20.76673105,16.617899975,10.66177,0.07660729405,0.10515057075,0.8387485045,1.1869496325,1.395441085,0.07453589235,0.98300434025,0.94992996325,0.535886825
47.356402458,5.7383527516,6.7829196972,0.351194127499,15.54598207985,12.40978590955,-0.6284141157445,-0.025298048526331,0.07734845762328,-0.04943657725584,-0.3745332951371,1.4322126293,0.055103555085,0.95933000623,0.59711719795,0.50142585135,1.0572512759242,0.219963657776545,0.735144245523644,0.143530058456333,5.08008992613864,4.36640062264573,3.07191889907618,0.0188202754968163,0.0764322554961858,0.24166413848084,0.353012797390023,0.0939788659026286,0.00887940003409891,0.0298159510079829,0.0984397135127558,0.0155321071773308,45.2002494,5.31059731,5.46940645,0.0854625909,5.7144853575,3.3763372075,-6.1803554475,-0.0605132197,-0.075966857275,-0.48620108,-1.038134715,1.273812355,0.038968982825,0.88898640225,0.42130030525,0.47139072775,49.461548875,6.20379163,8.27482044,0.64487758525,25.33845485,20.461478675,5.587653745,0.011526080325,0.21995410975,0.43957395175,0.34304489275,1.64069586,0.07337811905,0.99733218175,0.78951143975,0.531863099
46.508515304,5.7273928928,5.590935586,0.01121963051838,3.3570322269455,5.8628347170145,-0.2136349490549,-0.02069804473543,0.034264617774949,-0.01680640253784,-0.35100892265711,1.303575536,0.052407243208,0.92217114557,0.4856324293,0.4913647622,0.859892930224168,0.220339216181289,0.645129442926976,0.127188392486502,4.81983484466746,4.14704191445882,3.22561174277373,0.0244045735167439,0.0852266849973356,0.253754968107638,0.424262935955832,0.084950321062508,0.0095289002118959,0.0506856643579519,0.0941996942066275,0.0145944166187786,44.75806185,5.314599735,4.4403497375,-0.2428626685,-6.5165014975,-2.548704505,-6.429026955,-0.07049647015,-0.128084526,-0.50576375775,-1.201493805,1.1445893875,0.036256204125,0.7983338755,0.31946856925,0.46459620675,48.1304033,6.2020992225,6.983829015,0.2514630295,12.254493425,13.758517925,5.8739216025,0.0251690583,0.2002486295,0.46209429725,0.459160941,1.479851535,0.0741519185,0.993393508,0.68372006175,0.522945731
44.769079569,5.7052451131,5.8446024542,0.317836117405,14.8084933533,12.2459895531,6.71104965668,0.0268323390991025,-0.124241732797641,0.5279501465401,0.5824383193363,1.3084175952,0.047963880384,0.94617932337,0.41611329802,0.50296092139,0.826982858065014,0.191358861454373,0.628401747620738,0.10690547317092,3.78651712517133,3.18658331328438,2.48780975928868,0.0195520880342812,0.0660560545367282,0.195712979625351,0.342868606161181,0.0733898414465089,0.00795770327969193,0.0447947678223616,0.0833214494768399,0.0149494494370682,43.195813175,5.308239015,4.7081270975,0.103845835,7.1940429825,5.77432044,1.6535473675,-0.0121627084,-0.24730561925,0.1300825675,-0.1259364125,1.17736617,0.033862088275,0.834382533,0.2600989885,0.4737624135,46.4902637,6.08254821,7.1880778325,0.52972445425,22.29359515,18.22744085,11.23904245,0.062054334825,0.00592313244,0.88416185575,1.244824725,1.45941847,0.064282383,0.99765960375,0.5866273685,0.53389190175
47.023255364,5.7816003213,7.2651877949,0.386648550635,13.7415748802723,12.3842186577,-0.3212380498904,-0.027188115720204,0.0688206667459928,-0.02527140823883,-0.310073250601105,1.2071430133,0.047181232919,0.93221506895,0.53879284494,0.51629996905,1.04111877039741,0.197403017718467,0.772413066282188,0.115334912449233,4.05315936292465,3.59734979546058,2.62651464491987,0.0169878859696884,0.0660565019887453,0.206624725325912,0.320733757422798,0.0831220754977397,0.00811788955481532,0.0425805536241671,0.0860544482735729,0.0143226547697978,44.99004455,5.414481605,5.9652476525,0.15623889625,6.1438784425,5.304754525,-5.28605993,-0.0604468507,-0.066448365325,-0.415847933,-0.917904868,1.046127265,0.03206906885,0.8309321135,0.38928604,0.4883641555,49.03614415,6.185570675,8.8590563025,0.6169309825,21.057489725,19.63414915,4.9461544675,0.00452437475999999,0.1907693825,0.38910797775,0.3089634205,1.369319235,0.0634801712,0.9934700245,0.72950368375,0.54383852325
46.434864612,5.8318454098,6.5874830608,0.3782318074727,13.6648453324,7.206474431144,0.1497610835773,-9.48871963387e-05,0.030835923512202,0.01178152288378,0.061465514454,1.3666527043,0.052643990905,0.93533294496,0.55624034485,0.50397139243,0.943078470577022,0.198799462356276,0.681814692400829,0.122656294047351,4.04810023038746,3.37338225972952,2.88072471646021,0.021331820030754,0.0768295587331494,0.226623124035754,0.384722445604725,0.0806686669880415,0.00974279584438673,0.0423801682703987,0.0998582062911782,0.0134549677949092,44.605773225,5.47139597,5.322436555,0.1440825095,6.0266753075,0.77788494675,-5.3118510375,-0.03975826175,-0.12304881975,-0.41787688725,-0.6378176155,1.2177337625,0.032842098675,0.83762758675,0.3825319465,0.480293731,48.2455056,6.2306496775,8.078480685,0.61564001925,21.48519535,13.8361764,6.005968215,0.045475184625,0.1763374785,0.47248224525,0.851503186,1.529471245,0.0707726362,0.99515063475,0.77600029625,0.53179904125
44.936141049,5.7134933165,6.8409724006,0.228945550244,9.687097878445,9.53350461875,-1.63357095894296,-0.033049788441406,0.090905288592968,-0.128511048286751,-0.5004527179548,1.2884705528,0.048312663359,0.91252569537,0.44222459826,0.51211543601,0.989002757574597,0.213301849728135,0.725567565680545,0.109310108205896,4.0718646719154,3.83463191360144,3.18050196155176,0.0223690956011853,0.0821967677538369,0.25020623602857,0.400685062089609,0.0838776313758502,0.00928863914212572,0.0551849257354773,0.0913722997416679,0.0152461462596297,42.99814805,5.3227395125,5.539635715,0.0171070537,2.2326361,1.88152594,-7.1922993875,-0.074602740075,-0.0826756422,-0.565809481,-1.24009601,1.123283785,0.03071320255,0.78383497275,0.2683958605,0.48366495525,47.066499475,6.138967945,8.3412823275,0.4346796525,18.252223325,16.7728134,4.86575238,0.0153205312,0.237755542,0.38278284825,0.34115558475,1.45487553,0.0676415162,0.99320130225,0.62643000325,0.5437720575
46.818323256,5.8881418172,7.1614373621,0.3198576364712,20.4051210587,14.5601136659,-2.9065571236484,-0.04030039616787,0.15009851380126,-0.22865532786366,-0.8064359708363,1.2543394722,0.045488857926,0.94752377962,0.44552439772,0.52405589581,1.08837149361751,0.238513066034528,0.800373895257111,0.125466170631915,4.81468317864489,4.09850293315879,2.86324491722939,0.0176345730178264,0.0725158504772357,0.225248009133849,0.333721123644345,0.0936457152974414,0.00896752720078435,0.0431485203217123,0.0882640192589403,0.0168337636514687,44.8597504,5.4539525075,5.806290695,0.076664162625,11.608462675,7.029858025,-8.5926126725,-0.07495009835,0.006990303775,-0.6759704355,-1.46789167,1.084740155,0.028400275875,0.8274417175,0.270267784,0.49126185925,48.937368625,6.372679635,8.907439595,0.5834238055,30.44341375,22.55268675,2.352477225,-0.00672059761750001,0.293287185,0.18506652625,-0.14843003025,1.458464965,0.0638048407,0.99786543325,0.616046426,0.5567507255
46.73289649,5.8697158544,6.2256044812,0.44320930949,23.927589143,13.4789387982,-1.8799447806213,-0.01963051915034,0.11677105343847,-0.14789297860292,-0.45193542162315,1.1554307381,0.056033199661,0.84962628803,0.388035261544,0.49897457873,0.933790493772123,0.224634996849764,0.710947263868288,0.104548980073219,4.15441070550229,3.79312172900647,3.21976569251469,0.0253301194826292,0.0859374374653872,0.253295066585202,0.43242545946517,0.0824831601755321,0.0119261345427501,0.0639334628043051,0.0991871631848676,0.0157257286401082,44.912942575,5.4460610725,4.9471162875,0.2393330385,16.18828065,5.643529245,-8.3809469975,-0.0709713955,-0.050941459975,-0.65931894875,-1.283350575,1.0033847425,0.032853438075,0.7186582715,0.19752880275,0.47093318425,48.5194065,6.3322372425,7.7328233675,0.64479241375,32.7357379,20.61124505,4.8645171925,0.0286568011,0.28488658325,0.38268567925,0.3826189065,1.32168343,0.078314568125,0.96450938225,0.59223190275,0.5317072395
46.622238695,5.5395236784,6.4365711975,0.33428822717716,13.66273538237,5.805785729718,3.415189789578,0.02998312562958,-0.06529086660055,0.2686688437989,0.54199436159102,1.4164683125,0.058185589168,0.87581186276,0.54765622555,0.48777974739,0.922137013135413,0.213771738139964,0.714200174372603,0.137430797972795,5.0471702018264,4.37921052804906,3.46671841771824,0.0243357976476071,0.0889339624648128,0.2727225389239,0.437820989449121,0.0935154882867693,0.0122771625683652,0.0542187127566916,0.110537190170617,0.0155388537245504,44.8190693,5.1526987525,5.1746507025,0.0540922561,4.091568655,-2.7371855975,-3.2468848275,-0.01947361535,-0.22761885325,-0.25542849475,-0.308474199,1.233779815,0.033813063125,0.7508983425,0.3415695255,0.4569341825,48.457648675,5.9821398425,7.9658557025,0.6007751475,23.926651475,14.423219025,10.093537525,0.077336567425,0.11048242675,0.79404635775,1.389546085,1.59902391,0.08128386245,0.97271511775,0.76757005475,0.51885447525
45.195827013,5.5430197908,6.0230183719,0.18370151591524,16.510337473,14.2950588538,-2.07905814593,-0.042222774284715,0.126174597794515,-0.163556985661,-0.845030764048,1.3276169468,0.054553644918,0.95035944166,0.45707132342,0.49977959794,0.82980504161994,0.212071445239263,0.711109460033291,0.110170516927707,4.07559923366297,3.48304330238324,3.03397130330106,0.0226821358757858,0.079395471419012,0.238678846837687,0.402650885560689,0.0817132981601028,0.00990074076067852,0.0357107599330165,0.10087735565118,0.0156980771740098,43.511918675,5.145295485,4.8065817,-0.02332635145,8.3367759775,7.8057172075,-7.6910312275,-0.08605275915,-0.034883846475,-0.60504410575,-1.6119556225,1.1800468425,0.036064126825,0.8691898975,0.2714100125,0.4709462615,46.85254235,5.9453657975,7.52621185,0.4021885405,24.60077565,21.413041425,4.0566998325,0.000366146230499978,0.27578983575,0.31913565875,-0.0950650831500003,1.495708425,0.074992000725,0.996865549,0.67279587375,0.53164380975
44.793104785,5.4503581576,6.3553686556,0.2793130087273,16.693631064,4.863132752797,1.5288712723748,0.027785598234909,-0.018253636495227,0.12027445090226,0.31460628227442,1.19318245997,0.023828218234,0.808845047328,0.424068026078,0.49840909671,0.957107251058473,0.201088660913533,0.678559329921295,0.100173142839187,3.44520587868298,3.17208433268937,3.18984878677306,0.0289972331580774,0.0893299524029448,0.250941540014055,0.476227164808904,0.0728791397285681,0.00820393260100623,0.17352543175351,0.121361708257399,0.014345987121579,42.906642125,5.05959459,5.230739955,0.072592496725,9.8331998375,-1.6593605925,-4.79578095,-0.029514659225,-0.18634757425,-0.37727827925,-0.62520998625,1.068379015,0.0083946311575,0.3631388415,0.17065970175,0.47089020725,46.64922835,5.860736355,7.8133121375,0.48904755575,23.4331941,10.8561652,7.5560570525,0.084893131525,0.1541756205,0.59442585525,1.2128843725,1.3540422275,0.04135369255,0.99418879175,0.64863470875,0.52693285975
47.553444231,6.0063819041,6.6214968339,0.425169589473,17.4371850409,12.60248134995,3.5315187563971,0.0083468251968848,-0.03552668255737,0.27782030240829,0.26094762794326,1.3513726118,0.061975511861,0.91210795854,0.55292089466,0.50113237766,0.932522826913953,0.211500832572618,0.745217631364696,0.135350493926184,4.7404127890905,4.19639481875136,3.12444642362182,0.021140024838134,0.0805190947963939,0.245796415081688,0.393932969466557,0.0856830585851226,0.0100672223482717,0.0332806638063118,0.0863042411466459,0.0147059182436193,45.70079505,5.601448275,5.391701305,0.168744024,8.719209805,4.2055194225,-2.86421012,-0.03275602195,-0.1873197405,-0.225323938,-0.5153200875,1.194776195,0.0417188103,0.840270808,0.40384529625,0.47295188725,49.3384333,6.4400500175,8.281423935,0.69339090875,26.5565791,20.508699375,9.6852233825,0.049294931,0.129700256,0.76192479475,1.009774405,1.5282886925,0.08155448785,0.970146445,0.7409038965,0.528987376
47.028838655,5.3015696827,8.9466724573,0.17928826826796,13.6254061416,9.8211770198,7.21765349553,0.03890050949323,-0.14985581767826,0.567804056412,0.6514630802154,1.3206847892,0.038878887413,0.90132437742,0.42319965943,0.50063949461,1.22313264108693,0.201058167304441,0.839090543076259,0.10729930915736,3.43012458399507,2.97013084506177,2.46048504895087,0.0150876488283266,0.062729524211991,0.193563377177398,0.30486839554775,0.0817576345395868,0.00817768639186433,0.0555935520444987,0.102757332303797,0.0138174599359075,44.71570415,4.9189514125,7.520622275,-0.03962234155,6.773583475,4.12526227,2.505361155,0.0070020246425,-0.27197705525,0.19709372675,0.0382450082,1.1785322075,0.024590012,0.775239321,0.216838272,0.47412053125,49.51966325,5.690572,10.647484625,0.38996437425,20.1563447,15.5336456,12.124355625,0.06831167805,-0.0283854089,0.95380840275,1.258183435,1.4763912875,0.055498251325,0.98574744225,0.63505714225,0.5268933955
47.274824719,5.4407583614,7.1973737081,0.18074557832378,12.666574924113,3.7667931894865,-2.6666902815374,-0.006959553728237,0.091215862785008,-0.20978529418683,-0.311245925605112,1.3565777344,0.045381518972,0.87346819407,0.44832690488,0.49176073115,1.01237211786787,0.210047971692217,0.787271382149396,0.119694037323247,4.17314222530603,3.6262587310482,2.89429258821506,0.0206394991166953,0.0753565549052504,0.227690492076222,0.38169729194791,0.0819986243012243,0.0101852167701042,0.0613857643963829,0.103042166179426,0.0139161407279933,45.378573575,5.04662977,5.7991789125,-0.0493451869,4.2307926175,-3.5172366675,-8.4575271075,-0.048039047725,-0.051243973575,-0.66534341325,-1.08643758,1.201092345,0.026770704725,0.749774851,0.26180768325,0.46653248775,49.2499556,5.854482495,8.981587975,0.42083378075,20.64350285,10.707035725,3.0247400775,0.032687090975,0.24432336975,0.237952635,0.416270112999999,1.5195214075,0.066190998375,0.97990462325,0.66004749275,0.519647854
46.466420288,5.6813850707,8.2957903554,0.31328258857255,15.002579864,8.87947450535,-1.7021579051611,-0.018069223640239,0.08961132990895,-0.13390670031323,-0.34452555935018,1.3644537177,0.059040334271,0.96374831748,0.61645474486,0.47701024357,1.16626872980236,0.218466935122639,0.897784418608003,0.135152341877219,4.27082473147756,3.22809954222587,2.58614067149238,0.0172330349327436,0.0676813589601617,0.203448553646829,0.343744094320241,0.0788484220767728,0.00729040040716457,0.0246661913882414,0.098508583730334,0.013580684886616,44.331868175,5.26916516,6.69521124,0.04920050265,6.542587325,2.34065775,-6.89804317,-0.052942634275,-0.03817896535,-0.54266070375,-0.99627690375,1.2158636125,0.04506970785,0.90415088,0.4341997345,0.451967692,48.8818025,6.11506576,10.238605975,0.58546036125,23.55272815,15.55926945,3.1292539125,0.01694997205,0.225007414,0.24617461625,0.32834127175,1.5294665875,0.07340042635,0.9958199565,0.8108655145,0.50437563775
44.655719966,5.8815275752,7.6300805526,0.491136731776,21.9144082926,12.8096986135,4.904048166472,0.027819573197548,-0.07207245102636,0.3857955283585,0.5328999617857,1.4344304735,0.057958285872,0.93510588242,0.50853290561,0.49129233298,1.07106596209988,0.233263668698499,0.782474512909953,0.119673754300206,4.26540671365781,3.73028331964221,3.3997964213684,0.0290735144122297,0.092780741971021,0.26745786587668,0.504939127520256,0.0895893907602186,0.0101764389054268,0.0523283522835633,0.110041945897466,0.0152501030236629,42.5016556,5.4344202725,6.179924145,0.2621278345,13.96817605,5.2398358375,-1.6644008675,-0.0327077684,-0.2341332995,-0.130936395,-0.44547537625,1.271436595,0.040703284325,0.8092763675,0.30216635125,0.46338215075,46.68602465,6.376842415,9.1539890625,0.7189656955,30.124177775,19.905404925,11.06756165,0.07865792865,0.106247074,0.87067170225,1.40618873,1.609986215,0.079606434825,0.998823925,0.73134760825,0.5217429645
46.763646947,6.2022525281,7.6619340732,0.335227014495,18.3466777557,10.46925004707,1.0645033126784,0.002461607920515,0.0216262129163718,0.08374318615661,-0.02271568920146,1.16263712516,0.037405614532,0.91202223194,0.56329974149,0.50616181901,1.15711380910252,0.235583497733525,0.810910712905383,0.127301397198237,3.98391322446828,3.2289800866922,2.94862972930121,0.0182708955305678,0.0758419520566223,0.231965129019769,0.362558760124701,0.0865331670479684,0.00874810602872259,0.0601486882012295,0.0934703823282336,0.0150684851815736,44.388756625,5.7592184825,6.29893416,0.081623798525,10.3145888,4.5043762775,-4.379338365,-0.031490919525,-0.13147765525,-0.344517246,-0.69515173825,1.0138066475,0.0219638365,0.7617501165,0.3957725965,0.47556735475,49.05335905,6.69022072,9.3825389,0.60026991125,25.763494075,16.6592495,7.142420545,0.04305182945,0.16362367325,0.561885572,0.75150010575,1.3549677325,0.05504418275,0.995272906,0.7623247345,0.536475298
45.664767961,5.496334121,7.7559561544,0.428471459358,15.1580551539,8.65210109258,0.047519142394,-0.003996962362021,0.040640730741053,0.00373827344195,0.02082917888341,1.29248354708,0.039814944013,0.85719619459,0.65684429871,0.50598853798,1.19916810104562,0.201617152093098,0.85252445349782,0.126835879420983,3.81076542499088,3.28626301545613,2.9516207601172,0.0219242151433075,0.0790104895377495,0.232200429702115,0.402126205795894,0.0805321503198179,0.0101786944959099,0.0808660636790389,0.107623622310684,0.0140396524181377,43.358455575,5.1110637125,6.2848213875,0.177290666,8.06731365,2.300100055,-5.541943605,-0.0481339941,-0.11083724175,-0.43597798625,-0.73687653775,1.13937235,0.02241852855,0.67627788075,0.46842915025,0.47992187275,48.2243979,5.8827202725,9.571177665,0.6842443525,22.8287156,15.3297148,5.88011122,0.0370490092,0.19044549775,0.46258122575,0.806026706749999,1.4536886475,0.06112051675,0.983260885,0.8835930445,0.53369633925
45.603326392,5.5428889873,7.3135910549,0.21441040571761,8.998694751966,12.5333076542,7.12830321918,0.014905850914128,-0.13426436925119,0.5607749784505,0.472943674866713,1.3949076784,0.053042281327,0.96104856134,0.44403851682,0.49978963946,1.01409571338588,0.200450358770872,0.730389252682815,0.114226712326784,3.98551769942615,3.35316970381357,2.74748782297364,0.0185431722146505,0.0705565316179921,0.216141538387129,0.347737589790377,0.0755487968021967,0.00807497582374398,0.0292196593617388,0.113632441312448,0.0148952664128442,43.647252725,5.1634982875,6.0164132775,-0.00292630837,1.9142371975,6.19833348,1.5908625425,-0.018803516775,-0.27843771175,0.12515122675,-0.19390243575,1.2555144075,0.038607851525,0.89236367225,0.21340027525,0.4702550955,47.5995371,5.94632037,8.8596387425,0.4428771955,17.136565575,18.681586925,12.6371617,0.053175120975,0.00810311671249998,0.9941501915,1.17091294,1.5659853525,0.069205150775,0.9979197045,0.682957886,0.530923424
44.942782428,5.8928313351,7.06034551,0.2870866108328,18.3550155609,5.511949560787,2.1279015598594,0.033024497919,-0.0314970452916192,0.16739943785461,0.3758229322094,1.327889552,0.046477018939,0.92878830553,0.57242830691,0.52668777848,1.02851566393103,0.217941228520995,0.778638867626901,0.117564821644659,3.83537475696724,3.2326803958754,3.26862482959556,0.0270003575505924,0.0900632354887438,0.257138755913995,0.47175400245946,0.0755683435894564,0.00833550323238054,0.057042794603181,0.0979998560424883,0.0162731727778439,42.872129575,5.4826461375,5.698574355,0.0560735161,10.74037705,-0.189730864,-4.0316202725,-0.018429385425,-0.215316564,-0.31716269,-0.53784618275,1.1880172725,0.03159596255,0.7960630215,0.3894000925,0.49713909175,46.95909095,6.326008285,8.7758800625,0.5186995445,26.01186175,12.020421075,8.86112693,0.08503380085,0.1429262485,0.6970941165,1.3359124725,1.4814830975,0.06340548205,0.9979035645,0.7797244715,0.5604245445
44.839790026,5.4157528245,7.4763364298,0.452249230856,25.384385197,11.71633811836,-1.9583656558294,-0.00865827186657538,0.11037237567286,-0.15406225381459,-0.334262847856034,1.3636415069,0.056237391938,0.91714800269,0.6178476844,0.47566286582,1.13875647162988,0.196477691935519,0.808961201281665,0.124180888200759,3.76400220366116,3.17067662215202,2.59265390557965,0.0204273282229237,0.0694506726866247,0.203960941891982,0.368636955384453,0.0839004260108336,0.00920750433262052,0.0387111378411496,0.101968973103653,0.0135464593171738,42.833561275,5.0388844575,6.0693391575,0.21969134375,17.72780475,5.23431493,-7.0473290525,-0.050903263175,-0.020115856275,-0.55440483575,-1.0715973275,1.2090352475,0.037638433225,0.829884782,0.43263822,0.44932939825,47.3771893,5.8220636125,9.18080064,0.68897470175,32.64139605,17.9094937,3.058116515,0.030000676725,0.24701342575,0.24057832,0.34827601925,1.5394943625,0.074353170825,0.979329215,0.82898147875,0.501662008
45.112480981,5.3964724878,6.4629331987,0.328725012942,15.9005939915,13.1579976178,1.8633252480374,-0.009886396398805,0.012805317117258,0.14658554022337,-0.1054062058484,1.2337914336,0.0324044186457,0.85913685532,0.403082738791,0.51175922467,0.988895147577698,0.192407184307427,0.748917172475194,0.10333092206062,3.74134795327347,3.57022547353766,3.22377479956316,0.0277465038168199,0.0882938770627831,0.253610458359333,0.462586967477199,0.0825241423990532,0.0104124205757816,0.113640541901372,0.0945596418779269,0.0145998483675271,43.094739875,5.0388340225,5.18103988,0.1236649725,8.8440639825,6.286869555,-4.5141329525,-0.064828253275,-0.15966208025,-0.355121368,-1.0160145525,1.0922811925,0.014156810825,0.593977596,0.22637285175,0.48424066825,47.070777375,5.7915768025,8.1257177725,0.51943572,22.883998725,20.029027875,8.2137522675,0.041788680525,0.18379777075,0.64616594125,0.7814085095,1.421072575,0.054853477425,0.99406474475,0.5993864565,0.54286288725
46.041520967,5.7637795779,7.1110905063,0.47963876091,20.3763445574,17.4871998968,2.74312201584487,-0.012981278191366,0.009721128076789,0.215798085913838,-0.06728871837567,1.3965911907,0.05795637522,0.95163592347,0.38108975365,0.50788512566,1.04247824597879,0.19779118074359,0.810225687438148,0.116942960517292,4.21096629035862,3.88093877173948,2.98700319089526,0.0205958942057629,0.0771287678992075,0.234983922243483,0.373026918267094,0.0908082064516857,0.010224956693936,0.027941650790683,0.0836152409104344,0.0155639563284373,43.92964535,5.4102270525,5.644890385,0.26040105625,12.479607625,10.10439026,-3.125888455,-0.0516627073,-0.1400716395,-0.24590986025,-0.81367100025,1.2316098275,0.040168220525,0.88731039675,0.2277007205,0.478313014,48.116186625,6.1735459475,8.9175154175,0.72444699475,28.5067828,25.350745475,8.3658607275,0.02879306185,0.163071629,0.65813212875,0.6687217205,1.59677054,0.078993057225,0.994575465,0.55382415675,0.5395111405
46.952200598,5.8171789791,8.1163206656,0.116416657736258,4.7636653806337,6.637283224405,6.2299538754763,0.02565265826207,-0.13826773090907,0.49010292455028,0.58310709352483,1.2671690786,0.047863009252,0.93024192986,0.58370842818,0.51047636854,1.29394166570278,0.205959818104023,0.836085724765755,0.116643207686496,3.71064599288038,3.23268109017189,2.666778987394,0.0171033840943726,0.0678209885728627,0.209792273053233,0.334332514251589,0.0744444111365786,0.00863437306721915,0.0373778469198784,0.0966638792339976,0.0138739590968693,44.2955482,5.4216287825,6.7344644875,-0.0963186712,-2.2943756025,0.1848334605,1.339436445,-0.00793505139,-0.270203137,0.1053718375,-0.07960665615,1.1318759,0.031263069075,0.847101014,0.40819955575,0.48439738625,49.4155744,6.23345722,9.983705435,0.35549482675,11.98559015,13.026877175,11.645073975,0.05905128525,-0.00870359308250001,0.91610388,1.20775953,1.4262796175,0.06618575855,0.990412322,0.786052942,0.5379875205
44.89594132,5.9754811876,6.9411106604,0.2877500796609,15.4194208653,9.826063451741,-1.8175676312867,-0.02228998483152,0.09735731792494,-0.14298584356218,-0.4403710143707,1.18944596808,0.038592522277,0.86956444339,0.48905444992,0.51247414207,1.02633846487884,0.223424239388258,0.782035397982746,0.105111632143924,3.69973518466354,3.20628898746633,3.26785759235336,0.026203645149956,0.0888939083454353,0.257078397722447,0.459434596567854,0.0744802687370808,0.00978763416910703,0.0935367933219945,0.0963172009142235,0.0155907796122167,42.964598775,5.567041415,5.55008914,0.0959644157,8.2446468175,2.93645275,-8.119549125,-0.074386195175,-0.076934235325,-0.6387550885,-1.32471736,1.0544036925,0.02240442885,0.64567820175,0.32043117075,0.48445496625,46.771063625,6.44791614,8.6050892675,0.49143407075,22.95929985,15.732085075,4.5477375325,0.026807102925,0.26970036525,0.35776500825,0.42736600975,1.3484470175,0.059393910175,0.9939653585,0.691679523,0.544122219
46.060804333,6.1414575982,7.3679848023,0.3531181394557,21.69192829,12.27237479806,-1.3083939258264,-0.015175352729847,0.09528554068561,-0.10292976518853,-0.40844370575588,1.3370416192,0.061062822299,0.93715229828,0.42269136168,0.5025064869,1.13246854283238,0.230469899824504,0.825528995718374,0.1179573142428,4.8064881351888,4.09849164471856,3.22204431080866,0.024042996155484,0.0844887901907588,0.253474322604269,0.426173740481621,0.0943888908647547,0.0105717585232837,0.0413770013028096,0.0906470201315424,0.0164676877002819,43.866596375,5.7007514275,5.8815445375,0.12180765125,12.5543012,4.5169751825,-7.7760005275,-0.062298124625,-0.063020861875,-0.61172854475,-1.26073167,1.1589686425,0.040335806275,0.83605007775,0.26567424825,0.47091863975,48.123526825,6.6265077675,9.1945672725,0.57242657825,31.783095325,20.248081325,4.6752720875,0.031228603125,0.276452269,0.3677979925,0.387444309999999,1.5226168325,0.080551487625,0.9950113905,0.61852031325,0.53537143875
46.793310463,5.4794620572,8.338558769,0.385244630547,18.043891348,8.11979920873,0.9642625653253,0.011855501268577,0.012979755339849,0.075857367963636,0.15548135729058,1.3374720003,0.039424795128,0.94185700433,0.371659069341,0.51967454702,1.15209581048865,0.197074398162846,0.906657989507613,0.103974692450879,3.706457726726,3.25035079901251,2.60360030148489,0.0160580607094385,0.0656083098257301,0.204822081859135,0.314318396732713,0.0735341587447279,0.00692714301552169,0.0460785039826759,0.094322903649085,0.015262026369804,44.639383675,5.11497087,6.74860586,0.1748002395,10.8086613,1.95913508,-4.1797926425,-0.018654430775,-0.10960001225,-0.32881921725,-0.44157645275,1.204941175,0.02643439365,0.82868596075,0.18272651375,0.4892126835,49.095084225,5.9056091975,10.312533575,0.583756623,25.052091125,14.5160696,5.855778395,0.042855913475,0.1419597715,0.46066698925,0.75344839475,1.4879846775,0.053495301925,0.997704436,0.569237426,0.5508434655
46.895888876,6.1423805032,6.233182245,0.50939816864,21.0923710838,7.123761547724,1.4653897416,0.02721955481022,-0.005558556785257,0.1152804357609,0.43134438198526,1.2893112102,0.050251046827,0.95348543676,0.60358811675,0.49708571755,1.03497982038646,0.235869723661301,0.722071491267466,0.133797970948635,4.83846860734923,4.05088804756968,2.97568578639861,0.0190311535573649,0.0740417484077588,0.234093595881406,0.355248031734188,0.0941632453007775,0.00921264416969007,0.0371439771942855,0.0938221252617976,0.0148011421173059,44.824448425,5.706053545,5.032087495,0.243290758,11.882148625,-0.67888700175,-4.18051884,-0.0118644935,-0.15102346975,-0.32887635425,-0.27381959,1.12483877,0.034029779775,0.86519585925,0.41972825425,0.46839096,48.8135113,6.624067525,7.820814035,0.76514020025,30.9336472,15.454447625,6.93718632,0.062389255625,0.13663100875,0.54574004425,1.09416377,1.4901860375,0.0685489288,0.9976168275,0.806639061,0.52653951175
45.43888891,5.4073254057,5.8325528039,0.3411874789716,19.7822757791,16.4127848779,-0.35789545044727,-0.03185922264418,0.08935189984885,-0.028155201608578,-0.56102955136276,1.3209509825,0.043945010794,0.93360651611,0.59961274192,0.51755594843,0.880349859782926,0.196735899046584,0.667521116225114,0.126951782945837,4.80869116625824,4.30393022878163,3.01563429295484,0.0229500157381198,0.0781780530572407,0.237236296789227,0.405158898101838,0.0832053111947262,0.0090569362287291,0.0535673292448453,0.100351640773688,0.0146604503260745,43.7914636,5.024929895,4.6646581825,0.09672865665,10.483174425,7.5846847275,-6.460497365,-0.0805553263,-0.055467026125,-0.50823949825,-1.4045700375,1.1655015675,0.0275148243,0.80402988325,0.4304069725,0.48927635425,47.186829025,5.81997999,7.39606911,0.58814812625,28.5735092,24.684398475,5.023347325,0.0093535420625,0.2436104995,0.39518064225,0.168911941,1.4869622625,0.062972006225,0.997100484,0.8090366185,0.5470402565
45.814950962,5.6745378491,5.5001577947,0.167342412732083,10.257398531847,3.1389439722417,-0.280447882046,0.007551541608092,0.022888542444729,-0.02206249525967,0.0159186824005454,1.17911658754,0.042407643925,0.83770753971,0.44134039642,0.50284801764,0.835538908925724,0.20787971847333,0.610758353137609,0.100054573362838,3.80690447664952,3.52751117229473,2.6848529445653,0.0210217256205964,0.070486307234018,0.211214128867415,0.361576031714869,0.0771767288867596,0.00918888606130152,0.0762399674137829,0.102702594656213,0.0140515562664423,44.23639465,5.26105021,4.40200879,-0.03909132305,2.65618352,-4.01463393,-5.4306743525,-0.03337761335,-0.112321115,-0.42722457725,-0.67531792075,1.0453793,0.0265811772,0.66530188125,0.243883991,0.476837161,47.493694825,6.063480675,6.796356825,0.35650373925,17.705063625,10.31487995,5.07057212,0.04914119615,0.160813403,0.39889577025,0.7207906255,1.3410429775,0.0608964837,0.96016741775,0.6643572155,0.53131129
45.761110117,5.4998672498,7.2870927002,0.58089234011,24.226075208,12.8067063654,-1.9123737608939,-0.0160669014653164,0.114399634640566,-0.15044412722859,-0.27512993839691,1.2572124061,0.045132672926,0.91895980611,0.52629265527,0.47815858308,1.09123741811657,0.212094951307683,0.764590931683159,0.117768443473206,4.10994216170936,3.58619112470177,2.70525570853299,0.0188167200466028,0.0695937779809336,0.212819189416998,0.342579695699859,0.0801310752525584,0.00959177471965872,0.0455128235889188,0.0915466426825133,0.0144964480681381,43.618382675,5.1227722925,5.976949565,0.34709486225,15.9862802,5.844406175,-7.013360475,-0.052215919825,-0.022407092,-0.55173257875,-0.9310480185,1.1146314875,0.02747074485,0.80974564425,0.3771609335,0.4501453075,47.8758794,5.9337856425,8.969148555,0.794985209,32.22402805,19.539381225,3.3567043625,0.01883156895,0.24384993325,0.2640678685,0.36150196075,1.4234242575,0.064483695575,0.990356288,0.7259274615,0.50710052
43.143872466,5.6855188453,6.4066354103,0.25205226092032,13.0747309347,6.599255587582,1.0948494828997,0.008158524344942,0.00203631672497,0.08613048257301,0.0949305174669,1.2958687617,0.066617354672,0.85527827774,0.47900200792,0.4977312665,0.964117001179532,0.203528882436599,0.715247642064197,0.102766979810288,4.23466580368916,3.77256889148091,3.72258442484884,0.0382016938244313,0.107714366866136,0.292851207102254,0.594777692868883,0.0723182654044526,0.0124628655422043,0.0729440817163837,0.0917237320608914,0.0147147074360929,41.204175425,5.2979578525,5.118119225,0.0336086968,5.036148885,-0.66231204425,-6.5194757275,-0.06862745115,-0.216406353,-0.51287925375,-1.112112795,1.1632721225,0.0434341637,0.707135093,0.31989416025,0.4681378055,44.978274,6.0883825175,7.9939164425,0.44514851075,21.323543725,13.8394279,8.4791230625,0.0782233648,0.2202487095,0.66704234125,1.243761725,1.44286085,0.090092131675,0.98277182775,0.671021261,0.5258176905
46.22735647,5.5819903596,7.4247288811,0.248800286669,20.1610348235,7.88910977857,1.1510269772046,0.01923381462329,0.006751915090893,0.09054989785225,0.0744832577932,1.3095241503,0.048438717946,0.86771269706,0.330735685677,0.50412157034,1.07763875671227,0.199727330211205,0.819267184798204,0.10147222384695,4.11579677975465,3.35424410506986,2.80666214274759,0.0214526109416684,0.0739756762262329,0.220796710804342,0.379329532522709,0.0792914596063739,0.0108208591783318,0.0645675180923593,0.117496773202909,0.0150042225609831,44.170645325,5.2050579275,6.040305615,0.055999049275,11.896366175,1.5407452025,-4.587875785,-0.02391481785,-0.13309100575,-0.36092263875,-0.69138488,1.1575163725,0.02818096225,0.7259416635,0.0840959226,0.47572937025,48.333261125,5.9863417225,9.2336255325,0.45813764975,28.2886634,15.137724,6.3908601325,0.059443096925,0.152437652,0.50276122575,0.785727873,1.4713021375,0.0695160607,0.97771375975,0.5344475575,0.5343092905
46.749743616,5.5072104565,7.1549189165,0.384578061431,20.2544851488,14.1884852621,7.5860389971,0.03697821785175,-0.13876388112434,0.596784498111,0.689420267997703,1.3696010039,0.05153132214,0.84947044841,0.4593980187,0.48123997881,0.994317419534095,0.196947353018649,0.743570396816277,0.108685751054258,3.91276866547339,3.49990935031605,2.81477734355874,0.0229911652563256,0.0751795680475949,0.221435123989035,0.406786421490913,0.0881889698349581,0.00984011146279966,0.0681851027408646,0.098205143180991,0.0137420531847542,44.7171472,5.14078917,5.9161215875,0.169026691,12.29390955,7.1493581325,2.194685595,-0.0062469825075,-0.28145189525,0.1726532505,-0.096829686525,1.214712805,0.031352582975,0.7062506695,0.276864818,0.45502343225,48.606086825,5.9054652475,8.8647331575,0.6032278285,27.7045766,20.955083525,12.92845845,0.081694687475,0.00711830376999996,1.017066195,1.47801904,1.54950852,0.0700524481,0.97977491825,0.6671052695,0.5103216335
45.287866697,5.4169711023,7.4101540278,0.4228490574781,16.0822802685,8.555807866689,2.7701231867177,0.018313062150299,-0.03431221484774,0.21792223521081,0.39392843173084,1.3620200795,0.050517358738,0.93296644393,0.51105278738,0.49722330349,1.09084180085801,0.20648301488365,0.79128205365325,0.123336934162056,4.56242647517112,3.77444823182251,2.82013528160272,0.0206127795680699,0.0730142126244497,0.22185662605115,0.364348882845421,0.0825751348345244,0.0111769078683011,0.054740755118232,0.116858737591281,0.0153509918103065,43.099613625,5.0298982375,6.0681136975,0.19503057275,6.994734155,0.88092119775,-2.9988508625,-0.02602844835,-0.171505976,-0.23591596275,-0.3703881515,1.2177160175,0.0335264903,0.80854390375,0.30006491875,0.4701780515,47.37634785,5.8536576075,9.02255159,0.66461518025,24.6841398,16.120531725,8.06062113,0.055714726725,0.1133377795,0.63411929775,1.0986402025,1.542372745,0.075383830675,0.99832339125,0.7550755165,0.52975721925
44.099236372,5.616102919,5.0997594696,0.3426068579131,18.9952121694,8.999740643132,3.792947418047,0.030496943137236,-0.06014312850008,0.2983865783144,0.4462033136961,1.3077209549,0.0425418554269,0.81601358831,0.58405694176,0.50518891189,0.774795565073397,0.205375545267478,0.625688707112363,0.121451392560848,4.09099447337346,3.59526850404223,3.67594880385178,0.0352434615015091,0.103734679392392,0.289182439031719,0.564444336956321,0.0792254264167397,0.0112734389809292,0.118563177099915,0.100091829009342,0.0154351257255865,42.53954315,5.2302676275,3.961511255,0.11052048375,10.3755376,2.0214600925,-3.1260486675,-0.03295507585,-0.2624066585,-0.2459224585,-0.61319152225,1.1612840625,0.02300750515,0.572538166,0.3900780165,0.47585561775,45.62366995,6.0306052375,6.3842878425,0.58204326875,26.60252295,15.8936097,11.252044975,0.099238779775,0.13540843075,0.88518475675,1.54022784,1.472223725,0.066184196375,0.989703427,0.7811431645,0.53630867325
46.074647268,5.7181818981,7.7701399914,0.09972825602735,11.490278790301,13.2975643616,5.614637799036,0.0062727393344926,-0.08914815303626,0.4416967537315,0.12718386685128,1.3462844633,0.056283367214,0.9490328096,0.68453137227,0.4886205052,1.07108619278836,0.207696238349255,0.881563285886165,0.140155964259674,4.26048862201827,3.36379408729446,2.89749549965444,0.021333351372389,0.0767426321525224,0.227942460370442,0.392588380828548,0.0799711022455549,0.00979567602783123,0.0362605042722216,0.108070749394852,0.0141047311909421,44.037425175,5.364813125,6.258558595,-0.1907336915,2.920428445,6.4970087175,-0.41605506075,-0.0441914726,-0.23080926,-0.032730548075,-0.6871842335,1.19961656,0.039015528475,0.86500488575,0.505033976,0.46178922975,48.175656625,6.143834095,9.6857424075,0.35346551825,19.504908175,20.0933509,11.0047296,0.0442724876,0.070445993775,0.865728765,0.8261694405,1.511144535,0.0777374811,0.996509966,0.924155405,0.5171272435
45.602213105,5.6524977832,7.5631738606,0.37999243077,15.4273549811,12.5751177759,4.508992429726,0.0108333378484875,-0.0624014700041,0.3547169721242,0.33335632784552,1.3650759051,0.034935772522,0.85011931712,0.212541870707585,0.50137210323,1.09302821873639,0.219852050774049,0.783887657817929,0.0888234682524435,3.32638352477963,2.90370457846212,2.27382309997464,0.0167556040286984,0.0600008309446078,0.178878908810556,0.314196439915051,0.0709518844468656,0.00802464938827809,0.0921665518212984,0.123977946092985,0.0136198513542593,43.26276615,5.25307349,6.304975735,0.207929971,8.6861720125,6.9612787625,0.22847688025,-0.02237062715,-0.17915390075,0.0179739993,-0.2829777675,1.2410565725,0.0199141064,0.635757423,0.0081932911875,0.47537645,47.776855125,6.079271645,9.2331855475,0.5475318755,21.842423125,18.522978475,9.008546215,0.042721549675,0.052734816175,0.7086914145,0.9346978545,1.517133425,0.051362020375,0.989659802,0.43866042275,0.52994059975
45.738375932,5.6325006714,6.9376211174,0.17826963001681,2.9535191418521,6.288775822672,-0.8032489250535,-0.027873470357305,0.052460265188019,-0.063190619850298,-0.29235617646353,1.2636951892,0.05711774449,0.89306184057,0.374617372071,0.52014683127,1.03132032282551,0.207752298162317,0.735362614449493,0.0972254322769385,4.14669008926613,3.79036238422817,3.05545072092438,0.0228896958695121,0.0793010850867732,0.240368606639614,0.402963764104939,0.080396382135629,0.0102886569438664,0.0478163639257448,0.102266361068218,0.0147702057151241,43.7206257,5.245121095,5.66248019,-0.010121496175,-4.7449493825,-1.3808618625,-6.9554154175,-0.074761869675,-0.1003817085,-0.54717410225,-1.119280095,1.1197102775,0.0372606048,0.781700929,0.1645451315,0.49249644325,47.85414235,6.0498779325,8.5225148025,0.36765276775,10.99961175,13.29052985,5.15885589,0.0145882496,0.20635993725,0.405840938,0.47046110875,1.434810705,0.0772284287,0.97725677025,0.5686551565,0.54804272875
46.058826014,5.788815222,7.8873835806,0.2482670805028,21.764147288,16.7683499646,2.6801464772442,-0.006869881592632,0.007959437929903,0.21084387669629,-0.25243850363508,1.3919537172,0.05724060545,0.92353749367,0.41796117805,0.50779941626,1.11432872727743,0.227692316446548,0.838959009090388,0.118884783625516,4.21690726153592,3.52586267345801,3.08698630853726,0.021504259618835,0.081539730212514,0.242849473551041,0.388059492090878,0.0898075385001727,0.00878804749973902,0.0450704827778382,0.111289108438209,0.0164685557356317,43.905263325,5.37825364,6.45479511,0.0047525555275,13.388509525,10.263606475,-3.52874095,-0.050207427375,-0.14253783275,-0.2776017735,-1.0311004425,1.217961735,0.041292464175,0.8052876075,0.20625407725,0.47715336925,48.34048595,6.257488215,9.759575,0.477495309,29.487036775,23.865324425,8.523756,0.033504850625,0.1682564615,0.670553555,0.51286160675,1.5747742775,0.0763600349,0.98588217475,0.65514729425,0.5407251215
45.614053023,5.7815656587,7.1748402452,0.40254323717371,23.8635780869,11.6814864194,-0.9465986803046,-0.004742590943026,0.082523078927586,-0.0744677713018,-0.257570462524389,1.2381469652,0.040986240217,0.87901332677,0.46059610385,0.50246111728,1.03127424594662,0.221049104742857,0.765919590067556,0.113703732494349,4.05285661146681,3.48554575903914,3.05515632380589,0.0220664859963201,0.08057618787438,0.240345447186699,0.401882896313519,0.078226687629845,0.0106127479119852,0.0720639516302209,0.0851559740129415,0.014717715911548,43.55197855,5.3581851325,5.8426414025,0.17759342975,15.275752275,4.4472123175,-7.0554518325,-0.046344805725,-0.068390114525,-0.5550438445,-0.99923376175,1.09024768,0.0228056978,0.71508935,0.29665167675,0.4753893905,47.48230425,6.2059688975,8.7940825175,0.6081742785,31.548993125,18.505450125,4.62677764,0.037653164025,0.2390579215,0.363982998,0.547251863,1.3911416325,0.061950387125,0.9954221875,0.62591586975,0.53246390325
46.032918037,6.0746664037,7.3876938082,0.27483325708007,10.041798809414,8.42128096692,-0.2655838637609,-0.0171936992075199,0.04808784375784,-0.02089316086068,-0.199926647958093,1.2654991361,0.044777565238,0.90457928687,0.67397165556,0.49468399887,1.07799413956979,0.213325466349065,0.776411113190496,0.125410112450805,3.76469257202987,2.88602629574202,2.66149319571194,0.0205651699398386,0.0716330133658535,0.209376445574868,0.370833203200805,0.0834129508851029,0.00917988322651283,0.062154041993228,0.11941869315913,0.0144678187183865,43.950737575,5.68074533,5.93808289,0.03080595005,2.5075806125,3.079878795,-5.3177021775,-0.055753163175,-0.096398691325,-0.418337189,-0.87631016575,1.1119594875,0.028970045075,0.75921740425,0.48184411125,0.46718950175,48.285205075,6.54542009,8.945679955,0.53815764425,17.858000775,13.99341795,5.124544685,0.0257638762,0.18575332725,0.40314172075,0.563436664249999,1.433989115,0.062375545925,0.9898068415,0.945230353,0.52491977525
46.593313463,6.0080448589,6.6839500829,0.229094576244093,19.3548954861,16.4078590019,3.23561075757004,-0.00683781110211334,-0.0089846598551708,0.254541578701162,-0.1933632160836,1.2878985579,0.040131890601,0.84420157541,0.413120749044,0.51572278952,0.939121679752829,0.203851129137534,0.762142984514598,0.106433673631591,4.14040418601726,3.71100084817354,3.18025198816467,0.0238952120905583,0.0839769206305313,0.250186571282573,0.425752845779451,0.0815876164471663,0.0107631106193091,0.0914460108343312,0.113397147361236,0.0162267231681476,44.69594205,5.6261015125,5.3007079,0.03206425365,11.244021625,8.871565665,-3.037198415,-0.05433435245,-0.164437603,-0.238932721,-1.00172452,1.1496206475,0.020804166425,0.642289885,0.190114875,0.4854923865,48.3855372,6.41019042,8.3374292675,0.4401823015,27.462654775,23.415033125,9.171328385,0.039030342075,0.1529033045,0.72149728975,0.621754749,1.46385394,0.062645834175,0.98042302875,0.629239545,0.54789702275
46.015546369,5.746241054,8.1416072614,0.13654303570748,15.3148255273,14.2313662058,4.3123404408086,0.001512671489073,-0.04899276995019,0.33924659821631,-0.03886086461399,1.2611466099,0.041105818278,0.88337780226,0.48872808079,0.48619936972,1.17553885275291,0.216932078700947,0.840539033412769,0.106589377658707,3.41443437542848,3.08798709089511,2.77080703694754,0.0189538360636689,0.0713486793166646,0.217976032586669,0.36159392303536,0.0728566026171968,0.00927695087451902,0.0561142479263457,0.0926829162628633,0.0130702865860298,43.6659924,5.367162315,6.725834605,-0.0883310059,8.9744515925,8.1212132075,-1.1161735975,-0.03428762355,-0.182064353,-0.08780802595,-0.72490886125,1.1237626175,0.025119558775,0.7523802865,0.31635289075,0.461539351,48.268307875,6.20623409,10.01672605,0.3337379695,21.866212925,20.120701325,9.5689463725,0.0370046689,0.088129440375,0.752777422,0.647136556,1.414875045,0.06101169745,0.98559324925,0.6896084875,0.51179917975
46.3513094,5.299299754,7.5955339899,0.19916462972977,10.830962752847,16.1386616345,7.307557935014,0.003880866594219,-0.1216916603456,0.5748767308435,0.274894841515872,1.3007210847,0.044548671386,0.88439853217,0.332270977536,0.5086506228,1.1425854790638,0.196028204027192,0.802853987617152,0.10878919923421,4.11033375294428,3.62812149711531,2.87052795316799,0.0178999612977114,0.072836150768604,0.225820957908686,0.337946175304575,0.0822468404336537,0.0090234128188422,0.0548002872744357,0.102421331581884,0.0156019420627199,44.2974604,4.934383285,6.2357730075,-0.00342435091999999,2.5280935875,8.5381262225,1.27865659,-0.03227610465,-0.259699308,0.100590365125,-0.45709876875,1.145902705,0.027599624825,0.7586999645,0.12886353525,0.4785914995,48.8061671,5.6782062575,9.5026997625,0.4220524515,18.824149325,23.338255025,12.664816925,0.037700077925,0.031399896875,0.99632584025,0.9024079925,1.468807125,0.063877917925,0.97355213925,0.537875351,0.5416649235
45.900121307,5.7043649123,7.6131306701,0.349686536958,21.0269593475,16.1647329529,8.5493830128528,0.036650642706873,-0.15553966255368,0.67256960439719,0.6687610793566,1.3447398489,0.046591731664,0.89674237619,0.42840351711711,0.51471877845,1.16390133660546,0.230027727030342,0.833689511313181,0.126445115143003,4.26478688640781,4.10126421407151,3.15599552126378,0.0213334983958678,0.0808119568158593,0.248278343667879,0.392175540882019,0.0922957336475731,0.00876619364523701,0.0706957234667746,0.137279594851549,0.0180004411560688,43.499826325,5.27583383,6.17312233,0.0891554451,12.62270165,8.3795663575,2.0211131825,-0.0075555979475,-0.31133892875,0.1589985305,-0.141758995,1.17953876,0.02972183105,0.740492501,0.095159379175,0.481565304,48.048871675,6.1738093175,9.35935953,0.59193048925,29.7037035,24.266363925,14.66641555,0.0783127767,0.00943532223249999,1.153789165,1.47023001,1.532839785,0.063221219425,0.99318432475,0.6855264125,0.548576817
47.630225707,5.3977890358,7.106283048,0.31867835528706,13.61023974061,8.2054423081,6.150034141251,0.038587455621088,-0.128479652137171,0.48381573562111,0.7463247284269,1.2421871843,0.04768144348,0.82763305158,0.54936757698,0.49397513437,1.024238376089,0.197862281400861,0.748932391667488,0.120303943615766,4.09564949933947,3.62884402355589,2.74461896859336,0.019589276242046,0.0705742787373978,0.215915849308219,0.36640081031263,0.0803807798148161,0.00915673872532921,0.0609623681731754,0.0990542421462398,0.0142867121329646,45.774717475,5.032491565,5.7950707075,0.086634324025,5.811030885,0.937846587,0.862193573,0.0020350234025,-0.26985074225,0.067827723725,0.0390932682225,1.0914369075,0.029707731425,0.69351291375,0.377639235,0.4667006875,49.737682875,5.7929509725,8.68560305,0.569288347,21.9130355,15.29769705,11.784839425,0.0767134436,0.00998843581249999,0.92709905975,1.4194985425,1.414749925,0.065800725525,0.93070178175,0.761094503,0.52368012775
45.463617469,5.861835168,7.1296096397,0.287745628573,6.3843261399,6.321404544254,0.51916562215323,-0.010411962270076,0.01643924827228,0.040842130670665,0.0190533038248,1.17783022397,0.034865533914,0.8361532535,0.38188489229,0.49525078053,1.10508375487035,0.222647501077375,0.757492958416235,0.102369140152569,3.60054804825392,3.2723445503969,3.31701374417441,0.026080809404761,0.0897778459973605,0.260945452847622,0.467430116864309,0.0681109132588632,0.0100751214740058,0.101137448376383,0.111312569594887,0.0152325028697029,43.30733675,5.460243835,5.82030108,0.0876978442,-0.4946994965,-0.289751264,-5.781633155,-0.06334145775,-0.154233383,-0.454834078,-0.89073619825,1.0436965875,0.01791987865,0.62226416175,0.18715762275,0.4661442595,47.60454855,6.3156368075,8.7213126475,0.49288153675,13.366209675,12.733340575,6.89718828,0.040511612,0.1887381325,0.542593443,0.8898686685,1.31741894,0.057866350225,0.98875083975,0.60717126175,0.52627442825
46.158431213,5.601378231,5.3754706798,0.074875583080508,7.810731929466,5.235185927235,-3.4233379560741,-0.030586999953337,0.11903454004273,-0.26930984979342,-0.645942756693,1.10644972633,0.023182704061142,0.7386380546041,0.51162614354,0.48945707824,0.811973685384177,0.211366844920721,0.602993382342611,0.109044755915748,3.73569844709006,3.39057416517056,3.00618193620855,0.0252961768136962,0.0806981339368065,0.236492691123224,0.425523228148427,0.0808431601181613,0.0103865841503618,0.246971539159057,0.0948130249530327,0.0145312772400462,44.61077395,5.1912530175,4.3632877875,-0.14164671,0.119314628775,-1.4598561575,-8.749939845,-0.082113037575,-0.04711937425,-0.68834716375,-1.4508673725,0.9749746025,0.0031586104025,0.07804186665,0.343332039,0.46272158725,47.88128555,6.0361958775,6.6211538825,0.28866531425,14.472159575,11.670567125,2.83625845,0.0185532679,0.26905193375,0.22312502,0.226913052,1.2851643875,0.04677179635,0.99331107175,0.70597359375,0.51996971825
45.234611433,5.8347568843,6.8867405302,0.21999035190301,10.54172316443,15.1392076458,4.5218660326231,-0.012346379504036,-0.0503243289294,0.35572972271612,-0.01946758874675,1.3499296578,0.052561457058,0.96697392539,0.46432930631,0.48795294344,1.07977633149343,0.20628399670088,0.735366222319795,0.112378201998679,3.95399192866965,3.52686375779603,2.58011249840236,0.0167975902787618,0.0648835545410717,0.202974324413007,0.311024532298803,0.0776781608621282,0.00717073040568464,0.0275054102632482,0.0845278292681613,0.01361215628289,43.082855475,5.44659984,5.5911757325,0.00436967989775001,2.4952233675,8.4977381325,-0.81326228525,-0.0453048551,-0.1728213155,-0.063978359025,-0.6073672925,1.1967689075,0.0388266899,0.89894403725,0.318554688,0.462337161,47.36756675,6.2638506425,8.45618739,0.4389093195,18.01673345,21.85535065,9.436598605,0.021184848025,0.0828708095,0.74236577675,0.59812261,1.4988126875,0.06694001075,0.99878476375,0.6564820215,0.517181061
47.25041878,5.6978116681,6.9813681027,0.4488781124734,17.7199358935,8.118408791244,1.6481661922144,0.01605075374559,-0.00573751297651,0.12965923763443,0.30858976423124,1.2653686932,0.043811405908,0.92702373752,0.65048972204,0.47974353302,1.0158385307075,0.218057599187045,0.719882377271961,0.137800405992587,4.21789302837498,3.48508104079357,2.92326289123211,0.0204692786366109,0.0773220263845567,0.22996955033195,0.388646517522633,0.0818540410194771,0.00875319611981203,0.0516532661818012,0.0985482760047268,0.0139776456061524,45.228559825,5.2891638425,5.798939045,0.16112919475,9.4829014075,0.96160842875,-4.4872820575,-0.02400808635,-0.15454032575,-0.35300903775,-0.45523627725,1.11525654,0.028040140825,0.80628283425,0.47096445075,0.45218215875,49.165642275,6.1311351625,8.585912785,0.7086710265,25.944615325,14.6580319,7.4918229025,0.05621271465,0.14567997175,0.58937263,1.0620870925,1.4306406825,0.0623180846,0.995782438,0.857944072,0.50687586875
45.644840764,5.6313294986,7.5474947165,0.2859236277491,17.6127487075,11.87290948199,3.477014084049,0.011726808889792,-0.0375720962501,0.2735324859632,0.160430294361774,1.3186191263,0.049148438576,0.87477921213,0.56585825802,0.53217098999,1.12409806601223,0.20894579240662,0.825262895617806,0.125429224264465,4.40174199493117,3.54230708437946,2.75312102587762,0.0213076892852548,0.0728738478951197,0.216584696010107,0.376776067695197,0.0839527775559308,0.0103720067055195,0.055750234986319,0.11375739676509,0.0153786631264757,43.342032075,5.2441245325,6.08504596,0.051889121825,9.15587067,4.4024118375,-1.8522259475,-0.03252265815,-0.17505698975,-0.14571237475,-0.605339901,1.17298501,0.03018612875,0.74954832025,0.35749021575,0.50299317,47.755923875,6.057828335,9.35940586,0.56123297575,26.22107185,18.909687075,8.88684752249999,0.051056675875,0.1100896315,0.69911753075,0.843843066,1.489954285,0.069763676775,0.96700747675,0.79671617175,0.56477452375
44.636265577,5.6870133515,7.3730845436,0.350123987492,23.1887365215,10.1583876926,1.6353938157687,0.01937741511865,0.004500650800008,0.12865445043689,0.12501995557467,1.2454567716,0.043309549535,0.88540822839,0.60641299453,0.49210316812,1.05346909944354,0.210283624673251,0.810771976878999,0.117886665807768,3.45943683648639,2.90887746681529,2.63914642568638,0.0217725063472957,0.0712382922020514,0.207618452373282,0.384287645278825,0.0704762793707054,0.00942201457074374,0.0678870586719527,0.10390168234521,0.0135809008473828,42.730390675,5.2861253225,6.0037981275,0.12027885325,16.970018525,4.9037803675,-3.34494162,-0.017639613025,-0.14246796825,-0.26314250125,-0.60390101725,1.1220437325,0.027573615825,0.74035085525,0.4111683725,0.466207843,46.780940625,6.09506527,9.2462521125,0.5850317935,29.937714125,16.176496675,7.0784727425,0.06379570875,0.1401621265,0.55685488,0.8815963245,1.3946456775,0.063902699225,0.9944289115,0.820949993,0.518337364
47.280922983,5.7911617512,7.6804107239,0.30411629094656,12.79567270604,11.2106343234,1.625499463388,-0.009910965937835,0.00987207623362,0.12787607360874,-0.066426275007679,1.4026665649,0.056867092954,0.90604579127,0.59649259467,0.51176688014,1.04933858170356,0.207294680838348,0.810526882421034,0.132889136724367,4.54113411838757,3.929594487671,3.03878822280177,0.0207382823526312,0.077744813475503,0.239057788305783,0.388563466296728,0.0819444735083922,0.00960818257042451,0.0394355908310288,0.0935130716149219,0.0146336685235803,45.15855965,5.4026320925,6.3418909675,0.0470576174,4.0428488325,3.525868065,-3.966818155,-0.0482789706,-0.1390573935,-0.312064782,-0.75446316475,1.246278365,0.038608659025,0.82118417175,0.440343875,0.4846690525,49.3396948,6.2325377675,9.4739662775,0.57317424075,21.442028375,18.674335525,7.5238307,0.031599222225,0.15272183725,0.59189064325,0.704196723,1.5685267825,0.0761271705,0.97964528825,0.79365747175,0.53959360975
47.167425145,5.4889338495,8.1192210911,0.3358244356164,5.8457134476666,1.8438500731077,4.424352328944,0.037219025811,-0.112105322147326,0.348058437794,0.861973768486,1.4263715311,0.054091386776,0.94672100094,0.46016565022,0.49366734192,1.20435664823492,0.196499498284316,0.870129787893483,0.117386601528378,3.92321412970341,3.03265129553791,2.41116306819297,0.0164636959608665,0.0639021803153903,0.189683277419865,0.312728637960303,0.0869752306062419,0.00877854291658571,0.0300354029467317,0.0894020019475055,0.0128093236116623,44.38718915,5.11398309,6.6932447275,0.114108929,-1.8377051675,-4.430549025,-0.44220698225,0.0083850273775,-0.2323443415,-0.034787887525,0.29052716825,1.275143365,0.038750687875,0.876935114,0.293909946,0.47029819925,49.30322065,5.8742906675,9.9842966775,0.56322235075,13.786702175,7.6581259225,9.07249212,0.07104501105,0.01469043645,0.71372196175,1.474183865,1.6065139175,0.07236388815,0.99218521925,0.6497883355,0.518284663
45.979269458,5.9299004058,6.5713970019,0.408199282159,14.36248904376,13.2169552379,0.7766784886797,-0.021626667946845,0.042820059637248,0.06110035589293,-0.1873038023234,1.4382336403,0.064994193603,0.9365849519,0.5089247354,0.49393555574,1.04087825931289,0.226024665112961,0.737986024966117,0.127053464091446,4.44137746632997,3.48156141760385,3.06382188011071,0.0248454844590706,0.0825796137548968,0.241027155770059,0.432704577554931,0.0829175831007659,0.0102157526709172,0.0333084216297659,0.0948544723403973,0.0152708521223616,44.1005978,5.5280845725,5.288046085,0.177353762,5.673299315,6.801203305,-4.737618275,-0.067671472425,-0.1319118625,-0.37270269,-0.97762394,1.28720669,0.046018784875,0.86277780225,0.336655959,0.4670545205,48.05467165,6.39460306,8.113822975,0.657999632,23.0617709,20.217681225,6.924988275,0.0315850018,0.192079063,0.5447804415,0.71248308275,1.617137455,0.0856413423,0.99124148875,0.70956292925,0.52612425625
45.39654913,5.8406944218,5.6242861272,0.01546005653304,13.82861147312,9.284187695193,0.4722754094192,-0.006953971817097,0.03208408609785,0.03715333409519,-0.384040805269889,1.2800968952,0.048755496332,0.89320819628,0.63828078365,0.516711603,0.847155055050886,0.235379563017752,0.66912539794107,0.133761295841045,4.72351250221992,3.98711401031438,3.41036025637186,0.0262988184230898,0.0893792429381433,0.268288909724027,0.4553830578643,0.0834867316555798,0.0109790051811968,0.0612942389014985,0.1084439928693,0.0167986683668898,43.80258655,5.4101431725,4.41025604,-0.24926045025,4.92951994,1.5367362875,-5.8619150925,-0.059203325825,-0.14770476125,-0.46114976625,-1.29391902,1.12905093,0.030389496375,0.7569422535,0.45106516175,0.48729463275,47.1174393,6.34513012,7.015559545,0.2801126125,23.933717475,17.127326625,7.331618695,0.048169189,0.2087350525,0.5767695645,0.53133058975,1.454789915,0.073766137025,0.98844265625,0.866840692,0.5536956205
45.294902335,5.9236263247,7.8285241255,0.412996976972,18.3722667639,13.1671040248,-0.8127728477224,-0.023496305039982,0.086063297804405,-0.06393985526979,-0.3622466523267,1.2864871375,0.042677418081,0.86002913702,0.25342281014643,0.48558021837,1.12946251049561,0.222686509175797,0.78412536073393,0.106285931766025,4.1157923733275,3.57760952114323,2.7943261114501,0.0206736972314099,0.0746481045241534,0.219826250134459,0.370660365908435,0.0853092629348555,0.0100788088941318,0.0725523956069197,0.130744212631799,0.0144646686760778,43.050241525,5.4875203975,6.3243664375,0.204302228,10.196651425,5.81879967,-6.0131601025,-0.0633604767,-0.0550760742,-0.4730480165,-1.07724264,1.1294018325,0.022958094975,0.69629321675,0.0153247942,0.4593732975,47.544845375,6.341183845,9.4741810675,0.62291732225,26.39100715,20.329949625,4.5881611475,0.0162883119,0.22313749875,0.36094507575,0.34758978175,1.472997995,0.062014953925,0.9863499795,0.51726090725,0.51478714625
45.478788591,5.9459757829,8.0314660982,0.2548875496426,14.6269144261,9.67556506943,3.664851257082,0.016213524820299,-0.0533625818796,0.2883094084907,0.2663944193436,1.22595064514,0.041651332138,0.96685182263,0.50886436744,0.51085067182,1.12219892855701,0.217396885492331,0.836744411515412,0.11275847914069,3.64321907778091,3.31504694468302,2.67931143978048,0.0153910395079596,0.0669323526022569,0.210778185114062,0.308533647451832,0.0719620272769837,0.00699780301287079,0.0282910493170587,0.0834618551398218,0.0148274297481596,43.197254825,5.5594109975,6.5820031875,0.03683972025,7.62638279,3.2023398775,-1.279688765,-0.011296517925,-0.18634058225,-0.10067157075,-0.30977466025,1.0871604725,0.02870683405,0.89802187475,0.36527390875,0.482883543,47.556267325,6.3760237025,9.74848083,0.47056454175,22.036350675,16.3207109,8.9593097575,0.04861354895,0.0695600587,0.70481803975,0.86938173025,1.3660138575,0.05652321795,0.998909402,0.68917862525,0.54007062825
46.119791189,5.7712501199,6.5835446993,0.21491245928329,16.7626123314,5.433669156574,1.690568809321,0.026487572000882,-0.019911770362361,0.13299500035102,0.23749558844312,1.3476726202,0.067464126252,0.90322263643,0.56502737923,0.50132548218,1.01576119803683,0.222524853314074,0.724459168243099,0.132305836574746,4.77919501973954,3.90728772662454,3.26446104910129,0.0261918589565806,0.0857882290475011,0.256811195863058,0.445237498144731,0.0925409728908406,0.00990561119691222,0.043504908889775,0.0988645800153768,0.0151208119640577,44.01181505,5.34348413,5.3407833825,-0.042619969375,7.6727162175,-2.4846598425,-4.990014935,-0.02535989015,-0.182129914,-0.39255843675,-0.66593751725,1.1890190425,0.048628201475,0.80713542175,0.37524483925,0.4730634135,48.050314025,6.21008285,8.13071871,0.47444194425,25.9533967,13.10654915,7.6547628075,0.078653184425,0.15070093825,0.60219091075,1.11681423,1.537942785,0.085528675175,0.972185424,0.76432543375,0.532101591
45.883899271,5.6350283423,8.4426461455,0.426028286105,13.3770637577,4.2959073239745,0.9467525819158,0.018412376467818,-0.005077391043201,0.07447987873675,0.39246868596999,1.3282624433,0.046363181478,0.97017649946,0.44255348443,0.48699517304,1.18084394520078,0.209276890578046,0.869136337307864,0.105309667218673,3.70985443834912,2.89459912648268,2.60987184738119,0.0159060409638874,0.0676705647391162,0.205315456604278,0.30838506860957,0.0770340679639299,0.00675413591420665,0.0251366450262613,0.09774403605683,0.0141926412441247,43.6189509,5.2457637875,6.906711115,0.212221683,6.18870594,-1.6153154425,-4.461726485,-0.012937129025,-0.1378580655,-0.350998621,-0.202104905,1.18134795,0.034831926975,0.90680054825,0.2646751685,0.4599112665,48.21971065,6.044922615,10.306033375,0.6427839545,20.658501775,10.08129935,6.1797372225,0.0481724607,0.1340146825,0.48615244025,1.0115276675,1.479670935,0.06098179475,0.99911284325,0.6378731925,0.51544566725
48.13313096,5.7059937033,6.9381282695,0.442742556629,17.5342757484,8.0176219094064,-0.90764506606067,-0.0024124832699868,0.063696904950188,-0.071403337733701,-0.03612621956542,1.4854953104,0.064634152636,0.9502966635,0.52211798777,0.50319660441,1.05768420398384,0.231764026158275,0.689682822655358,0.128478863078193,5.19981525889166,4.86693822513044,2.84878918898755,0.017255005935045,0.0691013341271656,0.224110794410708,0.332098631562601,0.103113204484371,0.0100632001225618,0.0238137915689882,0.0911180166386238,0.0147317426573967,46.242145475,5.3046928525,5.8104110025,0.191563626,7.3947086975,-1.8475547425,-6.626832315,-0.036514343125,-0.077681740175,-0.5213248745,-0.6927718015,1.301693955,0.046467533225,0.89784581275,0.361971776,0.47416140675,50.1694288,6.157928545,8.4392052025,0.68756074625,27.6529678,17.320160625,4.77357074,0.0299689066,0.209402112,0.3755310285,0.58052605425,1.7070610525,0.085244879925,0.98668487125,0.7290777055,0.53167828825
44.961531446,5.7959475521,6.1724555868,0.24871203524505,10.329254296299,9.698904082954,-1.282867685793,-0.029769092232355,0.08211236685909,-0.1009216468879,-0.4387894927456,1.3294565916,0.064558138694,0.85371387946,0.4555531872,0.484149413,0.944149964192841,0.212445305774659,0.707327855996139,0.119098943435246,4.45793355902035,3.50885675330408,3.19079643441891,0.0281999661968847,0.0879881011695084,0.251016090191906,0.454703453694629,0.0769863546891403,0.0121794786867294,0.0530216482720152,0.0891854379921702,0.0133851460809618,43.091729275,5.402290165,4.95580155,0.0200827791,2.13715656,2.685318535,-7.2824527275,-0.083818382325,-0.08760219795,-0.5729017315,-1.29441918,1.1869744575,0.03577117745,0.7465147895,0.3024339175,0.45833905675,46.79284905,6.223186575,7.77712348,0.48146970025,19.515005475,16.4451034,4.624821235,0.0237565005,0.252259254,0.36382907925,0.453920173999999,1.4930069775,0.086723276425,0.98850953925,0.64005148725,0.51042397425
45.134410733,5.7231809236,6.6851175234,0.449098738748,12.32405184792,11.14795198824,0.7877596259085,-0.0167892196265959,0.032487470864502,0.06197209533449,-0.03375385867215,1.518364159,0.057027764888,0.97025161745,0.382714889642,0.48760922917,0.974449352765475,0.20525326797008,0.784194782195841,0.113313723486073,4.25289573625897,3.53052286311662,2.69298807368703,0.0189546610801362,0.0700594905564814,0.211854109580547,0.341795105938606,0.0899447644620908,0.00867375931908462,0.0231462552634271,0.107345308984008,0.0142447955874019,43.0882156,5.3440642175,5.3072946575,0.22596475875,4.117479145,4.3608481775,-4.237247005,-0.0532741727,-0.098548424875,-0.33333908175,-0.6714412745,1.36247861,0.0419857762,0.9109725745,0.172666684,0.46115795375,46.90652325,6.1094070525,8.3565347975,0.67202265625,20.677652675,17.820285075,6.0459759975,0.019869597225,0.167634679,0.4756296095,0.615168727,1.7011240325,0.075407890075,0.99846383975,0.59748855775,0.51664101675
46.041897639,6.1310341309,7.6081468629,0.062589181060485,13.212544889,8.730827177805,5.488894468468,0.030449793443658,-0.10784512378761,0.4318046785484,0.3661809837817,1.4722719746,0.045032313626,0.90831778502,0.17633626224754,0.51707552548,1.06243460041294,0.242598005826978,0.814111185929284,0.104445258774918,3.78320322214629,3.25300834860966,3.3398017247685,0.0217135145900305,0.088127266647207,0.262738155809953,0.422387290597127,0.0905435357413297,0.00889797693198185,0.0629339670393879,0.119913761512079,0.0159674675884419,43.828553625,5.6723303,6.1538342425,-0.14098036975,5.1995753,2.44927716,-0.74215747775,-0.0091337331075,-0.268473575,-0.058384629625,-0.463229212,1.30426081,0.028949838075,0.7685019855,0.0097941657675,0.4857696015,48.04198045,6.62713596,9.3284556475,0.278740591,20.98977835,14.7359758,11.5749935,0.0732754359,0.065986037175,0.9105907285,1.145618815,1.6475308525,0.063919087175,0.9945552255,0.4483681845,0.54845823925
45.332855667,5.5431596696,6.351350127,0.508239339278,22.3186341291,20.2896174821,2.1357718224462,-0.02573888265691,0.03992190323681,0.168018581948987,-0.2771156091357,1.2847751688,0.038600278905,0.90868465816,0.64683503763,0.49206371257,0.943434953426804,0.192810706569905,0.691723330876003,0.127425038389135,3.92878430634262,3.58043701088207,2.83870317872765,0.0240866926956962,0.0762473181703664,0.22331734033993,0.414684319991297,0.0747594468984005,0.00812912370623783,0.0694912479096674,0.114138639590322,0.0144327533988473,43.548488025,5.185223365,5.1984476625,0.26714306575,14.5932684,13.07082415,-3.4435625025,-0.073517933575,-0.10684612375,-0.27090088525,-1.092170285,1.14905023,0.023115485325,0.749528592,0.42712623075,0.46400572275,47.2050794,5.9256390975,7.889860735,0.7498286465,30.336837325,27.290806275,7.61424719249999,0.019957051525,0.19064060975,0.59900360325,0.519444473,1.446238255,0.055631890025,0.99721576725,0.87459650525,0.521528304
44.614805856,5.3794620726,7.20775063,0.418273227898,18.5607794093,8.518467335363,1.2131684232373,0.013030770317297,0.008102613129781,0.09543849012361,0.20147818440173,1.4735980476,0.059034369331,0.91467836395,0.422489105213,0.48576141855,0.984643600970703,0.198403627061054,0.756763055529553,0.120020743753898,4.50157203895767,3.55213601024085,3.09030112102533,0.0223326850416971,0.0820328550784306,0.243110245590686,0.408636581561002,0.0896391764569012,0.00990520002514561,0.0422625364661145,0.119521752303597,0.016027896532536,42.706027125,5.0116781975,5.7966758725,0.19006103175,9.7220623175,2.270945325,-5.1833498025,-0.03164312605,-0.1539109145,-0.40776785275,-0.650398087,1.3112082025,0.039916484625,0.81736939875,0.18845482175,0.4542819215,46.631877575,5.79723381,8.7999963525,0.6505558035,27.464195375,15.58052105,7.4210806525,0.057617412975,0.17749117325,0.5838074245,0.97156354725,1.6549548425,0.0798519455,0.97643901025,0.68538170475,0.51773140525
46.497423719,5.6882725924,6.6575882492,0.26026003408243,10.59712851694,6.785660630988,1.238459445404,0.00252963604190533,-0.000989033827658,0.09742810441186,0.0920244682001,1.2647815089,0.050215384638,0.91446966394,0.62793025797,0.51513427807,0.979462273621623,0.207887272893631,0.721016363434226,0.127405034311246,3.88924495442842,3.45469807108952,2.90033219614527,0.022893886372915,0.0781879963587989,0.228165620445422,0.403948175735757,0.082317345398487,0.00930210869544517,0.0463243581715729,0.0982709764690841,0.0139905463257764,44.562402375,5.3231276375,5.4405443275,-0.00103696673074999,2.763650985,0.491609007,-4.75771164,-0.041074874575,-0.15437446575,-0.37428341275,-0.7417142565,1.1243785425,0.0322825967,0.80593532875,0.452302147,0.48882577575,48.314744275,6.1455273425,8.097326775,0.5041418855,18.78016825,13.593560825,6.8925652875,0.0474589537,0.157170921,0.542229756,0.86649712075,1.44374464,0.070062204975,0.9861910585,0.83513925975,0.542489398
46.450330288,5.6274394037,7.4472468101,0.23959225011103,12.54851009576,13.0744914291,0.04479734095051,-0.03051844611876,0.06215258877841,0.00352415245881,-0.45939685821345,1.4354414172,0.056588867035,0.97590559728,0.57687988742,0.49112689868,1.14658033363681,0.195988316480429,0.81712751775223,0.123132165581938,3.82735773547023,3.13698283990772,2.17152592342835,0.0146029637203702,0.0553077644469326,0.170831313828496,0.277969258583374,0.0780860585180763,0.0062505609456143,0.0213871203872825,0.0967704731449935,0.0141685188163618,44.297225725,5.2467819,5.960353295,-0.008402602755,5.61418069,7.3041094225,-4.437681755,-0.0605202361,-0.045512150775,-0.349107046,-1.01018409,1.289747455,0.0446297572,0.919614412,0.407091741,0.46352626725,48.7682472,6.0234594825,9.2055106575,0.482270987,20.619608225,18.938785725,4.2886905675,-0.002751771515,0.1740868915,0.337386093,0.083776078275,1.582719455,0.06887694015,0.99915897525,0.78839611725,0.5186804995
44.388310511,5.8124635236,6.2232565188,0.58122939804,12.52283668113,10.31423969141,-2.1691888548092,-0.033875338518446,0.10934354039406,-0.17064745927111,-0.24623377827121,1.2978012106,0.050744672556,0.82436299692,0.46575208212,0.48902627905,0.966226862757583,0.191781415256574,0.636622658895912,0.103493063906952,3.73250754949205,3.4882598520732,3.11931308587909,0.0310906031193061,0.0890502936625845,0.245392581453607,0.493960206921842,0.0773020302959002,0.0120768526186821,0.089322837703618,0.0961453872521819,0.013630093531984,42.49649515,5.45828493,5.11863816,0.375928273,5.421582035,3.925554645,-8.2128734675,-0.096744504825,-0.053875199475,-0.64609680875,-1.2045227325,1.16184594,0.0303240098,0.6268280935,0.2797472775,0.46282766625,46.2359043,6.195149805,7.634703775,0.78211574725,20.155298875,17.4845932,3.588333825,0.02368393295,0.2788684575,0.2822898745,0.68318997525,1.4531343075,0.074613312975,0.9716654005,0.648916913,0.515243177
46.275405755,5.2900845002,5.2303699749,0.22702354979297,13.64821546044,8.2479127737171,-0.3192201945419,-0.008327367043773,0.04871485264,-0.02511266605447,-0.21668582180775,1.388372532,0.054319208055,0.93175622529,0.41944765093,0.52921310215,0.811428432532585,0.206502023357111,0.618475248160086,0.128054295491693,5.28697597954646,4.49696034206793,3.25719258512602,0.0244065242738955,0.0839853780967372,0.256239394920928,0.418402041809519,0.0914482469601998,0.010189587390273,0.0468081839545579,0.114227673160227,0.0159214358870085,44.626711225,4.9235101125,4.1121268825,-0.021801124575,3.74643509,-1.070169395,-6.426406405,-0.05622148145,-0.11970216075,-0.50555760825,-0.99912831875,1.2162937775,0.035501153775,0.82532445325,0.2155245385,0.497525214,47.8047383,5.7414529425,6.6120651325,0.475172117,23.5056564,16.587485,6.3052261075,0.039115106825,0.21012252725,0.49602449975,0.6390461745,1.58900041,0.07626905635,0.99659062725,0.662056218,0.5606193445
46.867709709,5.9618597919,6.3100867412,0.3328616956638,15.10943044264,11.495059658643,6.319005870233,0.028162452546807,-0.11715613959774,0.4971085370177,0.5931187160157,1.30346591203,0.045558999467,0.88220838251,0.58023409995,0.48414275461,0.952625698732973,0.214129726555867,0.712063220080123,0.13270512616565,4.72462360377827,4.01917903331465,3.20768305280088,0.0234350119745821,0.083354555778398,0.252344540272842,0.425858291774281,0.0828080963287298,0.0106091240314533,0.061329624984633,0.104744406431626,0.0144216303589686,44.95008875,5.52867874,5.147419805,0.066811384875,5.5770857025,3.5807943,-0.1498397845,-0.014962380825,-0.2778523955,-0.01178771465,-0.24919046875,1.1512658225,0.02620333225,0.74090039875,0.3949134295,0.456389213,48.691840225,6.42321184,7.9149674125,0.57412634175,24.073093775,19.2092687,12.50980005,0.07484468725,0.0509991321,0.98413079975,1.46174018,1.4743722425,0.0699472361,0.98363272375,0.82166204325,0.513594609
46.05068724,5.5539000577,4.8206759336,0.08492812200403,11.560573952347,15.4439420559,3.4404923454889,-0.019186487566069,-0.01926245440181,0.27065936500422,-0.31066213717963,1.4348713801,0.070697359105,0.89665080477,0.42164414283,0.48701802348,0.71623483089141,0.208533246288328,0.581628818224329,0.117525403252974,4.90970722480962,4.12996894447792,3.31920135027005,0.0294868459285918,0.0907232719288797,0.261117549305782,0.469942361507481,0.0878450233070257,0.0138573761716424,0.0451836014001105,0.0907611028621839,0.0142600154145068,44.631033225,5.166271305,3.7031750775,-0.163335393,1.8248756375,7.18622334,-2.72456339,-0.07532953935,-0.204800526,-0.21433810375,-1.2268810975,1.2830429925,0.046867018075,0.79944209875,0.2412225665,0.46052138625,47.510948825,5.9728605325,6.02494229,0.30095012025,20.9421205,23.11170945,10.153559475,0.039982442975,0.154058692,0.79876825575,0.6393815115,1.6307793075,0.10099417225,0.98073760075,0.604150609,0.51472227
46.561283349,5.6692656259,6.2473620922,0.24712306594777,11.9864638593507,7.532895182823,1.84188175874548,0.006708862014463,-0.01387552465979,0.144898606612056,0.12480544839702,1.4949405818,0.060758223119,0.93689453001,0.6211168618,0.51252150475,0.938670389964708,0.207450841802878,0.674875777592069,0.135225433189985,4.51550569859941,3.97188811221028,3.33657463772205,0.0245091023239216,0.0873358110907588,0.262484284951012,0.440300765808836,0.0972685691797993,0.012281280152579,0.0363010771885461,0.12858051346524,0.0159881904705872,44.75568245,5.2934617025,5.0866982825,-0.0208935281,3.3190558325,-0.19504351625,-4.286389445,-0.042963382025,-0.182414683,-0.33720506825,-0.73681493875,1.3191653175,0.038430920875,0.8549396225,0.39668532775,0.48265520725,48.33674755,6.0891865975,7.71506947,0.4886145855,20.7190924,15.37777355,8.435369895,0.053488990925,0.14854922225,0.66360033375,0.996516561,1.7008475425,0.085918852975,0.99191974275,0.89493158525,0.54370740275
45.640628045,5.7040086605,7.130153986,0.188294882803,12.559545552097,9.946097877,-0.253935852673,-0.01823467910169,0.05516067296622,-0.01997682604803,-0.35904410789869,1.3239848322,0.043128908961,0.90725666319,0.41423191061,0.48606605624,1.09504792531159,0.204197798637076,0.771939394311632,0.112064037848166,4.12026200776358,3.4934168683191,3.03724057270552,0.0208829418392829,0.0787168353854443,0.238936036334068,0.376039250695057,0.0809090359571988,0.00914009243298469,0.0598877079249992,0.0960310842278318,0.0140848285957985,43.452498675,5.32450764,5.7730219375,-0.034607243375,4.5249066125,3.157163305,-6.2787930825,-0.057813464775,-0.1012703645,-0.493945045,-1.0785113525,1.1872266875,0.026872259475,0.760586793,0.22095166925,0.460660883,47.671373925,6.081793835,8.72936478,0.40666814175,20.272745675,16.71100405,5.6966238,0.0234939329,0.20234431575,0.44814649125,0.380119576,1.504186885,0.061963541525,0.99242840125,0.6081368675,0.51258319775
47.881126009,5.6343807455,6.9426941385,0.6710888973,22.3296165391,10.35025291149,1.69078503745929,0.016879625903043,0.00391529446071,0.133012010690303,0.4350864773852,1.2798405281,0.062121965714,0.90142225063,0.60149739357,0.4890852355,1.03245550707854,0.197037115933915,0.717535672796016,0.123319748360643,4.18296815385414,3.55651518957329,2.77882195538665,0.0206745280616722,0.0736396693551673,0.218606556688177,0.369414902756727,0.0822637880867131,0.00961509815812387,0.0366891177642986,0.0969944819288918,0.0139335160528328,45.851203375,5.2745921275,5.6544419025,0.447689695,14.35056555,3.294587275,-3.845326655,-0.024271467025,-0.14576222675,-0.3025071955,-0.2951958665,1.1369480225,0.041704559775,0.82290761125,0.426069959,0.46351270275,49.940717975,6.0159156,8.473271525,0.92330476075,30.6694583,17.534028425,7.22849919,0.05645094515,0.14710630925,0.56865727175,1.16403679,1.4526173175,0.07915141195,0.964645332,0.80185834175,0.51684455
46.67793563,5.5951710347,7.0838767771,0.361392979186,14.473565412,7.090851870349,0.8668705834462,0.007522727896498,0.010656458076106,0.06819565843176,0.1542405848696,1.3697174031,0.049831735269,0.95176348413,0.51749221173,0.5081571482,1.00330034112489,0.200145253907161,0.768274188441803,0.121487055128048,4.31082670213383,3.55131191395171,2.67954119860024,0.0174265013964516,0.0678036116585116,0.21079626032395,0.329692699296837,0.0856683919367385,0.00819947457758813,0.0354232820683933,0.101552137857602,0.0139027431341649,44.68032845,5.231018915,5.7995779725,0.11879358575,6.44085231,0.4722818495,-4.2943618175,-0.029834434775,-0.12389344975,-0.3378322425,-0.52485113525,1.213257535,0.0343987207,0.8660307595,0.31956562025,0.48147111075,48.625526425,6.0034076,8.71646434,0.580948444,23.227130125,14.234684275,6.33272453,0.040744008425,0.14717272975,0.49818776675,0.80306899075,1.550563385,0.066974097425,0.99675747425,0.726743822,0.53526028975
44.365017037,5.8793179722,6.8860433784,0.317302235821,16.8451896729,12.0504769693,1.660916376931,-0.004031516669289,0.0129742351352276,0.1306622791653,-0.068917434622759,1.499038584,0.048585282299,0.9072895199,0.54386517791,0.49111437815,0.988548831616685,0.219307756295757,0.738303748848304,0.120100648158067,3.60273201838124,2.72756438499171,2.66032641628346,0.0211704779500666,0.0725890125277708,0.209284656390117,0.391379492160906,0.074601755431831,0.00921347657878556,0.0606834269176275,0.10880345548895,0.0135808523634889,42.47151445,5.4841411625,5.6608513825,0.075866179175,9.641220115,6.5475490525,-3.3789821825,-0.043035123725,-0.12565382075,-0.2658204315,-0.7877584325,1.362371075,0.032225971775,0.77049986075,0.34384596325,0.46572893725,46.238350325,6.35530907,8.565706965,0.5480090515,24.2037496,17.351259875,6.6430931425,0.036720522675,0.1547720825,0.522604095,0.70495637325,1.6530302725,0.067481422,0.99474339075,0.77567693425,0.5181246035
44.826784095,5.7622992165,7.0522912274,0.3142791642554,19.695340852,15.5370940178,4.3753036439156,0.006220109921771,-0.04438587105684,0.3441998375295,0.1008870672662,1.4014913673,0.056202989797,0.93421477117,0.49677220477,0.49420514882,1.07680892828991,0.206570652088043,0.796418890695092,0.118874508825573,4.32506550821324,3.62213602269808,2.80366947845299,0.0216635078545294,0.0733382085964334,0.220561281906524,0.37332709249708,0.0774138631736138,0.00966792481290001,0.0353436898897171,0.08578265341467,0.0137190686432265,42.7193994,5.377783085,5.68375943,0.0844450135,11.4345201,8.704678185,-1.1807632575,-0.0349633276,-0.17962615375,-0.09288921645,-0.61890943675,1.2584890825,0.038601583,0.85660521375,0.34494176875,0.46877789325,46.9101704,6.175244495,8.754864585,0.5599657535,28.132390675,23.010652025,9.705505875,0.04966116955,0.0983802207,0.76352039425,0.82425811925,1.56253149,0.07481602345,0.98994801825,0.6664027625,0.52199373325
45.850229743,5.5097623881,6.986982558,0.383070059809,17.1938946975,10.7439359526,1.00398541649312,-0.0019450749614312,0.024613418480968,0.078982316446546,-0.0086666094063,1.3716007646,0.04639531092,0.94899318334,0.444595933,0.49561282976,1.02207866287469,0.196437098754813,0.784571169916947,0.110346939040131,3.60280265360161,2.98253623809329,2.37233517861878,0.0158819386411125,0.0612031692298519,0.186628734405934,0.306504579013518,0.0795106085663664,0.00858339980100593,0.0299759048048107,0.0991505632141222,0.0138052916317852,43.858292225,5.15228258,5.624697975,0.16813840575,10.0006090325,4.725332445,-3.501560455,-0.0348029568,-0.0955320757,-0.27546351975,-0.66312837475,1.23013308,0.0317799476,0.884935889,0.2730945055,0.4700078185,47.88467535,5.90936139,8.7802027625,0.59201259275,24.46278215,16.915468325,5.73722902,0.026764137225,0.1448899765,0.4513408595,0.56284701325,1.5397315325,0.065482893025,0.994712336,0.65297682025,0.5232559085
45.421713223,5.987397023,8.6906827098,0.29988016704505,22.702489055,11.4492758811,-0.9893492597379,-0.006703808947557,0.08256703456615,-0.07783090767437,-0.3606437387611,1.2981391311,0.053628647279,0.97778293771,0.55164739784,0.50798499881,1.25045574579909,0.214975989646283,0.899359982672558,0.114430545436321,3.58277971446542,3.02447073737244,2.59097980749881,0.0168854725314398,0.0670911938975035,0.203829242502011,0.332518824115698,0.0788765036156112,0.00678887745190452,0.0194993630774994,0.0819220637319576,0.015298591672202,43.022728375,5.62423334,7.1282592625,0.0788816297,15.6066638,5.4170999125,-6.391315925,-0.04088262065,-0.04303320955,-0.5027970795,-1.0182730625,1.15887185,0.04095797345,0.9203902335,0.40773639975,0.47911800525,48.0708323,6.4087551,10.714095825,0.51269840075,29.54211565,17.206617075,4.075089,0.024943910775,0.211080771,0.32058231675,0.27182997375,1.4515247525,0.066961930025,0.99922467675,0.726450898,0.53972771075
45.223767238,5.6277566699,7.5885451718,0.376378984308,16.9699372487,7.9754393757,0.37848844060477,0.005764621101493,0.02830583513505,0.029775226977242,0.0685431691923,1.4118200059,0.059337787445,0.90300979768,0.58540094844,0.50777873999,1.05158767272152,0.216276761770901,0.819326007238007,0.126516963601452,4.22113293523803,3.83859614915361,2.93529820065114,0.0239765394224154,0.0786845128471369,0.230916353475201,0.42228855916354,0.0853977519807148,0.0110457802301025,0.0519457802401136,0.104534618615399,0.0152203452675246,43.275929,5.227402575,6.1465053525,0.1384656895,8.744961785,0.87475664575,-5.1452357725,-0.036648107825,-0.13790257875,-0.40476946275,-0.7054995955,1.2589095625,0.0375917151,0.7901130465,0.39866743775,0.4787358285,47.42118525,6.092897095,9.355135075,0.6213309115,24.869576875,15.4781248,6.4604720175,0.056373101225,0.1732320385,0.508237507,0.94002317475,1.58005231,0.08300882975,0.97998038575,0.81534636925,0.5398092365
44.592912604,5.6313371438,7.4036355976,0.359761376068,10.59096910401,10.70002875464,4.01317710071498,0.004549506721896,-0.05792617500459,0.315711780696687,0.3243618257647,1.4396501915,0.055263023768,0.90788257735,0.393198512734,0.50279615996,1.07282385786794,0.18736647565454,0.807509244933887,0.105198890165123,3.52650965209771,3.1904393169462,3.16090714494874,0.0278035932248213,0.0894347089261425,0.248664735620333,0.476465017416237,0.0779614207537313,0.0089873740848013,0.0546546226166015,0.0962516539759956,0.0144715009791281,42.4162686,5.2895803775,5.9494212825,0.1693192315,3.70656816,4.2281931925,-2.16322592,-0.0522748247,-0.2424433255,-0.170178362,-0.643893705,1.2984976225,0.039892233775,0.77997082075,0.215551601,0.47516189975,46.5628683,6.006288555,9.1047349975,0.57440650425,17.64432065,16.935862475,10.43516795,0.058378170125,0.1223229315,0.82092199375,1.2393687825,1.60558458,0.0747662923,0.992937917,0.60855586575,0.53304988925
45.027435017,5.64913775,6.7641659901,0.063700587115192,13.249480028507,11.6530245162,-1.3432324017603,-0.03236623947449,0.093236386073648,-0.10567046589161,-0.72927606729155,1.2914113476,0.050664668757,0.87492086374,0.3508430778281,0.49887979125,1.00422540357216,0.208678554174784,0.729913113893856,0.105624689120305,3.88890847065949,3.41205616000213,2.91434273011217,0.0243172897832442,0.0784593257873888,0.229267812193715,0.415802635574584,0.0753285760308016,0.0105920935544217,0.0641695392923592,0.114476727043733,0.0144492575166596,42.993100425,5.261051615,5.47483486,-0.14385874375,5.4318658775,4.96507233,-6.9001999125,-0.07830505075,-0.062518281825,-0.54283036625,-1.49420481,1.1573898975,0.03111490565,0.738073304,0.1062829225,0.47169078975,46.9399821,6.071041795,8.2632859325,0.2616582005,21.101941,18.235571525,4.4715129425,0.015617188275,0.2397096595,0.3517685105,0.09668530655,1.453363695,0.07110723435,0.97857836775,0.57023564925,0.5285683265
47.689172644,5.6982304291,7.0799334182,0.396505658282,16.07899456701,13.0954605844,1.9903520654178,-0.008260787870168,0.009026916709031,0.1565785857694,-0.01536253792694,1.4609733756,0.053389095803,0.94868251229,0.52540729508,0.48633778242,1.02742312267008,0.219504431569705,0.824319935862623,0.134392451763847,4.68843202287192,3.98108575252087,3.07497989862512,0.0205241787297848,0.0790939083824347,0.241904943394901,0.38929647159342,0.100026740881267,0.00984907385263551,0.0350638644057222,0.111317660793087,0.0145919355286146,45.672433,5.29109318,5.6237047475,0.140109821,7.421665795,5.721896355,-4.0677544925,-0.049024609225,-0.13623146475,-0.32000531825,-0.797889367,1.2876682725,0.035928744175,0.861900972,0.309641478,0.4603919145,49.590073425,6.1541350375,8.7761359325,0.63915460625,26.15508915,21.126868575,7.652550145,0.02992737325,0.16185201525,0.602016857,0.69435824775,1.670934135,0.072639181325,0.995946947,0.74607384025,0.51672226425
45.557106843,5.8725992768,7.0701177041,0.29451525175775,16.1542787197,13.7188247492,3.99681394333,0.003560208841301,-0.04284498912111,0.3144245112285,0.1145636887928,1.3248006556,0.048557853556,0.94610273629,0.65611292618,0.48419610742,1.04597290218045,0.209687064185898,0.710169234573402,0.133434506714458,4.0267672347215,3.62957846734223,2.67724472126372,0.0212680376702578,0.070595959682077,0.210615599114336,0.375239379333198,0.0740730614414407,0.00886084967692335,0.0369807152810819,0.102165919991411,0.013394873552849,43.42839685,5.4789578625,5.8130637475,0.04110332065,8.675989815,6.5879736025,-1.0886747375,-0.03925072255,-0.1877298275,-0.0856447186,-0.66280220025,1.18419658,0.0334107364,0.8593575475,0.47767939825,0.45897939725,47.421520075,6.29047205,8.5452241975,0.574923368,23.746238175,21.064339275,9.8237923,0.045226458275,0.09059300995,0.77282584275,0.8690111415,1.4709584325,0.068021025925,0.996100035,0.8728078105,0.5125138845
45.623106182,5.852855767,6.3939452446,0.1806565136442,16.2889700602,15.1085246475,0.4201712625792,-0.028408093942561,0.061742858410338,0.03305436422932,-0.563885068966665,1.3016657684,0.040389190717,0.84956448273,0.153100226331829,0.50257305246,0.94278453385941,0.241448610600834,0.724657807022533,0.0978694352768139,4.23421014657727,3.77809919406671,3.18720203170094,0.0233979990932392,0.0831534094758657,0.250733322850974,0.415130634900428,0.0811610051903243,0.0109596978170371,0.0928217464752558,0.107615506464912,0.015856896541348,43.794786275,5.43944292,5.2177649025,-0.010306038075,8.1483278975,7.7794458525,-5.4379435425,-0.07341163965,-0.10384494375,-0.4277964345,-1.35988298,1.1587265875,0.02128672035,0.63969606375,0.0062864770925,0.47364633575,47.388715125,6.371185515,7.9679859125,0.398169732,24.601751925,22.241897575,6.7996090975,0.01616990005,0.219929397,0.53491701075,0.253960859,1.476516165,0.0623789654,0.9893101435,0.3827845245,0.53566955575
44.680672239,5.917543034,7.0880144895,0.46250346891,16.5308049486,12.0844831749,2.538424870658,0.001423847106961,-0.010868174000999,0.1996948092799,0.18967090754367,1.4236668095,0.058626655088,0.93668042964,0.56117455427,0.51533169795,1.10863373864806,0.214204427125861,0.737654008938165,0.117688915187788,4.19427653512668,3.54888909567684,2.95975136237367,0.0240760431577289,0.079686892384601,0.232840053943809,0.415907133339226,0.079651796803553,0.00935905681392003,0.0394711622459784,0.100012026242726,0.015017245107309,42.525276875,5.5175625475,5.7864945025,0.238889426,8.1798715075,5.8239181125,-3.074132595,-0.045671217475,-0.165891812,-0.24183828525,-0.62114334425,1.28087559,0.041064759075,0.84157721375,0.37621554825,0.486552715,46.82157235,6.3686191825,8.667436395,0.694429139,24.7292486,19.304023025,8.266217545,0.047335435425,0.14001952625,0.65029332075,0.976934411,1.58175597,0.076877317125,0.9953622355,0.76591066425,0.54380551575
47.739483088,6.0970748822,6.2178070934,0.15530179445642,9.54211622811,11.75535937501,3.8745398687539,-0.0037768816208295,-0.049017597418567,0.30480535809236,0.02857560788812,1.4171380653,0.05960824737,0.93612456329,0.57616595186,0.46677898124,0.946389770785614,0.225484818155055,0.739071022508357,0.127819635078242,4.86296624620324,3.86639635681266,2.77330745404731,0.0207737947503638,0.0717453145279772,0.218172738166421,0.368214165484003,0.0920993353801934,0.0102207423618828,0.0342782973339891,0.0953383528468234,0.0133665129591022,45.917207775,5.6617485125,4.9341019625,-0.1067063395,-0.578053134,4.1076325225,-1.8271138975,-0.04429072725,-0.19063113025,-0.14373683575,-0.66612202575,1.2488586625,0.039685564175,0.8564325045,0.3979058425,0.4408007335,49.58083925,6.53218845,7.8448084275,0.4111130165,18.16057425,19.6095139,9.391716725,0.03637464035,0.0926724777999999,0.73883497975,0.7473025715,1.59816162,0.079084266625,0.9887264495,0.79467628375,0.4922890855
45.903476298,5.2172448625,7.7813142615,0.2721329152876,12.65819381536,10.47561894956,3.2037584168922,0.004573986289184,-0.036869571302239,0.25203579338572,0.15759054415915,1.3442176761,0.046637041289,0.90065315134,0.62056576983,0.49913496465,1.14483666529605,0.199737846681027,0.822037461357894,0.129728711801662,4.15781387747932,3.19596963473726,2.40979352492455,0.0163789008084388,0.0620382760642731,0.18957553720455,0.316090570486499,0.0773110152143021,0.00752044184503089,0.0468391038781895,0.109772335929561,0.0144894535240462,43.76847025,4.84361427,6.3560732625,0.00516182661750001,4.78382573,3.7748042875,-1.4904302175,-0.0274466169,-0.15969619575,-0.11725034125,-0.4698066785,1.2029194725,0.032083025275,0.798060609,0.43802902025,0.473252029,48.31572005,5.646834925,9.576654605,0.507960043,20.87639055,16.566612825,7.7544165325,0.03746805615,0.085169222125,0.61003055025,0.787227588,1.5069971775,0.0623363727,0.975375399,0.8546712715,0.52768076525
43.840116829,5.6491955404,6.6158106394,0.29127744826,15.8939129258,10.359083347102,-5.9098984575983,-0.053244260208423,0.2119008539882,-0.46492455257629,-1.0156108292848,1.3892552727,0.052770680623,0.89804608859,0.402166360778,0.49265708433,1.00853846025399,0.196364339171227,0.697485136008556,0.101894942990409,3.98065238651434,3.48145659598027,3.03900560599896,0.0292892430910189,0.0864807463254269,0.239074889764692,0.471136284678066,0.0831309390505114,0.0101263715466206,0.0648348623572533,0.0945999401950392,0.0154208128259316,41.782340625,5.2748682125,5.353815545,0.09833057985,7.906008265,3.961955935,-12.1014639,-0.11353360125,0.0443837534,-0.952007489,-1.9592455925,1.2355954725,0.035816532275,0.74708124625,0.21701949375,0.46355520025,45.849493,6.046415425,8.1577661175,0.4843488115,23.352840525,17.19071185,0.0984209334499998,-0.00330083503000001,0.383992468,0.00774265558249999,-0.15666285925,1.563072095,0.075030880275,0.99615076825,0.5832026945,0.5255928745
47.233054759,5.3310301452,8.8692623402,0.22409458544643,6.035439500313,2.6873305017548,2.8042865641689,0.022054139892586,-0.06369412533274,0.22060982686309,0.4823816278892,1.4938812446,0.059981732167,0.96195760007,0.41925463962,0.47854397289,1.27051491113293,0.215011500096349,0.921088950977207,0.13092052637762,4.43858489524769,3.51170466204717,2.64072681595961,0.0147328337899235,0.0662468964868763,0.207742779758924,0.309910476375215,0.0915879897214346,0.00768763566391992,0.0205702748643994,0.10000205822923,0.0145667350895961,44.77034895,4.911454915,7.271824855,-0.04211231315,-2.3876097125,-4.1325984525,-2.5515960725,-0.00655024193,-0.19855415225,-0.200730965,-0.127851451,1.3296252925,0.046377410475,0.9168880815,0.244296335,0.450623051,49.715489725,5.76336128,10.83493405,0.47365095625,14.847673875,9.503955345,8.06034854,0.052550769575,0.067365938125,0.6340978545,1.1226676025,1.69110286,0.075442495175,0.99399017325,0.6370833415,0.5067256295
48.2420884,5.7832610423,8.2520577392,0.10732366354687,10.825595167829,5.6533443461209,0.5172019312776,0.003065707771636,0.01325457155414,0.04068764950385,-0.0866672595814,1.3983952923,0.058639202168,0.90756464508,0.51019585647,0.4946776659,1.18155794277627,0.209905456801829,0.890274745438926,0.129656629316596,4.61961029707254,3.60053513641969,2.7247560840411,0.0193459047003023,0.0703912166098927,0.214353260318376,0.356751603199632,0.0868687121923791,0.0108151871060643,0.0417172898485421,0.0956608508683374,0.013371760231082,45.76316055,5.406512775,6.7243974675,-0.14845868025,1.2529581575,-1.519550835,-4.8637777375,-0.03328242125,-0.1207848745,-0.38262750475,-0.78049155025,1.2391994725,0.039670573075,0.816671151,0.34036906275,0.46817729425,50.57691765,6.202448075,10.150593175,0.33334555525,19.597720375,12.7528821,5.7510564475,0.0383557557,0.15099809125,0.4524286405,0.56143546925,1.5765355325,0.080888147475,0.98492843125,0.720823213,0.52241669
44.921203814,5.5895040976,5.9786676963,0.2582436957976,15.6448052402,11.33549241556,1.9053636243501,-0.001781653585144,0.0028206782333,0.149892648170867,-0.060524167889142,1.2921622861,0.043617076637,0.93205114093,0.309031836172,0.46527798673,0.916408073174153,0.19175169277898,0.683701087715694,0.0900114665445462,3.41448851441769,2.9531587889297,2.58039300296069,0.0207755440284928,0.0694735164024798,0.202996391735994,0.355210851296027,0.0735172238228746,0.00867715992143956,0.0508867193682882,0.100570671483525,0.0134334353243392,43.036193725,5.231081385,4.8075265875,0.08458225735,8.722549665,5.259540895,-2.843627445,-0.04301400315,-0.1329273375,-0.2237047285,-0.76334133675,1.1541130825,0.028448092775,0.80847954,0.1216605515,0.43946742475,46.726443775,5.9807642725,7.61648354,0.43432952625,22.116654925,16.717122525,7.05479194,0.04057449955,0.13467266525,0.5549919275,0.6364899335,1.4395581825,0.062431703925,0.99790101975,0.51639072725,0.49178528175
48.061190745,5.2634649428,6.3980787856,0.2203946105242,13.221513181453,12.88263225641,5.0935842355685,0.0084740933008411,-0.07690431652496,0.40070610180043,0.21654489671225,1.4335601838,0.059048931893,0.92896984826,0.50680251329,0.50677943161,0.922504314250144,0.194821408757589,0.692958943904135,0.141608355523048,5.40044513461206,4.24339476627496,3.28206993116492,0.0213103958469548,0.0850059179792991,0.25819646611692,0.396538779584458,0.101131466365737,0.0109614927562388,0.0358640573546724,0.0907840105864118,0.0148348418289493,46.2695242,4.90402817,5.1374096625,-0.052399741025,2.3345353725,4.821269915,-1.0350133175,-0.03393258555,-0.24054363275,-0.0814232403,-0.54599789175,1.2422247175,0.039987522625,0.84366444725,0.3480077255,0.47906949075,49.97065065,5.6701133875,7.9333708925,0.51295997875,23.348592575,21.381712,11.39743595,0.047733965775,0.081781949775,0.89662246275,0.944903162249999,1.63400839,0.0813697227,0.98540551075,0.699543336,0.5391264635
46.540550349,5.5401789755,6.4930155262,0.3028092563038,16.5377992738,11.03314672315,-0.8702088759529,-0.018377013103482,0.07729036855098,-0.06845827838643,-0.363445157672396,1.3497788406,0.064602075142,0.90576228403,0.276726100862,0.50674197369,1.0709132681304,0.201714272367744,0.758175538173826,0.104754887827927,4.25387358175665,3.65581204123551,2.90563926701124,0.0232121409059876,0.0783878320165952,0.228583121418579,0.399796979936198,0.0855645447634752,0.0107683472258102,0.0388556197745505,0.0953372640961958,0.0143804198159474,44.547894725,5.16037924,5.160614245,0.1048075965,8.2582401425,4.138932405,-6.53059874,-0.06071475775,-0.082258757925,-0.51375429475,-1.0979564075,1.19416858,0.045643203,0.81997848775,0.109641786,0.48054876475,48.684431375,5.934121325,8.11012582,0.51382217625,24.790791825,18.2177225,5.07049755,0.028711616425,0.222840841,0.398889899,0.44188345175,1.54065149,0.08656993935,0.97272715125,0.4756921175,0.53751327625
47.546987206,5.6394122017,6.3852872665,0.2081753979324,15.0351011015,14.4755347223,4.7408072819001,0.002831590605189,-0.05953135027355,0.37295356577571,0.07322444584253,1.2516054598,0.037990072527,0.88473882824,0.55738978228,0.50081608596,0.961013140109515,0.206309237861477,0.694177396526635,0.119812475869184,3.85663344126498,3.53238077875116,2.93983192159682,0.0201955971096825,0.0755691704100382,0.231273016199519,0.382536806018285,0.082208853265244,0.0093544993051414,0.075124961640521,0.1008223459358,0.0139623579260099,45.603996525,5.258942525,5.206102465,-0.025953679825,7.54979731,7.7561425525,-1.0246538525,-0.0399395371,-0.21074063675,-0.0806082777,-0.7345999295,1.1037572825,0.021459339425,0.70337829875,0.3665115775,0.47420010875,49.395706625,6.0499048925,7.9494012125,0.43803255175,22.535964025,21.700165525,10.79454925,0.0394676763,0.0957218949999999,0.84919410575,0.79866852125,1.42087465,0.059245086225,0.9905153865,0.75817926525,0.527698881
45.513344223,5.4380070324,7.1587966166,0.2579764524236,15.9219736595,15.2089324883,4.1500022568437,-0.002744240365004,-0.039812731435207,0.32647565026014,0.00551545754147,1.2997260079,0.046011678121,0.92497425403,0.23323935586825,0.49890657115,1.07610782782859,0.20297047284899,0.729854421377877,0.0954383617476737,3.87259631455225,3.27575084201627,2.62254853398771,0.0172491855133262,0.0679337605310743,0.206312715946563,0.326400018387827,0.0776462886288804,0.00782744919435473,0.0496688223419088,0.106317306283869,0.0142044252102916,43.48685605,5.0678110825,5.87077187,0.0729091382,8.3876551175,9.11892487,-0.875875323,-0.037621202475,-0.179243673,-0.068904050125,-0.63014958875,1.15749191,0.03232243155,0.80482484775,0.028362334275,0.47378555125,47.538359475,5.844085,8.8171916175,0.4500305705,23.55692575,21.764459775,9.536958055,0.029680498775,0.09480183235,0.750260941,0.64215492275,1.4713088075,0.0622923144,0.994362357,0.439655513,0.52832969125
46.531900845,5.8364943974,6.4145632582,0.115513128114986,12.97494764404,12.6457960869,3.0073088890215,-0.006107546856578,-0.020975157712539,0.23658134721346,-0.155972212120709,1.3743285419,0.050954989577,0.95322316571,0.127056420677319,0.50042261615,0.997402459767185,0.22271949933602,0.721912399862605,0.104610703780641,4.27985078651235,3.54492448032902,2.7170317811589,0.0188055104161608,0.0714549496713604,0.213745598823861,0.344069506095093,0.0832645395579171,0.00928215734222933,0.0287099208400143,0.087709834144578,0.013958845213934,44.699306525,5.415982825,5.144334155,-0.08795230185,4.602401515,6.1356359325,-2.159163485,-0.03840698545,-0.168805709,-0.1698587795,-0.76477671575,1.2241883375,0.03535453005,0.88252384375,0.00600675749,0.47415373625,48.417329575,6.3078934475,7.96557259,0.32761780075,21.2886316,19.50658295,8.4012735,0.033311794625,0.10866597525,0.66091800925,0.568214876,1.5498965,0.07098168995,0.993656746,0.31967687575,0.52778904975
45.352823678,5.2720207567,5.7903470906,0.2795050975371,15.66321110957,10.9038057460528,3.242932096242,0.009929164716792,-0.03586568008265,0.25511753954492,0.16701197789986,1.2876580889,0.054368518257,0.9568005406,0.35151434422,0.4896692204,0.859654282177538,0.19961724666807,0.610120781741248,0.101692516731463,4.16920613815902,3.58752145647316,2.75100059115165,0.0202417587228837,0.0716573852663912,0.21641788402057,0.358993772986196,0.0764533472926043,0.00864413767028846,0.0289131231048445,0.0773864078768627,0.0138900534392302,43.712911875,4.9161529675,4.735874685,0.07519629225,7.45433915,3.2994748475,-1.8843754175,-0.026711273675,-0.17320998275,-0.14824153375,-0.47362951075,1.1491997675,0.037994217825,0.8927610985,0.19435523525,0.46261956875,46.987615275,5.67611914,7.0705081525,0.470080439,23.3899719,18.01776505,8.441380905,0.04882066355,0.097800965325,0.6640732065,0.9071431035,1.4492449625,0.072864364725,0.99815393375,0.501627938,0.5182366425
45.050205455,5.5726254831,7.1524517878,0.19210271674123,12.5231044404,9.89624437038,9.155187805845,0.049989110973494,-0.2024998247212,0.7202275338088,0.911509618698,1.2622728525,0.048115628846,0.92182138425,0.60904271219,0.5185017755,1.05463112209218,0.19822505199596,0.776414224337906,0.121251100230594,4.1335782574102,3.40419458737703,2.81504511857665,0.0211128585114297,0.0744581044262551,0.221456188846366,0.382721896632007,0.0740721222488983,0.00882810394636016,0.0453872921163729,0.0994502043844669,0.0150846754350514,42.9570147,5.188271495,5.81528115,-0.0373725996,4.7987663425,3.0923892525,3.1431804525,0.008653986335,-0.3392429115,0.24727020325,0.1506289725,1.12436812,0.03318326625,0.8178357,0.43921729725,0.49046806325,47.02160175,5.98051886,8.76131288,0.42321595725,21.26124385,16.403916025,14.509852825,0.09149122555,-0.0409864187,1.1414725375,1.628035655,1.4162852875,0.065990675975,0.9929947415,0.815488006,0.55014906475
45.793250599,5.4736954186,6.8831755186,0.20168394975904,13.24210230689,7.866800670201,0.7530431635461,0.000235440842164,0.017531984029066,0.059240993273948,-0.077742001806624,1.4024956065,0.071707848301,0.91314407351,0.61210832219,0.51652500616,1.04904254815343,0.215442894547963,0.746037479666112,0.128247143381092,4.78523102484146,4.09715497999424,3.1583659195384,0.0252480716032402,0.0836986875152025,0.248464820629689,0.424151425110549,0.0911758857091238,0.0103526138236584,0.0346022452865634,0.102162594801631,0.015167986872909,43.766504075,5.06384185,5.64593446,-0.063243416125,3.79777943,0.198151153625,-5.50607329,-0.0519911607,-0.153054302,-0.43315612025,-0.95916485175,1.2304075575,0.048934039175,0.83461583425,0.43411113675,0.4888236105,47.733448425,5.9409167725,8.4862945525,0.44194552925,22.737863375,15.777125575,7.2040720525,0.0499613244,0.19606754125,0.56673561925,0.740881751,1.58623515,0.09084494665,0.970563256,0.83399483975,0.5498901505
45.222306609,5.6607198809,7.3807170633,0.3273583782137,14.5115043253,13.476459835,2.6779025073816,-0.0087171535119296,-0.0079365010621083,0.21066734627219,-0.027504330351987,1.2730123403,0.055785702468,0.94795403661,0.54101028742,0.49187394042,1.2010745566815,0.210269473027444,0.807908989021885,0.115937163744865,3.95051414888097,3.38555928571546,2.81765685586128,0.0189239309274058,0.0728197620387197,0.221661651408438,0.351330278280573,0.0860397835997836,0.0081610291344939,0.0296986850756027,0.0940694152745763,0.0150705117276976,42.76770535,5.2715936625,6.0191792625,0.1012094259,6.7745765975,6.5708113675,-2.5587024125,-0.0464550152,-0.15159202075,-0.2012900185,-0.733947516,1.1155486475,0.040776844925,0.87662135025,0.37866768225,0.4630196455,47.503204925,6.07932266,9.0987195825,0.55757026875,22.475905375,20.0278674,8.1100636875,0.02757153605,0.128446294,0.6380088795,0.63752010875,1.4449356875,0.07254913865,0.98882794475,0.75566529225,0.52142314925
46.102034614,5.7441298316,6.9744689567,0.19776536457932,15.8799217666,18.8456292352,2.6872540285188,-0.030188741485136,0.01783453054472,0.21140301916193,-0.47435802326337,1.4642711576,0.065972091649,0.90166441377,0.53926256703,0.49148885719,1.09797816009462,0.218700048990308,0.803569371438492,0.129992672516455,4.37773215211257,3.73618044663215,3.19968111595031,0.026493663250022,0.087416280798988,0.251715037182019,0.455256050458379,0.0866298111964159,0.0109316487450947,0.0456059303417676,0.104703718913185,0.0141428103167873,43.9086048,5.3222383775,5.5605044125,-0.060546577975,7.57719321,11.20050945,-3.3537920425,-0.08251876795,-0.1431795785,-0.263838754,-1.3692995375,1.3045378875,0.0461381735,0.79944862525,0.3487095505,0.46331301625,48.382997575,6.1938202025,8.510583575,0.45456689525,24.5910846,26.178972375,8.8416968275,0.021336669425,0.18825350275,0.6955655755,0.38925578925,1.631882615,0.091039144775,0.9743087525,0.76362899275,0.520721402
46.295419135,5.2788936941,6.8917088392,0.23413435410157,6.566549296513,0.3928285470445,-0.3062347615645,0.011369054242711,0.010282325411129,-0.024091117767549,0.219238449052829,1.6442491843,0.072909257595,0.98521013036,0.47690255152,0.49505252488,1.05264027238487,0.191347348668835,0.77264700780968,0.128539658545079,4.5851337218088,3.64832946503102,2.87004086648045,0.0194362988612369,0.0748281724869469,0.225782638178917,0.355477450876948,0.0922704176850015,0.00893226924666736,0.0144621156768428,0.0933113718867194,0.0145167229686818,44.308679425,4.9297365975,5.6063881375,-0.01387970775,-2.4370105,-6.645158655,-5.5724260225,-0.024797705925,-0.1359684415,-0.43837600425,-0.421282925,1.46723323,0.0568836804,0.94835459725,0.30315000125,0.46822852575,48.4137635,5.6742233375,8.57990035,0.4890130185,15.9179002,7.4447287275,5.693465825,0.0531304766,0.15390344475,0.44789805925,0.937762487,1.8415531925,0.091751269575,0.999574644,0.66482608825,0.52545616
45.969500671,6.0020066323,8.0325936193,0.15934965527133,7.482342036038,7.88275937005,6.8810902071298,0.030997297939546,-0.1500443920033,0.54132703052764,0.65802281239329,1.3831598226,0.043933670041,0.90597181716,0.18031570171439,0.49469098579,1.13167174715055,0.22120868754486,0.863624977028491,0.0922771517848017,3.3933807575318,3.09788793729545,2.9107485616033,0.0205662229688435,0.0780345496854448,0.228985062990068,0.394755871690039,0.0884614114423817,0.00868401481545136,0.0614795277639832,0.108051876549674,0.0145713975444249,43.7543254,5.5950193175,6.5363230575,-0.0111366313,0.67774690275,1.48659769,0.75914209925,-0.010076108775,-0.29350777175,0.0597207886,-0.158932219,1.22171554,0.029218416475,0.77072245475,0.0087257386425,0.46893514175,48.174872775,6.458340175,9.8550202575,0.3342756165,13.698828225,13.78039655,12.6285646,0.0684830727,0.00798515913499999,0.99347386475,1.4165787175,1.5745292725,0.062489440975,0.99505934125,0.4101192,0.5261074335
45.405737531,6.0115367312,5.626244353,0.2941158400026,12.151665230496,12.51889410419,4.821579690189,0.0056742678755457,-0.07122590854013,0.37930783365083,0.26781778577944,1.3707161091,0.044972019313,0.86160470912,0.64211885895,0.54183862198,0.843846412552241,0.216525909922123,0.64594462837042,0.125949822969125,4.82435350318691,4.00333227392561,3.70703102819163,0.0343606156035882,0.103645130610825,0.291627640940724,0.561921903144049,0.08655325509155,0.0117352629723351,0.095329767259168,0.106904585184863,0.0163696323195896,43.793148875,5.5929346975,4.52578444,0.042283520925,2.932600425,5.031146105,-2.4255170575,-0.069753879575,-0.26307256675,-0.19081249325,-0.8789265945,1.2110165175,0.023912875125,0.63718391425,0.4586659835,0.5090455555,47.0054378,6.4348222725,6.93695363,0.536518885,21.635227525,20.703268625,11.80492545,0.068047962025,0.1340861,0.928679196,1.314881825,1.5519758325,0.0691354555,0.993171836,0.8670881315,0.5770117215
45.155499895,5.5870469612,8.3436890731,0.080104604128423,15.2018995311,12.07287761609,-1.1576965859496,-0.028381490875942,0.09019564204403,-0.09107458813444,-0.6987156736376,1.25318179,0.051420981594,0.89237022747,0.4831292478,0.49348436529,1.16936492756058,0.194029928615114,0.812396178336061,0.108779279504167,3.58367163653756,3.18457303921282,2.81361796583287,0.020662545206616,0.0744917932016525,0.221343917148675,0.372541018651065,0.0801243262280757,0.00833524479822596,0.0478387191474552,0.110479129602451,0.0141726357639667,42.929955275,5.234720835,6.9231567,-0.13692180425,8.309299905,5.77243239,-6.61438149,-0.0707769892,-0.055295190525,-0.5203453825,-1.4380110425,1.1050078475,0.035931833575,0.7851544935,0.25946739625,0.46752437875,47.4454046,5.97547305,10.1371734,0.29505708225,22.178002875,18.09317645,4.48896072,0.011356185825,0.23691234575,0.3531410975,0.0186686207749999,1.428234925,0.0686333816,0.97260027175,0.69138344575,0.52406618425
45.058612591,5.8457535989,6.9160213158,0.19691016299316,14.707932389,17.5241974961,-2.242559531848,-0.0625152881712,0.14630088360329,-0.176419441651433,-1.065465071207,1.3153189571,0.037698130116,0.92986093776,0.430001839514,0.49046946305,0.996414471483565,0.198560451311963,0.71512012422294,0.101737770104454,3.48622269766481,3.02288276766455,2.59694000211945,0.0197517061016218,0.0698331774351637,0.204298124151878,0.35500462995195,0.0775049689376207,0.00751658692497913,0.0623827606661472,0.126155959238316,0.0136460173077174,43.2395291,5.4629518825,5.66480502,-0.003171915305,8.327415885,11.59163925,-7.4985702925,-0.099887193575,0.007734963825,-0.58990344075,-1.7428191975,1.17092907,0.024788096775,0.75209892625,0.10385350275,0.463415264,47.275265475,6.2391469325,8.3303903125,0.4031174875,22.0569918,23.330875925,2.722715325,-0.02453715635,0.28908089575,0.21419271575,-0.37186916625,1.4823429825,0.0534263653,0.998235406,0.65501924925,0.51698751225
45.114860263,5.7809118122,6.0977075315,0.2939439198553,17.80224962494,15.33780684085,4.6330494056307,0.004565178065426,-0.052403428207032,0.36447638444943,0.11288262807242,1.358273164,0.052071983329,0.84418166489,0.56684567485,0.51137355628,0.898583764412832,0.234134611408018,0.709741946902133,0.135680713526738,4.72544653115867,3.91023305037445,3.27159906965173,0.0273277101467847,0.0889133637444072,0.257372735476024,0.459889512094867,0.088498398067182,0.0108384946860844,0.0786089603302415,0.107952355817571,0.0161050534305943,43.3567189,5.3713765375,4.8705720975,0.0342371239,8.8499999225,7.7469817675,-1.88931911,-0.053355899525,-0.21352151725,-0.148630447,-0.8293116545,1.207097145,0.0335499509,0.678095582,0.3762390815,0.48042112525,46.84549735,6.2615085225,7.597346225,0.56169089525,27.379333075,22.76962555,10.543907275,0.05478105345,0.1260931095,0.82947638575,0.93911961625,1.5410326,0.07494190145,0.974210648,0.78127254125,0.54500651475
45.996619443,5.8737347267,7.6154059134,0.17010321599858,3.1175180123141,5.086988904673,1.5671998121768,-0.004798389908999,-0.018217109732683,0.12328971042431,0.0928079197402,1.3571633727,0.049026341863,0.87392748072,0.58084138967,0.4983543318,1.1380931817468,0.207135030785574,0.833221817058085,0.116205229664895,3.61889081676513,3.10776030209723,2.64855814915636,0.0181348873300715,0.0686904210538245,0.208358860700627,0.338914566796587,0.0801636143221257,0.00868063203209548,0.0504222740960597,0.0999236876083379,0.0129089638931324,43.5389094,5.4764269475,6.23859878,-0.061059227,-4.3161809325,-0.930632643,-3.6342712225,-0.04107617405,-0.15130932975,-0.285903714,-0.609109873,1.2080152225,0.029842068675,0.763918859,0.4033687925,0.47523555025,48.050876675,6.2956610475,9.5818777225,0.3826918335,10.096898025,11.202528475,7.0326807325,0.030083883,0.1118940155,0.55325247275,0.7220057645,1.527976355,0.065007599425,0.9594833855,0.78506221475,0.525493185
45.76366437,5.2082348963,7.4288030149,0.25321552964208,19.5611369548,12.06125556709,6.95241983045,0.04057292555896,-0.131740733503588,0.5469384457443,0.59797668784121,1.2154175002,0.043868763177,0.9301273318,0.51049573199,0.51286438376,1.12832618478093,0.195271591464016,0.845311150620217,0.11420811750163,3.78405468890443,3.33288992358194,2.81184242061146,0.0220298882002581,0.0744826799235515,0.221204237053434,0.380370125349533,0.0702323309070206,0.00799951538924641,0.0527791955182083,0.0926877657634651,0.0147266529636153,43.620225775,4.83883027,5.999087645,0.0420742322,12.487941725,6.11128962,1.3239494525,-0.003298583975,-0.275271828,0.10415349225,-0.17196901475,1.0836736675,0.0296014196,0.81512962375,0.34365044875,0.48493285925,48.043651,5.6013985825,9.2326225425,0.480773054,27.0973539,18.767382075,12.2408836,0.08359475405,0.01894123895,0.962975487,1.32596251,1.358459995,0.06140767105,0.99730462925,0.7177564255,0.5410013355
45.298218859,5.865429416,7.3413885656,0.29359770001154,19.8717174331,14.2484202798,2.076742019171,-0.004057801437154,0.0122523581437805,0.163374778961147,-0.14825431211307,1.2429873082,0.045075955013,0.89400873567,0.68884601363,0.5065325784,1.12931604735141,0.222766412172407,0.809563324963161,0.137301302297504,4.39870170390182,3.75761905884756,3.5044045665682,0.029126769726449,0.0967417305802261,0.27568726173138,0.505550219049336,0.0834420838158223,0.00909531850989173,0.0621711034130283,0.111068398009167,0.0153097568876284,43.12607845,5.45389897,6.0016788275,0.029049700675,11.116458725,6.8797372075,-4.7882813925,-0.061575274825,-0.16354980475,-0.376688289,-1.12469616,1.0901607925,0.028360220225,0.7548110645,0.50379147125,0.478697284,47.65399275,6.3010708775,9.063536825,0.5499273695,28.01586785,21.546233575,8.6378422725,0.049146828575,0.2013734285,0.67952858325,0.79353976925,1.4138505425,0.0642548083,0.99088876875,0.934555275,0.5386819835
46.671152949,5.9559581174,8.1023076212,0.384929150874,15.5809628873,7.964133019827,0.3948012687719,0.002678282120867,0.0278047345877777,0.03105853745437,0.06933517860283,1.2907715609,0.053145967487,0.93741181453,0.316196543613,0.48449569095,1.16131861946825,0.241033193324147,0.853454727745748,0.10151740719364,4.01142334636795,3.26898399962306,2.47848611476703,0.0159351270207569,0.0636388999821862,0.194979500066819,0.304137423742485,0.0819071629021581,0.00843027282290724,0.0321786676934415,0.0890423406898962,0.0138990846693102,44.3793547,5.5039557875,6.600023255,0.19211002825,7.764461205,1.2843194,-4.423813305,-0.029091463075,-0.09665892355,-0.3480160285,-0.530323712,1.1438751675,0.036947459325,0.86599500775,0.134838931,0.45869132875,48.8930985,6.429940985,9.992978805,0.573894263,23.157951575,14.127213425,5.190656005,0.035048222525,0.156741988,0.408342626,0.695212505,1.4623324,0.06982480875,0.98934684875,0.497299102,0.51239356975
46.359740922,6.1937105226,6.5571508011,0.27960858818078,17.4405178792,14.1660812242,4.3809956637541,0.007294071158553,-0.05118753564304,0.34464762150053,0.1337149505264,1.4049646377,0.053044651534,0.95965341952,0.59103772196,0.49123562543,0.97282547111348,0.228817206640496,0.718087643690631,0.12577319670902,4.06112165240995,3.26682346941781,2.94280159529099,0.0202307657389928,0.0767091510171952,0.231506636356673,0.389706902729382,0.0767348633744037,0.00867740446941847,0.0296940744811431,0.100170622303696,0.0137411459930638,44.466606825,5.7676484875,5.2916427725,0.033041509775,9.357841105,7.3443880725,-1.20147413,-0.033069090925,-0.20249422,-0.09451851125,-0.6372258425,1.26391377,0.035814687825,0.8870291055,0.4177665465,0.4660987095,48.420437125,6.65908682,8.05083141,0.519521718,25.315032875,20.420182225,10.117953725,0.049043559825,0.10093168675,0.795967126,0.91825845875,1.5667136925,0.070231094325,0.99736889275,0.8092203115,0.51874250125
47.311375655,5.6379471043,6.8065624715,0.4077145456267,19.5622375393,18.4058029879,0.944655216556,-0.032136744842681,0.06337725172695,0.07431488156244,-0.44333525377662,1.4341138158,0.059779325013,0.95917231661,0.66094750252,0.49559876341,0.978442558465281,0.215174131350967,0.833471701182612,0.145727605959138,4.74654239057011,4.34368562680882,3.13218197244174,0.0223964626777021,0.0805698687424216,0.246404961468425,0.40406360349098,0.0996593504093847,0.0117214029917118,0.0335865767799821,0.104241565645882,0.0147177586405693,45.470980925,5.22614291,5.4607560175,0.1238993695,10.90996005,10.574881025,-5.447456975,-0.0867531385,-0.081980720325,-0.42854483475,-1.3525625025,1.2563603425,0.0395768256,0.8755393775,0.48073468825,0.46747013675,49.299250875,6.08315393,8.8562449425,0.70470584725,28.9577562,27.3947416,6.9121608925,0.0030499395725,0.23348282325,0.54377132,0.23828820275,1.6512201825,0.0878386276,0.9976151965,0.885981556,0.52779781275
45.874630488,5.5289032749,6.5971747975,0.52747321556,21.2436499569,16.8496071162,3.819192846732,-0.0002231926062297,-0.022809188845116,0.3004512744067,0.170813718910959,1.3110264846,0.048401178368,0.90118147472,0.325495523582,0.48367862229,1.00757368153831,0.207957494240308,0.692522223453634,0.0942447812377936,3.6271410338364,3.17734342057683,2.598214414062,0.0195779648476546,0.0692549544694058,0.204398380087473,0.351835900114188,0.077668272714365,0.0089271322264306,0.0505550860180946,0.0912784670126229,0.0137440433837003,43.825614525,5.15022946,5.35154965,0.34541308375,13.8975808,10.9090696,-1.06765309,-0.03644061445,-0.15582880025,-0.08399097155,-0.478184791,1.168826515,0.03218562125,0.7909889425,0.121102096,0.45785508125,47.8294126,5.9564661475,7.986205385,0.71433014975,28.47418405,23.131819925,8.8432569475,0.039422177075,0.10849803525,0.69568830875,0.86296170025,1.4739246075,0.066818311875,0.9866622465,0.501150235,0.50969482875
44.579682564,5.740383068,6.1013778907,0.2416637265188,17.9851521174,9.46288521587,1.1893817716464,0.0071560867794043,0.01333141358152,0.09356722309979,-0.04060739198309,1.3255148767,0.045206744117,0.91633718975,0.5112242139,0.50837130223,0.902577528818042,0.203613534132188,0.693047980195065,0.11282180844548,3.84005464697803,3.30134066609703,2.91837833779196,0.0249009917945697,0.0794740880455738,0.229585288479074,0.413269706630087,0.0764474790793521,0.00963472593091851,0.0563217672148439,0.0998078202528767,0.0146223153089751,42.81627715,5.3300248525,4.8986443925,0.00948348269,10.834130875,2.5170474525,-4.46396379,-0.0393975965,-0.137507132,-0.351174624,-0.8084140115,1.183750195,0.028970721875,0.79828296475,0.33682768125,0.48064863525,46.417858975,6.168241985,7.6115496025,0.45021011525,25.694946025,15.9137897,6.720491915,0.054662739825,0.1631500555,0.52869295375,0.75417921925,1.48064898,0.065151490625,0.99619236925,0.7236902255,0.53785313975
46.727244875,5.2833881118,6.974439941,0.29588950596143,8.097435786298,2.83002409425468,-1.85865800731232,-0.007507764392607,0.064568411776105,-0.146218373664046,-0.06516261432391,1.4460936727,0.071033862246,0.91734831987,0.45796012402,0.51222067289,0.976059024035197,0.193936340165444,0.722189250041135,0.122167047967647,5.0335514620368,4.37414492080277,2.95754476717455,0.0181340325236144,0.072569516220311,0.232666463803038,0.341618115235496,0.0914654781334343,0.00866770453469759,0.0281145333713313,0.0847276798954454,0.0158113950118893,44.772733075,4.9210409075,5.687509345,0.054006685375,-2.026853095,-6.1515969825,-7.58962656,-0.042526141325,-0.081613423275,-0.597066728,-0.72019689125,1.2736923025,0.05474896585,0.85262232975,0.29821947875,0.48154749375,48.79966285,5.662769695,8.5325267775,0.52823810525,17.3832905,11.29591725,4.034327915,0.026275568375,0.2033730405,0.31737568725,0.56345455375,1.63784248,0.0879200504,0.96251679675,0.63101478625,0.54336461025
48.18866207,5.8592166199,6.4481973597,0.310105525887,16.5256296833,17.0108925573,1.6061019118992,-0.028040853671895,0.03851932667001,0.12635009159762,-0.3898810046386,1.4118936734,0.062238315628,0.96937434101,0.49896405156,0.49671157356,0.905724627426931,0.206242236488535,0.738422018016878,0.127665934460101,4.85105284908519,3.86751535535653,3.04669446911249,0.0184225210948521,0.076984251469569,0.239679763182128,0.35214386479724,0.0914805465773284,0.00956238835608855,0.0208498517265164,0.0787667752236819,0.013706822162512,46.517612575,5.49179515,5.1932156075,0.06576552765,7.206721135,9.4946686175,-4.200028035,-0.06456652515,-0.1152802075,-0.3304111145,-1.091313045,1.2398149375,0.045897433275,0.91852477325,0.36377644875,0.46996484275,49.91138125,6.2915951225,8.09841561,0.53512255225,25.69412325,24.33048705,7.4404193625,0.0095238065425,0.19428583675,0.58532877925,0.30280852375,1.592302155,0.082424596675,0.998086606,0.67390039,0.523688531
46.494168035,5.6913713971,8.0935879575,0.2357925910755,10.900122345811,9.662481890486,-2.2566803144337,-0.03530879489331,0.108577794387106,-0.17753030637662,-0.5759197964249,1.3474542297,0.042388523033,0.94420693794,0.115036846521663,0.49718540137,1.21166725943689,0.21206975018002,0.813995363455118,0.0996308121942337,3.93271907368355,3.25109392814749,2.61346929706002,0.0158253454625947,0.067195749267075,0.205598463707777,0.311171171989421,0.0805672036242829,0.00768166971600806,0.0464915260655896,0.0841563692730432,0.0153389346966443,44.211379525,5.2920213625,6.60919874,0.03811107705,3.1623434775,3.663951725,-7.1112502525,-0.068287643225,-0.017347387875,-0.55943343625,-1.215706505,1.193902655,0.028849932975,0.82312831975,0.0043629819275,0.467412636,48.926303,6.13337462,9.75351125,0.433949187,18.734288875,16.1797168,2.7792874,-0.00567552404250001,0.23616454725,0.21864316875,-0.0173784799150003,1.50465953,0.058659220275,0.99725504125,0.306674394,0.529109022
47.08161017,5.7497099545,7.2704871128,0.15181376921463,15.22128667163,6.713258120022,-1.5631595912886,-0.006566232745335,0.075307890768382,-0.12297187137641,-0.3529090824398,1.4288629248,0.046268005356,0.96349115316,0.60034084934,0.48223244188,1.07969020136759,0.19512111289548,0.793461174392018,0.140741812632691,4.26747001911684,3.49612434148001,2.62037667186059,0.0155469652276716,0.0649450787611789,0.206141858440214,0.314201938279616,0.0841739999802913,0.00775670525421296,0.026923903804796,0.092586152723446,0.0133908501191291,45.009079125,5.3711087775,5.8046006525,-0.13567705025,6.6362638675,-0.0544331685999999,-6.6606099975,-0.0365679724,-0.054257118325,-0.5239821215,-0.96787040425,1.27202254,0.032596318325,0.89773317275,0.439448836,0.45825624525,49.306606975,6.1435296925,8.969760495,0.441015478,23.5427958,13.394072,3.8169953675,0.0250142813,0.19659139075,0.300278403,0.239849421,1.5939619325,0.06285637125,0.99826843975,0.78635159125,0.5078375515
44.671160384,5.5771491793,5.8623834222,0.297252570582,11.3581158318,7.748826516742,2.3560497774663,0.0079606639246848,-0.026895633331744,0.18534758188563,0.22595963387005,1.3446422545,0.048901572579,0.95799813638,0.40889428569,0.50320325992,0.918221592412323,0.187054214823752,0.639735824458415,0.10085113587233,3.3340674188205,3.1596561138921,3.00562576118826,0.0241058483397233,0.0822665547478143,0.23644893753686,0.421819432767666,0.0748200079156933,0.00818466857156921,0.0429838580134091,0.0836764609230437,0.0137136522890039,42.83654325,5.2161422925,4.7712582475,0.10534791825,4.81383024,1.3489683125,-3.8770215825,-0.044399737525,-0.1769204815,-0.30500059175,-0.6747401065,1.20975592,0.034552116425,0.8461184105,0.2442480165,0.47725871675,46.4235306,5.9233004225,7.2257433975,0.5056990335,18.276170475,13.4669227,8.20106914,0.0514079228,0.14837297075,0.64516817975,0.99305992525,1.5039725825,0.06621984455,0.99924748125,0.57728846475,0.52938956525
45.575943902,6.2205796732,7.3649729799,0.47188488135,12.7973364603,8.348516715641,-0.3979273518012,-0.011355459250381,0.05135583115989,-0.03130446263058,0.0049183561175566,1.4292461608,0.055719791714,0.93341457711,0.40471652126,0.49869240679,1.14788768213561,0.212040942037866,0.812835498344608,0.107725679921449,3.79421134106847,2.97719244401311,2.9023963789925,0.0220886551648719,0.079869342512154,0.228328007143131,0.40315902908079,0.076635087850127,0.00915490999583787,0.0456060040534903,0.102226203939867,0.0135710130166873,43.44039225,5.809990725,5.946662585,0.26226462175,5.07009074,2.680482835,-5.68282339,-0.0507948901,-0.0980385799,-0.44706083225,-0.7343767155,1.2915307525,0.039536441375,0.823925483,0.21275602875,0.4713858765,47.86038,6.64574426,9.01915388,0.6812280675,20.1801021,13.754503675,5.05932173,0.032872266675,0.200364715,0.39801071975,0.797191925,1.5862861225,0.074133830625,0.997553263,0.60664756175,0.5254689695
46.230676618,5.6710193063,7.3749934393,0.2968036138683,12.101627719,13.0794028587,1.79873698784824,-0.018898230480255,0.014191364859792,0.141504459831076,-0.17029579648635,1.3093484587,0.03757831291,0.90337476517,0.2723606897606,0.48917787759,1.08551959714128,0.218889892483656,0.860834790970395,0.104460744184498,3.7678043511563,2.96148268720954,2.82604985576609,0.0202667549824247,0.0760325884894527,0.222321918793176,0.374517318928024,0.0771022483389637,0.0090023106796121,0.0677261546355398,0.139775423421299,0.0149239763093672,43.9104083,5.2735888175,5.8104655225,0.08585508115,5.008433815,7.213924965,-3.4081584875,-0.058094027875,-0.13394905075,-0.268115703,-0.87056599475,1.174064675,0.022176862725,0.75243983575,0.022011143725,0.461331819,48.3484827,6.1248869375,9.2073472375,0.501311829,19.3116287,19.051426175,7.20211716749999,0.019650767225,0.15714669525,0.566581833,0.546781206,1.4688513025,0.0582240865,0.9975968715,0.545015995,0.518494786
47.792001251,5.5558876306,6.640275734,0.305176442864,15.8513114079,15.2740362796,4.361716150655,-0.001678135894225,-0.04528930225682,0.3431309257388,0.0766252139457,1.23043573202,0.040117639041,0.88232225641,0.49965145833,0.49335067111,0.938141970881975,0.229187411277157,0.741229955500709,0.115405866172564,4.17485688824393,3.53682984094852,2.83722471569666,0.0217206989594836,0.0748614973644026,0.223201031261598,0.388667051686066,0.0797734459503728,0.0104249091026835,0.0712288518278804,0.0956386106644217,0.0148069637011377,45.8019813,5.133075855,5.3433385325,0.093191686375,7.43127761,8.6632689825,-1.246315325,-0.04467751935,-0.180334373,-0.098046114525,-0.71661688525,1.088557045,0.021747669925,0.725111138,0.3323732415,0.4666221375,49.61078055,6.01950339,8.2167093675,0.52230861525,23.954887,22.01827885,9.59607426,0.039681029225,0.10140074575,0.75491153275,0.7853947075,1.4051893125,0.062385654875,0.98852296025,0.70976992425,0.524894223
44.420250737,5.7724133321,6.020504935,0.2941918223554,16.438994074,11.5169280456,2.7580515378455,0.0054136678645978,-0.019628019604409,0.21697257350114,0.0849368156774,1.3445761925,0.065256812251,0.87184336567,0.63032300873,0.49032915222,0.940642907445865,0.210962005298045,0.67891113362615,0.129968349761205,4.1105758832684,3.59136301292817,3.41512039662542,0.0301696455705671,0.0948220040834151,0.268663384793264,0.499255492405083,0.0849391857062703,0.011796600648667,0.0614686467529569,0.104288778604798,0.014179000577459,42.6390259,5.3914988225,4.9027909975,0.033900128625,8.1740317075,4.965571955,-3.9396442275,-0.05492056695,-0.20772849175,-0.3099270415,-0.8947069545,1.183087645,0.042702414625,0.744165524,0.4483924715,0.4637673225,46.231694775,6.1882390175,7.46897136,0.55939082625,24.15604365,18.8598827,9.2286859175,0.06396183165,0.16270804575,0.726009538,1.0495125075,1.510151755,0.088877537325,0.997282996,0.837494745,0.51985647725
46.304663792,6.0825839008,6.050690383,0.2678882028316,11.411933025263,8.4577010639505,-3.503271353541,-0.037575448919704,0.1368424299449,-0.27559811364,-0.633538647252,1.4169626503,0.048952875411,0.89471687772,0.382332548248,0.49477053967,0.894100684722279,0.217483224563792,0.699127973329632,0.117219196466687,4.13537969628472,3.74870158870747,2.96377927526161,0.0226689664418586,0.0780773073864294,0.233156925306629,0.393533497452592,0.0893007194583937,0.0101898345683403,0.0740223863814561,0.0977621882276469,0.0148657521979497,44.53117125,5.6758121425,4.8359821275,0.0428413645,3.4948493075,1.325067165,-9.5941511875,-0.0844256481,-0.01560327685,-0.75476024875,-1.446920395,1.2513868225,0.0312325776,0.70532283875,0.1932573455,0.4655174075,48.065731925,6.549213145,7.5504162275,0.4905090265,19.275329175,15.9160851,2.38228832,0.00156016491249997,0.2957824465,0.18741173675,0.066814599725,1.6061613375,0.071164409325,0.995404236,0.57196228775,0.524803308
45.68045191,5.8974722503,7.0783742883,0.146725326432272,13.273254951608,15.4181489247,2.0014150998634,-0.02546458307486,0.0199834060174777,0.15744890141978,-0.42747962033979,1.376048408,0.049950426973,0.96729010562,0.74839235925,0.50373630209,1.11013635355113,0.229624389921441,0.783718759808166,0.148984638147118,4.54819626512492,3.66035884283323,2.73449745860338,0.0171706838194828,0.0687727840051597,0.215119602453609,0.3374122924901,0.0965191315794121,0.00846142769468858,0.0269942567467588,0.125293349595163,0.0148206586035101,43.5062659,5.4838338475,5.63734354,-0.1334959505,3.97009896,8.0956457575,-3.353013435,-0.0593186324,-0.11328520975,-0.26377751075,-1.0860907375,1.1973980225,0.03399195395,0.904174536,0.52550413875,0.4746542005,47.952252225,6.4125523925,8.788042135,0.44934801075,22.272068675,22.216868,7.30972529,0.006522040905,0.149750719,0.57504723475,0.222226832,1.5693494725,0.0682335026,0.99889809225,1.01813627,0.53344039525
45.294665927,5.849141917,7.6677179452,0.46241567632,16.1800748349,11.816215967727,3.3767038587505,0.007903390741797,-0.035102586092768,0.26564120184262,0.315944002943887,1.2506844877,0.061474263342,0.91815102958,0.55948623017,0.49498061616,1.19468882783099,0.221354887869061,0.861475746193131,0.124528491444585,3.97264353750368,3.28150379359657,3.36338486915784,0.0256013834592302,0.0902194919000347,0.26459341274789,0.451181962083367,0.0833547008485042,0.0105592203505835,0.0370367760085203,0.0992721796058513,0.0155489768160638,42.721722025,5.4340231775,6.212230825,0.239485386,8.837415235,5.2245848,-3.2428948775,-0.0455667768,-0.1986660075,-0.25511460775,-0.55942313075,1.094901925,0.0409263408,0.828008302,0.37629790525,0.4646275275,47.704772775,6.3026070075,9.5619205,0.7086722545,24.355473275,18.024951425,9.4073854075,0.056723653325,0.14746960675,0.74006761125,1.1688246325,1.4317510825,0.081822965175,0.974651812,0.76350580275,0.52741226425
47.075677706,5.8718895754,6.6688173568,0.31099332253747,18.0578204701,15.214693074,3.2831174376838,-0.004035568879548,-0.016068201064765,0.2582788715731,-0.04190833895538,1.3777093776,0.061091076877,0.92136987704,0.52888496986,0.48508599351,0.887624093217292,0.209047563797859,0.779042671260886,0.121978910084089,4.18634606664564,3.65798997772707,2.73914678156907,0.0201058172675792,0.0713758583630949,0.215485359238288,0.360801098126672,0.0823018556861855,0.00866095668538078,0.0416180592574441,0.0934780192801833,0.0128144832702019,45.240486525,5.4831515875,5.2199077225,0.069917006375,10.219074475,8.1978457825,-2.061372975,-0.041437938475,-0.1564466715,-0.16216571775,-0.73352159,1.230781145,0.044878218125,0.83078624375,0.37072300675,0.460504412,48.85462555,6.285626465,8.239977775,0.5586636115,26.82891365,22.4447497,8.486335145,0.036230304475,0.12244397925,0.6676097045,0.65604153375,1.565959325,0.0780958236,0.9908290685,0.7302440375,0.51092236225
44.154016785,5.8263609671,7.3309862865,0.3026841230235,14.4293498928,9.78916407548,-0.1128674431772,-0.012106844310999,0.050540531558706,-0.008879144949154,-0.20176174901521,1.2871500735,0.043178322862,0.91769662386,0.54693844313,0.50009587647,1.12613001949562,0.209736221324313,0.783939398495642,0.109801536062568,3.36093726646675,2.97491960908717,2.59953415254646,0.0213916486752832,0.0706850676451249,0.204502202743248,0.378915435453816,0.0704161799491756,0.00747770339419707,0.0633806479062101,0.103214765326235,0.0140367953963237,41.947530325,5.422581165,5.896932055,0.074288174425,7.735545485,4.00639533,-4.8625124175,-0.054060540475,-0.10225376575,-0.3825279615,-0.96499340125,1.1528320025,0.029328982025,0.74958500725,0.3602225685,0.4728930225,46.23257045,6.25566961,8.988948975,0.5042777165,20.987281125,15.84306235,5.48265477,0.03054002635,0.18623225075,0.431313805,0.54289164875,1.42879779,0.058586802825,0.99452826375,0.767915182,0.5280071615
43.793182653,5.3604315724,6.3057758555,0.2779488693272,15.29841219767,9.8711908009,3.6781726955996,0.0169825773811702,-0.052778746238455,0.28935739027993,0.28440311322594,1.3801143094,0.059868841999,0.82578483021,0.54966392966,0.51765526872,0.898331240735157,0.190234854253579,0.738375600860481,0.117228896627278,4.26558451110694,4.01327168886864,3.64385600269545,0.0358504254204729,0.103253441040451,0.286657737784745,0.563163582897699,0.0838848384723427,0.0141423724923131,0.0807589029338138,0.11677039399507,0.016005229737538,42.028087475,5.00137593,5.032682195,0.0453325837,6.7629884175,1.9908195875,-3.5512877275,-0.05049081135,-0.24752272775,-0.27937550225,-0.82420184175,1.2252213025,0.035600962225,0.6580022385,0.33512793275,0.48779628,45.39359375,5.7495374875,7.9598629875,0.49767399325,23.245375775,17.971638775,10.6105323,0.0880933022,0.14960376575,0.83471769525,1.382922735,1.548286315,0.0896436086,0.97825540625,0.79006037225,0.55182554625
48.404628764,5.8205407513,6.2995237423,0.538810668978,22.0623390827,7.64811720134,-1.6800467011486,0.004318096734936,0.08303743756756,-0.13216723885612,0.01351757340452,1.4072311761,0.065052970129,0.92219299878,0.55400021279,0.48876166986,0.98530414157357,0.213784356716452,0.682890310340531,0.146203893760399,5.1389351868697,4.09361095079317,3.05621973925056,0.0194387865096588,0.0766106600498179,0.240429104779951,0.357073748634704,0.0942526449253338,0.00980781076587348,0.0281630347964856,0.0988807564181088,0.0148525276683376,46.47089235,5.4075093225,5.1196005675,0.253620345,12.558388525,-0.1459761605,-7.5511805,-0.033741250475,-0.076425935925,-0.5940422215,-0.6778547785,1.234231425,0.046434790225,0.85443258925,0.37710189275,0.461134733,50.255592625,6.25551842,7.6903367475,0.8366713085,32.0590125,15.760473225,4.6125309725,0.042866159425,0.23316485725,0.3628622205,0.743116645,1.6007436925,0.085056136775,0.9685555345,0.764032084,0.518022633
46.334854424,5.536843321,7.4907624405,0.2851962117355,9.3417993739904,0.0610064009474,-4.702986723474,-0.012407446165308,0.12896205137151,-0.3699782682141,-0.27873856062577,1.3329979558,0.052897838663,0.93688806048,0.46412612547,0.5038514387,1.0902125852626,0.209920103956475,0.817097883848145,0.113324920192041,4.61204883386925,4.08188441179002,2.74692228948574,0.0190937066272097,0.0688284439341556,0.216097048518045,0.349791596229858,0.0795774016518827,0.00844896698919242,0.0360551015326373,0.0973936995217569,0.0144435178039289,44.21508745,5.12851583,6.024861435,0.05700552485,0.136313915625,-8.7615858925,-9.6293184375,-0.045829400775,-0.010088018925,-0.7575268215,-0.9091511415,1.1809251225,0.038992243625,0.84927172625,0.2849156665,0.475755647,48.462826425,5.948022745,9.152882795,0.50560843025,18.186815,7.80874206,0.9355012005,0.0285211127,0.2539704735,0.0735947456,0.45722552375,1.49058163,0.0711742331,0.987226453,0.66624584925,0.53178203525
46.809885627,5.425548112,7.8516948943,0.1851066879808,14.6517866026,7.301353189996,2.5544649507526,0.01918087082275,-0.0344930730516494,0.20095666321659,0.193123337402478,1.3172548034,0.046707245575,0.84772153031,0.58665180513,0.4873365335,1.11584417644085,0.206578073706574,0.83715107298915,0.125316375862595,3.9914542426458,3.40133161996869,2.78770790861366,0.0195177729545297,0.0721874440947782,0.219305603926889,0.371210511588551,0.0833373809258068,0.0108102506983718,0.0708753353143824,0.101945045539695,0.013444882685312,44.667482725,5.0386117725,6.4482083475,-0.066573662475,7.231620195,0.37643892975,-2.4320765675,-0.017271277,-0.18533414875,-0.1913285195,-0.50029523175,1.176728485,0.026048444575,0.70818953925,0.40347022825,0.46185635525,49.0431979,5.85648383,9.72207333,0.42978703525,22.329911425,14.21302905,8.52945584,0.0571470133,0.092347751525,0.67100195925,0.91545844325,1.5011939075,0.066426096225,0.97997920175,0.7939373935,0.5145705825
46.309382454,5.3933109436,7.2942186347,0.17653116411583,14.8481268077,14.0450011361,2.6578474573558,-0.0106935583542633,-0.00463184097748,0.2090896396061,-0.21328441481501,1.4244154269,0.048834017999,0.95496846687,0.45545901025,0.50377014571,1.03346560607625,0.198092225897551,0.798385550880736,0.121795108561548,4.24711553898229,3.32159904039687,2.5758011498951,0.0159439425005906,0.0660260172466368,0.202635156032504,0.317300916092242,0.0850847100144747,0.00787280022754697,0.0293945178656337,0.0881921062694482,0.0135937792772854,44.186299275,5.0493299625,5.8777208575,-0.06814751875,5.8925230325,7.0626078375,-2.042655565,-0.0409914222,-0.135670731,-0.16069323775,-0.8036461395,1.2753681075,0.035046360075,0.883211623,0.3057598595,0.47721098375,48.3989235,5.8148111825,8.95603108,0.4098111815,23.052532725,20.74435115,7.950792995,0.020174193625,0.11353361525,0.6254792505,0.40042837525,1.599952685,0.064116323525,0.99648423725,0.66013951525,0.53067014375
47.386056436,5.4403296168,6.304424622,0.2092096728808,12.81571644883,5.7563445204581,-0.9986940904479,-0.003711375555186,0.05522639410456,-0.07856605428483,-0.17948155075169,1.4272429663,0.052263046214,0.95964601568,0.6414236502,0.46815779797,0.948952808231098,0.20069528046226,0.704646740439975,0.144605118573854,4.75948027409782,3.79960683949126,2.7339808053998,0.0192745605036426,0.0693911384872637,0.215078957903174,0.350884998148437,0.0981442725533347,0.00914830676690251,0.0295838925132057,0.0967506198779915,0.0135787126356651,45.476464075,5.0788375225,5.0404389675,-0.077770532925,3.33686252,-2.2090626975,-6.3873816,-0.041931465625,-0.080293812675,-0.50248757125,-0.8775347505,1.252782545,0.035036322975,0.8885891,0.47187264475,0.44228205175,49.18792225,5.8789070925,7.801628225,0.48745595825,21.57208385,12.795873425,4.4279238325,0.033161120875,0.19272823175,0.34833940125,0.47790425875,1.6547149475,0.071526367575,0.9985904825,0.845537525,0.494702331
48.458708296,5.5269739551,6.0415036968,0.19404701433893,12.38091624952,11.49296846344,5.43626587462886,0.015387985623267,-0.093015897699125,0.427664450915153,0.3149437878574,1.1499333105,0.033163128232,0.89629702334,0.45493387987,0.49477036604,0.89402200166725,0.208643471017058,0.715962027869295,0.113167431612909,4.50117682388268,4.15009525143485,3.17089201045951,0.0180084501728276,0.0768897613508354,0.249450233545416,0.339668847970999,0.081030646552161,0.00847871349146301,0.0877370667485318,0.0866748753034457,0.0147965798621341,46.735328525,5.1304229275,4.7604575425,-0.023710035575,3.76877641,3.70716178,-0.87076902525,-0.0186572394,-0.23458767675,-0.068502344475,-0.3655517255,0.98999294975,0.01750122135,0.65134966825,0.299772623,0.465713209,50.1597449,5.925272265,7.612052955,0.41248433275,21.25338045,19.828458775,11.4388623,0.0488951634,0.06170390205,0.8998814505,0.91810149525,1.3100992575,0.0501217636,0.9967392295,0.63760611575,0.52436237475
47.074872342,5.5830344939,6.2355841021,0.3221749748183,13.87828789995,7.449387763843,3.52987779834331,0.02374263648952,-0.06046124274585,0.277691210210937,0.44622571731098,1.4165036231,0.05829371564,0.94283934786,0.48375644563,0.49797860845,0.912875077137395,0.216825393872757,0.702048540096895,0.12938596670221,5.14973806812288,4.39962511857935,3.34380183231192,0.021342636202926,0.0842923324684665,0.263052839214757,0.393849071754368,0.0939969959985324,0.00986621137273742,0.0351421261899311,0.0941110441005354,0.0150596484876848,45.369219425,5.1894418975,5.01793768,0.086279329125,4.32674347,-0.716678648,-2.9962751525,-0.018541984525,-0.22151941875,-0.23571333525,-0.29864996475,1.244743415,0.04034946345,0.8615848315,0.3073035345,0.46949342,49.00534325,6.0517868,7.75289926,0.58901115125,24.06252155,15.864018575,9.85919009,0.066318881425,0.0997762037249999,0.775610541,1.21121686,1.6160138775,0.07793866765,0.99422369,0.6882741515,0.529365448
45.480005297,5.5599815313,6.1867458611,0.3094513470717,18.5847853028,12.65182065305,5.2131458805999,0.022977351248729,-0.08129418670606,0.41011187077101,0.37689959896797,1.2488870008,0.058241371318,0.83594237869,0.58351385019,0.49939502943,0.926721337752001,0.212127598732352,0.679426820917548,0.116698685959255,3.96274110871338,3.47207863131445,3.00120213455819,0.0247377130287318,0.0812783751049522,0.236100935199419,0.421463705833994,0.0775606756882192,0.0101724716010257,0.0626330596602901,0.102789690376671,0.0137305751896983,43.553139025,5.1783243725,4.9916691125,0.08307657475,10.51811645,6.2395520525,-0.2207629055,-0.0245768076,-0.248511763,-0.01736715045,-0.44130956725,1.099825665,0.03835442565,0.6946361375,0.4037700745,0.4735096185,47.233606275,5.9748041675,7.682608625,0.5394143335,26.272099525,19.1854312,11.506433075,0.073027161475,0.071559345975,0.90519715625,1.239323835,1.4119656075,0.079018664025,0.93510463425,0.7984917915,0.52643207325
45.812411331,5.9042050047,6.5423522711,0.429586722843,13.8459756839,9.6054298641,-3.1302726462813,-0.03446006064525,0.1322013496778,-0.24625475709728,-0.47341218761913,1.3614017698,0.052742005867,0.91334310049,0.48732850808,0.49377449051,0.983427531594221,0.220403555572493,0.674297407603612,0.121244707611776,4.07528399433489,3.52480272454605,3.27417998680654,0.0254724740395537,0.0890307736751507,0.257575773418082,0.442145438553336,0.0837693765649564,0.00943422090466997,0.0503024430235031,0.0981867468285804,0.0143244083795777,43.772674875,5.48144739,5.353966195,0.18574229525,6.3828608175,2.646346365,-9.09068057,-0.08206178495,-0.046045958025,-0.71515282025,-1.2766457925,1.2083494825,0.0358792926,0.799756618,0.30844961275,0.46623939675,47.7639071,6.36488344,7.999759235,0.6701374415,21.5621223,16.39336295,3.5633593,0.01735370025,0.2903499785,0.28032515525,0.43541461875,1.5396918875,0.072670618475,0.98896128925,0.6890109155,0.52170923525
46.928517442,5.5630609122,6.3887751209,0.2482410963024,15.1978972791,15.9166895215,6.098769503131,0.006396206022751,-0.089697111098421,0.4797828087159,0.20865037634839,1.2956230589,0.044898371565,0.9382204862,0.325599472871,0.50472859085,0.947639837560127,0.203383228565552,0.696903518274575,0.0968732404054391,3.6942155146042,3.26655067697847,2.86932034150164,0.0195530863919104,0.0736698973049745,0.225725955348097,0.354907061176317,0.0758960289906789,0.00847125104070077,0.047677021288966,0.0959755940924284,0.0148799571324768,44.9047795,5.1859068925,5.0922131225,0.05133141305,8.12204179,9.722002095,0.5536676635,-0.02964059655,-0.248062613,0.0435563643,-0.44113259825,1.1577529775,0.02916998825,0.82698216675,0.114242252,0.47548021325,48.7129584,5.9904587175,7.84269582,0.44238603,22.981859825,22.531174875,12.081965125,0.052042490325,0.052803120775,0.950473538,0.97062482975,1.4543151225,0.0639056481,0.99725430475,0.51948439475,0.53501258675
46.220568077,5.9665762783,8.0111075808,0.2856998311609,13.8749605499,8.332630129919,3.9779493510545,0.022905809741044,-0.06843828739166,0.31294045639112,0.41579491922689,1.4315685217,0.04332783781,0.94400445602,0.40081820854992,0.50084396749,1.14960090600809,0.227937127797263,0.876638631000317,0.111590339448922,4.15059194087718,3.43787500747078,2.81221058208299,0.0176692099278825,0.0729969597414172,0.221233200160085,0.358994920727641,0.0876434128477756,0.00745258539718294,0.041479358781159,0.134029146978745,0.0161399428932726,43.859444525,5.539764705,6.4797345075,0.079775017825,5.711425695,1.48238285,-1.7301873575,-0.0138228143,-0.200311814,-0.13611174675,-0.2878170035,1.2801167075,0.02943286055,0.84364272775,0.128427106,0.470095234,48.25767895,6.4223812075,9.9624442025,0.5020421035,21.5431869,14.9214868,9.3695799375,0.055635551875,0.0818584258,0.73709350425,1.0717964625,1.60696723,0.05962955255,0.99647791425,0.6519956895,0.536930898
45.983748623,5.7845282572,6.8875662529,0.5031707967,18.7262425187,14.5351519781,1.9649630557511,-0.0088737695113795,0.01670037749653,0.1545812631867,0.01995656347029,1.24016779384,0.042537222398,0.8882106128,0.53891023877,0.49606539599,0.945595023234741,0.207621397739834,0.802327129839409,0.115469758592577,3.74449376660398,3.19499634468023,2.92809056433361,0.0228762378569922,0.0792198502639173,0.230349337797689,0.405780036867106,0.0772859002829051,0.00977299660006807,0.0706416250884561,0.0909536724045614,0.0133189392433416,44.1690476,5.395731845,5.4860398125,0.27247390975,11.51865075,7.8284247525,-3.7132563275,-0.055383297625,-0.12925972,-0.292117377,-0.82490299,1.104047225,0.025948833175,0.732057722,0.380713127,0.47065547525,47.755378725,6.1937673025,8.56439952,0.733726435,26.049289175,20.8383052,7.54196558,0.03291623655,0.173472588,0.5933173015,0.75433205525,1.3997685975,0.064210449775,0.99067825925,0.7402675305,0.52225883975
46.798311981,5.5884022246,6.7024061911,0.3510011470447,20.5523786017,13.8838644921,3.4028314684143,0.008813214567158,-0.025794537293267,0.267696629299362,0.114842539319693,1.3372707269,0.051289232491,0.94698715136,0.56187543977,0.50332402953,0.994670185795331,0.203756859424525,0.729191897864293,0.12837388815565,4.20745323217336,3.53115360555841,2.8757985037277,0.0197937981817862,0.0735985402247273,0.226235584291763,0.368659968196779,0.0814589797707539,0.00929912777301459,0.0328667186800835,0.0949184791140993,0.0144211774508292,44.82050695,5.200035965,5.4312850825,0.085987259625,12.447041025,6.6539955975,-2.29493625,-0.02915889665,-0.1701164975,-0.180539849,-0.59277297825,1.192940745,0.034324946475,0.87648889625,0.38938759475,0.476717409,48.71669965,5.96927105,8.3303122425,0.597921272,28.6371956,20.5722656,9.0535487,0.04754699175,0.11691925975,0.7122317085,0.815738303,1.5028553375,0.0702607905,0.99562062175,0.765525736,0.5319995625
45.831985499,5.6827587189,6.7080850434,0.2580269936544,11.38524429711,9.11410253409,-1.22902322026814,-0.0242082455383364,0.07780446032648,-0.096685767980616,-0.37831599434277,1.2875705273,0.051278268852,0.91615027062,0.48812475481,0.50520205277,0.930791651599201,0.209126287231781,0.739210431575104,0.116158375222836,4.12468612638037,3.50677979379371,2.85107027227899,0.0216281546303534,0.0739879879267306,0.224290244411778,0.381318035753345,0.0742574304474208,0.00913024669984371,0.0495772277226331,0.101060647600856,0.0140936739552134,43.94496815,5.3065536375,5.3326034575,0.023933135875,3.1315632025,2.505113355,-6.655558305,-0.06569265395,-0.068003042975,-0.523584706,-1.125048825,1.14828077,0.034447218225,0.81147370125,0.30436193,0.48078451925,47.568319425,6.10559669,8.228688955,0.48720142675,20.04445395,16.105850125,4.2560189125,0.017040561225,0.2196815575,0.33481584975,0.366741209,1.4421800575,0.071646192575,0.99445144475,0.70599000075,0.5335205575
46.009152549,5.8307119681,6.0741660314,0.2802269794592,16.722687021,12.1200627506,1.4477135733087,-0.006182084108847,0.019144443628145,0.11388987309658,-0.1398357534935,1.4254992796,0.057490422868,0.91533654304,0.54482808484,0.50029869865,0.931916369300852,0.211924966285955,0.722674766450971,0.122588713013592,4.25751006838757,3.59903191113619,2.88613030583751,0.0231222042920152,0.0764369983074993,0.227048374987384,0.402541223289266,0.0856379509451048,0.0100451102598011,0.0446577866472614,0.0937807739355784,0.0141158450069767,44.07337415,5.4388988625,4.86830807,0.0457676238,8.760277005,5.35462019,-3.9080895525,-0.051066297975,-0.131893173,-0.307444665,-0.8679724205,1.276045745,0.0384842389,0.8185532935,0.38167606225,0.474383607,47.761257275,6.24845815,7.7255794925,0.5138322455,25.360899525,19.6291392,7.17688899,0.0381189246,0.15667646925,0.56459716875,0.6559478365,1.6144564675,0.0788722882,0.9873485245,0.7494185165,0.529046724
45.483963838,5.7817960916,7.577092352,0.42431691381,19.0200464764,13.6635099701,3.0412957474688,0.003620401044155,-0.01697164963139,0.2392550522257,0.1413532859048,1.2749190918,0.045227508222,0.88673915895,0.3225657776589,0.50558130895,1.03814320131036,0.200314772306784,0.739535688992257,0.0886367930946611,3.45832090527639,3.1358308026092,2.74330754069409,0.0192215061854487,0.0714499756772496,0.215812680822249,0.349713761592745,0.0658743700449493,0.0092718122690432,0.0573278416663041,0.112244056911008,0.0141853683019012,43.41687235,5.4135233425,6.256809905,0.255338151,12.1006469,7.5055421525,-2.263527165,-0.0329062301,-0.16065047775,-0.178068936,-0.52400562375,1.1555044575,0.02770118425,0.76201319575,0.064532075775,0.47896300675,47.605730375,6.1781404875,9.2225529525,0.59889572525,25.564992925,19.5500845,8.474146995,0.0428591704,0.12835593925,0.6666508775,0.8594641835,1.41289245,0.06281504375,0.984465873,0.54485646325,0.53358243925
45.312642536,5.495753891,6.5388275064,0.10102908420245,12.065777106681,10.044914728158,2.5341331391467,0.000325195837995,-0.02063750090848,0.19935718405133,-0.08161432100687,1.3027538402,0.048555448462,0.94888699748,0.45197306015,0.53979207884,1.00850038141441,0.197581349983217,0.773288582908003,0.110667890454912,3.83174599755546,3.43031107481421,2.75528900337181,0.0190271984568023,0.0710425725125967,0.216755247825843,0.34635172519902,0.0760037591031832,0.00829699561420105,0.0396794742788366,0.0945183156635817,0.0155712088516672,43.308306825,5.1274606525,5.2092847475,-0.1197324685,4.534137465,2.6831839175,-2.6127166175,-0.0366195057,-0.1567336745,-0.20553924775,-0.75261031775,1.15755647,0.03359799905,0.8615821175,0.272411303,0.51043699425,47.406416025,5.90065041,8.1694859675,0.311560033,19.245505325,16.80136825,7.87312414,0.0346163673,0.117208285,0.6193691415,0.594545366,1.467194115,0.065881991425,0.99751305425,0.643180254,0.571212588
45.559254518,5.7894669756,7.2263147509,0.44224312019,20.8721751592,15.0778907429,-1.5040680651666,-0.031444242187543,0.11423852519529,-0.11832321267475,-0.523796550857719,1.3619936768,0.049206773575,0.86787148106,0.50983867699,0.50111085723,1.06253289615384,0.219019361415278,0.808098959702594,0.116663503414196,4.17416712636075,3.85678056454421,3.25712045852891,0.0302626409321853,0.0904920880326425,0.256233720766199,0.501571109876321,0.0820089381469794,0.01294899489488,0.0846528147041287,0.10860982882202,0.0148024244488599,43.648056575,5.38524382,5.81680892,0.2197515645,12.4844241,7.587157615,-7.4316047225,-0.093692372125,-0.062141960525,-0.58463533925,-1.5578964625,1.2141049825,0.027758137025,0.66056305675,0.30834069725,0.4758826105,47.800138275,6.223015095,8.9315245,0.68819466525,28.85759605,22.6766212,4.95100557,0.025058382525,0.2815725985,0.3894896075,0.44171977775,1.535369435,0.07733203115,0.987821825,0.74083006925,0.53061579725
45.881602052,5.5838873387,6.661795786,0.55089629835,23.727018143,13.52316677345,-2.25915499412691,-0.02304838243453,0.12736004262772,-0.177724986622439,-0.3994363575985,1.17874317921,0.029997735232,0.756675732501,0.415653296888,0.50163804322,1.06696289476003,0.22858179872733,0.76937533777862,0.107657643312792,3.75118715335504,3.46241763468852,2.9259627519439,0.0252139242396217,0.0803307262220092,0.230181945229428,0.42530280679603,0.0735648834458516,0.0122007321944592,0.147082268261944,0.111499942238098,0.0153604451170093,43.937915525,5.1524301375,5.285159805,0.35410391875,15.997881025,6.90770927,-8.083963965,-0.074066234475,-0.023278734875,-0.6359556575,-1.2669761825,1.050580655,0.0099626796025,0.43490268175,0.1757626505,0.47372557125,48.1224706,6.0789864025,8.50443212,0.7685466915,31.019666475,20.22413525,3.391439615,0.0255814784,0.287189221,0.2668004475,0.42121835775,1.3442392625,0.056347206875,0.982040136,0.633778806,0.5327014125
45.418581476,5.1942048404,7.0875803524,0.35950138022293,15.648967989961,16.9486709272,5.330103775101,-0.002864508210514,-0.06366512862365,0.419312807289,0.1568726216737,1.3454143938,0.048763611983,0.96540424545,0.63375017884,0.48584882758,1.03165515402644,0.193701837850326,0.751176094771533,0.134659558939327,4.61506822010448,3.90969821586598,2.74644253350036,0.0189446726635514,0.0701258503651934,0.216059307800235,0.352187317418054,0.0788734525247081,0.00692220512045343,0.0290978497964615,0.0942294278537815,0.0154560463402999,43.482978,4.82248061,5.78213786,0.0864414623,5.7933883325,9.64531413,-0.19114815725,-0.037499757925,-0.2022914765,-0.015037394375,-0.534459088,1.2119462075,0.0358107304,0.894792382,0.47075181375,0.4574920305,47.483954975,5.574840165,8.7157318725,0.62239184175,24.299889225,24.5111345,10.46908785,0.0357935448,0.07506074785,0.8235904835,0.846656428749999,1.50446619,0.062046094225,0.9986023135,0.8285082345,0.5157172995
47.045055909,5.7153594876,7.8196684747,0.145007093041036,12.86324461478,9.03652921119,4.2142303339215,0.01899901548572,-0.071490435856764,0.33152839544639,0.25595890674146,1.4132362275,0.048512869497,0.93667373784,0.58258242406,0.49342393503,1.1307082469903,0.214084720152417,0.854820572839242,0.134257449245644,4.38162722457618,3.92822427309844,3.00352080547203,0.0203207035776079,0.0770270208645632,0.236283343668227,0.386927415781118,0.0873087658445832,0.00913180081878246,0.0474025740550747,0.107929410221748,0.0163950666700719,44.650283175,5.30405817,6.19062435,-0.125111523,4.098867365,1.695256995,-1.672833905,-0.01946713975,-0.22531452925,-0.131599812,-0.499385912,1.252536345,0.033107788075,0.80821639925,0.3995356755,0.46285720575,49.29275155,6.1292190175,9.5915896475,0.4084777685,21.487506125,16.97835795,9.895375225,0.0597035916,0.08197854345,0.778457181,1.0231944425,1.5944413375,0.0693772906,0.99612761,0.823134984,0.5301473355
47.532709109,5.2849524426,5.8487482266,0.24678144193315,14.273087840839,10.30100736175,5.13100261012,0.0231094817013732,-0.09044236743168,0.4036497591767,0.41420738873309,1.400079693,0.051134115554,0.94579951679,0.35693594307,0.47055485921,0.848151074972844,0.200656035429741,0.653509021109348,0.132002451687204,6.05803000132359,5.1091179740518,3.04663890724804,0.0179382993229887,0.0720456588267788,0.239675391238465,0.328224868618684,0.0916219214992355,0.00999669059325034,0.0360870809826041,0.0850502293210266,0.0133018573875075,45.8250935,4.9236358175,4.6626988625,-0.027581438,2.7114256325,0.2430985245,-1.0701239825,-0.010575516075,-0.23021541925,-0.0841853597,-0.2040298965,1.23400574,0.03440125105,0.8534206455,0.196324166,0.4451244545,49.3155913,5.6844360625,7.2515929,0.49198080125,25.758953675,19.87810875,10.842293325,0.058781489175,0.05734295525,0.852950075,1.0843997275,1.5908301075,0.0730403392,0.99735593525,0.52517479525,0.497791069
46.879330832,5.690367977,6.6121473771,0.370935841284,12.8161649292,7.3758704722,1.3806239677228,0.006040455480088,-0.00201740867697,0.10861201510099,0.20263441519341,1.1523030855,0.0334832609229,0.85816075708,0.5100784301,0.49294757979,1.00126525989574,0.231038373083345,0.79747219174895,0.111019492475229,3.9186625777296,3.36829907882354,2.91981070099573,0.0208745686034195,0.0765491388325004,0.22969797072268,0.374424841461895,0.0814441199569651,0.010356867318869,0.0982094788064531,0.0973073333745561,0.0133177168042934,44.863146575,5.249782375,5.1991272675,0.16506943525,5.8149193725,0.972987443,-3.7980190625,-0.034555137,-0.149236306,-0.2987855605,-0.52889772625,1.0042862,0.01556507635,0.6428370715,0.3300729665,0.4666406885,48.837266275,6.1792394,8.29943079,0.601003204,20.70239245,13.948624175,7.138000705,0.046586152525,0.143020472,0.5615378685,0.9535011255,1.32386723,0.055148951975,0.994755868,0.72077712975,0.5214149935
46.012660128,6.5612374006,6.5153419936,0.355443605094,12.12584078824,6.61463121309,2.0598924459582,0.0128455002978709,-0.02429120917502,0.16204924334713,0.31974789257604,1.3961573701,0.04925225041,0.94120071537,0.21259411013295,0.47900860536,1.03509775258152,0.232391824256604,0.734043291907309,0.10980207005556,3.94316440312952,3.2959418815164,2.72342287658446,0.0183929546421987,0.0708789485644575,0.214248378712723,0.341331883030797,0.0848695347458692,0.00838864972415139,0.045570139313836,0.118521201973224,0.0140659573670043,44.000067125,6.10857011,5.28480143,0.13586913675,4.4843801525,0.34736864225,-3.137557715,-0.02309345955,-0.17001407925,-0.2468278635,-0.3703265465,1.24233197,0.033563624975,0.82974323525,0.01076754125,0.451882848,48.037325,7.0393013575,8.1798773,0.55935902775,19.82741175,13.128359325,7.5701827925,0.0506263545,0.113635413,0.59553710425,1.01279083,1.58161749,0.06792717135,0.99704663525,0.44534596575,0.5058935655
45.147542623,5.9824946007,5.7935084151,0.07784022192181,11.195151923368,7.890272462374,-2.97302546279716,-0.031631730507476,0.11958514376898,-0.233884311460589,-0.719247461398007,1.25829176345,0.044069633808,0.88645731002,0.38719385658,0.53958946978,0.907491134625337,0.223406417978498,0.663900896032149,0.109396134482494,4.20965795263594,3.73349927406675,3.1944999550395,0.0250719021824059,0.0842258367106353,0.251307441414939,0.433191563086331,0.0823790766616716,0.0104560136826932,0.0749734804325282,0.0930843193472637,0.0168146775118596,43.385709625,5.5384191275,4.6152601825,-0.11176985775,3.470310105,0.863744352,-9.103295425,-0.0783686103,-0.04003540925,-0.7161452175,-1.56813941,1.1132214475,0.02665585675,0.71786912525,0.21714951125,0.5094392605,46.851731875,6.4138953775,7.29161731,0.29982683575,19.556343575,15.22116665,3.029190565,0.0180182227,0.282828455,0.2383027465,0.16494258225,1.4270248625,0.06646218065,0.99185777875,0.57376403825,0.576647998
46.685248818,5.7975863316,5.801237111,0.17403520392339,12.592672965616,17.1582048678,12.0211541819,0.037417055909142,-0.245706042307,0.94568963801,0.8339888089266,1.2658856552,0.047545382389,0.95338817349,0.58957441159,0.50361376575,0.90413136514612,0.218488339652796,0.701234796090007,0.127494868459211,4.0943338629389,3.58211299731795,3.04028282703174,0.0211309013718845,0.0794031033818309,0.239175367675458,0.385569437095221,0.0838630271125686,0.00855857274759845,0.0355623301250146,0.0997669969924133,0.0152619854345677,44.848545325,5.38400393,4.6118247475,-0.0820156316,4.4778611175,10.39800415,5.92898296,-0.0031551951175,-0.4012211095,0.46642591,0.1233496585,1.1053901075,0.031672476625,0.872262876,0.4114050805,0.4753869,48.36632495,6.2125785725,7.3211625525,0.42043146425,20.9590588,23.595005375,18.0522975,0.07860852255,-0.0928711783000001,1.4201523925,1.58386572,1.4304245425,0.06635927735,0.99752994625,0.81341289825,0.53538220075
47.131822936,5.7640421691,6.887949613,0.3706909411822,15.2065834855,11.11669138775,2.1593602530252,3.7206645288e-05,-0.005188901190214,0.16987425532047,0.09609320914659,1.349024959,0.041574402274,0.90977522903,0.42399232574,0.49891129733,1.07356675080468,0.204558029561991,0.78531005777655,0.113344661163669,4.18618915499921,3.82153159284584,2.89745553649218,0.020156230498467,0.073735978337276,0.227939317078941,0.369893697909979,0.0841096838072307,0.00929320995132032,0.0597024724065664,0.0981028799632234,0.0141664743849509,44.9778533,5.3632719825,5.556848265,0.14818190025,7.1083385975,3.6446610375,-3.7530401825,-0.04081745615,-0.149600384,-0.2952471265,-0.650582993,1.2056350875,0.0259781116,0.7796469545,0.22588270425,0.47212313325,49.27759825,6.1956929425,8.7330231675,0.599328314,23.502360975,18.539771125,7.8797839925,0.039391759925,0.1455284605,0.61989305325,0.81380068225,1.5296862025,0.061230409775,0.99524276875,0.61595116625,0.52782543725
43.903474203,5.4873441699,6.4360113347,0.312247233847,13.7564324361,10.29815046945,4.4485851965019,0.016973727335175,-0.07178634818371,0.3499648081767,0.3842173896672,1.3246074086,0.048916216441,0.9085785527,0.57611075699,0.5039528574,0.946486069631627,0.209066514507959,0.671153649243998,0.123841154417742,4.20792586387042,3.26679148145812,2.86261413462633,0.0224970538386402,0.0768183109103267,0.225198386237777,0.405338434454228,0.0806288877579281,0.0101299776692103,0.0538877810921234,0.0955167061532223,0.0147457387932419,42.108245475,5.1200270225,5.231408875,0.046586113025,5.4805236325,4.307256325,-1.1651439175,-0.024949600975,-0.22105017475,-0.09166046475,-0.411146783,1.1766421575,0.030915526275,0.78600016825,0.404869855,0.47650742625,45.753164475,5.9221532225,7.819582315,0.542121466,21.63542775,16.4150997,10.11706715,0.063396210325,0.08056076905,0.79589744475,1.1441372675,1.487817585,0.069475875525,0.9938157705,0.770114035,0.5334396885
46.415200585,5.5149619743,5.9996556497,0.3297225610305,14.70789531153,15.21535241382,4.721677366329,-0.001483927511936,-0.05542174351687,0.3714486385202,0.14436160390547,1.3646268864,0.051883935302,0.94450988617,0.55506307647,0.50682385475,0.925229561676718,0.189530881218621,0.659283072613363,0.128335693263339,4.72562135680246,4.05387080020599,2.90270829141984,0.0193065389685864,0.0731891761488259,0.228352545173339,0.353973833924062,0.084866254623401,0.00870077080240638,0.0420913120875415,0.100127478591132,0.0135716332045593,44.501016425,5.1664304675,4.8524776125,0.0794916896,5.62931371,7.061010395,-1.6701383325,-0.03918876335,-0.1905391695,-0.13138775675,-0.5623195335,1.203071275,0.03628408865,0.846458078,0.37428181875,0.481691585,48.16467105,5.8880777125,7.4126262075,0.57354761,23.3115562,23.3919865,10.186943175,0.037487006,0.105491127,0.801394517,0.828167566,1.5498988525,0.069929712275,0.99603951875,0.7768074075,0.5331485365
45.962980627,5.8164324708,6.4250032196,0.318915678916,13.467108822,5.4415149271745,-1.5889426746943,-0.005003787062685,0.06984854157097,-0.12500019529901,-0.124783808189,1.3280277526,0.053560747759,0.8920885023,0.2344537442719,0.48319801272,0.956954679990904,0.2118785829162,0.704082090511022,0.095023189034575,3.88928743752169,3.42523400428857,2.89110616698904,0.0215224670333311,0.075313576218443,0.227439819540271,0.375722243529934,0.075346196569419,0.0106575962105297,0.0489997285824929,0.101043642697659,0.0136564779478007,44.0823107,5.4357016125,5.144410095,0.13813238275,5.30633152,-1.30721488,-6.99401607,-0.0449187441,-0.07688152555,-0.5502107765,-0.81196249025,1.1936869825,0.0318578196,0.78450445775,0.0283252068,0.45808794775,47.768822175,6.2632084475,7.9564249325,0.5075514815,20.89213825,12.120226575,4.1774465825,0.0361683279,0.2180468265,0.328634664,0.603475965,1.483925995,0.073931576425,0.97701847025,0.421100116,0.5109808845
44.729914252,5.8628021634,7.824425673,0.26786740105273,10.5026164315274,11.80439663,2.61806386200035,-0.0108421843923012,-0.014404682114355,0.205959912375595,-0.0232923543325,1.4119697989,0.054241343493,0.95052765786,0.45522868643,0.48789792557,1.1421331538397,0.221562959439473,0.85828066490404,0.110162423664971,3.58883160812885,3.01038713290835,2.55626700573029,0.0191624147579354,0.0671562549765191,0.201098428673473,0.351862939075996,0.0760375862313514,0.00814065341547633,0.0409867686682764,0.0966178327283915,0.0140723105288495,42.472035575,5.44590833,6.2523741225,0.05785007045,3.5946348075,5.8985063425,-2.41656491,-0.0534495153,-0.14238334075,-0.190108234,-0.748273326,1.271741435,0.038986573125,0.84458193625,0.264934906,0.46158618275,46.8899408,6.3178656775,9.525678715,0.476836964,17.587917975,17.625582425,7.3696902075,0.02466428525,0.120910516,0.5797645995,0.60269358525,1.5675629575,0.070586933475,0.99858743925,0.65336627,0.51567013475
46.4528119,5.4200972221,6.2646316083,0.390821525117,19.3978979437,8.755509666727,0.288181213389618,0.007208122332005,0.034557864462958,0.0226708667764107,0.04165773856149,1.3096476477,0.035244079266,0.90844957841,0.3406160684668,0.49602465952,0.871191963371702,0.198320351854564,0.658024755017367,0.0994624736465571,3.62474691867296,3.2353911830509,2.76893387431881,0.0196964476816116,0.0717143105542667,0.217828673453441,0.350435203871901,0.0771801576489924,0.00857102798533872,0.0745930956950063,0.121186665386186,0.0143947346574666,44.855739125,5.045356335,5.0570614375,0.189051761,12.25438215,2.3667001575,-5.46413822,-0.0296587036,-0.1101740215,-0.42985713625,-0.64634291525,1.160589515,0.020130189675,0.73485619275,0.05615047555,0.469959646,48.1821414,5.8092699675,7.5612885425,0.58626306825,26.078390825,14.860614875,5.7986050125,0.04709431695,0.182803898,0.45616923075,0.74598936925,1.4669999825,0.0539146803,0.99698658325,0.57253043725,0.52447615325
46.740010221,5.6722578924,7.634069354,0.351275504394,11.4416421639,9.00586368286,2.58923265325248,0.004049754507714,-0.0271817033408683,0.20369179607861,0.2349207299002,1.237391753,0.036037449256,0.91773542646,0.63539435141,0.52440818858,1.09010129833582,0.201073057819255,0.803793930327936,0.128061069607933,3.69909948181377,3.07268333310197,2.67822619251245,0.0196565371473987,0.0706864753818908,0.210692810236811,0.366311284123104,0.0744708676159873,0.00703434192953775,0.0609976081735696,0.0996026636839712,0.0152508029818823,44.826074875,5.30100131,6.2418476275,0.09878486765,4.3496587225,2.925537685,-2.5718045025,-0.0340689665,-0.1664374,-0.20232074425,-0.45118043625,1.10403948,0.0227069853,0.77382243875,0.467840996,0.496290862,49.034814125,6.070262105,9.35769214,0.59933676825,19.00952485,15.031314925,7.809992735,0.043799367125,0.105492994,0.61440266775,0.9705431345,1.388943905,0.0515073392,0.9969109295,0.85999127125,0.5562704145
46.491394913,5.5000470226,6.2141703276,0.2309513776802,18.7447894993,9.986325701696,6.512525783722,0.04503989114819,-0.12976407930216,0.5123325139003,0.6375083112572,1.3776953333,0.060069417127,0.92348206054,0.37985507912,0.48911254903,0.899944266655192,0.209578745339586,0.717614105678752,0.11772306917317,4.52074877007143,3.643974394079,2.81013016844391,0.0211832179609191,0.0737403422605389,0.221069536052501,0.36370891016922,0.0843281622130817,0.00883612693912336,0.0429410325477135,0.0914662718128585,0.014176096227209,44.77982305,5.1002766225,4.9645613075,0.01129790852,8.8921037725,2.7883556675,1.010192893,0.0041122117475,-0.26431683,0.07947065045,-0.06387110905,1.2265245325,0.04476155575,0.82479004225,0.2095623285,0.46223107425,48.275018875,5.8905889225,7.75143711,0.47302631425,27.518316375,17.01318645,11.761657975,0.085886323725,0.0140215220499999,0.9252753975,1.3184522875,1.55645925,0.078465001875,0.9898607255,0.5629386445,0.51933718575
45.628997967,6.0703055098,6.8817924632,0.39104343589,17.4328231875,5.64551520587,1.5579083203623,0.026122596622417,-0.015255470968508,0.122558760194947,0.387959745562223,1.2536450406,0.040868718193,0.86525885099,0.41326870715,0.48936824023,0.981968316479684,0.212213951908137,0.721442447145049,0.0975612706026867,3.26675159961146,3.16216268849043,2.50628436144572,0.0193485407404717,0.0667317372697549,0.197166354562946,0.342220942575745,0.0689738839830445,0.0105059493085488,0.0785191238438479,0.0977637514074165,0.0139290557213037,43.55916155,5.6776247975,5.5960211125,0.2113260375,11.02678935,-0.48003957525,-3.6268374275,-0.012523600975,-0.142528461,-0.2853189115,-0.28332871275,1.1260180825,0.023016277475,0.684772114,0.23237032575,0.462617895,47.4780449,6.483633695,8.3497720125,0.59276672375,23.6573918,11.920438325,6.4328021775,0.062479325575,0.125642487,0.506060756,1.058091875,1.38577271,0.0637895853,0.98843639175,0.6219719685,0.51622404625
44.701936322,5.6658063471,6.6297576249,0.19896646346769,7.1872959596253,4.1702741296346,-0.5532487250579,-0.006373828515754,0.0353512841777,-0.04352340716873,-0.075822901954196,1.4375258093,0.05572654061,0.9473424297,0.4619635277,0.49589700535,0.892278046797438,0.204081001926701,0.781151228034864,0.11346676338966,3.82985065570936,3.33996307013924,2.79969765635092,0.0211593579394239,0.0742386104309479,0.220248822999313,0.377848005659769,0.0766460779482018,0.00877553579696105,0.0315234552193437,0.100917780767987,0.0143139732545481,42.8140296,5.2939166125,5.2987072525,-0.0311187341,-0.20067122025,-1.959873965,-6.6150250125,-0.04646152175,-0.11231311525,-0.5203960055,-0.817385161,1.30117508,0.038756545,0.873770459,0.28647909575,0.4683166965,46.381614,6.0827772925,8.4374911925,0.41676596175,14.358243025,11.02971115,4.854951465,0.035401477425,0.19905657175,0.381933146,0.65778243725,1.602705845,0.074315025325,0.992909378,0.67602734875,0.5250672155
45.029866738,5.8563492204,6.2851637821,0.18045699471991,17.29329159651,6.424023632649,6.219424003548,0.05593542815203,-0.13901341875231,0.4892745519233,0.7548028074012,1.3900263487,0.063264667418,0.93539086076,0.52305131467,0.50136054259,0.920549548290039,0.217296132778959,0.724053790156295,0.121786924127952,4.52610402776472,4.0296627295531,3.42397504780977,0.0303912136071006,0.0939201852742042,0.269359969232251,0.494761554473036,0.08462150175265,0.0112644155597665,0.0488340811564456,0.117954080081328,0.0153633257706849,43.274892475,5.45758842,5.0954240075,-0.05231120855,8.657660205,-1.527432875,-0.976200623,-0.00399852161,-0.3115418965,-0.07679651995,-0.22675495875,1.246853355,0.042431729325,0.823688705,0.28813236475,0.47226686725,46.922005725,6.301799415,7.891607225,0.41921009725,26.697133175,14.447616825,12.709225375,0.11183509325,0.0623830063,0.99981938175,1.6592430675,1.5834627625,0.087460994525,0.9963065215,0.744931322,0.53211357525
46.053239902,5.8073732523,8.1990624903,0.43003762273,13.25229798802,5.55241550198243,0.0203351921519,0.005625305347974,0.02635881526032,0.0015997448696,0.1940782958409,1.2958576079,0.043155075252,0.94286138739,0.59261601069,0.50190460108,1.18156305994619,0.204706418026634,0.896726153377172,0.119368831733845,3.55310820148679,2.94469567979314,2.89357456273514,0.0195213331636908,0.0762926754030932,0.227634005661282,0.378838010698911,0.0692460402238882,0.00743007408468718,0.0381276520763643,0.0959658507995544,0.0142203418341418,43.775951775,5.4353454775,6.67639521,0.1943989975,6.5351903525,-0.0424115239749999,-5.4824409,-0.031048758175,-0.11834008125,-0.43129698575,-0.51671961975,1.173321615,0.02988162235,0.85192200875,0.42286939725,0.47560959575,48.306349475,6.24506179,10.13135705,0.64967175725,20.4059819,10.87562525,5.576179885,0.0467777802,0.17674332,0.43867132075,0.9489554045,1.4429724625,0.059962763825,0.9948470365,0.7902028425,0.532235755
47.247482341,5.5070174585,6.9751223333,0.2939067319914,15.25573377649,14.3323692799,6.426542976247,0.016205838268304,-0.10634441929906,0.5055683507076,0.395871416286,1.3573812725,0.055666124954,0.94133056753,0.5752873159,0.4921778993,1.11758814568978,0.216560355306208,0.743284511750139,0.136122258017076,4.93995804316252,4.22146246302218,3.08648323337549,0.018818477690127,0.0772087229991609,0.242809897166459,0.3549730519219,0.0957007496479826,0.0096242343629138,0.0405334663470583,0.0968497839950526,0.0151862992594023,45.0445048,5.1106930025,5.6845846675,0.01494608005,5.346858745,6.035480645,0.6631285225,-0.02060961115,-0.263545211,0.052167517975,-0.312133369,1.1815883275,0.037552795525,0.8429488445,0.3975834615,0.46245633925,49.42512745,5.960588205,8.537149995,0.55915733375,24.436580375,22.64385705,12.620828575,0.051952100725,0.03892793085,0.9928653,1.04420286,1.567117475,0.0752438017,0.994875911,0.7724899765,0.52061591275
46.71773784,5.4480497191,6.3108976012,0.46196034319,21.2634777037,14.4933645582,2.4572816440489,0.000829601389001,0.003028751606805,0.193311369932446,0.066882404285434,1.3297094233,0.064019284,0.92343510779,0.359355764945,0.54158141136,0.901719562920093,0.186833688911101,0.686875583998318,0.107902902728611,4.49190030743399,3.89244984907298,2.93040084462124,0.0191788821904756,0.0724976631762962,0.230531084584278,0.339363098382049,0.0868051426929787,0.00915391473736978,0.0295775481558742,0.082527023862953,0.0143668289991585,44.87525765,5.11790242,5.10604242,0.2555603125,12.95495545,7.0795301775,-3.117283095,-0.0355765783,-0.1408235885,-0.24523288625,-0.57031885825,1.1630081225,0.045967903375,0.858729678,0.20710114625,0.51452445025,48.451036825,5.823309805,7.82133452,0.66878554475,30.579371375,22.019000775,8.13609205499999,0.038021123875,0.142365307,0.640056502999999,0.74029291425,1.49904561,0.08240080595,0.97285474475,0.53599517025,0.570243027
46.777107528,5.5703275905,6.9318702612,0.420269445804,16.1807836486,12.3013023528,2.8952102440927,0.0021853627226288,-0.01957823702357,0.22776268252606,0.17939778088269,1.3771471456,0.047563302253,0.95874011254,0.45208374989,0.48012204184,1.03520872834898,0.206542597869751,0.783208318466098,0.124411621467589,4.3518113379596,3.85067800686523,2.90574142091861,0.0182420709379816,0.0728791323343851,0.228591157365337,0.352878413654639,0.0856107631904397,0.00827864175356357,0.0311391466610351,0.0949899718152064,0.0146484721125084,44.809546475,5.198700145,5.58529248,0.17408069975,8.15665753,4.855002715,-2.8977714825,-0.032952265875,-0.17015945175,-0.22796417325,-0.4901950355,1.2216904025,0.032571338275,0.88350500275,0.27923194475,0.45300369975,48.92337735,5.9807614625,8.6267244475,0.66700851925,25.154956175,19.784977725,8.34453367249999,0.039965240875,0.11949064425,0.656454356999999,0.91863226225,1.5504290625,0.065603261225,0.99776109725,0.65191109175,0.50934683325
46.163365172,5.7584016049,6.6463811179,0.17068996638598,14.4954464064,10.4749475319,1.0873178069304,-0.0064288818963259,0.021029662649023,0.085537974527259,-0.2140452754216,1.457651995,0.047474593161,0.91010450563,0.2246667878528,0.48027916284,0.996353664575152,0.202472966439918,0.70464695313702,0.102786953573029,3.98157535242567,3.0657263318199,2.90120095271745,0.0220047161138632,0.0789816724213484,0.228233964550812,0.399133562261384,0.0901531915968202,0.0101336674322968,0.0644973754502315,0.125644938968201,0.0141144803680545,44.32127455,5.38097684,5.4019923225,-0.02968919655,6.523909245,4.311868065,-4.5584774025,-0.047983050425,-0.1499427845,-0.3586098995,-0.97032371375,1.2893531825,0.0302412638,0.7553953905,0.014008726925,0.45333829325,48.2136727,6.18227841,8.1099452325,0.372428593,22.191397625,16.51774315,7.2798776875,0.0398479727,0.17338025525,0.572699157,0.611479219499999,1.6387475775,0.068636388725,0.99764754875,0.4563549605,0.508649419
44.097449837,5.7590928111,7.4110309297,0.09652445162334,15.9399212041,9.148670187,2.0763863137361,0.010227168088127,-0.012458783624386,0.1633467959157,-0.06300804220693,1.2365577861,0.049586303692,0.83779013146,0.61126602687,0.48561186332,1.0980351132386,0.201900553161564,0.787499184230038,0.122148015049144,3.29885062952423,2.77412087442546,2.42605302704386,0.0215726096897657,0.066863863727003,0.190854652602603,0.367445319580657,0.0650626318527887,0.00951356299659679,0.0608053350142136,0.0978377440910197,0.0129913615045272,41.980686525,5.3560655725,6.037214585,-0.13909482475,9.7793216425,3.441091195,-2.43832535,-0.0347861982,-0.145802303,-0.191820102,-0.83499915775,1.1183626025,0.031294752475,0.705572623,0.44541832,0.4611456115,46.195518525,6.15902391,9.0526038075,0.3588312335,22.33162335,14.22674805,6.779909235,0.054731314975,0.11708630875,0.5333672445,0.67421141875,1.37240351,0.067232134025,0.95854075925,0.82055151325,0.51275052225
44.484941438,5.8293220882,7.6727832168,0.09220438136612,10.710334970267,9.33233447426,2.9357165615014,0.00333739507319389,-0.035078401941669,0.23094926549582,-0.0032137800898,1.3838610919,0.052095488645,0.95449098036,0.47240827598,0.48948111648,1.09441122839163,0.221562108691353,0.839326089476668,0.118234670732263,4.21279441519077,3.49826583288004,3.02211132303852,0.0206058107331526,0.0791219436075925,0.237745836689331,0.39112932011059,0.0834882656400672,0.00758636828306614,0.0284216562063917,0.109344325929562,0.0160877816817079,42.424450575,5.42561655,6.29821782,-0.1483903505,2.42044539,2.0559468125,-2.9863336575,-0.038501967725,-0.18359310175,-0.234931254,-0.8151142915,1.231178235,0.0380257941,0.88371671625,0.2514852405,0.45913652775,46.776024825,6.28160144,9.6791862225,0.3132201735,18.581132275,15.73064025,8.661578105,0.044361924825,0.121127678,0.68139585925,0.7643504445,1.55257641,0.06776623595,0.99545232,0.7039649435,0.52425362675
47.121145458,6.0468426016,7.1415525878,0.2976450110994,12.32437267449,10.83378098575,-3.9750531626749,-0.04980158707641,0.16126760912774,-0.31271261679674,-0.8057642089562,1.2812214307,0.051988211396,0.90243688037,0.42148318386,0.50644696488,1.067666156685,0.219097580395167,0.805158293650237,0.114578906669187,4.17046869070082,3.63060609307574,3.09502369215414,0.0219457394638721,0.0818226435769337,0.243481764303792,0.402482314391464,0.0870834519622341,0.00988712526007052,0.056023548134275,0.0921178758433651,0.0143824690623621,45.0844249,5.621117285,5.8049359275,0.08143828925,4.5172036475,3.3547472925,-9.764912825,-0.089629802275,-0.0076942839625,-0.7681938685,-1.570791975,1.119150185,0.032723635925,0.7716155245,0.2493213025,0.478801349,49.1175243,6.4761590375,8.958133825,0.535021376,21.029575425,17.682474725,2.28485883,-0.00543269875000001,0.314208181,0.1797470685,-0.00218397941000039,1.45671698,0.071409936575,0.981425799,0.60680934975,0.53662579725
45.367432523,5.3648610245,7.8171265362,0.358123118651,9.7126868713726,7.5464342248664,1.2936157275859,-0.0026514288254773,0.001189802335409,0.10176718228904,0.143903103348514,1.2229915324,0.045435366199,0.88774747214,0.52369710569,0.50360448636,1.11736843754404,0.188336508207443,0.829591101078571,0.11115370556907,3.48715540932673,3.06501291655949,2.62978412802935,0.0188285296109239,0.0691326318722737,0.206881931701694,0.342268799827925,0.0727358417766794,0.00893498643565821,0.0510423887551823,0.102156996672999,0.0131319446850052,43.248677925,5.010229145,6.414527625,0.1417554135,2.4842577875,1.4213301175,-4.0681275475,-0.039318672925,-0.1274754745,-0.32003466125,-0.498845323,1.0933260025,0.0295863466,0.77359552175,0.34224771275,0.477895731,47.720123675,5.7523731025,9.669234375,0.57956045675,16.445801225,13.6001306,6.2006539925,0.0340364713,0.13873606675,0.48779793275,0.825438698,1.371526935,0.0633965954,0.979048013,0.7497623265,0.52844142075
45.094638173,6.0157754456,7.5194187585,0.4119550924,15.2918846675,9.975815305,-0.9996478804629,-0.017361196899656,0.07570623619258,-0.07864108766272,-0.21644452350361,1.424610256,0.046094073021,0.97479112854,0.356110073332,0.51323432485,1.15430739721489,0.203777483085139,0.823265921068809,0.103381847372746,3.6213600143452,2.90651028826525,2.52697776789243,0.016345937414712,0.0658703210308393,0.198794279699615,0.317318136459781,0.0824490216102893,0.00696039689717668,0.028096907068323,0.115309597702772,0.0146788278595822,42.743425325,5.6230956925,6.1506345725,0.224016159,8.3485514275,4.43454574,-5.5986336275,-0.052068572075,-0.05586964725,-0.4404377265,-0.8259547335,1.280760375,0.03290600245,0.90277168025,0.1442322425,0.485550526,47.2681917,6.4299877275,9.2403845475,0.62411356275,22.692081725,16.052506075,4.0699993,0.013803386075,0.1983092365,0.32018191275,0.40651718425,1.59558688,0.059758717375,0.99949724025,0.5730850625,0.543061115
45.983345955,5.8876047726,7.0844332377,0.5725257841,21.60203785,9.21934502702,1.5687452287821,0.019503357710943,0.00177207241769,0.12341128682792,0.38385210652941,1.261776366,0.049414580545,0.90714467255,0.54164742572,0.5152008586,1.03285837759036,0.202180361436475,0.759518700980222,0.11937991238078,3.66627893144171,3.13615767869025,2.9557216090538,0.0199314787333167,0.076549642352193,0.232523038366133,0.369437971996597,0.0780699060463806,0.00929006289506708,0.0444209408546322,0.0911522692583835,0.0144580309540347,44.030939875,5.514563245,5.736312675,0.33218602075,14.71385725,2.857928635,-3.8815383625,-0.017759766575,-0.15109236225,-0.30535592275,-0.3186860915,1.1167623875,0.032108136075,0.806827122,0.381592191,0.488170948,48.101088825,6.300639345,8.70286623,0.80031746225,29.207740775,15.286092475,7.40960562,0.0591577137,0.145552341,0.58290470175,1.1077473925,1.424155355,0.06756186825,0.982920249,0.741369013,0.5446418705
46.809902545,5.6152393904,6.5128883058,0.355151431668,19.43965355825,16.4703613081,10.58342901461,0.046237747990198,-0.20970644055958,0.832585539905,0.91657893022256,1.3561453335,0.058988691293,0.92317217352,0.68760565599,0.5342066416,0.941665483947942,0.213504181031662,0.756450201777324,0.147658642604561,4.78607932411091,3.52614689775411,2.97627666601813,0.0234506290328739,0.0794347575462324,0.234140079851619,0.41569901504218,0.0815720303605974,0.0107941654594841,0.037616432529485,0.106389725423351,0.0157850642942287,45.01287925,5.2028225825,5.198677085,0.075971266075,10.318732025,9.465872545,4.444396145,-0.000818828247749999,-0.3558780745,0.34963526025,0.0978999514750001,1.21034254,0.036716454725,0.838633379,0.50324181425,0.50360155725,48.647896325,6.0234100775,8.1906260025,0.6367617945,28.54403605,23.65642635,16.087996675,0.08949555605,-0.0444332709250002,1.2656231775,1.6300488875,1.5326577625,0.080085538925,0.982003327,0.91591883275,0.56734017325
46.661250048,5.98371884,7.214368468,0.2383347237135,19.3339138922,13.5926958771,0.5155245619363,-0.0135924781519851,0.051786211144571,0.04055569280167,-0.37718314118531,1.2545594534,0.044966041077,0.82457697258,0.402394048475,0.51477522552,1.09200447200308,0.219784274110769,0.739823307811522,0.0945246073241874,3.71677075503025,3.47750084589921,2.98746019555973,0.0193360295633831,0.0761939021271185,0.235019874603938,0.360466847565202,0.0899875750837612,0.011732194651711,0.0744205149196389,0.117750595263276,0.0146078707824631,44.3997512,5.5712985425,5.9024418425,0.047215569525,12.26034095,6.6160260975,-5.7814751,-0.051895544375,-0.090379628425,-0.45482164025,-1.0767233075,1.0873985025,0.02117825875,0.65001302275,0.1644843365,0.4864413795,48.857856625,6.4049837625,8.8809997,0.4136764065,26.2947337,20.405166425,6.1702141325,0.024894162225,0.21272501775,0.48540326625,0.352252154499999,1.441554025,0.0671810135,0.94386291175,0.640583723,0.543374481
45.088354576,5.7384863167,7.8600526583,0.3033891709105,15.7454253741,9.75344032548,-0.1897727167486,-0.009413062489123,0.052471369177063,-0.01492918987075,-0.19911493265413,1.2498106336,0.055858443124,0.8839808201,0.59831100409,0.46968767134,1.12708197003271,0.220883650054776,0.858779135846093,0.127939695864899,4.21009262077164,3.406513565934,3.03484834604625,0.0230073572366307,0.0812072262167601,0.23874784303249,0.401725008421946,0.0804372182859356,0.00994853221889088,0.0444454120529144,0.0972312565709358,0.0135521794440906,42.77415275,5.3176201675,6.4334982775,0.033799245425,7.5225219125,3.44604477,-6.500324195,-0.057948507475,-0.09648629255,-0.51137263325,-1.03236556,1.1013357825,0.037435771975,0.7903649785,0.41444691925,0.44374828225,47.2306052,6.18768173,9.7353738825,0.54734229825,24.175854175,16.689840775,5.3339973875,0.034460964625,0.2240449205,0.41961910925,0.576736728,1.41037465,0.0754517754,0.9618582055,0.7969411785,0.495704698
47.626609892,5.6311463626,8.1513957856,0.34189893403624,16.7087799235,16.2210697244,2.9601156861491,-0.014174080235005,-0.00235300263672,0.23286871496795,-0.12639622102558,1.4274181804,0.066575592421,0.92853570676,0.53754898401,0.48341262626,1.25319284387502,0.212528487361518,0.892788338079356,0.129723508712963,4.3363560951626,3.59104365629895,2.72331661715298,0.0179619485308062,0.0705647151184259,0.21424001904148,0.339063162719558,0.0969272814872992,0.00955263331748945,0.0333634628408475,0.0937819870992687,0.0131484325763657,44.955396375,5.2205402275,6.6480537975,0.091229994525,8.2060340175,9.5015147725,-1.958783355,-0.0495700906,-0.14201608075,-0.15409512075,-0.78549471425,1.253753585,0.04636787325,0.853376899,0.36779624675,0.45896578525,49.8608404,6.0677016475,10.199479975,0.5987743155,24.534285775,23.149455625,8.2514028275,0.021809239625,0.127153255,0.6491278685,0.541773772,1.6303811725,0.0861496747,0.98503564875,0.7413831305,0.50832327075
47.134056756,5.9512259712,8.0165328715,0.16526826189272,10.723869428945,3.9205994798577,2.686683043998,0.026510982773546,-0.054498446353474,0.211358100465758,0.36811000080194,1.22155825168,0.043123310638,0.93156977757,0.40263676576,0.52146164636,1.14196033838337,0.225103420169831,0.813013581803259,0.106492378439695,3.801897804708,3.04950209393896,2.69951019151754,0.0179538964353029,0.0699858284274838,0.212367196752088,0.343882920706687,0.0758096892490876,0.00792469423844717,0.0556359130923251,0.0773352341642588,0.0145256637061546,44.973185525,5.5209047,6.6302160375,-0.049066109425,3.0609724325,-1.85364746,-2.468612275,-0.008268879505,-0.193644462,-0.194202736,-0.260653334,1.079650715,0.02883467475,0.7846942445,0.2503259855,0.49572982775,49.46628285,6.4211687525,9.7961649775,0.3791222455,18.509350975,9.8583547575,8.0344730125,0.062048185425,0.0799191643,0.632062251,1.04241601,1.373948525,0.06126307205,0.9965640755,0.56045941225,0.5511564985
45.832526036,5.7310702061,6.5329509928,0.3458313054821,23.3574074682,14.9766581483,-0.40705476323741,-0.017213547734454,0.08373524361058,-0.032022504949266,-0.44759656357374,1.3890684535,0.047433592264,0.96336792102,0.56098715612,0.48617221378,0.968569582446929,0.216634004458793,0.709892556643117,0.128185506549996,4.09652655824411,3.23917083498992,2.62819436520345,0.0175530899695965,0.0677197113340727,0.206756866868228,0.338369421527495,0.0883981867494951,0.0082473416143195,0.0290764760665863,0.0961898765897072,0.0135946814582238,43.866927525,5.3070612525,5.23579983,0.0948561558,14.73819945,8.645004465,-5.2397295725,-0.0512961606,-0.059447650875,-0.4122031745,-1.0824088275,1.227058445,0.031610543725,0.8903512395,0.38625380925,0.46266368225,47.70634255,6.1530826375,8.04729438,0.584246245,30.76175935,21.5999964,4.681257255,0.019225022775,0.20722695225,0.368268837,0.247773278,1.5771509875,0.06411765105,0.99884849275,0.77462615325,0.5145139145
45.440177482,5.6299943493,6.5574677299,0.515058536301,16.6180150882,12.4185413261,3.75246458787716,0.008872724228481,-0.042463056548267,0.295201843466925,0.38551186535958,1.3197057641,0.053118965892,0.96282167984,0.42918318381,0.49876132517,0.948767587712811,0.212027516393941,0.715042981172923,0.117824027322657,4.19628157946266,3.54919523098639,2.9793891058958,0.0201652389075147,0.0773514985792857,0.234384931619806,0.373117149710894,0.0892688765528331,0.00811895796683303,0.0274785627638041,0.100659697929619,0.0153042027761154,43.505316675,5.24182066,5.3249824225,0.2823286915,8.3880236,5.448034395,-2.0080736325,-0.031105751125,-0.1946143935,-0.15797272325,-0.35974505625,1.1611496225,0.038160902375,0.90039762675,0.253375758,0.4698217085,47.269994075,6.0560592725,8.0816881075,0.744186805,24.809836375,19.1245812,9.913185185,0.0500643847,0.10678653625,0.77985826875,1.1064651675,1.5083000725,0.07001738925,0.99734507825,0.6483450325,0.52906327175
42.857324166,5.7957357498,7.5212486077,0.2825399043449,13.41688177638,13.1626555665,6.675290439337,0.019085847703863,-0.11881990806763,0.5251370123355,0.47550614329321,1.4330492386,0.042860506089,0.83855092424,0.322840611315,0.5031153983,1.02332580446558,0.208122818844206,0.796621545824819,0.0944133547531924,3.76280338964243,3.46592278554392,3.34104596806442,0.0307838943537919,0.0938005820743106,0.262836038740237,0.503568273222632,0.077425545409615,0.0109096729780486,0.107681964120465,0.132678910149969,0.0142392014697128,40.874390875,5.39569874,6.1713965675,0.099516408,6.04489603,6.8073091175,0.0717467035000001,-0.047024500125,-0.2945476195,0.00564422622750001,-0.53381857725,1.29098442,0.02396721555,0.6117744905,0.066367349225,0.47779966125,44.8046675,6.20151587,9.230135695,0.46674373225,20.787389075,20.094519825,12.761397925,0.081095965,0.06439169405,1.0039236675,1.493339245,1.596104075,0.066720878125,0.99388691225,0.587381624,0.53157008225
46.870616648,5.7393886528,7.8355736392,0.3432384413413,11.621388761263,14.1479785597,-2.7567109119281,-0.0579102454032,0.14400114543091,-0.216867108035056,-0.804972703712,1.2037506845,0.042860034855,0.94509342268,0.6620370335,0.50065125372,1.11160749715977,0.203083684493359,0.799992055574774,0.126701185779842,4.02238371049886,3.19483975181308,3.00794954749736,0.0190245324820214,0.0779287274764794,0.236631747131873,0.372513241798542,0.0757895149992948,0.00777405071360314,0.0438361387440613,0.104624003538447,0.0155185036604309,44.83579935,5.3636318775,6.474571365,0.093540558325,3.584983065,7.7372196325,-8.33829502,-0.09105908385,-0.0158968781,-0.65596357275,-1.46846585,1.0619319675,0.029102813575,0.8367902,0.472534876,0.47253494075,49.0761564,6.1629508375,9.62977189,0.58371239725,19.063918075,20.322146125,3.4025458875,-0.020394455275,0.288745561,0.2676741605,-0.0501867243500002,1.35701676,0.05908070245,0.9981980995,0.8848373995,0.53173259425
46.203412966,5.698753845,8.191882481,0.34489700277008,16.9448330518,14.2945047848,2.3759891829689,-0.008967168939226,0.00428881914082,0.186916190864071,-0.082005490995894,1.5450257068,0.066326936691,0.96298729803,0.59601879544,0.490514921,1.26878444975201,0.214406176684387,0.856731372019606,0.143243797993925,4.58908814228605,3.444087132409,2.79202270239615,0.018846053042065,0.0733982200922826,0.219645043714095,0.363206296936113,0.0885292631219606,0.0072094293740919,0.0224977012313195,0.0967260525458452,0.014227299346292,43.78187985,5.2871549225,6.6999992,0.079119854025,7.63067655,7.7730767225,-2.85483634,-0.0455602992,-0.1340559445,-0.22458651975,-0.79688801525,1.3884468275,0.0532607348,0.9118226355,0.429853704,0.4635009585,48.614159125,6.140697235,9.9679747075,0.6272206245,25.867804025,20.980635425,7.56205631,0.0253879356,0.14827813575,0.594897816,0.6108419385,1.7420487675,0.081029354625,0.9952748075,0.81205159675,0.51820625675
46.947467552,5.6007951469,6.4175113489,0.2875410874794,15.02124027679,11.1227868815,1.741467745283,-0.003449079373574,0.0062735286447,0.13699915773214,-0.04498765189725,1.3520648756,0.049351960304,0.96691725707,0.43553103722,0.50954447742,0.997214471573054,0.213798673554546,0.712301468194581,0.1148285268871,4.26743247079766,3.50855384897285,2.73586179236963,0.018477941609611,0.07048631494646,0.215226932753548,0.341128802248061,0.0812152868940388,0.00828079316300808,0.0282924651214142,0.0862243764647218,0.01485225924933,44.947075125,5.2035363625,5.192782315,0.05456191305,6.276473375,3.976690425,-3.6971169175,-0.0387447351,-0.124190893,-0.2908477115,-0.71904791025,1.20097539,0.03480806805,0.8968487175,0.2814448615,0.48039117,48.9874342,6.0343894675,8.0221187175,0.496610847,23.755575875,18.17720615,7.026111335,0.032452287075,0.14006931,0.5527356675,0.60705805925,1.52915276,0.06633287465,0.999261169,0.61338275125,0.5375157745
46.876281865,6.2654359506,6.6972827784,0.310540393829,14.9720748015,5.95487988725,-1.52075285641102,-0.0033481715039934,0.070471495186265,-0.119635784918941,-0.14392477421274,1.3404031565,0.040838529572,0.9455849611,0.55296457857,0.49258510674,0.952570390873184,0.219240124103197,0.732267353586154,0.122635445895851,3.72746227790968,3.22383316595192,2.65898967044165,0.0191471006592661,0.070708119164699,0.209179496187529,0.361891457473952,0.0801541670116023,0.00774486859727845,0.0464554119054815,0.10500117078513,0.013626274798721,45.055300175,5.8659660225,5.4214942425,0.07510074135,7.95115317,-0.0965280144499997,-6.7508671075,-0.04202454895,-0.064409311975,-0.5310825345,-0.87191178075,1.198994645,0.0270369224,0.82544436775,0.358143284,0.46624643475,48.749436025,6.68946205,8.1927078925,0.541822088,22.19070525,12.230837575,3.649316325,0.0335183699,0.210186584,0.28708729725,0.5739558425,1.50505315,0.05741431205,0.9979947695,0.774293239,0.5197279095
45.532154621,5.4976424256,7.0517838248,0.16506627651776,12.85383922697,8.974387070832,-3.8773120514805,-0.0392827320016019,0.14958021403283,-0.30502344213242,-0.8072197524047,1.3720514724,0.0684236992,0.90626851319,0.205973500968,0.51039683042,1.02645379075816,0.201579251254846,0.766777991424523,0.0942988684273358,4.16004574544647,3.63158182888167,2.96513050109748,0.0242624475686609,0.0791877279053755,0.233263224311863,0.407296430074194,0.0783018876495843,0.0101511142787644,0.0402316292655513,0.118427099471878,0.0157905205744415,43.658649875,5.104324165,5.822565385,-0.0115199478,4.8999372,1.8466619475,-9.79948723,-0.0852531232,-0.0032146384075,-0.77091379425,-1.606083395,1.230835415,0.049179282425,0.82163783225,0.0128500636,0.48264755325,47.7424173,5.9069820675,8.6704689775,0.3506387925,21.214084,15.97761395,1.8518737925,0.010529831175,0.3042843985,0.14568466575,-0.00323410815250001,1.5272079075,0.087766229825,0.98279883275,0.47134832625,0.54431373975
45.357497174,5.7365231582,7.1541724194,0.379259605994,19.5602809541,8.753783060761,2.2764653740888,0.02198296408842,-0.0198468349325,0.17908677320359,0.2985410340996,1.2957528306,0.047292398131,0.85724358872,0.49258532494,0.50457704007,1.08733041532257,0.192909802983717,0.805377247659318,0.107451723079482,3.70862590498122,3.40090693297146,3.04359562883013,0.0250956841412872,0.0817672726081146,0.239435981133999,0.437541939719085,0.0766153723600278,0.0106326935132029,0.0652317447874823,0.0976929652490146,0.0147814469109615,43.248736525,5.38832875,5.75377411,0.158467419,12.0815108,2.0043181875,-3.652044995,-0.0270729332,-0.18000997375,-0.28730196125,-0.5818863795,1.14944801,0.0291032437,0.7172229925,0.29881347925,0.476267422,47.48136955,6.1475638525,8.860341975,0.5901966085,26.262777675,15.255709825,8.1996552075,0.0695736496,0.1380635775,0.64505694275,1.12632871,1.4634349525,0.068448691675,0.9806653155,0.692351312,0.5348793905
45.002269122,5.7925497696,7.5635107454,0.4431619368673,17.1134200638,12.88278793197,-0.5566008785878,-0.02328370819656,0.07767662236126,-0.04378711688008,-0.28989247183958,1.3116641231,0.054788259696,0.91088787639,0.71285865517,0.50441410984,1.1039913883889,0.202155726966588,0.791215507178991,0.143165383265495,3.82563330616732,3.22181595933562,2.93074646124652,0.0210658600987742,0.0770381761819182,0.230558273899523,0.393276322354665,0.0733141258041593,0.00972844230249027,0.0478122093176579,0.0990938709632007,0.014376163858126,42.9509454,5.40112575,6.2405881775,0.1588548025,9.52833658,6.7018085725,-6.0031650375,-0.064131996075,-0.076754600225,-0.47226172375,-1.023669695,1.1784169075,0.0379688719,0.7968150965,0.539951823,0.478599764,47.050637025,6.18510871,9.30554211,0.70868390025,24.45291245,19.188003,5.318539825,0.01899563705,0.2222165435,0.41840308925,0.518020339499999,1.4561690275,0.07570379225,0.9797578185,0.94601304225,0.53175254875
46.584909279,5.3218833907,6.7790581453,0.20951356080907,21.0236515673,10.71964787375,2.505214781855,0.018007930460714,-0.016575593196942,0.1970822120551,0.050275778490194,1.3297300435,0.05344314998,0.93374474064,0.374984057496,0.50943697997,1.06798671012647,0.193833146915358,0.722569594705664,0.103153029540187,4.05377591653892,3.52222550603162,2.51247853496746,0.0179867333318222,0.0653179200690239,0.19765364270462,0.322182496855379,0.0742582722037924,0.00913344424905685,0.0323443361783798,0.0886063821667526,0.0136101806698088,44.587400675,4.968437065,5.546311885,0.012751620515,13.127219025,3.9149948525,-2.379073195,-0.01660268495,-0.1434103315,-0.18715880725,-0.55213743575,1.2024206325,0.036000897575,0.86098454475,0.192269908,0.48542283025,48.83701445,5.7162125425,8.2866534325,0.4098647815,29.1179418,17.220302875,7.481234255,0.054096744925,0.1146058665,0.5885396395,0.676345737,1.4818933475,0.071529659025,0.987534537,0.54533711125,0.53638261175
46.047659676,5.8322379149,6.4211264847,0.24083512186587,10.9919990611,7.5533919070017,1.43137242572033,0.001312614068115,-0.002545277236678,0.112604334690497,0.05449635889776,1.2814045744,0.051379570152,0.8781552433,0.60113971902,0.48960897173,0.932709665411745,0.201335586174165,0.696692812653613,0.119862090852095,3.96758294539115,3.63017727399825,2.80484246068408,0.0234639198422642,0.0743332578887491,0.220653558227255,0.399313682598547,0.0711783629484994,0.0100099691154419,0.0574290224850067,0.0963394474370406,0.0138215639840657,44.279066575,5.4682351475,5.1804769975,0.012473365675,3.38871813,0.2306124045,-3.8385326075,-0.045245293425,-0.151510787,-0.30197270675,-0.7306081815,1.148698235,0.033509563275,0.751307983,0.41477694475,0.462786225,47.8611862,6.2568424125,7.86112785,0.47067409225,18.11601805,14.2861269,7.042655725,0.0474825333,0.1427829105,0.55403719475,0.8307883905,1.42388079,0.072212862825,0.98111216175,0.8005671775,0.515707397
44.581467345,5.5680164247,6.5882600409,0.2902437368602,11.87952189828,6.046338160355,-1.231148922563,-0.00892486265035,0.06299172777845,-0.09685299397614,-0.15461701477627,1.3473527069,0.051150860937,0.92652651206,0.4211693308713,0.48900418032,0.98225648058925,0.21181174764783,0.797818967955637,0.110963207081158,3.85756052667332,3.34746974281791,2.96361348833582,0.022673975071453,0.0779163041720895,0.233143882886377,0.399502000844411,0.0828082715553808,0.00923284169101556,0.0478698925415676,0.12499569913698,0.0145315168494832,42.76007175,5.1783540725,5.2330587525,0.082706075,4.4807733075,-0.87383378725,-7.423849705,-0.05646779485,-0.089692649075,-0.5840252705,-0.93817589925,1.199488375,0.0342258093,0.81630720075,0.050019183525,0.4625956185,46.6713975,6.01576337,8.2176386,0.49790478325,19.358248925,12.41565,4.3144608075,0.034735060475,0.22215634975,0.339413402,0.63958148025,1.5188040175,0.071093712225,0.99579803625,0.63779862925,0.51825624775
46.892018426,5.1867053052,7.3467106317,0.22093915127876,8.13269426302,1.825853662113,-2.4639791320845,-0.007176468336353,0.07626136280528,-0.19383825320429,-0.15962670645393,1.2855275802,0.046008757806,0.91117550549,0.52418635172,0.49728054321,1.11519628159466,0.192833555231725,0.75477667104718,0.120952757984595,4.2525642874401,3.66616108818372,2.77465108830386,0.0184363753358494,0.0705396312763075,0.218278439450617,0.344380975368079,0.0860356819149522,0.0097404915154498,0.0482701558809323,0.0935113710086621,0.0137787452314576,44.603893075,4.84096235,6.0259166225,-0.00859171046,0.65620551525,-5.330351255,-8.0302225175,-0.0408799802,-0.0613081563,-0.631727877,-0.8096241515,1.1220562,0.028709668025,0.8091995325,0.35705929225,0.4709658055,48.85353825,5.58420047,8.908497075,0.4594401535,16.741442275,9.02399468,3.1583952825,0.03007024235,0.22193880675,0.24846712975,0.5096740085,1.4558156025,0.066163029975,0.99103968525,0.7263288495,0.5250478865
44.227695351,5.536137943,7.9416884688,0.55250557668,14.3897644265,5.824644046905,-1.504884387707,-0.003998314001273,0.0694060449216,-0.11838743185303,0.10369076448365,1.4097430694,0.050866454546,0.85896017768,0.24638115241158,0.51459907281,1.16744392607115,0.203291280011053,0.917703629520255,0.0984385855521493,4.01530866215018,3.54240026620246,3.18966799528392,0.0290813259201918,0.0889482636883603,0.250927317157328,0.480362740519462,0.084755016682248,0.0112678574986326,0.0899003790584324,0.122822803011942,0.0166522438142985,42.20934685,5.19043411,6.4298071225,0.3495916985,6.1755230225,-1.7685775675,-7.9263924675,-0.0572860155,-0.107772891,-0.6235596975,-0.763810217,1.26510608,0.03208382415,0.6654276405,0.0273123204,0.4854847055,46.74579235,5.9724697325,10.02434065,0.7433620375,22.08930835,12.4381917,4.9994649275,0.05598757615,0.24914767525,0.393301846,1.0461989075,1.5922863475,0.0753948136,0.98600985875,0.50874372275,0.5484252655
46.278321582,5.7286738469,7.2426723941,0.23628659110579,12.211805804101,1.41698911752453,-2.7829744078824,0.0019635592287651,0.08300661450401,-0.21893322542777,-0.13082351138718,1.3242045784,0.047465929476,0.94439253249,0.36909833887,0.51986844846,1.12605634729176,0.214963469941949,0.786803409086049,0.113196066159262,4.42812016504043,4.13617053021698,3.12649598422972,0.020676886457824,0.0798139710006201,0.245957652118901,0.387986901487299,0.0933606386359732,0.00934943744744197,0.0438523530775126,0.0968155001776367,0.0152005451944548,44.1046129,5.33529262,5.9521161425,0.01632577265,3.3370233375,-6.9967406325,-9.120995965,-0.045141854925,-0.0746852137,-0.717537702,-0.97473255175,1.1536361375,0.030881546325,0.8275314365,0.189296292,0.49158814925,48.522483925,6.162671555,8.96570598,0.45681074925,20.761345525,9.6388483175,3.37512128,0.038812873475,0.23727228975,0.26551669825,0.6201055125,1.5126957125,0.0668730358,0.99743463525,0.54712078225,0.5499292965
45.768835105,6.017737639,7.224068284,0.3604391954858,10.675293730355,12.0512651504,3.67961151206289,-0.003894405608143,-0.04225027018392,0.289470580317051,0.19807786966627,1.3241998986,0.049494383403,0.93107578733,0.49683839053,0.52080382169,1.05558872041939,0.20925139678483,0.754364272701914,0.111399728028837,3.73027736578426,3.14858101274974,2.76739294205195,0.0208417817952573,0.0733524686529419,0.21770745043853,0.380845759759957,0.0811186939151092,0.0084734328700633,0.040696414026225,0.100631409434449,0.0141559845606574,43.6471784,5.640185955,5.926600795,0.137479767,3.1482854425,5.8599098275,-1.57539375,-0.04591584435,-0.19084723125,-0.12393432325,-0.56799288575,1.16760177,0.033874958575,0.83850351925,0.3148825915,0.49475741375,47.78030045,6.439164435,8.79686746,0.5830067295,17.923476625,18.380607175,9.299065275,0.036542194325,0.100117742,0.73154620575,0.93890248325,1.49270489,0.068045757025,0.99348924625,0.70164886625,0.5501873085
45.726437399,5.6913653599,6.538097348,0.3371652837299,18.8009177323,14.7063605174,-0.8462979247589,-0.0298286226191458,0.09444198718891,-0.0665772326405,-0.533617222605492,1.22354260002,0.052321994577,0.91060359551,0.70102818818,0.49308109726,0.997427577460928,0.225318993229504,0.739560681321254,0.134100697106211,4.36262695809125,3.72033649950147,3.02839855126481,0.0244045892548422,0.0812136367123825,0.238240445325267,0.416272584621476,0.0875710748799515,0.0106448284446343,0.0504848301104585,0.102133544153577,0.0145654697608949,43.742255925,5.27659223,5.270263935,0.084794366425,10.389543475,7.6930368825,-6.6107104875,-0.075788550125,-0.054919645375,-0.5200565885,-1.2725592125,1.0784733275,0.0334576925,0.79845015475,0.5223827,0.46626876125,47.731861575,6.16228183,8.02610539,0.61555593775,27.697580725,22.128491275,4.728174165,0.01715209545,0.24711896625,0.37195973975,0.30738172275,1.40757094,0.075565654625,0.99213511775,0.9211583475,0.52201912175
46.279065293,5.7388760461,7.3507380799,0.354722268528,18.6164499832,16.05379518,2.79042303451499,-0.010158308439919,0.00147866368023,0.219519199682926,-0.11150194193707,1.3098926846,0.051651693354,0.92253974005,0.51578281091,0.50014471993,1.14294730166362,0.215235892410564,0.813625509364619,0.117409783830173,4.12084866406338,3.65744721189506,2.72552950669353,0.0187611914519616,0.0690824756627094,0.214414104292093,0.346991253047953,0.0810074025633269,0.00900868333713947,0.0440419302328738,0.104549040867679,0.0146389129709531,43.875692475,5.3279749825,5.949739495,0.13983483675,10.888133175,8.73783623,-2.64492416,-0.047030182575,-0.1323861915,-0.2080729785,-0.79996098175,1.1642922225,0.035165591225,0.82401908775,0.3196604515,0.4732999955,48.348288825,6.1776698925,9.1251619375,0.5838591295,27.27403805,23.3996348,8.1060003525,0.02607701075,0.13906786325,0.6376892275,0.59684248275,1.47935916,0.07126697865,0.99286968675,0.73127687175,0.5303365885
46.372098374,5.5821086516,6.6681290514,0.2109622105474,13.52095574673,12.8218645819,3.69303179509279,-0.00067742331160208,-0.038881972286246,0.290526337906713,0.0249878720319,1.4771396496,0.052656063522,0.89069836589,0.48275014894,0.51768399931,1.00580617063239,0.202194556317702,0.727795246567861,0.127033027437233,4.36404439774815,3.47927453968533,3.09015549892195,0.0225099731989251,0.0806112377084131,0.243098789917302,0.39386472007555,0.0859277322688107,0.0100367290055087,0.0569572754291119,0.104503551283431,0.015651082434617,44.366012275,5.2228308925,5.3846993275,-0.036697708225,5.2819747425,6.2365713875,-2.3515250125,-0.044485688175,-0.196493769,-0.18499162225,-0.76283197025,1.32066529,0.033883748625,0.7634765435,0.2835073485,0.4864471055,48.3660087,6.0105507625,8.31369584,0.4705425905,22.7741428,19.7606874,9.6859314775,0.041854941275,0.1182502085,0.7619804965,0.7693908945,1.64679596,0.07260989405,0.98705554225,0.69663814975,0.54902036075
46.180913832,5.9335951978,7.7611494575,-0.02900583433222,7.8115460759132,4.3461486246404,-0.9044537187618,-0.008262032487598,0.045812246858937,-0.071152278435015,-0.35696804963144,1.3242097111,0.055889988911,0.92542951393,0.48827503566,0.51442056763,1.09511303024575,0.21864683997862,0.79347058518903,0.115281951442542,4.1980949654496,3.69610415542436,2.98441748599983,0.01961617587448,0.0755134540466314,0.234780508358919,0.371708688865533,0.0899785068526598,0.010210795036633,0.0391183608906989,0.104321793255548,0.0161879268347644,43.902391725,5.505606135,6.372318245,-0.2452494435,-0.162325074,-2.7085378775,-6.4125095275,-0.0466575409,-0.10631316,-0.504464357,-1.072355725,1.158103065,0.036397923975,0.8388009995,0.28853323575,0.4836138955,48.473459775,6.3767540225,9.427149365,0.18663947125,16.15673885,11.44980995,5.38552539,0.0288428003,0.1853448305,0.4236727525,0.34706032325,1.5096739275,0.076058561625,0.98909847775,0.70326832175,0.548579562
47.086093266,5.7742016737,5.8849275511,0.267103866513,20.939564707,16.8460436049,1.586561978687,-0.017073838904925,0.03825480844014,0.1248129088684,-0.39158661259843,1.4122509318,0.055224124425,0.90745734221,0.39772630355,0.48696473748,0.940094846695966,0.218276137406042,0.693237162352156,0.124202393079157,4.62286379918855,3.9459073675681,2.82946932398695,0.0195090885502718,0.0728768615900671,0.22259092407403,0.350662251044477,0.0886487350546846,0.0113415100432963,0.0473430557607656,0.0956787393278476,0.0136769078309203,45.277219475,5.368878625,4.7027201025,0.025317771875,12.0647877,9.3373241775,-3.9643251775,-0.05542936505,-0.106734487,-0.31186866225,-1.0536374875,1.2495442275,0.035032762575,0.80302746275,0.239055246,0.46173081325,48.9021912,6.196624735,7.384654095,0.4985936235,29.597396825,24.305754225,7.1782225175,0.021227236125,0.1787590135,0.5647020695,0.3102913555,1.5933224525,0.0784338825,0.993215623,0.60460815075,0.5127755475
47.027582056,5.6968509081,7.8344358251,0.25053900620399,16.55820338363,15.9929789537,4.199038306086,-0.004511607141495,-0.03735364113183,0.3303332569508,-0.03850325812072,1.452210135,0.068957563998,0.92179346816,0.59774344278,0.50691077367,1.16591765150173,0.197774200764237,0.826597309335571,0.131373592428205,4.25572058007876,3.67156827368804,2.83477828999041,0.0224971344403729,0.075971474498787,0.223008574098657,0.395912068076695,0.0918233895144167,0.0110706258391762,0.0355940271692873,0.0966209003353918,0.0142219469761248,44.951550825,5.3183538625,6.367602845,0.008707653105,8.2234756625,8.434321315,-1.416220085,-0.05218392315,-0.17975967025,-0.1114123135,-0.848910003,1.28416372,0.047496040275,0.8421347095,0.4351126945,0.48079420875,49.290798675,6.090522635,9.4976286525,0.52033065525,24.893107275,23.045203425,9.67765793,0.037329662425,0.1084646155,0.76132962825,0.72699296525,1.6307075975,0.089861186475,0.9837201955,0.79815824925,0.53630861925
46.957806327,5.9610151925,7.9102445388,0.3778097863081,17.2190028761,12.82518204795,6.2186597298506,0.0262515524152652,-0.10796310150179,0.48921442754013,0.5592457192176,1.403982042,0.05763595752,0.90507126323,0.40112918228,0.48786987058,1.31668536100323,0.220220320530196,0.844913749199253,0.117478762372338,4.20567157356602,3.46661424024841,2.97308303677007,0.0202922119797645,0.0774563235320643,0.233888841099109,0.377070287035056,0.0973576712029049,0.0122028315303764,0.0496542829297095,0.0974625281528579,0.0129157671261157,44.082083975,5.5588138,6.4167813325,0.14797898,8.742066855,5.8032754175,0.175909274,-0.012304211225,-0.26319560725,0.013838568875,-0.17445797675,1.2345313775,0.0350609521,0.788944152,0.20999775425,0.4635256185,49.261854625,6.4179601775,9.7138925875,0.60643961725,25.3055074,19.4222084,12.160172475,0.067614442425,0.04149253365,0.95662602325,1.286151045,1.6155539475,0.08400272815,0.9845347805,0.591112768,0.513209755
45.374414821,5.824965839,4.7581786232,0.2321763574031,16.46580932787,9.080870107419,2.4594833164181,0.014544516139375,-0.023268374325559,0.19348457309907,0.132290909621894,1.4511693775,0.076322689914,0.92416736179,0.52203083792,0.4868948681,0.731070135392739,0.224351378080737,0.611875224113352,0.133776108386621,5.34723629696204,4.38476761127074,3.53353049055627,0.0322972496027247,0.0971959972260781,0.277978563205625,0.532745665985227,0.0920683015936197,0.012403823128842,0.0386834848526035,0.0964577968096765,0.0155538067749304,43.84026475,5.405463555,3.7462205875,-0.03520454945,6.2126547175,0.81034881,-4.425349465,-0.051214886175,-0.21296510725,-0.34813688125,-0.934913102,1.2824369875,0.0543709339,0.83599289425,0.345673124,0.45835103,46.78992535,6.2664503575,6.24323707,0.496336504,27.318760275,17.862708625,9.18848849,0.076498468525,0.174301908,0.722847255,1.1960506375,1.63787413,0.10421409725,0.98625674575,0.71533961525,0.5193443345
46.371220244,5.6516571192,8.1888828867,0.0366503713185602,13.8912667116,13.7695140247,4.480905586776,0.001523518331289,-0.055843260900916,0.3525074141072,-0.098716238327207,1.2846642511,0.039333158253,0.86988421802,0.61232999189,0.48345147753,1.18710537175358,0.216228362666919,0.913815771150936,0.128819439988927,3.97613001830358,3.32565831748892,2.94759553457872,0.0230130246119397,0.0793053249568047,0.231883769593221,0.409466336989771,0.087714361661702,0.00993698626517058,0.0851624837145142,0.113117871268755,0.0150218003636016,43.899273,5.248894655,6.6081934025,-0.208892714,6.8835067275,7.2193787,-1.4308174275,-0.0459897571,-0.20588922325,-0.11256066975,-0.9163017885,1.13510174,0.022421420175,0.67979198675,0.4092036435,0.45543026825,48.49936975,6.0976998075,10.075377225,0.2916888085,21.895888,20.55446065,10.2477639,0.043749225175,0.10806285725,0.806179183,0.670459759,1.4741880775,0.060983499975,0.990367137,0.846537034,0.51481618875
46.112645791,6.219918478,7.6031376903,0.3869074731239,9.19235323585,9.08671409566,-0.53312987541417,-0.024188175525163,0.05863314758571,-0.041940681398437,-0.17107671245009,1.375458955,0.057488532392,0.94915316087,0.55175052889,0.50761662099,1.04937985989162,0.23457842868121,0.845612602646679,0.127671622480831,3.78480012929683,3.22245614163179,2.79704726987537,0.0215534999612966,0.0753841839892695,0.220040320157515,0.387637573983167,0.0774995960823184,0.00788654208495534,0.0344311825980212,0.111924027748039,0.0152236423738676,44.104095375,5.782757525,6.2241083125,0.15150048,1.91182431,2.9397215425,-6.0477718025,-0.067471363825,-0.085304495675,-0.47577088125,-0.91007565125,1.230926395,0.04306453515,0.8658719345,0.342074772,0.47939188975,48.069855275,6.6850725975,9.49711418,0.6619069675,16.472121075,15.363674025,4.95982832,0.01793364725,0.2151747165,0.39018368425,0.59255274075,1.5325753675,0.074048166575,0.99513858,0.78373272025,0.5391503175
45.234931436,5.8586630328,7.5285683462,0.214370575189733,14.2086911851,11.1182454881,8.43320673376,0.04308469657482,-0.1768239464752,0.663430157182,0.7748260147634,1.2350049776,0.042097695713,0.90860355565,0.50731010149,0.50090924,1.16146411235993,0.215099618163917,0.806808030196416,0.104921000132851,3.26407571234662,3.00934790045341,2.73522634943643,0.0201349395755,0.0727123913891129,0.215176943090819,0.368301692039622,0.0763181569338323,0.00744442307763043,0.0595609424737757,0.100012276809379,0.0142769974672023,43.1839096,5.4566977,6.1508297,0.003311962802325,8.38092373,4.7371746425,3.134601635,0.005053610905,-0.31916444525,0.246595313,0.1275571809,1.0964391575,0.0296226034,0.768164291,0.33302573325,0.4735141855,47.54337845,6.2727079375,9.23038898,0.424421172,20.610501975,16.968324475,13.65826295,0.081313862325,-0.03821154485,1.0744789825,1.4676316425,1.394219625,0.058301871225,0.9924760055,0.7126488865,0.5302269785
45.686913991,5.8978317217,8.1530237991,0.455432672313,18.2191055131,10.1005388924,3.6738217014694,0.022741620589818,-0.05154795241153,0.28901510252843,0.46962726862864,1.3142800889,0.046414310595,0.91141171975,0.55467218442,0.51664524959,1.20808380872575,0.210165489203312,0.877237973852285,0.11852209438509,3.58286209461609,3.043514403341,2.60228194510627,0.0195064235974052,0.0693332405578754,0.204718367963562,0.364006477238957,0.0706503035224936,0.00817858263618957,0.0452753456566647,0.10129589803504,0.013772281862539,43.3053241,5.5086427275,6.6944981175,0.20855681075,11.3814445,4.2296841175,-1.34106455,-0.014678278625,-0.18616651075,-0.105499922,-0.2186279525,1.1892169075,0.030872006,0.81453704125,0.3794275685,0.49052126125,48.01246745,6.3362764675,10.050217725,0.684392151,24.97949585,15.916606425,8.6836710475,0.061099143975,0.082988259125,0.683133878,1.2227706,1.4533424525,0.06217150795,0.9908194235,0.76555053225,0.5443441285
46.581860354,5.5118271358,7.4313353841,0.20550646097864,14.2837996948,11.624957236278,4.49706978779,0.0124454527675115,-0.066681157542198,0.3537790322866,0.206728926449943,1.3654741637,0.049678593705,0.93508839937,0.55625383536,0.46943480552,1.05922495916133,0.194035680312322,0.763778698281478,0.115336473423325,3.93517757364706,3.20235680919995,2.4758943693141,0.0160738931367937,0.0639617286042094,0.194775610648939,0.30836794046903,0.0731182965936841,0.00771041880915908,0.0392832336719382,0.0870082803817886,0.0129964616606656,44.399667975,5.143384135,6.115485535,-0.023021053725,6.38274478,5.377827505,-0.30185837175,-0.0193603198,-0.19868470175,-0.023746832275,-0.39109929475,1.22875292,0.034967203075,0.84328411425,0.39223532775,0.4450910515,48.6168656,5.9054329425,9.0241666875,0.432019332,22.277096425,18.389316725,9.5365250225,0.0429504064,0.0534703951,0.75022686725,0.8353995215,1.511378765,0.06446902925,0.9948435885,0.75122370025,0.497559154
46.124071371,5.987338267,7.0411641364,0.3166808735687,17.0451204964,12.4911756989,9.48006997081,0.05098122057994,-0.19880924485182,0.745785620351,0.955371161221,1.3190212012,0.048052494373,0.94466325334,0.53584307681,0.50642179087,0.966047221414624,0.23190275246643,0.744556767280479,0.114857927439297,3.98382371472669,3.58149081862583,2.91414077799136,0.021282721214299,0.0754847994314118,0.229251924967018,0.38737996871399,0.0752806482419186,0.00826325491262151,0.0465332565013773,0.0912601522968412,0.0142265906746797,44.189262725,5.5676796,5.743402005,0.0947494496,9.187735135,5.5588872825,3.506618575,0.0067456246575,-0.3473778385,0.27586143075,0.16217067425,1.17441309,0.033519044075,0.82622562525,0.38328628125,0.4799627335,47.852613375,6.46642971,8.6639798,0.53383241975,25.3503073,19.17803965,15.17126915,0.091447617725,-0.0480261584250001,1.193505365,1.70042546,1.4794677025,0.065915128625,0.998022186,0.74164193175,0.536727915
44.669688456,5.4230569511,6.7307225138,0.2798390722584,11.64675693645,14.6019546499,5.955099729775,0.003090821971402,-0.09213966674497,0.4684804816173,0.27430147022555,1.3286278542,0.050142000632,0.94531171964,0.44301135672,0.50267999078,1.01539932758815,0.18720099745659,0.710953688695746,0.108951166201093,3.91894222800799,3.46459275667222,2.48506411521678,0.019864853846606,0.0645991805460939,0.195496983582845,0.341131509543923,0.0718560139898051,0.00785564029558363,0.0419964873357394,0.0944941837295083,0.0142624953542902,42.64460885,5.0693978125,5.41459425,0.0784289154,3.8785610925,7.828491485,0.9455214545,-0.034626041275,-0.2167416765,0.0743830275,-0.3941619445,1.197630885,0.036007560475,0.844299372,0.26449810975,0.47581004275,46.53399685,5.805398255,8.3185460675,0.4859290345,19.086546875,21.789626475,10.532482225,0.042703169525,0.0407346433,0.82857763275,0.933853166999999,1.4763809975,0.0661081827,0.9974932485,0.63080055075,0.53135343225
44.602004213,5.9307967148,8.1487978384,0.472966898855,21.667757769,15.1190739386,4.187481461666,0.0114122410200035,-0.041273689929791,0.3294240936147,0.275071122240368,1.4125482769,0.055724937425,0.93872826479,0.61598187252,0.49039703452,1.24810337175364,0.218706284447267,0.902571962662803,0.138136241022052,4.02930440084506,3.3768221263662,2.80274391516878,0.0195970204497653,0.0733015298305167,0.220488468433572,0.374633706274654,0.0817888815920368,0.00793876168958834,0.0298086663521719,0.120082929109276,0.0140056424958031,42.156305025,5.5277100475,6.605812115,0.202021961,14.686910275,8.819496015,-1.63167584,-0.0259028871,-0.177964481,-0.12836195625,-0.4333836995,1.25181055,0.041741916325,0.86837718975,0.40757305725,0.4638942225,46.94307435,6.374456695,10.090546875,0.73601873,29.8269558,22.12427505,9.4027891575,0.048988660775,0.107107971,0.73970603,0.9872373945,1.5763228925,0.07226341055,0.98886837775,0.8580542275,0.51755426575
45.77994974,5.9391053189,7.316697752,0.3055143984263,12.60793155402,8.303513466881,-1.4578409599073,-0.01926106928793,0.08013524980484,-0.1146865822776,-0.3025287319207,1.18750925335,0.041805588928,0.94011653414,0.36254184131,0.49616950574,1.08882718736956,0.239682494759388,0.818206491209698,0.106780528198973,4.11267125751791,3.71118829848289,2.97270445480022,0.0187959635753505,0.0757468423249375,0.233859058373256,0.362633666335484,0.0891151084907401,0.00846317042191136,0.0468157679346618,0.0817986489316368,0.0166603137650485,43.6287572,5.50299555,5.8487944575,0.09303325905,4.542782785,0.74768604075,-7.06335178,-0.057200184025,-0.06584773635,-0.55566532625,-1.0012431875,1.026666345,0.02611096085,0.82003295125,0.21740631025,0.4637368445,47.921177375,6.4339622025,9.12442053,0.51650225725,20.40632185,15.59991735,4.47947756,0.01661408725,0.22312200725,0.3523950705,0.406753853499999,1.37758128,0.0592125994,0.996657739,0.53759268325,0.53187488975
46.165895419,5.7386393227,8.6768802943,0.3021829742107,18.1942979013,13.4473251095,0.2049169800078,-0.017841684912575,0.0595792661965,0.01612057059741,-0.354884217487,1.2840973261,0.054809974168,0.8973552963,0.341048496259,0.52404761326,1.29997728038334,0.208909947399032,0.934473470123406,0.102917320127414,3.82659205510962,3.36067337690574,2.71835919679643,0.0166256596139128,0.0682671175649826,0.213850024747511,0.320935781760213,0.081497642174042,0.0073037976050666,0.0389229088941177,0.0929734113298612,0.0151327213616315,43.5071512,5.348869075,7.0054770825,0.099729405275,10.724427825,6.82728549,-5.1872367725,-0.052104092375,-0.074089900525,-0.40807363125,-0.98146638325,1.134640925,0.0412923774,0.81225629275,0.15344742625,0.49638102675,48.856829425,6.174038595,10.638664825,0.506110461,25.69314,19.942124875,5.6728499625,0.0137497519,0.19382883075,0.4462762345,0.27791355875,1.469547185,0.0689517948,0.96288550175,0.51953614,0.5550372655
45.331327765,5.4873262076,8.1983198999,0.328782381544,17.2868616916,9.93970090306,4.1599091162812,0.024814357729352,-0.06562619712463,0.32725501090932,0.41098796388303,1.2607796198,0.039644847047,0.85611052239,0.372363956663,0.49063241182,1.23388334816308,0.197382538493372,0.886950821160905,0.0976266671858008,3.28013816228487,2.91298427408067,2.63506655664048,0.0202424672957006,0.0705740894850205,0.207297493695615,0.366982621690558,0.0740627625874575,0.00959381480818876,0.0933244361098348,0.0996550932286286,0.0137631456686073,42.8058529,5.1426157125,6.6551777425,0.1368571035,10.737761375,4.262647895,-0.8298080945,-0.017994103975,-0.2026689555,-0.065279997325,-0.3418267235,1.12469512,0.02425851355,0.644120895,0.17620603175,0.46522890975,47.804425375,5.870844045,10.130939575,0.5080298795,23.573329575,15.710107675,9.4608993425,0.06336246075,0.0721885073,0.744277488,1.1229573525,1.42237051,0.0623645358,0.98644802175,0.5659763255,0.5179822245
46.716032561,5.5729879981,7.7269639631,0.223208883355777,16.17491660311,12.91399324162,4.293865684934,0.00946752785618,-0.054873252465056,0.3377932118614,0.1326366906167,1.3216992433,0.058747216693,0.85420766207,0.47682826081,0.49687497007,1.01850848121569,0.207585281069062,0.797124009704523,0.123761385659546,4.68880104324336,3.82708071791794,2.83604934507319,0.0228944387535785,0.073853688909612,0.223108566416667,0.393591456741042,0.0791732928585443,0.00916001226645721,0.0571507509017654,0.0909044125497323,0.0150342557915473,44.699694525,5.1665827925,6.3491564125,-0.038444706125,6.7429508075,5.5943867325,-0.973373692,-0.036258418425,-0.205169675,-0.0765741291,-0.628499812,1.1732064925,0.041841897,0.725367073,0.30335423075,0.46786934625,48.769597,5.993915525,9.488818225,0.4569448555,25.133588675,20.437171825,10.26075455,0.053204693175,0.089306791325,0.80720112425,0.89431750225,1.4826533775,0.07745480905,0.94739620225,0.653748824,0.52537614175
46.402539339,5.6609078343,7.4072316805,0.280177901918991,23.495028253,14.8666944254,1.921168193391,0.0004617415024019,0.01950567725657,0.15113597455002,-0.192696611516747,1.3642992637,0.056453574593,0.93653854108,0.483131801773,0.48088980551,1.1223030643335,0.228637261402219,0.783000158111328,0.129434457712622,4.43641831576212,3.75397709645531,2.83998928492687,0.0218265355946844,0.0743394699431632,0.223418516882701,0.390945353768249,0.0944637127434252,0.00862362631083143,0.0539811547733157,0.123680472951544,0.0148818406654865,44.291931275,5.233534895,6.11146972,0.022128412825,15.177494775,7.5404084375,-3.4318387325,-0.0396608558,-0.130192223,-0.269978593,-0.92603062675,1.186651835,0.040786225975,0.8018042685,0.18139567375,0.452694222,48.724828525,6.1378883325,9.1159993075,0.52175681475,32.300766725,21.752989625,7.5011397925,0.046441807275,0.160620702,0.590105583,0.61878309025,1.553711895,0.073828033575,0.9974300505,0.712349317,0.512792329
45.97151439,5.8388605121,7.7512430602,0.153354112308836,14.49657889993,9.64644660933,-0.6456002796863,-0.015145984923666,0.06442344627748,-0.0507885919694,-0.4133958990828,1.3935358001,0.052724380439,0.95680179414,0.43650280311,0.51104181248,1.14760217978883,0.217172201045631,0.84459691380068,0.124341941070735,4.17376327469913,3.62817995979058,2.78885564867482,0.0200674908108162,0.0725036622188713,0.219395895409687,0.358881286928923,0.0838528679208431,0.00850358429179072,0.0350719135532639,0.0885685562675061,0.0146284845025608,43.770478725,5.4223502775,6.3212230575,-0.075565148925,6.7892970025,3.03001254,-6.529046895,-0.057808150275,-0.075235124675,-0.51363221025,-1.1738171525,1.235407815,0.0375906714,0.87521260775,0.27688844175,0.485397393,48.2773839,6.265210325,9.54145401,0.42435625175,23.334090175,16.666419875,4.5765411525,0.020611309975,0.223954874,0.360030948,0.24960175775,1.56681023,0.07143581275,0.99871657725,0.6284478335,0.54146569475
44.958303881,5.6185645906,6.5875132925,0.31929280611511,19.0295106655,6.467792119809,4.169585640543,0.044972751094633,-0.08272089683981,0.32801625167653,0.62889550505427,1.4372109537,0.055999262599,0.92657413284,0.70607412472,0.47226786511,1.03761260796201,0.218272687606055,0.753153875148247,0.139440575461137,4.29811687177909,3.6138003257176,2.96972666197593,0.0261087810000633,0.0812449173926166,0.23362479949606,0.439018212334586,0.0839694978594011,0.00924001749002296,0.0469855217363181,0.107356509127686,0.013862635482977,42.94812055,5.2061250825,5.2749576925,0.0405272748,10.49457465,-0.712127496,-1.7658465975,-0.0099834312875,-0.23492867575,-0.1389170135,-0.26736471025,1.2931199725,0.0386741333,0.81777291925,0.4984323845,0.44710070475,46.9922865,6.059781505,8.2522702175,0.5972821465,27.98149055,13.544413325,9.8214773725,0.09528402315,0.082291670225,0.77264373,1.47832727,1.6294925125,0.074817053775,0.99730944725,0.9315464825,0.499192101
46.253853925,5.878476213,6.9278738196,0.357855190191,17.5661412587,13.9538724402,4.1151823047185,0.006643424594691,-0.044943975329108,0.3237364066702,0.1902194940923,1.3333495724,0.045336202504,0.86799146031,0.356778015789,0.51404314102,1.05292540383948,0.209083338944866,0.75700799503571,0.107694228797406,4.0459757268318,3.38959184400392,2.9703400665249,0.0229532636183414,0.080643852256195,0.233673054997132,0.403751768949663,0.0746908624775597,0.00923641487970051,0.0658568400253034,0.123905513299101,0.0145542369446577,44.189437525,5.4804843025,5.6508724525,0.14933017125,10.09406415,7.0727842375,-1.6564864575,-0.0370898321,-0.2029823785,-0.13031378625,-0.56470481575,1.1990002475,0.0287635456,0.71848178775,0.07907244315,0.48702774525,48.33443425,6.2641085675,8.5442755325,0.5711263045,26.208463725,20.530420625,9.82557756,0.057611011875,0.1119333655,0.772966283,1.079857175,1.481278965,0.0633451032,0.98312827225,0.59878065925,0.54260214975
47.02457591,5.6721960892,7.4278018749,0.27840994076102,15.5333136447,9.270483762915,2.8515555836975,0.014321119649202,-0.033075709188319,0.22432842322563,0.21242975857521,1.2878820249,0.042066038156,0.96154278056,0.5612362346,0.53037670906,1.09050943816821,0.210230787646286,0.783283563127,0.12762464232815,4.57561947020727,4.00885925097815,2.65753548162679,0.0159275105994442,0.0655866582309835,0.20906509693967,0.312995523676796,0.0857895565054096,0.00799417471881794,0.0477287443750114,0.0978201615447749,0.015623109984312,44.836475325,5.2866835225,5.9660785075,0.021560910325,6.7976420275,1.7700773575,-2.39021548,-0.01937628415,-0.15477748925,-0.1880353535,-0.41559234775,1.1299209875,0.028080384175,0.82227467325,0.392359127,0.501834077,49.06918395,6.1320855025,9.066504205,0.5310443695,24.81014555,17.2690952,7.7868973925,0.0438128783,0.09769734985,0.61258578725,0.79269845975,1.450873005,0.05913898175,0.99924438925,0.76701622875,0.56404287925
45.065953246,5.6007831871,6.1535711231,0.29469038702,19.0064616907,8.9624164376251,-0.3547977995542,0.0006844615029579,0.053151733447957,-0.02791151309586,-0.15652531790541,1.2799382799,0.053684901669,0.88129294581,0.53654476099,0.50780036414,0.954773382587099,0.230708383174476,0.695445108837815,0.118303913947195,4.26147867597601,3.69681789789452,3.23814923801809,0.0264330677202788,0.0863771753845544,0.254741277645965,0.444274195360929,0.0856182181544484,0.0109273848070637,0.061581126768978,0.103711921654525,0.0159911489900077,43.114593375,5.175191305,4.9739962375,0.075313021925,10.973083325,1.110037755,-6.4919352325,-0.0515808814,-0.11643868775,-0.510712681,-1.0132128425,1.128831875,0.03284496855,0.748106986,0.35410346825,0.47839526,46.999823175,6.09567369,7.7408673525,0.54254951125,27.412332775,15.567927175,5.932171755,0.053629127525,0.22221593225,0.466676765,0.7248241175,1.4535613975,0.074423247175,0.98171476325,0.75659959175,0.53846617725
48.134205016,5.8915349063,6.3955024472,0.417158826972,24.6740440484,14.6354303899,0.9834941834502,-0.002492600984525,0.044037919578811,0.07737029610317,-0.15847309843659,1.3421375854,0.046188074315,0.93084966184,0.44634424917,0.48752448263,0.902571810762087,0.220180974583664,0.718140197446623,0.136738598193985,5.03738339140197,4.1542530290841,3.02765264783373,0.0178667011150885,0.074698022577233,0.238181766231295,0.34608991082592,0.0944798675057247,0.00960356037993381,0.0458522919006162,0.0917335423153312,0.0138880236770963,46.46460635,5.4575069775,5.1798780325,0.15616385875,14.81443275,6.34792618,-4.724663925,-0.038010826325,-0.108042094,-0.3716835945,-0.8262551355,1.1761708575,0.0302336159,0.819932104,0.2686600885,0.46047654175,49.9908066,6.35283418,8.0441251475,0.6893123985,34.9484267,22.775862725,7.138798125,0.032613488275,0.1879276565,0.561600599,0.52694976525,1.5314800825,0.0674648989,0.9932683025,0.64587526275,0.517702291
44.986185674,6.0013963064,6.2375188798,0.443048868286,18.0690056661,13.936905955,6.697945631525,0.0265881133750883,-0.11568656494482,0.52691926871635,0.6272600837966,1.3388678022,0.043343180402,0.91346349179,0.61123786615,0.51385345551,0.895938341640593,0.217418473001009,0.690973166222845,0.127684109387573,3.96266165671261,3.10943582569603,3.0011734090713,0.0233433276812774,0.0814858509420848,0.236098676408615,0.417931848010215,0.0802045070686169,0.00849034326386233,0.074919642633362,0.124119089935155,0.0153985059977997,43.31427325,5.5998904625,5.01752124,0.19888446575,10.462273175,7.96958241,0.60009935775,-0.019006531875,-0.275193768,0.047209089425,-0.19741523275,1.1778691925,0.02822963645,0.7201652385,0.38356121025,0.484500518,46.659091725,6.443266205,7.7899875425,0.7030667625,25.9677185,20.4920658,12.5412931,0.07297935585,0.044231571,0.98660835,1.45097497,1.4927060725,0.061696041475,0.99733831025,0.864195531,0.54606325375
45.399908064,5.7855733595,5.7032900641,0.1767556227548,9.201711086355,6.536252768966,-0.06165133472654,-0.008999298131929,0.03337095714562,-0.00485003591451,-0.16153869375027,1.412383887,0.058909744728,0.94393159898,0.351678561477,0.51176055788,0.793057105338222,0.221823553173172,0.664889797032372,0.111469097531233,4.0558699577337,3.49628722221787,3.2881415466804,0.0297784242348149,0.0925356395664843,0.258674112257773,0.490506864817727,0.0844366187757935,0.0101764855684039,0.0399972137979586,0.104895545272455,0.0149350002390921,43.82330295,5.360048735,4.554415735,-0.041126698025,1.70859122,-0.185243862,-6.1614145325,-0.06364347165,-0.151446592,-0.4847110245,-1.03927701,1.256028085,0.0412391431,0.84117412025,0.132567344,0.485233872,46.9527904,6.241994625,7.130384905,0.39840901875,17.516540075,13.611799925,6.7748510975,0.04766413535,0.1990611595,0.5329693275,0.83064722425,1.5964200275,0.081396697475,0.9967599425,0.55626604375,0.5420674935
45.693560323,5.6755121587,6.3031963349,0.40326964032,13.2573438977,8.4301749984194,-1.55907402655,-0.019054783084385,0.08351881500233,-0.12265046481155,-0.22115810430453,1.3143470338,0.039678978237,0.92075862082,0.57178515283,0.49696063381,0.971492942115074,0.194376418081126,0.72043124237088,0.125767556600884,4.49572717632311,3.5349903564626,2.86733107681864,0.0207188042771776,0.0748423422815817,0.225569462332945,0.372953038810689,0.0783553530100814,0.00861987769587405,0.0652999252692754,0.10162393225456,0.0156719035855182,43.793052375,5.304869155,5.0274718875,0.15101912125,4.65462292,1.6110283375,-7.1788588475,-0.060944857025,-0.0646616703,-0.5647521275,-0.96424771425,1.1772679425,0.0247305813,0.764971236,0.39280375025,0.46821081175,47.581684575,6.07018272,7.8686210925,0.63665429975,22.352981325,15.301633325,4.24634676,0.01973916795,0.23101857475,0.334054958,0.50584118875,1.46747063,0.058162612625,0.99675831875,0.79234734925,0.529452915
48.363307104,5.9433823944,6.0244156568,0.3176188901798,22.83937483898,17.82127981724,2.544814135605,-0.010181335372288,0.016765961565469,0.2001974451816,-0.25754752457518,1.3454003651,0.050079351847,0.95198434581,0.364510791738,0.49715601183,0.919770976095669,0.229370526112951,0.688841540511838,0.125265621025592,5.35839174526413,4.70430583557638,2.84648017149545,0.0171805242709095,0.0685083661303151,0.223929147007602,0.314592552153214,0.0925185048197086,0.00928570362312097,0.0352126010265189,0.093813354501658,0.014410309159209,46.503874,5.51761544,4.80605529,0.082315528425,11.632030325,8.3600515125,-3.0725425625,-0.04491134595,-0.11988646975,-0.24171320275,-0.91548939575,1.1828740075,0.03095134785,0.86661875425,0.178751348,0.4710062675,50.14908905,6.3938504,7.510166815,0.5691148485,33.047249025,26.474779475,7.9888156325,0.021908119425,0.1526872875,0.628470453,0.3571573415,1.537533945,0.06815993005,0.99854139825,0.5604469365,0.526088324
46.355049192,6.0078775445,7.8391720749,0.2628872009881,13.61178597408,5.2122930887313,-0.7654129776401,0.0023505650050603,0.0462069178764827,-0.06021411183895,-0.05502946650074,1.3264554077,0.043966911569,0.95735069015,0.62363355552,0.50283150262,1.22630269188882,0.222654176657641,0.880406766522601,0.128937564497363,4.42472361219135,3.7783311576125,2.48725623562452,0.0153149492735495,0.0612546666751551,0.195669435066849,0.290800612675361,0.0773171990081425,0.0070829367900936,0.0323747227392347,0.0953402344398562,0.014041207291097,43.9910436,5.5822663475,6.39405191,0.010792288635,5.021386315,-2.6654299725,-5.4653933725,-0.026712060675,-0.0773472934,-0.4299558715,-0.6113656325,1.180922605,0.03132928085,0.876314909,0.4624298035,0.47598376375,48.8019133,6.458898155,9.7800755475,0.522753748,22.1980422,12.785476475,4.259739235,0.032731226375,0.162646552,0.33510852875,0.51880645225,1.493457295,0.05826910145,0.99811919475,0.8321937575,0.5315655165
46.310737709,6.077717905,6.8035737269,0.408261380711,16.3815551984,13.56086761438,7.44835404912,0.02979463760709,-0.13803939317175,0.5859529894242,0.7033912532115,1.4426810838,0.05194960268,0.90599649765,0.52586214901,0.51969198146,1.1041249143872,0.236923546610781,0.771904915905796,0.123358965425745,4.41917646854459,3.93818687143189,3.32912867614146,0.0252079973091266,0.0884515726394315,0.261898519593818,0.451203816992274,0.0934841147340699,0.0109720022624589,0.0619373334949141,0.108534875100398,0.0161777054331592,44.1422855,5.6625905575,5.4941887225,0.17711103975,7.89140928,5.8569884775,0.92940305875,-0.019822916525,-0.3083764155,0.073115012125,-0.185975146,1.275808095,0.032810179975,0.75247347425,0.33156678625,0.487516374,48.537941975,6.5546287375,8.5558271475,0.6373514595,24.997759725,21.21961865,13.846077725,0.07775692575,0.033674254775,1.0892542025,1.5056561125,1.6426501575,0.07372416825,0.99027472375,0.7478149735,0.55282565525
47.046741717,5.7262906215,7.2095913717,0.34750620573505,15.81002177174,7.9464089074354,5.914905051202,0.043237561584349,-0.12330254585114,0.465318414897,0.77629394076455,1.4015679096,0.051681770308,0.92825204048,0.64359898148,0.51197940657,1.02227110594926,0.222142229424056,0.788398395826507,0.14901650332436,4.70485627979725,3.86931104305066,3.11534953517569,0.0219165904103774,0.0815678249464139,0.245080774049783,0.401666738473831,0.108424873184009,0.0123426423865371,0.0469308992391084,0.103591464940214,0.0147957039053333,45.1008687,5.3123360125,5.860560305,0.050069975575,6.33854216,0.133452585425,0.03133319315,-9.95196727249989e-05,-0.2755561515,0.0024649443775,-0.044098557475,1.19928523,0.02853528425,0.82174587325,0.465025625,0.4844448195,49.1665522,6.171899155,8.99053225,0.63147216025,24.5667711,15.312500775,11.779906175,0.084518451225,0.0346901517,0.926710942,1.5308511075,1.6167312025,0.0777574475,0.99138281725,0.86640595175,0.542708209
47.671071371,5.2934792948,7.8843628815,0.3190927123791,14.41071344677,15.9827400108,5.968195071173,0.00330142795234213,-0.085804622236066,0.4695106760831,0.251882605176052,1.4328113943,0.05693908208,0.96403946845,0.5208437188,0.49361153691,1.05699927757736,0.20753704967454,0.841108448610614,0.134882862865741,5.16674911407576,4.29791321287539,2.83851753470017,0.0162758187309944,0.0695295909407296,0.223302735795043,0.318499361132823,0.0981986172222103,0.0105312782913187,0.0252465248660874,0.0951044133004135,0.0146277327843518,45.743054975,4.9334227075,6.36222617,0.0412600621,4.2282121675,7.8217034675,0.55521529575,-0.026957877225,-0.2239603755,0.04367811535,-0.3731400315,1.24335549,0.0385345277,0.90403015925,0.346111298,0.46683420575,49.7500263,5.736279,9.7172824575,0.581731175,24.700739275,24.18657245,11.540512225,0.03551934665,0.043714887525,0.9078781295,0.88137211,1.6177508075,0.078705904325,0.99706465425,0.70852007075,0.52452775675
46.90162934,5.8291637529,5.7025859167,0.32141848705379,15.3043168748,14.2370097983,1.0039894068929,-0.022475457234922,0.04154587171132,0.078982630282692,-0.29883755560378,1.3322047777,0.049852317295,0.9570017781,0.4505665876,0.50561498072,0.90865847677965,0.219430029151592,0.66421451842026,0.120863870501151,4.78808446244816,4.0893495870787,2.79627483530288,0.0188978074518892,0.071082453336739,0.219979553508244,0.344129037019639,0.0844124405247687,0.00882617029393785,0.0349709643671899,0.0921705652208746,0.0143879268740732,45.156743825,5.4121737625,4.58714269,0.079257391675,6.0731981625,6.3549417625,-4.3769444175,-0.0604656255,-0.0885938028,-0.34432891,-0.967668925,1.177518985,0.035199281975,0.87546657225,0.28709794675,0.47826449325,48.709783125,6.2596527625,7.0788940875,0.551247942,24.940043775,22.39371665,6.23499167,0.0136959946,0.175153731,0.49049924175,0.356793886,1.5095847075,0.069088057975,0.9988536565,0.64545673325,0.5356163895
45.626047377,5.9598075318,6.3711760499,0.393374018033,20.7180474268,13.4927309955,1.850978364419,-0.00022394951448,0.01476571758322,0.1456142254721,-0.02601556682244,1.4061195437,0.056707408873,0.90967423084,0.54813240903,0.51698949962,0.927732990671363,0.207407038042524,0.727132952599866,0.124002579252085,4.49819400276549,3.61633814016536,3.0428278148038,0.0249139630221477,0.0814017598240809,0.239375578027418,0.425124041870838,0.0811254349839591,0.0108882078294295,0.0517222780600469,0.0920103951734716,0.0144499620294867,43.833844325,5.5874014925,5.13898237,0.1541898695,12.32470015,6.1455803925,-3.9118186775,-0.04995880835,-0.143761015,-0.30773803975,-0.890312074,1.263387645,0.03857543075,0.79864207525,0.382731414,0.4894792015,47.411715925,6.389577685,7.95077605,0.6286899905,29.5932674,20.5442769,7.84296871,0.048576190025,0.17028727275,0.6169968445,0.80610876175,1.5831118575,0.07899416945,0.99138505475,0.735966558,0.54734545225
45.621149533,5.9253268482,7.481645381,0.392494509585,20.1334146869,15.5258640995,-1.9456623137044,-0.03843622155127,0.12849138605811,-0.15306289738995,-0.6659769737761,1.3521825816,0.053997905379,0.96483627812,0.54063501495,0.52381879034,1.16554911239602,0.212049832513828,0.754542524090556,0.119075327074711,4.02756657324558,3.04886639017267,2.72724722428267,0.0198631716931065,0.0717960163605666,0.214549235348899,0.366604508467725,0.0829739924198945,0.00784930811692372,0.0283262112576487,0.10184131679666,0.0160554776567894,43.06779235,5.53971627,6.215884095,0.159842349,12.265289,9.655461195,-6.92010066,-0.07736090045,-0.023244268325,-0.54439593425,-1.352118435,1.2140435275,0.038249280225,0.89938621925,0.34411498725,0.4940180745,47.7236552,6.3716737075,9.02508549,0.624258347,27.94501175,21.786971175,3.4760657425,0.000626125783499998,0.26776275375,0.273457873,0.0516056674499999,1.5377241225,0.069674234725,0.99887391375,0.7542710655,0.5559781145
46.537936317,5.5404317627,6.0141810611,0.2714783675173,18.3993498266,14.4628438107,4.316490424727,0.0077075134911209,-0.047984226843807,0.33957307275709,0.10608158131439,1.2446576603,0.050651315205,0.90314698153,0.49397318441,0.52035706138,0.925205255582283,0.21286520540617,0.703092203522902,0.120319444325706,4.279011953168,3.83748061370965,2.97919075240248,0.0216748416141016,0.0767609367912497,0.234369327952704,0.379955590035786,0.0810643379345559,0.00918547378659379,0.0509652028805443,0.0936600090901125,0.0150586252749088,44.682368125,5.1413597875,4.84020178,0.045666892125,9.86635942,6.84847766,-1.450251835,-0.03787053935,-0.2020215635,-0.1140895485,-0.64852577075,1.0927485625,0.033353430275,0.78601176025,0.3142110095,0.4926584285,48.201041775,5.962766755,7.5798958275,0.49933006175,26.7950585,21.558525075,10.39401095,0.051809500975,0.10881414425,0.81768422025,0.862294396,1.4121314175,0.06859444345,0.98703656,0.6996376445,0.5512798655
47.486703636,5.7486660958,7.0811918899,0.55229205974,25.1580948253,13.4968960618,-2.610813602353,-0.022116518399623,0.136853522943576,-0.2053895433005,-0.43270579519808,1.3150427275,0.044798317918,0.92187913939,0.52311292733,0.50847033862,1.01096670660636,0.211731540244415,0.74625197116128,0.130338382700825,4.73287650078957,4.01931322766363,3.01859532765906,0.0201155235182488,0.0774542268986239,0.237469237432869,0.374061161792465,0.086856980244293,0.00858972635440832,0.0493660116725842,0.0959521518226742,0.0151042548692534,45.5665183,5.347467935,5.8010443975,0.27268512275,15.261919725,5.8451610375,-8.1921579875,-0.06230894765,-0.02256553335,-0.64446714375,-1.1323203375,1.1423091525,0.029196223275,0.81573117125,0.35305844925,0.47955150475,49.459481875,6.1726221225,8.7207709775,0.8115652525,34.856441525,21.41873585,3.5271719375,0.017889023975,0.282884843,0.277478346,0.292803162,1.4834282475,0.0624023428,0.99546249425,0.726806171,0.538665475
45.537750515,5.7191791986,7.0849286666,0.307659914633,14.32472597238,3.7520428987017,-2.005069452371,0.0017831458285214,0.07304345511322,-0.15773638483912,-0.08184444216688,1.3540006657,0.055546590751,0.92654492932,0.52573293756,0.50994108868,0.966093879177152,0.212228318552403,0.770485559342729,0.124703930497651,4.5055205491371,3.54347695249519,3.03442876169911,0.0205222111310811,0.0784692079306872,0.23871483480912,0.376061492241841,0.0920263489412175,0.0105115342320315,0.0385307737789067,0.097394676151804,0.0154286477797623,43.67428325,5.3366651,5.7673549925,0.087654373275,5.746569775,-2.9285443175,-8.0835068375,-0.03889090025,-0.077227266925,-0.63591968625,-0.79269043575,1.1821014275,0.03560254415,0.8414376885,0.35262098225,0.4818849485,47.277712775,6.127173025,8.70794455,0.56509986975,23.628364725,10.575834225,3.90241355,0.040408634325,0.22758599475,0.306998153,0.64465412425,1.5386048325,0.077337428325,0.98479979525,0.73297634325,0.5419905085
46.238229599,5.8546464009,6.9529054243,0.52918102796,27.049850898,15.2570846406,-0.13215143509473,-0.007860011821045,0.07757367889943,-0.01039619312614,-0.21620971302491,1.2475920871,0.039283682235,0.89321189322,0.63846122906,0.49184267179,0.956149988656346,0.236393478780185,0.799516380491803,0.12691285737576,4.0707309629626,3.69710324816236,2.88457435532135,0.0206819376806325,0.0747948607984243,0.22692596999069,0.378984261452776,0.0864474299106023,0.00970585442552464,0.0699215622097348,0.112031723074681,0.014087606942121,44.336447275,5.432900105,5.64075283,0.26939113225,19.06357815,7.9997776425,-5.9056629375,-0.0504973925,-0.06286366045,-0.46459134575,-0.9474422295,1.09111076,0.023186653225,0.7225825945,0.436818546,0.46466294275,48.164776425,6.3535770675,8.67192812,0.76571089725,34.54033395,22.56239225,5.3014039975,0.02965941745,0.22865703775,0.4170550315,0.49290784675,1.4322377575,0.06144448205,0.98999119775,0.87779607925,0.5203739685
45.6333953,5.6698265905,7.1035272959,0.370130738595,9.954698973008,7.511065974144,2.019144101469,0.003328532956891,-0.018830960140495,0.15884362037989,0.2573957711895,1.2399046508,0.04234744325,0.80523891378,0.42611433923,0.50056116154,1.05577734217436,0.186972913775339,0.69660792456952,0.101778484796321,3.7928138072969,3.38296941474233,2.78775200488925,0.0192140346393633,0.072264641998198,0.219309073142735,0.352446049648715,0.07407868441478,0.00976178749016453,0.0737319059713748,0.0934988284708266,0.0132522553853593,43.461314875,5.307649885,5.8204188425,0.167070161,2.66435214,0.870830404,-3.4263181225,-0.03459948135,-0.15768979925,-0.2695443015,-0.43618547425,1.1101440725,0.025366035625,0.64792770875,0.25646239475,0.476165451,47.657265375,6.0340417825,8.53756031,0.56730363775,17.92517885,14.084025275,7.217292865,0.0406721384,0.12004048625,0.56777568675,0.933088836,1.3953421475,0.0633231615,0.935824549,0.6249548405,0.52572203075
47.376108594,5.7160997604,6.3590624134,0.3023955730687,11.9435895526,5.400156352008,0.1191841681642,0.003974018225187,0.022916391415947,0.00937607418412,0.0790175800448,1.25155008,0.047812509021,0.90053455519,0.60703351695,0.50908157771,0.986637703410341,0.207309008796882,0.682993877334765,0.125590771307727,4.44811852738326,3.76568278544595,3.15457728473656,0.0205292277059016,0.0813723167971384,0.248166773617912,0.384445910104895,0.0876428777787373,0.0100957565542992,0.0520074417078872,0.110400938474232,0.01458574024221,45.45266845,5.3329927875,5.21279348,0.0704006975,3.185958615,-1.98666827,-6.1072136475,-0.037364551975,-0.13258754375,-0.48044709425,-0.6871674195,1.0879398675,0.029664484075,0.782365927,0.41170169525,0.4806884955,49.2320514,6.1444910725,7.8885899925,0.5514663225,20.391161975,12.6651632,6.023313575,0.04252075715,0.1858921215,0.47384678675,0.8308069635,1.43234686,0.067142239225,0.987576524,0.84972611175,0.53850280375
45.289997531,5.6731003003,6.8295379789,0.3084904567528,11.7932945701,11.77040849555,2.0985014327974,-0.011418780204225,-0.000355027024911,0.16508656552798,-0.04049262208194,1.3748781855,0.062710174672,0.83647842448,0.2089881765166,0.51232146586,1.01209756122045,0.196057991299099,0.720893611933629,0.0983691327395296,3.98912683995502,3.60345560770949,3.4798513808122,0.0295931290820431,0.0953181160548957,0.27375569206616,0.491409119665897,0.0767767665949053,0.011467262438087,0.0531373848339306,0.117769971894265,0.0142406927026167,43.393978975,5.322076235,5.5707487875,0.111763499,3.617539085,4.55819449,-4.7951166675,-0.0714152015,-0.18201675025,-0.3772260195,-1.021270325,1.24087255,0.0398328675,0.72050342625,0.0113564274,0.48578551175,47.24482685,6.0783561725,8.42446495,0.49700756975,19.900616075,18.5179758,8.735143895,0.046000678875,0.191200995,0.6871831905,0.916241131749999,1.5301541075,0.084200359375,0.935447903,0.44195163675,0.5396758575
45.554752441,5.5908107293,6.555220002,0.19531275285468,10.226881573782,8.06470913107,0.49256462206822,-0.00963069852250744,0.02561762236468,0.038749462134706,-0.1543341886735,1.3684080487,0.053616181509,0.94035382697,0.56245458179,0.49607019981,0.98567799981757,0.231739120823032,0.730910311139091,0.130137901841672,4.61641657405815,3.43888136201483,3.5200668472767,0.0273816141321264,0.0962162617437261,0.276919394613148,0.495423810752694,0.0915621247852318,0.0117966429157383,0.0432792266495927,0.111625277859319,0.0151470082549761,43.7281481,5.1545536225,5.2911947875,-0.06583350655,1.0045613175,1.963106255,-6.2783424975,-0.0617863062,-0.163673507,-0.4939095985,-1.10764053,1.1993650625,0.032069397075,0.831213854,0.35659181075,0.465406466,47.517152375,6.0631396,8.1699764875,0.452874499,19.299190125,15.48953685,7.40848121,0.0493232122,0.212773758,0.58281624425,0.89086416025,1.5523539375,0.07689987345,0.99453692725,0.79671956225,0.52557424275
45.488719701,5.7194889078,5.6799329427,0.31552098695276,17.4776809153,13.6115504215,-0.0565287997075,-0.022170439832463,0.06752808871128,-0.00444705216629,-0.39222121962348,1.3215284542,0.051202643484,0.89489223978,0.435478470204,0.4868869828,0.845508775644901,0.211645515922621,0.601227464290595,0.102239491411811,3.79583918405701,3.28030173135404,2.51353180142974,0.0224033897762832,0.0690363166189214,0.197736501881823,0.372724842910895,0.0749462134900041,0.0104142517845966,0.0609291767650481,0.0972646374054929,0.0140681467077589,43.9934954,5.3491084525,4.615375345,0.1116678995,9.8044793225,7.4514778,-4.99620632,-0.06607203005,-0.065492636275,-0.3930454965,-1.133180075,1.1825224,0.0324783566,0.76267683225,0.25322899375,0.46117660325,47.1801532,6.1574897475,6.9403690425,0.5237071895,24.804005425,20.32122405,4.8196441,0.0211028866,0.200494141,0.37915556425,0.30660577,1.469525135,0.07138638805,0.991003594,0.6401526945,0.514066197
46.018479102,5.742791012,6.4699087859,0.26916181195102,11.18470378981,8.96319364825,6.153407199404,0.029432512873816,-0.12489875848187,0.4840810898831,0.632244764677,1.2818257057,0.042668406238,0.88874373866,0.49888144428,0.49566896301,0.962023752275985,0.218785608155532,0.720655872671664,0.122562047308062,3.92287413602912,3.66433108158483,2.68424720044823,0.0198969398237314,0.0702476239078833,0.211166475164434,0.356956159128467,0.0774910596135929,0.00917090727881337,0.060741575681885,0.0997297996231238,0.0144384275994727,44.006284,5.314705185,5.240633435,0.017667862175,3.7053711925,1.9335014225,1.04715610625,-0.009055760065,-0.2628690555,0.082378498775,-0.085116459,1.14788134,0.024013056875,0.7547339175,0.327858602,0.469131936,47.935582675,6.21266053,8.0775060075,0.51886370075,18.648816,16.056588475,11.460518575,0.067821398175,0.01198803555,0.90158510525,1.3180320425,1.4380277425,0.060924607325,0.979673323,0.716453093,0.524310888
46.505241219,6.0336014153,8.1036514799,0.333835917803,14.5015000778,7.888007980324,2.653782842732,0.0168431271282707,-0.034366464314009,0.20876988114949,0.3180949761035,1.331731672,0.055479565191,0.91406406392,0.393774084991,0.49798997588,1.18461492099802,0.221458206863327,0.834962914626864,0.105687385900805,3.80121056363106,3.13268812253098,2.75977511030441,0.0202926754860902,0.0732404382687683,0.217108164673061,0.36907510260151,0.0756091731704811,0.00795990254432691,0.035321962994403,0.0904150352030602,0.0139658556530567,44.137713475,5.633055445,6.6125966225,0.12570278825,6.73392591,1.9718851625,-2.7756527975,-0.02351878165,-0.1690513395,-0.21835723975,-0.4144645635,1.191539325,0.04029975935,0.835567927,0.2280222415,0.47351188075,48.801817525,6.4876597425,9.824624335,0.539615688,21.518487575,13.748897275,7.85248291,0.054872621125,0.1119378965,0.617745315,0.99231157575,1.4892306725,0.071134489325,0.9724715245,0.5841310275,0.52668915
46.527079969,5.6961788515,6.7268123081,0.24842719051616,15.8212263657,9.51151831444,3.222665738049,0.01657031994899,-0.04206029257065,0.25352320970259,0.21973625474688,1.3775706342,0.061396055425,0.88469837932,0.65464608845,0.51033946213,0.95603841251903,0.206746251089718,0.721674451118111,0.127576249294224,4.45908687333539,3.59690896291336,3.4272364721228,0.0276964566352735,0.0936252149736404,0.269616541558357,0.492359955283706,0.0889079515828205,0.0114203519790775,0.051065456418395,0.105826929911907,0.0157476377716908,44.692590125,5.33329988,5.45809907,-0.001889251145,7.3355334575,2.5269646725,-3.7904687575,-0.038476015075,-0.22226974,-0.298191584,-0.80749059,1.1991694825,0.039572269125,0.77273139175,0.46622113025,0.47992096925,48.4408871,6.1301309575,8.235597405,0.495554373,24.6069833,16.308633625,9.8105474725,0.07178910885,0.14548834675,0.77178388525,1.1633191525,1.5581583725,0.083764044075,0.963768338,0.87944043625,0.540592917
47.34588984,5.5944976219,6.4836896902,0.4185789746329,17.9632155326,15.5809585674,-0.1652559710077,-0.0308961669236169,0.08004933546444,-0.01300048700584,-0.42072651842235,1.4256560179,0.064937548724,0.92534548824,0.66238383485,0.50269084972,0.939184007887977,0.208222394835199,0.728073577565258,0.158124452767864,5.29942100779212,4.43846804020296,3.35617026282789,0.0252860275111604,0.0890957242158514,0.264025848989511,0.451144703995886,0.0979271659696989,0.011890528662878,0.0401915735401176,0.109707015636948,0.0151404091097327,45.537428025,5.1995073,5.179362785,0.11463601575,7.6142226175,7.31152073,-7.0220030025,-0.077693827925,-0.0945345253,-0.55241247425,-1.2072606675,1.24374969,0.04219162365,0.83338180875,0.4712063515,0.47616447825,49.253245425,6.009330815,8.0426986575,0.7402366525,28.602181675,24.337948775,6.0086561875,0.018126093675,0.25850058475,0.472693696,0.528888086,1.637718295,0.0882826703,0.988553511,0.89286432075,0.53255537775
46.27602647,6.0202504202,6.4254703725,0.443507106384,22.4858356156,18.0046462645,5.388402671263,0.008719314981995,-0.060141288456283,0.4238991103663,0.23638803894872,1.3850474385,0.04065038396,0.8603421633,0.3912881760098,0.50815436298,0.953473971527883,0.234073986252072,0.703291423853358,0.110249042781451,4.12364503765979,3.40610451567139,3.26869338499069,0.024196426268011,0.0879353104193637,0.257144148093875,0.434745424749708,0.0903003126520842,0.0090906149903726,0.0906212896346442,0.103736620728452,0.0151389771576264,44.471173375,5.6023571375,5.14291804,0.2275857115,14.066574625,11.505232675,-0.97454823975,-0.039084487575,-0.23113266425,-0.0766665296,-0.6187018725,1.2141829825,0.024194086275,0.659623775,0.20563435875,0.47988921075,48.110512825,6.499142415,7.904460425,0.66519916225,30.002954125,24.4587421,11.607847675,0.0608097083,0.113713256,0.91317532925,1.1451152,1.56240951,0.0608192925,0.992312483,0.58069954675,0.5389746865
45.892456087,5.3393886642,7.2992304797,0.2755363326963,11.3871484189,10.9529885498,6.92323330466,0.026305855037007,-0.13631452438317,0.5446423769058,0.62165778640246,1.2199085908,0.0324302915427,0.8684105568,0.413759991901,0.51608738197,1.09481148519921,0.197849558446816,0.758734034169473,0.10529850450154,3.63524134796957,3.23058806710855,2.74699523455769,0.0195937363549348,0.0721494841359678,0.216102786543455,0.358344732195561,0.073479322664615,0.00931509194374911,0.0847849245182778,0.115963923505959,0.0147709267313715,43.865350825,4.97557008,5.9912174925,0.070866342775,4.62700324,4.437266205,1.3446178175,-0.01060443825,-0.27702726675,0.105779456,-0.06496584655,1.08987119,0.0165886215,0.66823525125,0.1852534715,0.488648882,48.0368513,5.7313437775,8.949936095,0.48002169375,18.909897925,17.4790415,12.271346225,0.06419320045,0.00286198665499996,0.965371954,1.3146454975,1.3650403575,0.052147971875,0.9931293945,0.65394116825,0.543050379
46.667543874,5.3176515852,8.6507018007,0.404377852206,17.2337111789,11.55188533433,2.1894052463701,0.003001352155929,-0.003901296455564,0.17223785841894,0.12268109748499,1.3997378463,0.062518079289,0.93734404938,0.55841154921,0.50765075601,1.21664154385181,0.195342440191001,0.890476277844313,0.128192569178222,4.47048236498701,3.48179473382901,2.72243791220643,0.0187309806985728,0.0709554910410284,0.214170892474094,0.34735773872557,0.0854210128461845,0.00917810918306679,0.0308279264086761,0.100599156802858,0.0143623610835599,44.448361325,4.955984105,7.10024447,0.155161977,8.9514724575,4.8730995525,-2.8930644875,-0.03381547915,-0.14432303325,-0.22759387425,-0.58048150175,1.239376225,0.04637165875,0.8687774255,0.37259258625,0.48145742625,49.144187775,5.72819628,10.584541075,0.668130296,25.88230515,18.42889375,7.58560414,0.039257914575,0.12526155925,0.596750289,0.78997256,1.580560585,0.08219435365,0.98527068075,0.77312874525,0.53655580425
46.721472832,5.7872076724,5.5811354626,0.24978025878651,12.196142439605,7.921116874833,6.06430694928571,0.03596230530823,-0.127512549234986,0.477071681231322,0.6724980266743,1.471377531,0.05395175274,0.9170865425,0.4576740636,0.49653885407,0.926472098084076,0.222597183801255,0.687563474017174,0.129465183823166,5.14398121151825,4.13913900166116,3.41069187844572,0.0248163142443866,0.0892423681387129,0.268314998198595,0.445456830989149,0.0981106743856642,0.0121716552934713,0.0510259808143868,0.113001757479634,0.0141721098354233,44.762081225,5.3779506175,4.3902821025,0.00267401379525,2.0180597775,-0.66073105525,-0.0517313951999999,-0.007042107605,-0.3081374075,-0.00406964619999999,-0.14787936175,1.2920073825,0.0309428613,0.8051037295,0.234343584,0.4699887485,48.4803209,6.254671735,7.0136359925,0.500689575,22.683175175,16.349409375,12.841348625,0.08642868825,0.0344820145999999,1.0102133125,1.5478188375,1.674111485,0.075845851875,0.9949692255,0.68657263,0.524464568
47.274262819,5.3327752634,6.6929651606,0.19923590510059,12.293532324358,17.0598575725,4.632159357258,-0.016293843691474,-0.04403149256432,0.3644063652647,-0.12967337785576,1.3086994336,0.052956526991,0.90306647084,0.57002086267,0.50036997444,1.07057117467792,0.197799214367582,0.760706659017684,0.139380301408005,5.08773771720376,4.69847260617441,3.06909603871948,0.0183124303347958,0.073768073665963,0.241442067720232,0.351967392102,0.0902409252938701,0.00892936993055274,0.0405490994165336,0.0927570601280573,0.0150781570215005,45.131752475,4.96850751,5.4299614525,-0.0845135128,2.3301007475,7.9210760075,-1.3713719475,-0.051443278225,-0.19767782475,-0.10788416575,-0.825693831,1.1324123675,0.034991554225,0.8134790555,0.40993465825,0.4713793205,49.32196885,5.7260465725,8.2747694525,0.45280203075,21.753972825,26.38053745,11.03733145,0.0215000843,0.10267058625,0.8682935175,0.59985612675,1.48790158,0.06936215965,0.96766571775,0.77261908875,0.53049429725
45.764874052,5.8131180573,6.7136315521,0.2619653343492,14.6447767185,5.733357183052,-1.5135390863408,-0.003042293697291,0.0692003135974595,-0.1190682863118,-0.18046449176863,1.2860184945,0.041928187313,0.93786382357,0.47709011396,0.5183163308,0.968410265379365,0.201689342256754,0.714628578811699,0.106053006573287,3.60434533547063,3.35218862617688,2.73337407828651,0.0175455941307689,0.0695106494099305,0.215031227408178,0.335601869849102,0.0773144937482132,0.00808925848741395,0.0483877032771585,0.0849549182962247,0.0145893610243845,43.888146375,5.4555270025,5.44066398,0.048114438975,7.5000574275,-0.5218557185,-6.610272715,-0.0352401035,-0.0771538032,-0.52002214575,-0.8101170205,1.145350265,0.027907015475,0.81243049125,0.3169973155,0.4909310185,47.6897139,6.226062525,8.327824485,0.46507216175,21.48897275,12.55810405,3.925261275,0.033288484125,0.19143804025,0.30879554975,0.550579325,1.4535248775,0.059532713625,0.99767656975,0.64870624225,0.54805828225
46.366294768,5.5413819582,7.5493021753,0.1469953416661,10.799151747882,7.414934499373,2.9140380700011,0.0122264404037819,-0.043779846930188,0.2292438451313,0.16683631400782,1.2062260331,0.033275573446,0.82654870462,0.49285784874,0.49908495555,1.12809549359192,0.21109094509837,0.80768459082884,0.114849098912867,4.07787708004197,3.55807998726531,2.93898386297226,0.0217431642019898,0.0777867239718296,0.231206300661422,0.398449948377118,0.0810399892187151,0.0098694940756008,0.104493013395507,0.0964104417540075,0.0150607785024197,44.088299575,5.1622203675,6.093481085,-0.063853677625,3.0350646675,0.63027606675,-2.715402575,-0.02683406515,-0.1845721445,-0.21361742675,-0.5934909405,1.0532758225,0.0163955531,0.5867469625,0.326694235,0.4732027545,48.5645945,5.995396835,9.3861383125,0.38684910175,19.3619839,14.648217775,8.4806290275,0.053162455425,0.1062157395,0.66716081425,0.89982951675,1.37003972,0.055420880275,0.988198938,0.7166083085,0.530043463
46.212219459,5.893887347,7.406831072,0.120196203940486,10.58353423087,13.1996697467,2.352597160322,-0.019004330358673,-0.00037838920678,0.1850759685549,-0.291501796752827,1.3641879588,0.051662370789,0.92937273154,0.47681140563,0.52369998317,1.14615266667896,0.226694200291809,0.778596410980773,0.117172968631003,4.27539603873685,3.51666300192586,3.37255594041812,0.025537425912805,0.0899954518587436,0.265314890540711,0.457184287266986,0.0913082934199407,0.0097666995952896,0.0447258906670289,0.102282940869126,0.015571874191629,43.981059975,5.4661434,6.050127605,-0.10770119675,2.21850191,6.58556874,-4.53452027,-0.069178503625,-0.17466422425,-0.3567252165,-1.180563745,1.1902023575,0.0346152052,0.82735779,0.2940756165,0.49555364875,48.421137275,6.33720511,9.1068095125,0.37189215275,19.204742575,20.29905105,8.9070006825,0.028958693375,0.1866719385,0.7007029505,0.56471973725,1.553105225,0.072419417575,0.99597783625,0.69388383,0.55557821475
47.299840066,5.9312754365,6.742907321,0.2154117114102,13.3676733688,12.6352806739,2.78657837844,-0.0067354138817969,-0.014987290877005,0.2192167453287,-0.082071947211154,1.2974179364,0.044065557125,0.91131826345,0.48649721811,0.49607341974,1.02882423396745,0.223422500790565,0.736924542877866,0.121745873021844,4.13894649585182,3.56785864092038,2.83442355885567,0.0192484967822239,0.073844715066778,0.222980667721648,0.355972735693451,0.0871111247096415,0.00990103330868632,0.0534008440641317,0.0889492654990229,0.0139257059544549,45.213769075,5.5045291325,5.512277485,-0.03510781055,5.039810425,5.6744097075,-2.8702010925,-0.0461222058,-0.160894233,-0.22579524525,-0.78314473,1.142874555,0.026712192075,0.791124019,0.33015428725,0.46869382725,49.25362115,6.3836759825,8.2939828275,0.436963601,21.152514175,19.402949275,8.2280221825,0.03064032405,0.12345875075,0.647288536,0.62908416775,1.480303765,0.064571014125,0.994819159,0.66633512325,0.52384112025
44.928107769,5.8075973512,6.7293954543,0.394072308384,12.365897944598,11.02330460088,7.284956993832,0.03089369741541,-0.14586986129074,0.573098741499,0.7919762463895,1.3486123971,0.052488736801,0.84492272436,0.414827000711,0.5159023302,1.00627762357267,0.241482978652462,0.781998189051751,0.109527808064619,4.32769274932812,3.72881914614217,3.42835281349667,0.0290203819131754,0.0936856981580712,0.269704362675292,0.487938090363091,0.0830355215448273,0.0120421044781588,0.0880977494862964,0.13645846835843,0.0162986236365009,42.92682895,5.367460595,5.3856274925,0.16621448525,3.69478026,4.1759073775,0.46097354975,-0.02219423985,-0.3159951365,0.036264230425,-0.14180925725,1.1991569475,0.030353757175,0.6534507795,0.1393188245,0.4844160235,46.8527719,6.30340831,8.500486595,0.60237826475,20.6542238,18.193961175,13.640997425,0.082415294075,0.0332457918,1.0731207425,1.65858947,1.524803665,0.07657498645,0.9900982495,0.6890475835,0.549111961
44.934379769,5.6446348239,6.5768715894,0.26616123725314,19.2201110346,9.74527967131,-3.209562965913,-0.0230785712631,0.13504852567103,-0.2524924303232,-0.61488184607009,1.2770069664,0.044662009558,0.91897491731,0.42774587869,0.49591617843,0.969974502107404,0.21178880873479,0.752830808735362,0.107446918015436,4.06559082068409,3.52735916723826,2.90033441041843,0.0229651673211807,0.0772289051278326,0.228165794502106,0.400104340480777,0.0744778241626483,0.00862940161753289,0.0591982308137045,0.0961793919011756,0.0149169514230547,43.111866025,5.2494684525,5.2170394225,0.05950710335,11.069505875,2.761125765,-8.869127945,-0.06977074375,-0.0165558544,-0.697723558,-1.40761439,1.14382918,0.02858187085,0.76837830425,0.24387941975,0.46880545725,46.924379825,6.0904432975,8.178862075,0.483237144,26.57822495,16.475152625,2.4059450875,0.022457837475,0.283369776,0.18927277975,0.1458478485,1.4338618375,0.0630651691,0.99398785975,0.62688941725,0.525103624
46.266995969,5.7479120712,6.7195741403,0.2952310851584,13.6431424475821,12.054898452034,1.735542579268,-0.011019215650172,0.010954012527,0.13653303219861,-0.1057687751762,1.2837992064,0.043124277628,0.91319614092,0.37465228589,0.48143454151,0.959373952917882,0.22620156703453,0.775264415779636,0.113204120672929,4.54257646396253,4.06838263911781,2.87921789335853,0.0199481246330699,0.0741326932086333,0.2265045835586,0.363089603178975,0.103620314687797,0.0113285618517966,0.0587785890302663,0.0974646647150904,0.0149469869221355,44.39508005,5.3173151575,5.30380212,0.08121557435,5.2918788425,3.9735845675,-3.9575081575,-0.047569398,-0.13646484575,-0.3113323695,-0.7841923925,1.1060478425,0.022319350725,0.7664752025,0.19994968,0.45393012525,48.0841674,6.187600235,8.37399424,0.51392973,22.4923285,20.423288375,7.400948395,0.030386444375,0.15271763525,0.58222364575,0.65313650225,1.496470935,0.066672417475,0.99041471925,0.5697686425,0.5120023235
45.172329374,5.914318135,7.3617863904,0.45136447109,19.7122533378,15.8299971164,5.867901041675,0.015709360146371,-0.083801151632208,0.4616206667429,0.42066138039411,1.2926961996,0.043955979847,0.88168683856,0.357908988064,0.50251130118,1.13391232076536,0.21412509931475,0.759892345508591,0.102246184374182,3.51780844669874,3.00515447794328,2.77134848371149,0.02186175806632,0.0760614816331727,0.2180186281251,0.389087914543794,0.0743565548110191,0.00962832185798395,0.0822298955586996,0.103244099274183,0.0141014328462488,42.898385575,5.4976202775,6.101907495,0.249738029,12.830947575,10.094411575,0.79287739425,-0.0260759106,-0.23046726325,0.06237470405,-0.286266918,1.1496940775,0.028542912175,0.694954272,0.1637986145,0.476892513,47.342498225,6.37251548,9.026102945,0.6533795735,26.43927145,22.001235875,11.28630955,0.0602429761,0.0586904377499999,0.88788026575,1.1867350475,1.437909205,0.06625235135,0.992840148,0.57892365,0.532732257
46.883379161,6.0104239065,6.6071843638,0.2854062774421,17.7906926708,16.780504212,4.8439137601163,-0.0005858852018067,-0.051178916505052,0.38106482737808,0.0441799352079921,1.4074572639,0.051749238977,0.95875034445,0.5427051246,0.49526489573,0.950121632879917,0.219494202861228,0.748884739949002,0.130877789925616,4.50023689584295,3.54415616030605,2.53262095309426,0.0166761992087201,0.0641282820122712,0.199238222592524,0.319061292644104,0.0833917254436137,0.00805266237184949,0.0306111441454151,0.0917423492511236,0.0137895991357816,45.0178304,5.6004057525,5.2904156225,0.01660688665,8.7690790925,9.953516605,-0.39631333825,-0.0340577051,-0.17060204975,-0.031177490025,-0.574867165,1.26275933,0.038981025775,0.8862993545,0.37714091175,0.47023299625,48.753023375,6.458023085,8.1822217125,0.52867705075,26.585573725,23.61784085,9.4706678775,0.030266170525,0.0751540951,0.745045968,0.6798208965,1.582419545,0.06932091645,0.99865433125,0.738439195,0.5222698655
45.221384541,5.878788434,7.307157343,0.30365112624449,15.1558279251,10.54037481295,2.2136446527769,0.002967336581957,-0.00946771306863,0.17414474334074,0.07127120552573,1.2840415476,0.041404631148,0.89143626237,0.62033358793,0.48504637928,1.04778138539318,0.211157226035675,0.81476224556111,0.125381297403143,3.55760367060882,2.91261935871049,2.58946031810083,0.019362874321876,0.0695131700464578,0.203709706318893,0.364454387337684,0.0654047773698281,0.00845244851623128,0.0591324224519992,0.101837047458022,0.0132520593350838,43.157098225,5.4996139325,5.8570843875,0.0619475817,8.4592105425,5.049454225,-2.8005509875,-0.03162389485,-0.1502795485,-0.22031595625,-0.63896398375,1.1606715775,0.0269011606,0.763802173,0.4377687445,0.4588117345,47.230940725,6.30751305,9.08270263,0.54710184375,22.768531975,16.016303225,7.3910253175,0.0408693007,0.1203482265,0.58144300525,0.80080238675,1.413710625,0.05965638185,0.98751384675,0.839819776,0.51014320275
47.366871622,5.9515116832,6.4007463133,0.4655634380123,18.8497613215,11.258722894651,0.1391672010098,-0.0066929761913406,0.0507688985678,0.0109481151816,-0.0612050459874,1.3779807335,0.050764304071,0.94860970546,0.71025348572,0.47438293019,0.99183300655314,0.222708357072561,0.697205251288034,0.154229410149323,4.99591738504862,4.32149865681849,2.92894212389586,0.0193591732779152,0.072630178944101,0.230416328470188,0.367150257978837,0.0943511711161795,0.00920329638577576,0.0354283948811387,0.115137255569831,0.0134456992682464,45.372550625,5.51429879,5.1967581425,0.15955397075,9.0241024425,2.853192675,-5.71543249,-0.045853667575,-0.0810623487,-0.449626149,-0.810784598,1.2152882925,0.034990425175,0.8603464785,0.50892276625,0.44972785525,49.336810675,6.4094367975,7.874619135,0.7497859075,29.0194092,19.51720845,5.410211025,0.03104038315,0.202884486,0.42561475175,0.65590901225,1.569498355,0.070557256675,0.99653590475,0.95662161575,0.501849676
46.162026341,5.5539787389,7.218521696,0.3304777973857,19.8676859067,16.0124155752,1.4831257543379,-0.016492941409237,0.037043676121919,0.11667570639351,-0.29923901872675,1.2696156089,0.054062812277,0.88115433069,0.421014620008,0.50749403373,1.09165833626903,0.20426350646191,0.7858211966411,0.113459876000025,4.09115343755038,3.47355761244432,2.86836421825562,0.0213945266951452,0.0761426125433078,0.225650738302347,0.387257177411217,0.0792180185291131,0.00898159135715652,0.0512400116753906,0.0955137380771469,0.0144263649415619,44.0376881,5.183375805,5.941376455,0.11159743775,12.00940535,9.1542951825,-3.82493777,-0.056605708075,-0.117654153,-0.30090321825,-1.0499778875,1.1241381725,0.036406834675,0.7594250165,0.243565188,0.48073945825,48.270553225,5.9612167,8.964536975,0.5337867095,27.444852275,22.6804874,7.5068689025,0.0241202926,0.17911934475,0.5905562785,0.4481867865,1.4448972625,0.071417903575,0.96138958475,0.62233954425,0.53706049975
47.577530665,5.6008748383,6.8418633163,0.15466286775049,10.784799086379,5.311482117809,4.1760490066355,0.031019251775453,-0.08850289952831,0.32852471605485,0.47281687790116,1.27931859182,0.0458633691074,0.91200567141,0.5204735775,0.50170043301,1.01393506403137,0.213111988683651,0.737049359121788,0.124841874983017,4.44256116925286,3.87615342380397,3.051887592011,0.0188490752769243,0.0779146082431513,0.240088299440491,0.367055013561195,0.103657581169628,0.0119542907164821,0.0534693861254361,0.085496548959855,0.0153717906437282,45.5703419,5.2181228425,5.54388094,-0.087218137475,2.398014115,-2.356464555,-1.8840308525,-0.006575489045,-0.228723909,-0.148214425,-0.24343065225,1.0990012725,0.0240773462,0.7874706425,0.3611092605,0.472991046,49.571333725,6.029980765,8.39757728,0.401676746,19.05854825,12.812759025,9.96078093,0.064884957825,0.0699462633499999,0.78360257475,1.1609792225,1.50036345,0.068002457825,0.9886716215,0.6972866415,0.5350714325
46.528837046,5.9572100814,6.7454192948,0.18225606326999,15.6741622852,10.6341764539,-0.46358941213619,-0.015620816013534,0.06423190354993,-0.036470017566415,-0.41154517144083,1.3748519847,0.043206433656,0.9453351099,0.2850628004447,0.52348948479,0.989851705369283,0.234997966155686,0.713979605800255,0.0984848824364473,4.02822353464204,3.47645406572201,2.80153842997516,0.0175570662477783,0.071714937734469,0.220393634656387,0.335309501211046,0.0896542427835377,0.00825698929550743,0.0426102684941037,0.110760360198378,0.0149439896771538,44.448197425,5.5168570575,5.583201425,-0.014867349675,7.7951611875,3.784047415,-5.8351682825,-0.0513272001,-0.0749146446,-0.4590456245,-1.04597109,1.2141020375,0.0283507238,0.83963042725,0.051223485075,0.49654425825,48.429498875,6.4239567475,8.3935006875,0.36848838225,23.072218725,17.106957075,5.09175613,0.018810816825,0.19823063475,0.4005622915,0.24778910075,1.56801157,0.061654843625,0.9974431895,0.497763388,0.55400211325
44.800812342,5.3885286459,5.9626941741,0.452002194634,18.2581389121,12.4670326596,-0.6078524137115,-0.019054420637099,0.07706342361612,-0.04781901292707,-0.2536903515874,1.3453947666,0.046302224158,0.961736792,0.51124936141,0.50303896212,0.899118717811649,0.19237914311857,0.675173567579222,0.116124148183861,4.21284746155083,3.55399540981028,2.4691223018381,0.0187866254579996,0.0639136131511551,0.194242860391251,0.326845629857938,0.0700028725121938,0.00744805801301834,0.0372535694243633,0.0892423509036859,0.0130907837357071,42.982098075,5.0260367425,4.7914287725,0.22526769375,10.1406783925,5.251372285,-5.53234223,-0.055393454425,-0.044381618625,-0.43522266175,-0.89900079225,1.208964205,0.032721492575,0.8684269115,0.34380340275,0.4788318735,46.467932475,5.7763010825,7.4629412575,0.669825965,26.886942075,19.295933675,4.184067115,0.017050852275,0.20563748775,0.32915548725,0.39733971375,1.492465665,0.061658445075,0.999211544,0.7086945905,0.52980913975
46.692832387,5.672842051,7.687153023,0.19972333705062,9.024205953448,6.917722071572,-1.1184237706829,-0.018819975185948,0.06413175025407,-0.08798504339724,-0.305267013439,1.3179332423,0.04510272234,0.90140612377,0.365463154379,0.51918988179,1.12355192233927,0.220543440454995,0.863673970030673,0.112154703316882,4.37641572605095,3.85340383686814,2.74271132976099,0.016831351125816,0.0687901027293023,0.215765777860031,0.324223333061416,0.0829316634864838,0.0109055588821332,0.0523998179802352,0.0866084331400524,0.0157289326958171,44.576078325,5.2501510175,6.2360281475,-0.02454383345,0.2701728625,-0.7090517235,-6.7047372725,-0.050187437925,-0.062895468,-0.52745356125,-0.92437299475,1.1748328025,0.02546956935,0.78582729575,0.193738328,0.4889273435,49.017505075,6.0888902125,9.60283447,0.41462765725,17.574758125,14.32618995,4.03143471,0.01417664355,0.1987772385,0.31714808525,0.341459283,1.491429885,0.066021763525,0.991246724,0.52800449325,0.54983323575
44.482120984,5.9590537331,5.9715213865,0.24513904350025,15.0779360429,6.25026838393,2.3284272577176,0.023389151744418,-0.033404136631197,0.18317455195505,0.29046256247717,1.308678879,0.057430352491,0.8885037697,0.48520619303,0.50725678612,0.854474087026518,0.213690245196519,0.665295493814835,0.111085944234625,4.03687654146638,3.35181627820277,3.15281664314318,0.0278141031756004,0.0865267242307954,0.248028266485173,0.465213428709084,0.0746423321098512,0.0117787088728521,0.0555336465836537,0.105428942539302,0.0154406258433579,42.8308037,5.5596219425,4.7913165325,0.041967811375,6.81853487,-0.33603810225,-3.78822177,-0.030344423825,-0.1966757675,-0.29801481775,-0.619326764,1.17335143,0.034005293975,0.771962551,0.2711071645,0.47913654375,46.112666075,6.39295376,7.45595634,0.46516633975,22.85722155,12.397201075,8.27187681,0.078481434675,0.140574848,0.650738528,1.1901917075,1.4648826725,0.081741270075,0.98788011275,0.6869363455,0.53826788075
46.751197595,5.3981970761,4.9826804075,0.27238736551137,19.024082551,5.3976737229551,-3.6031279455383,-0.006346837971634,0.12474096588909,-0.28345371072976,-0.396622732920659,1.3769175533,0.051829782165,0.86107728267,0.58707789652,0.50208200762,0.808291027533804,0.201847525895386,0.616232371463988,0.13235839687884,4.6358270911535,4.08087517167841,3.4127296815235,0.0282918115181621,0.0922106731495042,0.268475309915844,0.487605006544512,0.0883699248257992,0.0128100354101303,0.0687039406070315,0.104686409934975,0.0144268614411727,45.249939725,5.02165887,3.9315348325,0.00575866582,9.820779875,-2.2884392275,-9.9137054225,-0.0624930857,-0.05362181495,-0.77989920275,-1.39417613,1.222867065,0.028645269175,0.70054685375,0.40405434775,0.47527662375,48.383136725,5.8039106925,6.3397013075,0.52600369275,27.681227075,12.9780986,2.89904142,0.046309650275,0.306051081,0.22806407625,0.52922937525,1.5556121525,0.079085252825,0.98092218375,0.82221878925,0.53118875625
45.800681956,5.7087697378,7.7916700864,0.2117220783025,18.6010157041,14.2863703687,0.0890867571352,-0.021593533179826,0.06681544392521,0.00700834721752,-0.50920225469562,1.3496676672,0.064477185823,0.90825784266,0.43521123859,0.52087379691,1.12200317949109,0.214330464540458,0.846346782176359,0.116346747150721,4.21296916909497,3.49939215817225,2.79627933527718,0.021790596627307,0.0744182186248862,0.219979907804809,0.380137097149065,0.0912293805633888,0.00953777255100929,0.0456075714108211,0.0970311769621545,0.0144451348232027,43.72768165,5.2980337075,6.3395944775,-0.02220178,10.430110775,7.547985665,-4.9815332875,-0.0647565249,-0.074374715575,-0.39189118525,-1.2356978725,1.18096438,0.04567154685,0.8053009635,0.26793089875,0.49337386925,48.0169089,6.1499174275,9.5940360275,0.438948592,26.92091735,21.386734325,5.60580341,0.021642793925,0.20506336175,0.441001759,0.2280727915,1.5310267925,0.08446451925,0.9759298425,0.632365859,0.5512700235
48.236791537,5.7122096922,6.2623664214,0.2000786209753,11.169645859602,7.871936111398,2.7126868429088,0.009531792888659,-0.03605589303585,0.213403787594046,0.16770662390053,1.352155321,0.04977086278,0.90684201311,0.361103413181,0.49800421,0.89682070934812,0.220589426258853,0.731392200282369,0.115821920836561,4.56981385854479,3.81354617142006,3.15196858987411,0.0207097981152688,0.0812006421072713,0.247961550313393,0.380344650282276,0.0955341598003374,0.0106931511573209,0.0516019710500016,0.0914763029397835,0.0140150456636043,46.54553165,5.3274093625,4.9807665925,-0.033133968175,2.177042405,0.0503357265000001,-3.6000051725,-0.02989430775,-0.1918229475,-0.28320804575,-0.575761302,1.1703591375,0.027736511775,0.7966492965,0.1752139255,0.47264945475,50.083035925,6.2011138275,7.8416869975,0.4199304085,20.008388275,15.409428675,9.027833495,0.052134566475,0.12684444,0.7102087255,0.90294106575,1.5391600425,0.07078943185,0.99343185225,0.53825815225,0.5260264185
46.520844038,5.7769379008,6.6558775615,0.11048402289359,15.24131287866,13.0338288005,-0.9842716112572,-0.03146348335004,0.09010918692499,-0.07743145528788,-0.70362064429876,1.4046817948,0.054177853404,0.90303291993,0.45072296192,0.50154793092,1.06976119645005,0.231473506492907,0.717149553095411,0.12311436573343,4.41152180569694,3.76927672164705,3.2119864923462,0.0231796058723649,0.084257037767586,0.252683086296271,0.417657131288597,0.0893316645492138,0.00963524453467573,0.0535370621372472,0.117896992102602,0.014640953685708,44.387596475,5.3317175025,5.40021087,-0.126433767,5.723163405,5.615709335,-7.8299978075,-0.07894315165,-0.083164769425,-0.61597643675,-1.5005890225,1.24182176,0.035807349075,0.78545829425,0.24392511025,0.472601095,48.665483925,6.2650958725,8.15019516,0.3590830735,23.396462475,20.52764545,5.5653425275,0.012434255325,0.26016344675,0.43781875025,0.10377673425,1.58113683,0.07450560035,0.9921572835,0.7164247955,0.52890385225
44.35783853,5.5964302815,6.6808118939,0.2433519364133,5.5663971994175,9.89287478889,1.7560629185312,-0.0198416767366055,-8.77312543489999e-05,0.13814734241991,-0.08429510622772,1.357060314,0.059639503915,0.86520065153,0.55501682472,0.49416477551,1.01699071842582,0.212870599172439,0.717076449001979,0.124522239987578,3.84476191604944,3.45078756280426,3.02104374707661,0.0278935412919814,0.0841647147092904,0.237661852051342,0.47318386817356,0.075368718803051,0.0112094067335331,0.060018314834135,0.107739165365049,0.013250190441449,42.350242475,5.188758915,5.403137145,0.012453206425,-2.167771315,3.44866123,-4.053314735,-0.073092583175,-0.1766355065,-0.3188693575,-1.00904612,1.2161816025,0.036188582325,0.7411517615,0.3521345575,0.468495569,46.257255325,6.0373450425,8.1695313875,0.51441742125,13.1676919,16.7509734,7.7927448025,0.034690653475,0.16692693275,0.61304579575,0.8619575985,1.51714581,0.0802748874,0.971878796,0.78593304475,0.52059791375
44.929092229,5.4517299809,6.7288564171,0.384431949954,17.4716385018,10.80631243629,0.371199327578,-0.006159908818287,0.042227819310557,0.02920180153776,-0.09400385654041,1.3460099387,0.054228868569,0.93425065972,0.43045220459,0.49469278733,0.887008716346362,0.202778308608449,0.760797246121608,0.119652280901617,4.31170221122513,3.7009474394921,2.8898473984159,0.0195193893222889,0.0736808637988186,0.227340793977739,0.343414525872178,0.0851143041172527,0.00922656537816668,0.0404552566884876,0.105004402106156,0.015605139671943,43.267121225,5.0960299075,5.346914295,0.14943867975,9.32242705,3.6676890875,-5.0700917675,-0.04351601055,-0.10550677,-0.39885797425,-0.737176225,1.1884104475,0.036850999725,0.84239451725,0.243627937,0.4661388595,46.7312381,5.8740953225,8.3528754625,0.622635301,25.986123875,18.0734965,6.0560431875,0.033911545625,0.18495949725,0.47642158425,0.605868907,1.5161033725,0.07287658425,0.99241711,0.662086356,0.52680533175
47.781968741,5.8279219569,7.5652737281,0.24096289861398,14.033902946598,14.2474363393,9.473574086787,0.03577940503256,-0.1901181111666,0.745274597093,0.74809176997583,1.27805723721,0.060639549974,0.88644586544,0.64592611197,0.51749042376,1.22591917867968,0.237005192544868,0.843999656376532,0.150106512708299,5.51456135449235,4.51064009020943,3.26969992666714,0.0220762843855478,0.0815711561601759,0.257223332408804,0.395204076254306,0.10046934847313,0.0108412266033802,0.05375727142765,0.105719627508056,0.0161658990368631,45.491404675,5.40048581,6.2035523625,-0.0907204625,2.875806115,5.9139520725,3.166892265,-0.010033755225,-0.3460716835,0.2491355835,-0.02372980175,1.08892705,0.04052633385,0.76518476075,0.46478123325,0.48751418425,50.26784655,6.3197075075,9.585751345,0.52367906275,24.7945817,23.67505315,15.878512975,0.07688643935,-0.029371020025,1.24914338,1.499240145,1.48885856,0.0829388331,0.973186824,0.87382540025,0.55019366475
45.97490824,5.9961142729,8.9680752763,0.30604904610268,19.762393634,15.5290210941,5.063806705092,0.01139617039158,-0.063261365809915,0.39836353884731,0.18615512593426,1.2926692158,0.052944254208,0.90245256564,0.70585897747,0.48544792096,1.25986152466056,0.205620178401997,0.978854721998978,0.134346684938577,3.95945896976297,3.21700365334546,3.06849550715228,0.0240092964567983,0.0831135572835957,0.241394823941719,0.443973374382079,0.0775547433982896,0.00964080353025798,0.0569387796746824,0.116633037199585,0.0142948160396083,43.4235506,5.617838285,7.2925837725,0.023281333525,11.5730813,9.4111093275,-1.0067983775,-0.03493291355,-0.21983286225,-0.079203608725,-0.6899790265,1.1563716075,0.0333762745,0.7732771265,0.50254218525,0.459233985,48.37067115,6.42651264,10.99570035,0.5661601315,27.51133725,21.929696775,10.5421728,0.0581315618,0.096313322975,0.82933993575,1.078880685,1.4571681375,0.0705248406,0.98752607425,0.957042863,0.515206468
45.763724078,5.6801293798,6.3056770693,0.3036068109351,15.2043302856,9.766058990126,7.0542259909,0.04167390907956,-0.14565188133111,0.554947413171,0.7693028243772,1.27904896724,0.053330546243,0.91858246606,0.53084097089,0.50328524351,0.915420336713212,0.204729027291025,0.694164499783004,0.118220005695215,4.336083919185,3.83176121872555,2.99709074673191,0.022475216742627,0.0782203327537385,0.235777498057949,0.389561668066751,0.0846844977383735,0.0101578191293194,0.0470149105168709,0.095424127243164,0.0148258672501689,43.9986872,5.30135009,5.1073518525,0.07314281525,6.736259615,2.42174734,1.2065270175,-0.0015446530075,-0.296452328,0.0949160204,-0.010927951025,1.1231878125,0.0344979473,0.8123181345,0.3633348745,0.47560619275,47.52133735,6.09912673,7.7701475325,0.54269617725,23.584656825,17.100616125,12.763824525,0.084728733725,0.010689355975,1.00411464,1.5068443575,1.4487491925,0.0744613398,0.99108779425,0.736066468,0.533716141
43.802433249,5.7076213212,7.0430147427,0.28412850784232,14.2141405017,12.7358162574,-0.4622441059853,-0.028721000941203,0.07438272891114,-0.0363641837868,-0.4494590006308,1.22021197722,0.065364042064,0.87553388225,0.52576661029,0.50040962493,0.977469370053016,0.201738072110971,0.791302313384872,0.114392666180642,3.93694373029077,3.80541966505494,3.52519785470633,0.0338220462596297,0.100109163844375,0.277323044685512,0.547698128602371,0.0727432709275834,0.0114236549201446,0.055538587979542,0.0874064714328878,0.0155074725895746,42.01438985,5.3095338225,5.70216741,0.0638802419,6.2160993175,5.1941422025,-7.1017796475,-0.09320686085,-0.122832028,-0.55868840675,-1.4840992525,1.0891095125,0.045276553775,0.757791724,0.369074311,0.471972409,45.745173375,6.1099346625,8.8784881,0.5076605515,21.6720071,20.49293645,6.618543195,0.038442212525,0.267991788,0.52067277375,0.66600205525,1.368935375,0.0889576796,0.975631221,0.713624565,0.5308176
45.08160103,5.7620202564,6.552742048,0.359896142219,15.6272155259,13.1086947867,3.558372537094,0.001964373386159,-0.033807506448826,0.27993285662877,0.1543947726109,1.263971985,0.053333730643,0.86018537944,0.63293973058,0.47989412512,0.967043793192847,0.219731427399814,0.742117655717944,0.132526504506026,3.96578085217789,3.60535595729082,3.19296349503536,0.0282672191887912,0.0878937441263034,0.251186570375774,0.469101814543907,0.0778031074583784,0.0126281265364535,0.0805358284884234,0.109908370741655,0.0151671690231195,43.321134375,5.35933943,5.3057189075,0.096903456275,7.836596415,6.397839205,-2.752440355,-0.05326545655,-0.20455659575,-0.21653115325,-0.77130862825,1.1230697175,0.031301225525,0.6810035025,0.409247338,0.45104133375,46.989865425,6.1994742225,8.135385235,0.64184763625,23.749185875,20.7951185,9.851771095,0.056008177225,0.13299612675,0.77502689725,1.0515966675,1.4283079825,0.0782856421,0.9939282305,0.8611725255,0.51012850725
46.749516924,5.3018850525,6.9919679705,0.251387913977,15.0215903362,12.5992604747,3.5762182707739,0.003021674140938,-0.036765204051066,0.28133675901408,0.07485968013516,1.2593565457,0.036735070663,0.89919934007,0.46300253169,0.48393685248,1.05896245968793,0.194392831987166,0.80811907726652,0.106347633601345,3.6305705765857,3.08576103979234,2.57772892292082,0.0173710277093557,0.0663040465697718,0.202786812156044,0.320237560071362,0.0775916198598266,0.00817380895129081,0.0636179809715163,0.108131789621017,0.0129401164956633,44.726085725,4.93283946,5.664194605,0.051335901075,7.89205346,6.56382375,-1.533141015,-0.0308964541,-0.168437445,-0.12061035475,-0.53145937775,1.12149049,0.022385164,0.735843139,0.261858796,0.459329272,48.882401825,5.6862719775,8.838996655,0.4742712035,22.247480775,18.66888825,8.91155649,0.036092427325,0.09226030015,0.70106135375,0.72391889975,1.41984403,0.054115407825,0.989067721,0.6943591515,0.5118064845
46.291983918,5.6870395572,6.6279183286,0.197874833599014,14.8850096616,4.3543093601795,0.94331072098723,0.021653701506749,-0.0047001251804326,0.074209111681225,0.1718281289871,1.2397388612,0.048856485067,0.89631428233,0.63604658972,0.48885524172,0.912724220840318,0.200054394641157,0.720267083504458,0.136591882096724,4.25530726796945,3.58206096382409,2.90871907277383,0.0211150015140033,0.0755447734132452,0.228825405753656,0.385720875009596,0.0746929753071759,0.00984319720062071,0.0581160185163806,0.100557533233354,0.0147084638693604,44.53338375,5.3152747475,5.3654998675,-0.069791263225,6.76872336,-2.8371773175,-4.469674685,-0.020501271925,-0.14810970225,-0.3516238965,-0.56771717625,1.11032456,0.031199847375,0.77360558525,0.4547163175,0.461927833,48.1195229,6.089381845,8.3317712675,0.47099485675,23.209077775,11.633811525,6.3245519425,0.06482855325,0.13893276575,0.49754483375,0.908585189,1.3980105825,0.069905641425,0.993376766,0.84684484825,0.518591812
45.54091351,5.861762155,6.8192049483,0.23249221097364,16.66906506641,5.885460902058,-2.0181310561968,-0.002648338036546,0.083742474690575,-0.15876392541785,-0.27153193866,1.380040693,0.061917272132,0.90461379236,0.55801373403,0.51687508915,1.00979223647189,0.22109393238101,0.72940005001049,0.121639435205505,4.47097156876134,3.61713895811109,3.01763023862045,0.0226900662495168,0.0810988506669984,0.237393315301229,0.412166021781867,0.0876174205433096,0.0080611598606145,0.0456541648246269,0.110500946694471,0.0140230377125739,43.525043225,5.4518403025,5.5464653275,-0.00712091562,8.202420565,-1.21634081,-8.145468425,-0.047431239375,-0.065644812475,-0.640794132,-1.129450625,1.206659005,0.0461572192,0.80564705275,0.36605801825,0.48894389775,47.558296125,6.33156802,8.3158117425,0.46680719325,25.207261,13.383891975,3.4376662,0.0404825586,0.248474015,0.270437032,0.4845329225,1.550767135,0.079031285625,0.97342655,0.807636988,0.545188834
45.508139726,5.7318893292,5.6855167287,0.3038030683741,11.825950364031,8.21354737183,-6.1154047570866,-0.05437943987208,0.207122767015,-0.48109148377164,-0.9303905213147,1.438504659,0.067145296346,0.91616551088,0.60374110027,0.48280000311,0.91816160781831,0.210229684310106,0.657559331352545,0.132832084293437,4.48288234550763,3.92813065530708,3.28247545569452,0.026994173411261,0.0878408111205983,0.258228367577396,0.462663330584519,0.0921995888486521,0.0111653327047886,0.0388017297530049,0.0992969310066712,0.015004133109317,43.869495225,5.360599405,4.525799705,0.037435335125,3.39581896,0.83482300425,-12.574421,-0.11161500325,0.03828695175,-0.98921445975,-1.888982115,1.27229172,0.04653767875,0.8302229445,0.42573251625,0.4547504745,47.5476176,6.1870061,7.0957740225,0.562058303,20.451612125,15.781818675,0.080334029775,-0.005978267855,0.38551303625,0.00631978083,-0.0896279605000004,1.6366080275,0.089624246575,0.98218620225,0.8082454815,0.5130344555
