"ests.1","ests.2","ests.3","ests.4","ests.5","ests.6","ests.7","ests.8","ests.9","ests.10","ests.11","ests.12","ests.13","ests.14","ests.15","ests.16","stderrs.1","stderrs.2","stderrs.3","stderrs.4","stderrs.5","stderrs.6","stderrs.7","stderrs.8","stderrs.9","stderrs.10","stderrs.11","stderrs.12","stderrs.13","stderrs.14","stderrs.15","stderrs.16","ciLower.1","ciLower.2","ciLower.3","ciLower.4","ciLower.5","ciLower.6","ciLower.7","ciLower.8","ciLower.9","ciLower.10","ciLower.11","ciLower.12","ciLower.13","ciLower.14","ciLower.15","ciLower.16","ciUpper.1","ciUpper.2","ciUpper.3","ciUpper.4","ciUpper.5","ciUpper.6","ciUpper.7","ciUpper.8","ciUpper.9","ciUpper.10","ciUpper.11","ciUpper.12","ciUpper.13","ciUpper.14","ciUpper.15","ciUpper.16"
43.291316322,5.7340272298,6.8756521325,-0.15627055743139,59.50610224,8.96970985762,0.4160545946724,0.10118068673271,0.032097778155895,0.03273051101953,-0.19407221082133,1.5542463255,0.070531719188,0.9100611704,0.4050757420787,0.4838965228,1.00007662248798,0.202308526652601,0.725951013535307,0.119444021421147,4.17474197984886,3.64142048909473,3.65913407979585,0.0346350221145485,0.10344131959423,0.287859645602817,0.556368349379149,0.0885245678568411,0.0115878099946763,0.0604709741912569,0.134075514713391,0.0145807627586727,41.30540225,5.3384801075,5.5698979275,-0.381889237,51.3546416,2.0308220525,-7.0398712,0.031731719675,-0.15437285575,-0.5538181385,-1.369399625,1.3903683725,0.049147812475,0.78540029775,0.12035369075,0.456580544,45.273243425,6.1166843325,8.346123615,0.0737467523,67.6423703,16.373550575,7.0689585525,0.16304635975,0.24845087025,0.55610641025,0.77342411875,1.7298676975,0.095594157575,0.99573272725,0.66228542475,0.514175609
45.122172709,5.8047663258,7.9455798773,-0.02364715593228,59.379654064,5.980687793691,-0.6399713339345,0.107020360283,0.04649980017754,-0.05034576956046,-0.02112280455864,1.3894142705,0.062418656622,0.96278671835,0.61452166642,0.4620407941,1.22983384489808,0.202921236990726,0.841288686258532,0.134404419533608,3.7931677626265,3.20671737707373,2.43837527264214,0.0200707768647171,0.0658185264119863,0.191824028650333,0.346233403919985,0.0762422157483795,0.00802273433084311,0.0315761797533794,0.112505014939877,0.0134516292732018,42.9133028,5.41140213,6.4974921675,-0.297117518,52.371376425,-0.26272052625,-5.55740535,0.066201664925,-0.0854659611,-0.437194345,-0.71925669,1.2454624575,0.048976301475,0.8832384935,0.426768853,0.4356138015,47.811338525,6.2190626275,9.7705331875,0.231189919,67.185220175,12.358591775,4.021546035,0.14371674975,0.173882955,0.316370153,0.57512840975,1.537112045,0.08077474215,0.9988990565,0.861114607,0.489500508
46.449391968,5.953762401,7.0756143602,0.04223776127653,54.755096002,1.3490886536921,0.0752083652159,0.122700571098,0.0044820809177348,0.00591655104857,0.3892083344432,1.3151430381,0.06818812886,0.92788224642,0.358295289517,0.49354825736,1.10708606030445,0.217995787357976,0.717450349199622,0.118089585479552,4.22718291142884,3.40891987427543,2.68983464505486,0.0210866191596745,0.0710325493329343,0.211606032876622,0.374550832598974,0.0777679071965025,0.0100766460504173,0.0389266980507653,0.120979699184083,0.0143854354549758,44.181529825,5.5413011925,5.8699303525,-0.17553942225,46.95168605,-5.2114278825,-4.9876304575,0.08110097805,-0.1306469945,-0.3923708495,-0.330187918,1.1712590325,0.04701519195,0.837273097,0.091476380975,0.4667677075,48.676565875,6.39010549,8.61353587,0.28939236075,63.545270275,8.2536829025,5.37588805,0.1621996825,0.14007236775,0.42291460125,1.0925672825,1.4714389075,0.087397097425,0.9862197215,0.5968978285,0.5220006925
45.020783828,5.6292757229,6.521446567,-0.15720815863871,57.1439229,9.209915323956,-1.4465547884414,0.081058491871,0.0842202315786,-0.11379871270122,-0.47804049042183,1.2433071291,0.039826352985,0.93772485139,0.395234362188,0.50347157098,0.918415083846797,0.179513515154037,0.71094441270401,0.099317411076514,3.51784807320196,2.87562814347896,2.37060864221381,0.0175976643965409,0.062441819347228,0.186492910171401,0.316896575665014,0.0662831614039847,0.00705309303388508,0.0476374021661347,0.0942892918724211,0.0126773231625617,43.307481025,5.2760566075,5.2572138225,-0.36200393125,50.397339175,3.5041831975,-6.2911108325,0.047557033,-0.0370736373,-0.494914076,-1.09630568,1.1118557,0.02701106525,0.82687084625,0.220312391,0.479101577,46.908614875,5.99220356,8.0465648375,0.038960643925,64.3424257,14.886683925,3.18046318,0.1125672205,0.21106745275,0.250203182,0.11654667475,1.378333165,0.05390208645,0.99794170825,0.59166848775,0.529103825
46.551759945,5.5563520235,6.9918026346,-0.09176708450114,55.092192062,10.10169080141,0.7458337215829,0.0880007590509,0.028562780574018,0.058673835336645,-0.18845083379914,1.313697082,0.053174167706,0.8294743995,0.55643611755,0.51111239838,1.0367625346689,0.200714488890086,0.739203962434515,0.127426396223342,4.3346632811822,3.8377099762625,2.98823530815699,0.0237917918844218,0.0789248965067365,0.235080851702732,0.424264927823559,0.0917074251214966,0.0104955579936114,0.0810283691739879,0.109958005370968,0.0151615430829177,44.607532075,5.1739606375,5.6848583075,-0.34748439075,46.124865225,2.56151141,-5.1202161575,0.03803377405,-0.126714207,-0.40280120425,-1.0632405,1.1437143475,0.034644485225,0.65270084975,0.345442922,0.482568122,48.564307725,5.9400661225,8.5366321925,0.15786923675,63.3119127,17.6137193,6.6008621325,0.131501758,0.19013480175,0.51928182975,0.602372974,1.50491277,0.076505280825,0.97206657675,0.78624380475,0.54097025
46.012649263,5.6669772941,7.481618274,-0.15667384993455,54.866958658,8.851764106551,-1.4786263512542,0.07713883069156,0.083361532793162,-0.11632174384148,-0.477314525818284,1.3465169134,0.057526894248,0.88234006094,0.53791662637,0.5014434894,1.09171293299474,0.205616184826804,0.755690692794994,0.122329043600316,4.10304678992998,3.39298277221526,2.87972135965305,0.0220664554232367,0.0766361202493035,0.226544190673236,0.394637282220192,0.0957631766543924,0.00860509212000435,0.053422766811937,0.112907041236965,0.0140882613699433,43.858003525,5.27278889,6.217142085,-0.381541077,47.03774075,2.11369135,-6.877368695,0.035291922725,-0.0718433828,-0.541034262,-1.19170304,1.1785056475,0.041238117,0.76504198675,0.3445505105,0.4749148275,48.05700885,6.06425213,9.2175785975,0.0899208255499999,63.1772716,15.582502675,4.385688645,0.12244092725,0.23459536175,0.3450168135,0.32801096775,1.5442306025,0.075852360175,0.9734118905,0.7757889345,0.52942818475
45.878142307,5.6784052048,5.9158715073,-0.03918738255871,47.789555789,9.81777145609,-5.8590599507648,0.02439867773836,0.2078860005015,-0.46092514854403,-1.0616919114682,1.25476724923,0.044566770396,0.70686552374,0.49371276038,0.46300467766,0.876916543451335,0.201460204675216,0.645201261177373,0.107492551649913,3.92148579024701,3.5476172963913,3.29145216112091,0.0292116158439736,0.0900349229367999,0.258934554152676,0.492794762854956,0.0842631847059599,0.0130063677590158,0.112040114242157,0.107134026595153,0.0134693334664819,44.267567375,5.2977377125,4.774444875,-0.253019501,40.161849675,2.673846465,-11.88015215,-0.02700053145,0.019343747925,-0.934597218,-1.9440164175,1.1047684575,0.02190306335,0.490726037,0.291456069,0.43662942175,47.6483682,6.087551765,7.309584975,0.16637542425,55.303151375,16.39912155,0.981125005249997,0.085377117725,0.37100363525,0.0771839153999997,-0.068497459575,1.42800977,0.069482091925,0.9360470295,0.712594948,0.48987474625
46.970003012,5.3896508083,7.4073156775,0.0409772800199,64.757668193,14.8858444545,3.0602485034927,0.1053564898089,-0.011564940471249,0.24074604256402,0.0361021299055,1.1593055731,0.044152219371,0.80729717973,0.54181654512,0.49806527942,1.09686444002415,0.228905540856786,0.832113658806266,0.130006106871709,4.4732744768741,4.05115730486096,3.42069101746214,0.0255208178834766,0.0889528950575475,0.269101618595468,0.448291817175696,0.091717737717295,0.0121974132176556,0.104747434458259,0.114819697863712,0.0167902563596084,44.81407775,4.9557697575,5.94921637,-0.21865340825,56.0170638,7.2915238025,-3.3775617,0.056814581525,-0.16933861825,-0.2657086835,-0.8417392505,0.98428118675,0.02201511665,0.58315421575,0.32906919925,0.467679516,49.2325965,5.864060445,9.16924065,0.28258917625,73.30029005,22.941411075,9.6366718275,0.1529079295,0.156704049,0.75810529625,0.892423436,1.34361733,0.071036448625,0.9887823445,0.77698641,0.5333801685
47.850120059,5.5003843943,5.2928953414,-0.2144732713717,50.822251147,10.228328151792,5.39947380471502,0.111077364649,-0.09813962724675,0.424770062999426,0.27351137343372,1.3736905258,0.0470795664263,0.90564594893,0.61308779143,0.51038190717,0.792780232273932,0.225895295706785,0.591734781050468,0.155101552522526,5.14831043198481,4.26501450140116,3.53069019819079,0.0256442947942369,0.0921181300231342,0.277755120528594,0.465435438368053,0.104289715479339,0.012209182578826,0.0743068067941594,0.115919092397923,0.0149335707022147,46.374307675,5.0771995175,4.331426475,-0.5199574305,40.44821565,1.936677475,-1.536788085,0.06186908405,-0.28572042875,-0.1208972595,-0.65643328825,1.1757248475,0.022734812775,0.72356004375,0.4071605265,0.482084862,49.38358935,5.99718901,6.57641006,0.0881614340499999,60.73464825,18.578545,12.70729095,0.1621412695,0.0835156905,0.99966715425,1.2169194175,1.587664835,0.0715675558,0.99525689025,0.864772268,0.5425128955
44.606587068,5.7435035579,6.1893085858,-0.010638814352368,54.315615179,7.3026168189832,3.81244293932,0.121269890817,-0.06890324828819,0.2999202676448,0.4701951557611,1.356025602,0.042997958705,0.93769784462,0.59420872048,0.49401445515,0.893204212744074,0.205324468564166,0.670758278555947,0.133231497398189,4.13848719630224,3.63970340155274,2.7613868902893,0.0224405389612201,0.0735024552875896,0.217234961783255,0.384150777256435,0.083295324619828,0.00851867251552261,0.0598577840318601,0.128512104450749,0.0145649150581832,42.887018025,5.36722753,4.9996762475,-0.266174379,45.909277675,0.3659227615,-1.5216946775,0.075098278625,-0.2203115975,-0.11970987975,-0.2711616875,1.210844225,0.02727199345,0.77235706475,0.367629616,0.46802218575,46.332778475,6.1602771675,7.663392685,0.24774228375,62.141068,14.73027685,9.24182745999999,0.168174504,0.072789457475,0.727043366999999,1.2007043725,1.541703605,0.061170353125,0.99835630775,0.870862093,0.52427242625
46.906621751,5.5994565295,7.337737197,-0.260729981942576,59.449383215,12.7454001658,2.325980712549,0.097464037727,-0.001852262087534,0.18298208481726,-0.27375674431384,1.2851052155,0.043252009954,0.9031709519,0.49726562912,0.49315148706,1.0567374770931,0.20358581273699,0.763673781335524,0.12166510557024,4.12645801102658,3.66526361492932,2.68656301447557,0.0189527137860964,0.0686158372056581,0.211348657802769,0.346051723087009,0.0868703353750129,0.00928345590019164,0.0681616763131215,0.103200637524194,0.0148232616141616,44.960704925,5.2204693725,6.0704915475,-0.5184472105,52.060903225,5.9052047125,-2.9020033575,0.06059971505,-0.14413966275,-0.22829708975,-0.96606454075,1.1252692,0.024966718125,0.7509666115,0.31264697275,0.46557252075,49.1484998,5.996415025,9.0345476575,-0.0258700517,68.22746565,20.289393025,8.0537167125,0.1349135775,0.13172001725,0.6335761425,0.3874466755,1.46005227,0.06149358715,0.9954895935,0.7068744725,0.52367216225
46.129550787,5.5569121602,5.6548127007,-0.06679861735022,49.987415455,5.679385443968,-1.348941999699,0.081259059541,0.064435569757092,-0.1061196329924,-0.21301435521642,1.4919952147,0.060838008984,0.96232674249,0.42703436664,0.49544807143,0.841676195492541,0.200541548478129,0.7005179373771,0.120229434168757,4.69335625941638,3.94323350140577,3.03697348814494,0.0214889031172204,0.0770585906730742,0.238915025202595,0.378696857082309,0.0888802588553945,0.00867778393738109,0.0318425211466179,0.0923980811276534,0.0150087193892739,44.55078505,5.18275978,4.48587919,-0.28991755475,40.3686198,-2.2835821475,-7.3956008225,0.03799351495,-0.0904693813,-0.581802953,-0.96572616225,1.32368992,0.043774025125,0.88221776225,0.26340855575,0.46776403575,47.754381075,5.957864965,7.17872653,0.186133879,59.11775845,13.117025375,4.5993648225,0.12320089825,0.210841832,0.36182645575,0.5354681885,1.6803413325,0.078587179675,0.998916749,0.61936721275,0.52568090275
44.644039083,5.5142862879,6.0367822103,0.099062543172075,68.466411354,12.69593488068,2.0251714454759,0.116656171115,0.006137625246176,0.15931778408905,0.1177463542356,1.5494966763,0.071796311062,0.91258070214,0.3959144498374,0.50420586617,0.931086476365754,0.202183563001425,0.639087724482579,0.117437953427732,4.60503521422104,4.00137304942146,3.30753292709225,0.0277341140548071,0.0912920539156941,0.260199608379307,0.472077672454285,0.0939810216540434,0.0115292569660592,0.0550776581108404,0.134175230066589,0.0141059175259035,42.753115275,5.1457181525,4.9937491625,-0.139268529,60.211147875,5.2814248325,-4.401128815,0.058890478175,-0.163800788,-0.34623146825,-0.88809543575,1.37791066,0.05050032585,0.789423725,0.09154916875,0.47680306,46.373956825,5.9166843925,7.3143652075,0.31845848425,77.571922375,20.7431098,8.267305675,0.165410013,0.19306320625,0.65037891975,0.961532262,1.7445641225,0.095499615075,0.994746583,0.65759369375,0.5318656065
45.632944836,6.047643595,7.5340106085,-0.01761654415223,56.483876538,8.244316832421,-3.3839778564388,0.06994345866,0.13254437408084,-0.26621343858311,-0.5446008866188,1.2814660197,0.044572851884,0.9584286989,0.44113108549,0.49667141409,1.02700751432524,0.224837003009997,0.783909659469178,0.118832122454314,3.97236226155651,3.40873545514134,2.57135985385755,0.0176682341393131,0.0659748020020581,0.202285764766311,0.328196398924642,0.0831066202619317,0.00832422628188183,0.0381895523459199,0.103119026740964,0.0148839358830775,43.743627125,5.619806935,6.09556958,-0.24871884,48.521979425,1.6440802275,-8.5293080075,0.03388931955,0.0014634810475,-0.67099033175,-1.2294207725,1.132064035,0.029944154975,0.86169511125,0.253598866,0.4678460855,47.7433434,6.502531335,9.185108235,0.203592017,63.93686475,15.1311605,1.7076489025,0.1024710545,0.26204103725,0.13433866375,0.09774963185,1.4548766825,0.061836563775,0.998802638,0.66199411425,0.5273713275
45.458844599,5.4102329379,6.1444379126,-0.09596780743942,51.674981604,5.5130919835298,2.4672774070125,0.113594221981,-0.040776297130849,0.19409772457836,0.29358649547999,1.18166911132,0.049108859132,0.81323026257,0.45187114617,0.52118724236,0.894144041400167,0.205561416312525,0.630550969170989,0.103574890471035,4.02877541840865,3.47598712514412,2.83645709458508,0.0251162981820584,0.0768598497412802,0.223140643105235,0.410942313913747,0.0759331906913995,0.0119673258592902,0.0924080940720999,0.113569960671958,0.0143837780567404,43.6354661,5.0517624375,5.033034445,-0.28761364,43.71890605,-0.943182818,-3.24946308,0.063391282975,-0.19207030475,-0.25563132225,-0.5305413435,1.037399715,0.024971844725,0.609698832,0.2213591235,0.492892224,47.198476675,5.860123365,7.439289365,0.11741525275,59.473891575,12.32868595,8.061414625,0.16222832675,0.111220184,0.6341817265,1.076165785,1.328003415,0.07228787895,0.9685868215,0.6710314905,0.54993339925
45.788545959,5.6568295739,6.527203853,0.03518736940886,60.073486039,12.87085776843,3.0823878726282,0.103821965721,-0.021938221597805,0.24248771980737,0.120866548238561,1.2296825278,0.04684925743,0.86701420299,0.2851282744503,0.48976486331,1.03566625826819,0.221931094034991,0.700637892909476,0.0924941632394292,3.80940652129778,3.65663379701345,2.85463760734872,0.0221433011887275,0.0745966537770119,0.224570882642778,0.37705233660283,0.0816490493618897,0.0104429667108194,0.0780831482364082,0.133184030004792,0.0152640943065252,43.7058416,5.246474565,5.383271295,-0.1507260155,52.4664094,6.065808335,-2.5838375975,0.060163178025,-0.167841134,-0.20326737125,-0.620200556,1.091341765,0.028299376925,0.68809105475,0.017150290675,0.4622335395,47.9338557,6.114839365,7.9973337875,0.21222911175,67.5512985,20.10430915,8.74506804,0.146451052,0.1269649315,0.68796390275,0.86591459575,1.40235142,0.069625305875,0.98766261125,0.56714341125,0.52109963175
46.12363321,5.5717733718,6.828837208,-0.160992308719869,59.276192615,12.8953117856,5.306895839893,0.117935342158,-0.08267872296109,0.4174870668234,0.2159077962947,1.4481831976,0.054569280017,0.91691630112,0.468640908557,0.50146584254,1.01801957392495,0.199862162411355,0.665042902594869,0.131390675267961,4.8056967324463,3.7452792740922,2.78865561313982,0.021264191286736,0.0740473306581323,0.219380158833472,0.381507233713839,0.089591221785778,0.0102011002361296,0.0533285091942771,0.116163976874845,0.0152096905025218,44.120313375,5.191215665,5.5866477225,-0.42944842325,50.234714925,5.5539978525,-0.2614988405,0.075711552725,-0.222730992,-0.02057179675,-0.53192638075,1.28564261,0.0345687879,0.803148882,0.24520242775,0.47327070675,48.13920565,5.99194551,8.1279943225,0.11421584325,68.6486141,20.14620125,10.595773375,0.1577011565,0.0609507921499999,0.833556669,0.94340778025,1.6496184325,0.07396796395,0.99560560825,0.711198909,0.5318333855
47.632102279,5.4893603527,7.528880989,0.044765321015093,60.139721572,9.28106609295,-0.5615339320062,0.094157807696,0.0603523528917306,-0.04417519422371,-0.13858412914766,1.3648380167,0.04784839666,0.95250064475,0.46664700336,0.51181356804,1.08972201807772,0.196986252832991,0.786895306042566,0.120727700310269,4.42709032445589,3.73317232103182,2.62621445139832,0.0171972090863082,0.0670296885241177,0.206601109349609,0.33165203909731,0.0919363072592845,0.00800801032837759,0.0367303881335556,0.103308416994409,0.0155015282609049,45.49102625,5.127424365,6.0764256925,-0.16890320975,51.8680455,2.3534619025,-5.3041824675,0.060734365525,-0.07364440885,-0.4172736105,-0.756797338,1.19833666,0.033119853125,0.8641721165,0.25804260875,0.48400333525,49.829180775,5.8764070675,9.11930894,0.287386205,68.9733977,16.381872475,4.8192514625,0.1287133085,0.18270676825,0.37912467425,0.502276051,1.5529415075,0.06565787015,0.998890843,0.66630136375,0.544647745
45.009202024,5.9284837922,6.613545463,-0.157027100113772,63.00786109,14.04196552,-2.53097313838055,0.0646885037947,0.137311419921457,-0.199108590546804,-0.87469386555116,1.3609709277,0.045761723165,0.92447588211,0.62113663234,0.5187629768,0.855709676222052,0.206070032684656,0.730078850583917,0.127871173357437,3.83640463832496,3.24731091041613,2.87620591731037,0.0218858170722104,0.0759327951484956,0.226267635000514,0.397318710245757,0.0901877753284771,0.00868776412252264,0.0581455616325887,0.122640795236246,0.0149992993214648,43.3200603,5.5237686925,5.34510655,-0.40257130175,55.435921625,8.4374957075,-7.8342376075,0.02175612185,-0.00392123183,-0.61630998275,-1.6735893975,1.1890252175,0.0303582612,0.78053478925,0.397466921,0.49039497725,46.72666215,6.336274035,8.12732155,0.08262078265,70.13114805,20.83680135,2.8938329375,0.105287721,0.28104593875,0.22765433675,-0.1115064095,1.549895465,0.06481176035,0.9965447445,0.87772931325,0.55029980625
47.13958962,5.9147359314,6.4694734273,-0.0442872793326,60.621208546,11.75161145767,4.2557667511006,0.118754885049,-0.05946553359125,0.33479601471456,0.27179691145016,1.17557833874,0.048625727583,0.91850673877,0.45420625128,0.51463386812,0.995968117046185,0.206303908366157,0.742211396849082,0.115816373123401,4.28027232030304,3.85333806883409,2.92847770534065,0.020575363372918,0.0748118162117765,0.230379793479398,0.37014240300266,0.0880691217280736,0.0110043107492396,0.0634493057697236,0.0991605940505574,0.0140875053461492,45.3161951,5.51557265,5.11092002,-0.29938280425,52.524303,4.2903047825,-1.5568509075,0.077323127525,-0.200538315,-0.12247557675,-0.43607300725,1.01841489,0.026371867575,0.76908616375,0.27752722225,0.4881794735,49.06336155,6.349061215,8.0165009275,0.16847760325,69.6386276,19.71855245,9.83578529,0.15748200675,0.084326778225,0.77376931775,0.957762366,1.3607092525,0.0688223129,0.99654028,0.66519110975,0.54350958125
46.895362847,5.5642195763,5.8964606101,0.00670370053466,64.415776455,16.0642145355,3.088574491448,0.099328533263,-0.006627784096734,0.24297441378255,-0.069191791853,1.21379714183,0.04709182109,0.89430779763,0.72451736829,0.49931322293,0.884397834040153,0.212964938835323,0.632446040037614,0.150950325811268,4.61275654675361,3.84701291950785,2.85864285565552,0.0195073498146492,0.0714668748904029,0.22488597052238,0.348740733726389,0.089584698553006,0.0105544105620615,0.0618881773438226,0.111755552902175,0.0145736680401381,45.1123831,5.1516263825,4.7975152125,-0.26313778025,55.359840525,8.2906752825,-2.8326637825,0.0587179407,-0.149664616,-0.22284222975,-0.78928045125,1.05134595,0.028098042325,0.7580395285,0.52882484625,0.471536618,48.65832745,5.976062275,7.2476614675,0.33750467325,73.249475925,22.759813675,8.7804859825,0.137809512,0.13768266475,0.69075019425,0.62492849975,1.4075437775,0.069115742675,0.989981492,0.96871234625,0.52776276625
44.636530296,5.6598814084,7.3654254916,-0.1620233334013,52.385110001,12.22292561751,-1.1588170351162,0.05809571533055,0.09095364860484,-0.09116273223979,-0.66529015704362,1.323772201,0.044922462162,0.85883391126,0.52776190415,0.50145846739,1.29136722812572,0.201067654541462,0.809671147533281,0.119143590792411,4.04187865479043,3.61671320304545,3.38600108017681,0.030192938366998,0.0933691006468319,0.266372602941138,0.504467863712089,0.0890364713494269,0.0105034465588318,0.102674948106026,0.115042232783876,0.0159700535667311,42.05151205,5.28221035,5.9587513775,-0.3842882645,44.846478175,5.3530326675,-7.8469642825,0.0026808495225,-0.09771296175,-0.617311172,-1.61034168,1.15396223,0.026469116825,0.621532828,0.31738412425,0.471521326,47.0591442,6.04858053,9.1290866625,0.0747561727999999,60.22657595,19.21180985,5.468971215,0.11904220525,0.26985684,0.4302373445,0.295839823,1.5082937225,0.0672810953,0.9942918305,0.759122191,0.53272257325
45.002773022,5.2815497903,7.5088136503,-0.17450803830972,54.935919331,5.912721705567,-6.87471428833,0.05180388561498,0.21674310467785,-0.5408254447119,-1.0394082662535,1.4098792017,0.065158636349,0.87252611063,0.59354960054,0.51799141855,1.08041482675626,0.182327674103783,0.765862351853402,0.127065754116677,4.20781062325618,3.54335201889518,3.08534288613463,0.0246075994514148,0.0835350530541555,0.242720186684964,0.438153927783852,0.0867008580040145,0.0124759012180571,0.0562454054860211,0.111133394802678,0.0153350978156869,42.741962625,4.9572766,6.058143255,-0.4079212,46.242072925,-0.7586259185,-13.1340669,0.0012236259175,0.064506958325,-1.0332411575,-1.9446804125,1.2531423675,0.04292003975,0.75703939875,0.408686684,0.48988615525,47.042026125,5.6649422375,9.1470430475,0.075989909025,62.81911785,12.35875935,-1.165847665,0.098068252325,0.3765177165,-0.09171582435,-0.18299555525,1.580480135,0.09008247205,0.975737292,0.830779531,0.5498417355
46.629321765,5.5055733639,7.1811348469,-0.05959607363095,59.3599276,13.8411193448,0.4628853233628,0.078723553103,0.054430562687486,0.03641462760842,-0.39072769868066,1.4105981586,0.053843103023,0.92840486567,0.61103180935,0.49175170649,1.07783294245298,0.202981362743806,0.76193099363951,0.138766193357364,4.83586157576149,3.87386195679911,2.86949829029491,0.0186910656095731,0.0733614200448164,0.225739954261535,0.35397568467328,0.103748472816452,0.00933665283344779,0.0506685644181346,0.105358922221832,0.0137494805515645,44.23379375,5.134496505,5.85617437,-0.3216812765,49.659594375,6.6687259875,-5.4049534625,0.0407438415,-0.091224234025,-0.425201142,-1.1060729025,1.2088760675,0.033449767475,0.80389563125,0.417856471,0.46459926825,48.592298575,5.9117268975,8.902792775,0.19616158125,68.36061215,21.528674325,6.1768963325,0.114360904,0.2001520375,0.485928955,0.2936470875,1.6154227,0.07159142405,0.99438572525,0.83161132025,0.51944099525
47.035895328,5.7701052063,7.3796554261,-0.16923953568554,51.45244616,5.424253088964,0.25478482065652,0.097473531835,0.0193233789043163,0.02004361311336,-0.07316077055134,1.3371276823,0.059988372552,0.95138686318,0.53989147284,0.50132856387,1.05460237583365,0.216283396811883,0.782054025321703,0.133174917941938,4.33256204837917,3.48903293049658,2.65999170032082,0.0215055568759506,0.0712251642509428,0.209258324648266,0.368236842917059,0.0862288510583728,0.0102639902575462,0.0351933668625467,0.101338125262756,0.0158030292329408,45.00497095,5.354727905,6.0482184775,-0.4162530015,43.02539565,-1.12436333,-4.951471725,0.05387512465,-0.1171676985,-0.3895262835,-0.83884708325,1.1795157375,0.041879678725,0.86909231225,0.34618824,0.47237206725,49.17771455,6.2359861225,9.12471733,0.0901189777999999,60.075554675,12.27996335,5.7786793875,0.139024527,0.157099729,0.45460170475,0.63837250625,1.5137782725,0.081377949275,0.99717407,0.74764327375,0.5346263255
45.422730985,5.5019303469,7.2226643098,-0.00930735110715,56.464440857,15.504774052,2.8946324743243,0.0818617468808,-0.0040337050464977,0.22771723026109,-0.13789887875927,1.3672525953,0.051132356244,0.82208338337,0.63011690571,0.50722849792,1.02668327757118,0.208688080460791,0.723611349499489,0.141145347831595,4.45085968843601,3.52570666896459,3.08444477180245,0.025060884071719,0.0827417380197697,0.242649533637036,0.437093014661223,0.0944056184905951,0.0123746549268298,0.0804824156626175,0.121985393645493,0.0153274096602795,43.21750275,5.10253644,5.90862929,-0.281439111,47.81455645,8.830761765,-3.512310075,0.0312275946,-0.159588621,-0.27630917275,-0.9798660155,1.193446915,0.02819258995,0.6550758855,0.41380019775,0.4788579225,47.282437425,5.9177304225,8.7821541275,0.266605637,65.2979491,22.315183475,8.751695365,0.12728420725,0.15644791075,0.68848527025,0.6960467415,1.5554242775,0.07627416235,0.96310117875,0.8660289145,0.53737778875
43.453211516,5.7293842231,6.442946918,0.11034467422084,58.643494773,10.02454867981,2.5538411052765,0.109764220166,-0.02127540366749,0.20090758588956,0.28847586441235,1.3161182349,0.054494356016,0.83892810385,0.7303282108,0.51360913215,0.986795690298182,0.204654475596678,0.694665402985365,0.134425266957326,4.09204185608807,3.43202716704939,2.76977287555285,0.0275610647281799,0.0770745719952791,0.217894676551993,0.440118680458102,0.0792840444603805,0.0118649516382578,0.0858983428998946,0.120643803582062,0.0146036559856017,41.65406945,5.3341736225,5.2567379,-0.1606337605,50.386184275,3.3267928175,-2.9980040775,0.056526923225,-0.1645961315,-0.23584935475,-0.60153373225,1.167066665,0.0315520123,0.648790026,0.5154004625,0.48476056375,45.50910185,6.1387397125,8.0085968225,0.35880679825,66.628270175,16.749784175,7.63302815999999,0.162319984,0.12849715875,0.6004810775,1.1036603975,1.474394515,0.077551052425,0.97404283875,0.9890061415,0.54300818775
46.433663108,5.457868867,7.3632935213,-0.30160989364025,58.332609629,8.98457553483,0.734813655471,0.100667258917,0.02344909219867,0.05780689998231,-0.30649342548824,1.23282154219,0.064740468307,0.91299671726,0.58608104573,0.4900257262,1.08477845496865,0.199134477301425,0.784138436684094,0.1262879958798,4.34986542328292,3.67783136895729,3.05333080264163,0.0201668205133996,0.0774602533452674,0.240201835223818,0.369557417750871,0.106966893628323,0.00970370984881784,0.0497219740262119,0.100438005853871,0.0148201751504417,44.35389,5.0898665625,6.0112904975,-0.5592983475,49.88974035,1.416596005,-4.949510435,0.062916975575,-0.11794762575,-0.3893719935,-1.038476915,1.0496863425,0.0472375678,0.793816392,0.41143853725,0.4630247925,48.5729791,5.85613218,9.013679225,-0.053431683275,66.3161635,15.9837748,6.554137965,0.13958574275,0.17142433175,0.51560608825,0.38929458175,1.480738295,0.0843392208,0.98785658325,0.80558159125,0.51949883
47.213284391,5.2748162797,6.7308285891,-0.172845635471969,57.411761907,16.1696724616,4.047074269542,0.089356577786,-0.032339627761542,0.3183784300839,-0.1801084189277,1.1751893592,0.051317337585,0.86312507313,0.51895747871,0.52556546255,1.0239944675382,0.187214847821589,0.732670816226749,0.116275950005656,3.92515549936612,3.72088245506271,2.86912945545588,0.0204875711996183,0.0736033327665679,0.225710938627521,0.372419470315406,0.0845336986483672,0.0104429927997394,0.0658498607176389,0.100453837598034,0.0158887927759378,45.175355925,4.913151045,5.4664810425,-0.3877174335,49.715046025,8.69002895,-1.73491848,0.049364193175,-0.17490718575,-0.13648392925,-0.91133419125,1.016979775,0.031298631575,0.7098840655,0.34746568575,0.49541585475,49.251067,5.657249535,8.297641985,0.0456792861,65.02407305,23.266515775,9.6439133375,0.128013381,0.1162788985,0.75867498,0.527296362,1.35131387,0.071391506725,0.97525223625,0.72587142875,0.557817934
46.028738962,6.1786909593,6.329152509,-0.11300651078875,52.869815674,10.10314221273,1.3278127280188,0.086994547771,0.012647785241416,0.1044574186514,-0.14862719755376,1.2498541891,0.046332134962,0.82393480999,0.28147159941476,0.49060198433,1.00495270976478,0.236809004768017,0.664467641864588,0.107061505991784,4.17793587108965,3.47472899604773,2.87566821065866,0.0243718886613318,0.0780729216333123,0.226225334344836,0.410254840652179,0.0791677597292924,0.0119739718132982,0.0944187632454068,0.12584761510816,0.014945583358913,44.0042756,5.7211919075,5.1400393725,-0.3300223755,44.193245275,3.4947656625,-4.2989529,0.0377874988,-0.1325939815,-0.3381934225,-0.9483360485,1.1117282,0.023771067725,0.61729029575,0.030223673025,0.461937401,48.094003875,6.661464535,7.7369478225,0.0804292686,60.966841675,17.1259273,6.7677743125,0.1344653725,0.160100534,0.53241260425,0.63123177975,1.4114694425,0.069215316925,0.98125942625,0.52595331325,0.520846771
46.827883495,5.6127210517,7.1856300129,-0.04067663705627,54.488008511,9.485151667298,1.7830031644598,0.096930393868,-0.002801198754024,0.1402666989501,0.03511713980334,1.307593194,0.050110644872,0.90024452189,0.5797559633,0.51787937094,1.01906952303908,0.209585100811714,0.793591586122219,0.128828351283898,4.22144358964535,3.40274084778534,2.50774481099383,0.018451390691748,0.0651186219801407,0.197281246358076,0.337224876171787,0.0798729575244583,0.00823661873889956,0.0581654426356852,0.105628853939863,0.0143612243497872,44.9188382,5.2291572925,5.7771824925,-0.3037385625,46.5315814,2.559254485,-3.38996597,0.060239175375,-0.1196862455,-0.26668451875,-0.66475081,1.156329805,0.034497843775,0.7617622725,0.387212735,0.49054499075,48.805994525,6.0645474225,8.8381679075,0.21017128675,63.31834165,15.98969005,6.3757587625,0.1336463635,0.13375145,0.501573221,0.6849097975,1.47193542,0.06727862265,0.9859726195,0.79120476825,0.545755552
45.748523827,5.7506875708,7.7635961725,0.00362715386916,55.101348825,8.5803175169025,-2.861758079699,0.06893190402183,0.1198860141984,-0.2251310412867,-0.4843867951662,1.3048373141,0.045419544658,0.89152282652,0.48252727657,0.46906444912,1.12313716138391,0.22432869316599,0.85580083434968,0.123386410306407,3.86266426013535,3.40882291282574,2.86957695050376,0.0235263103715537,0.0777756942156641,0.225746142121751,0.412437333588606,0.0860164083460536,0.0101345939305182,0.0673747271544301,0.122377217649041,0.0146720927389322,43.775699275,5.3359964425,6.35956496,-0.22733844375,47.550862375,1.6012917825,-8.3372155275,0.021984648925,-0.031608917275,-0.65587864075,-1.3391695525,1.15049394,0.02763618675,0.7434402165,0.242701697,0.44345397075,48.065281025,6.2224263525,9.5836198775,0.2569643585,62.397807475,15.1468964,2.6129509975,0.11287645925,0.26742802425,0.20555769325,0.27257980625,1.488041835,0.067090299625,0.991147204,0.72068695475,0.49971730625
44.4323558,5.4278407877,6.5380875506,-0.14557282052186,54.710284885,12.4224671684,6.597102893903,0.118745151768,-0.120268859073982,0.5189860925743,0.3986366713578,1.2117146125,0.0432350734947,0.80373916369,0.75309628498,0.48790000444,0.9494514271884,0.205976307395476,0.733565925137535,0.148816543782206,4.12086083853878,3.41477903906037,2.79127194663294,0.0252117664576175,0.075189978244901,0.219585982492045,0.431884643841674,0.0733971429353109,0.0113363553277778,0.10901371238203,0.113757098705048,0.0136741088325394,42.673250575,5.0359967225,5.2648991325,-0.450725154,46.247368875,5.7181520225,1.075909315,0.069706091675,-0.270604406,0.08464048165,-0.44902091175,1.0679644275,0.023245730075,0.54656488025,0.5623470235,0.46173203625,46.3606316,5.84014348,8.05723769,0.14534178325,62.74588995,18.8792465,12.126937575,0.16970837525,0.02260864385,0.9540114595,1.223629275,1.35901279,0.06637159275,0.97534756475,1.01319411,0.5157078145
44.740943258,5.4295476193,6.1680280173,-0.297219460916,58.089448018,13.369078153,3.9440763361592,0.103108669623,-0.0430975563580069,0.31027570741902,-0.14151649292171,1.3799880442,0.049898552431,0.92995726619,0.67428607379,0.50967308733,0.953783153785083,0.193323644738305,0.675454877336868,0.137665839164933,4.29013466482905,3.60944913476078,2.99320016647203,0.0231619629855744,0.0798160429149373,0.235471431339643,0.410982813941479,0.0856958323181715,0.00910763765427172,0.0561225061714341,0.113520157613127,0.015086717352464,42.673418225,5.07133347,5.041399765,-0.5636381055,49.753981325,6.29607178,-2.131532485,0.05853911195,-0.20549921975,-0.16768507625,-0.97790815325,1.219341695,0.032748284175,0.79238700325,0.4727386815,0.4823867165,46.641859575,5.8229385475,7.6815477925,-0.0201477496250001,66.734951375,20.61067075,10.0099536,0.15007255875,0.113373677,0.7874709495,0.68948489725,1.5595728825,0.06861459,0.997142387,0.90874166125,0.53859942125
46.322024156,5.8720771518,5.986747963,-0.1292913556174,56.995858752,7.642830996326,-4.41618957857421,0.06644763915289,0.15786838138938,-0.347416284326392,-0.754157862339,1.20538669129,0.050970791825,0.83495782104,0.51481149963,0.48461223998,0.894546889576222,0.221852707599554,0.669128864862074,0.121300394641998,4.45097876761092,3.92536702593345,3.10040124292705,0.0241687207762102,0.0812557309521338,0.243904809816896,0.426762435015721,0.0913050282498788,0.00993657487872176,0.0746562038428096,0.11172869293758,0.0144631559661238,44.675237975,5.4574047125,4.799862565,-0.36525758075,48.28570785,0.119438198975,-10.367534,0.0200102236,-0.003256033355,-0.81560133875,-1.59869037,1.0401170375,0.032600348775,0.67046635325,0.31709740925,0.4580649225,48.1261833,6.312830395,7.3339596425,0.0941846916749999,66.065220625,15.12989495,1.7116663475,0.1133368605,0.313249243,0.13465471325,0.12532096075,1.3959577025,0.0717714395,0.96208299025,0.754691422,0.51306877875
47.694365535,5.9790081368,6.8974031753,-0.1633738524557,56.0440432,8.1450048396022,3.40094014517,0.118462085568,-0.053561729977874,0.2675478412155,0.2238060710135,1.3675493098,0.048156756441,0.93198977793,0.53286713622,0.47552559823,1.06138961590723,0.218682004134593,0.767979631424593,0.132845952686186,4.69598921130668,3.91694583184139,2.79380144693457,0.0168354389110266,0.0689106257345741,0.219784975527727,0.337040242431168,0.087940973144906,0.00812202291308626,0.0538226114681169,0.11702480533042,0.0143035886030764,45.6732889,5.5652666275,5.588072875,-0.43838429675,46.9666438,0.5255260825,-1.9855173375,0.084664393175,-0.18383269125,-0.1561982495,-0.436621508,1.2081801125,0.03308861375,0.79106670875,0.308747973,0.4495412585,49.6864195,6.4336743625,8.524088585,0.099787780375,65.182862175,15.637833175,8.79178795,0.152254722,0.085120164725,0.691639315,0.9120755065,1.545263025,0.065006205075,0.997148983,0.7582810325,0.504640087
46.683764338,5.9054923058,7.2526211174,0.07160465690283,61.782359172,9.486848156769,3.8789802877462,0.129189733405,-0.060135614834051,0.30515468018614,0.4847460234521,1.4197994465,0.047973937726,0.93803311331,0.430896247414,0.50356324688,1.07602017735327,0.195055220334511,0.720081267586416,0.128570862806245,4.32812838094272,3.4300814059446,2.78874917001215,0.0170539591742376,0.0704816241114836,0.219387518866263,0.331449911315413,0.0971356239803137,0.00772835601530253,0.0500645918318514,0.126618511766462,0.0138411112812552,44.54369655,5.550473585,5.9704457325,-0.160978126,52.84285795,2.6109398275,-1.3991560975,0.094168921425,-0.19568852975,-0.11006992075,-0.180686668,1.2493003725,0.033072783275,0.812460707,0.1986248165,0.477113745,48.9878902,6.2823023425,8.6477077225,0.34374882375,70.129102675,15.832729175,9.18114556,0.16131675925,0.0699978985499999,0.722269595,1.088428255,1.6104469975,0.063265886375,0.9971368135,0.7124843265,0.53081674925
45.155583182,5.6854121503,7.3628566174,-0.21871181509571,56.936473447,7.947274842851,3.1808495393426,0.119873325748,-0.0484988866404921,0.25023357999362,0.15785627486782,1.3818349231,0.04689246167,0.902341701,0.24768929641,0.49399760498,1.05049296908704,0.19184777773593,0.74309048543895,0.097037143238028,3.62744190131867,3.08249039083338,2.52337362615816,0.0198023942226915,0.0667021623383085,0.198510746299402,0.346255813483793,0.0774884756601647,0.00860058558361327,0.0625320929780813,0.133386080980825,0.0135069517428116,43.098571475,5.3217738625,6.0698402475,-0.40903511775,50.247660925,2.2619139725,-1.8052369175,0.079190458625,-0.1716700085,-0.14201579825,-0.5484244805,1.24296842,0.03159210455,0.766084058,0.014716839125,0.4686357785,47.204103075,6.0668403575,8.8254559125,-0.02053183585,64.5394681,14.299075525,8.073323865,0.15597101125,0.0898214843499999,0.63511860875,0.781361632,1.54166746,0.063993923125,0.99301445175,0.50116663875,0.52109904325
46.007109655,5.6531861398,6.6617575982,0.01624830039499,56.291055379,9.00076315796,2.547706357053,0.108923307916,-0.026070333865902,0.20042497282891,0.23826453796855,1.2973803574,0.041332234637,0.87707572755,0.3202321706968,0.48718583377,0.96674097822792,0.206922746375017,0.734922728455784,0.104318014102027,3.64667686792055,3.21761177159535,2.65636901901894,0.0205720073998963,0.070300112516304,0.208973332852978,0.359117227267955,0.0749403658566541,0.00931670176356848,0.0836142567637325,0.129252771406882,0.0137284121903875,44.1785948,5.24713944,5.467974245,-0.200110168,49.14630615,2.6821074875,-2.6746549375,0.06937084,-0.154775442,-0.21041186625,-0.5058201435,1.1617769775,0.024657012775,0.6854302865,0.06319512285,0.46101250875,47.96187165,6.067137205,8.383692645,0.2246909765,63.573899275,15.076333175,7.3290260475,0.14910033125,0.11078370125,0.57656560025,0.911823208,1.4471277225,0.0611021382,0.993150745,0.5655721145,0.5153056895
46.461300691,5.552762631,7.4358546292,-0.16726088312186,59.86931688,11.20058514042,2.9600514278941,0.110156733093,-0.02668788100316,0.23286365995416,0.00276772557695,1.35689015,0.044629994038,0.95759278813,0.53744185472,0.46983588804,1.09914767583741,0.19061803043872,0.763901830442448,0.125152719843153,4.21047122069243,3.54508095317198,2.73860017062723,0.0191761181819951,0.0709559370217354,0.215442358045612,0.346037190569919,0.0870093413367017,0.00742924093584131,0.0434903888399983,0.110596931924676,0.0131724587552804,44.238028825,5.2041730975,6.074350195,-0.420694308,51.82982015,4.5207561975,-2.50697569,0.0718210083,-0.16754051425,-0.1972207445,-0.7270127315,1.2010605025,0.031367893475,0.838175755,0.339190855,0.44412729225,48.54170755,5.934046135,9.07706674,0.066308124425,68.77975925,18.320281875,8.492163265,0.14910094175,0.112150113,0.66806820125,0.66836578275,1.524646845,0.059221410325,0.998892768,0.77765363875,0.49608294325
45.96479371,5.9552767253,6.9050935279,0.05345379197654,54.047751806,14.5585353382,3.46143198252,0.0846582207624,-0.024127310290263,0.2723066607917,0.04046812180797,1.4887582406,0.047753709444,0.85840712507,0.64588403655,0.49888847286,1.03520564724487,0.225794252991729,0.745893707012776,0.148025099547047,4.57531325056303,3.58046314659321,3.71362317061231,0.0307797470643134,0.103023408067316,0.292146235441479,0.538816269876685,0.0972923242240251,0.0115976662116206,0.0897346711203168,0.137057312508659,0.0153193025059446,43.992647475,5.54777658,5.55258218,-0.2142102795,44.516086075,7.218952745,-3.2945485275,0.024497733775,-0.23093273775,-0.25917814025,-1.0323942525,1.3143926525,0.026742799375,0.64547038575,0.367769124,0.4694920645,48.076636825,6.417797275,8.5935998325,0.37363316525,63.025686375,21.80682615,11.236444675,0.14599407225,0.17089368675,0.8839574675,1.133067265,1.6945105425,0.073356514325,0.993078312,0.93290138775,0.52922021375
46.920220804,5.5332516107,7.4117740713,-0.24096580014829,50.555076846,8.219539016117,2.9395052814107,0.10191083352,-0.040576295259891,0.23124731949441,0.037603776395244,1.4398296229,0.059729410144,0.96401370476,0.72598830122,0.51326154858,1.10945572020852,0.205391398735399,0.775938031064755,0.148678785315605,4.40210187566064,3.74834303010401,2.96630504337895,0.019235202273193,0.0758391991411176,0.233355624582728,0.379245245979216,0.0896179658710881,0.00863971413408859,0.0306334834164302,0.115257158819305,0.0147730003283956,44.842661725,5.1295832625,6.07718662,-0.54327958575,41.73725955,0.53690651525,-2.56516976,0.06608562005,-0.18971225725,-0.20179879825,-0.68870260425,1.28008487,0.042990293725,0.887356257,0.533699217,0.48443629375,49.1398238,5.9538419225,9.1234317875,0.0294655832,58.8582225,15.084784225,8.931433895,0.141720732,0.099679888275,0.70262507875,0.764414842,1.624437955,0.0768992422,0.99909602425,0.9563141835,0.54396989025
46.916100936,5.7868891514,7.3598941301,0.05378414840522,59.924842852,13.7344309975,2.9977775911107,0.098880897075,-0.015437273929219,0.23583153152127,0.07404193862865,1.3758406088,0.050061575841,0.95113470748,0.50502435737,0.49635145601,1.05688304370391,0.206318069402377,0.777642577843532,0.120013147493247,3.99700680056553,2.96328698140141,2.78736596870137,0.0194979411717318,0.0741555269758265,0.219278704071654,0.364705631304693,0.0827801855984006,0.00818650357914741,0.0465550560929587,0.110456562655975,0.0146901419059595,44.81119265,5.4021615325,5.97872022,-0.1802412185,52.089116075,8.3912341575,-2.65356265,0.05615434165,-0.1491676685,-0.20875256325,-0.70648668275,1.2184379375,0.03528044395,0.8336377195,0.28736791225,0.46737915075,49.018736925,6.2173214025,9.0953250275,0.283237834,68.311552825,19.57963255,8.009584755,0.1349451275,0.135177302,0.630104328,0.730224833,1.546129405,0.068030974775,0.999365039,0.72419584175,0.52440210075
44.429368833,6.0334218968,6.5470936095,0.11661505147658,61.467940569,12.6372040764,-0.4504646823174,0.08260639924625,0.073582443011932,-0.03543751091936,-0.24728816792515,1.28621622744,0.054641683586,0.83454007424,0.434091647506,0.50557159366,0.969549055882212,0.215446809177886,0.743092351373352,0.110839738822446,3.9156388165993,3.64138666724029,3.05187597158508,0.0265919919861297,0.0845595549932547,0.240087385638492,0.448813403977441,0.0802665951576611,0.00959168208542427,0.0821620498412945,0.11056865422494,0.0143185653159857,42.66372105,5.603825095,5.3244414725,-0.09483001975,54.28058885,5.787613955,-6.6541791675,0.02654274465,-0.085994642325,-0.5234762185,-1.1913309525,1.1362005425,0.037406342575,0.64507656575,0.22432835275,0.47881163675,46.392073075,6.4589694725,8.1885577275,0.34367758775,68.945572,20.0475596,5.47903024,0.13274718375,0.251154795,0.43102867225,0.592753641,1.453464905,0.074983713775,0.96556031275,0.64864561025,0.53527319775
46.659692903,5.6079217404,7.138213132,-0.03744714983281,59.652179074,7.000381236941,-0.64394669671978,0.102930574187,0.051551490764729,-0.05065850661571,-0.095851571091334,1.28844553,0.058546378236,0.85304205481,0.52003418926,0.49959819243,1.00572784220633,0.200682250121878,0.755974723312445,0.119709119405002,3.97242252445587,3.47776929093637,3.16292029206624,0.0252773089051676,0.0846081199761834,0.248823107598958,0.431417733369787,0.0891749565609522,0.0108107203192032,0.0645439520019362,0.115973845638159,0.0141597838137832,44.71681755,5.2399512325,5.7937395125,-0.25167663075,51.845584475,0.30034975375,-6.661335915,0.051205643675,-0.1079104795,-0.52403923325,-0.9646405745,1.1247189,0.037692448,0.71736130575,0.31399948675,0.47165219625,48.68892195,6.004463255,8.80353001,0.190128427,67.604635325,14.218812675,5.5069842775,0.150217522,0.2151890825,0.433227786,0.71057077,1.47473423,0.08050849535,0.9699016285,0.76923900075,0.52801694375
45.859980815,5.5098117994,6.9356618275,0.03308165645934,62.988782279,11.2895130176,-1.3499507806336,0.085875610897,0.09165808004852,-0.10619899242058,-0.3574196502442,1.4666343185,0.051630916695,0.92035854509,0.4140081955507,0.49321838804,0.994548214625467,0.203064345330702,0.724934769705108,0.11487236458058,4.00431139830727,3.43227264654307,3.12226341994785,0.025792978103921,0.0846383761664639,0.245624681097969,0.447272047990629,0.09318803052852,0.00954819855557271,0.0562557919218131,0.172855329542582,0.013190871308691,44.003104525,5.12682302,5.7026087,-0.18747687025,55.42383085,4.5292756575,-8.0796634875,0.030790034175,-0.05961088375,-0.635617344,-1.2563626725,1.2930359025,0.033755394075,0.78956494975,0.0090276520025,0.4683877285,47.834262025,5.91953327,8.480021545,0.249802944,70.7265171,17.76281175,4.365140745,0.13359596375,0.267987232,0.34340034025,0.50248956725,1.6558025525,0.0728677029,0.995391822,0.7170552185,0.519619004
43.206304084,5.775470815,6.6800554812,0.19297384922233,56.645993956,10.5917400332,-2.487007780897,0.065993821366342,0.119383740585276,-0.1956498893889,-0.35611521917787,1.2336014194,0.052019326324,0.86647756487,0.51175940832,0.49623386871,0.967716901010976,0.191292045235762,0.751785878991126,0.113187646565203,3.61088792107638,3.17800367039724,2.97533770128201,0.0304070948555963,0.0852737840889446,0.234066212542899,0.48161618112652,0.069604378611186,0.00979127381312845,0.0804022993658148,0.106908410112692,0.0140890847457038,41.334742825,5.41546775,5.4151580475,-0.0352932446,49.707375575,4.151699035,-8.062564205,0.00843991851,-0.046266043175,-0.6342721585,-1.28457658,1.10531593,0.0343783651,0.68407356125,0.304182772,0.469693928,45.167470325,6.152963755,8.3530314525,0.41459654475,63.659858225,17.681581225,3.375342325,0.1229133575,0.28356029675,0.2655340895,0.559061613,1.38342533,0.071886773975,0.99385936025,0.73028740575,0.52437684325
44.68294613,5.6568908174,7.1139898859,0.00827850268253,54.210644021,8.52658018706254,0.74636539438455,0.093197784611,0.020912937137532,0.058715661333834,0.00142837289235,1.4391797457,0.060379430303,0.97766744097,0.44038125523,0.51141757248,0.938459058485494,0.190721434266724,0.779294447324566,0.115551698643351,3.99696076303427,3.23029051579526,2.33555903857476,0.0168025405040288,0.061164404327653,0.183735600326584,0.312250960049928,0.0812501503243256,0.00733706947958704,0.0223446593429537,0.108501677256149,0.0132621056543446,42.83069,5.2740682925,5.83349437,-0.2062065235,46.413901575,2.207743145,-3.8238311375,0.0616351797,-0.0979722721,-0.30081616325,-0.61299080125,1.28459826,0.0467337564,0.91520886525,0.21985172525,0.48575716975,46.4178459,6.040329535,8.763004275,0.237194021,62.0349289,14.656631325,5.0798980725,0.1266736385,0.13956304775,0.3996294295,0.64273231425,1.5994832125,0.075482487875,0.99965408975,0.6687148885,0.5407423715
44.962134487,5.7372131005,7.3406434339,-0.334136274253,51.380596553,13.0766183519,4.1759855992397,0.0904055858476,-0.05085991866368,0.32851972808364,-0.1807624086198,1.4120810331,0.053495802493,0.88438343061,0.58558606769,0.46561575377,1.12426448847607,0.200614560662412,0.793097521764234,0.132348150502156,4.12290091770061,3.53161160302842,3.2669679275045,0.0289913449282129,0.0905767649586057,0.257008408966298,0.494349944737848,0.083693788757549,0.0104376220855083,0.0786174058626506,0.116172118642883,0.0145762332187437,42.755975625,5.360949145,5.9555507975,-0.599535559,43.1442713,5.8360332525,-2.4936837775,0.027567893,-0.215836912,-0.19617507975,-1.18828729,1.2589890125,0.033505635125,0.698297299,0.36027102225,0.4371718525,47.237484775,6.165882815,9.038032235,-0.0882300202000001,58.96346175,19.999313975,10.317320725,0.1418157395,0.1309457945,0.81165113325,0.734251512,1.5834146475,0.074256591,0.9933262425,0.811837491,0.4949358955
47.419897081,6.0143869383,6.5248013253,0.02557579343159,58.549416635,12.8936019587,3.442846539038,0.102752004729,-0.03168955220734,0.270844566361,0.14660589994625,1.19855355813,0.030214315981,0.847723928861,0.59271012345,0.48284275844,0.988079934791582,0.238932102357116,0.760072616229714,0.12545345105013,3.73997454621796,3.68796834768414,2.98320192752681,0.0226366370486131,0.0774038974424174,0.234684881440922,0.414769596395497,0.0757823343368158,0.00840579583458196,0.120522783881773,0.118336790551458,0.0144927994597459,45.59710325,5.587502815,5.2120183225,-0.23264369625,51.07459575,5.25693073,-2.3648536025,0.05942392815,-0.18471402475,-0.1860401715,-0.6461385425,1.0672173325,0.014327592625,0.57135757025,0.36383337825,0.45334650275,49.46254105,6.5003045675,8.215712775,0.26526436525,65.994646175,20.213470075,9.1387754075,0.146877746,0.11688216125,0.71893639025,0.93233320325,1.3621250175,0.047061203275,0.9921430295,0.81878887425,0.51125804075
44.633165031,5.417568174,7.0630333794,-0.108442731637497,63.599652335,22.190952595,1.8891392889963,0.060497314442711,0.05588604210446,0.14861629920353,-0.7271395532214,1.2087141404,0.0294439720972,0.85611679252,0.450697604095,0.50314517526,1.02133803041281,0.198007494523738,0.792024183397758,0.103894179559166,3.52152355400452,3.35557684952532,2.92593035073145,0.0231200214073523,0.0776080805963711,0.230179396266339,0.409298592261511,0.0749228865540884,0.00839568638772259,0.113806873256064,0.126955182943508,0.015876548800469,42.510401825,5.021953405,5.6852997875,-0.30699052075,56.896910625,15.6588673,-4.159026135,0.0102191778,-0.090391104025,-0.3271855515,-1.56755249,1.0723896625,0.013734802625,0.58425600425,0.17443043175,0.4732910385,46.614236275,5.8088932175,8.780065815,0.101562251,70.617747025,28.97934145,7.38062800999999,0.10488979,0.212739042,0.580625057999999,0.0692953480999995,1.3603366075,0.04738923515,0.99499509875,0.6838759035,0.53333883975
46.256114137,5.7054637361,6.3469794762,-0.115115055419018,56.520854541,11.773797924,1.16821618797591,0.0866993637638,0.025112545212332,0.0919021523163369,-0.24657201723904,1.3295325888,0.047890820617,0.84376781718,0.490739469152,0.50130986556,0.985554890989381,0.214873804735715,0.701454545990443,0.121714349625164,4.25042041676567,3.59186056195919,3.03537392312356,0.0240046153677653,0.0809335751082524,0.238789189355174,0.42115614638216,0.0882925750981883,0.0117040169491014,0.0765967841607851,0.112183430918119,0.0152086484531386,44.384830725,5.3089123225,5.142569415,-0.369256657,47.502563975,5.0459990325,-4.9608782375,0.03879047955,-0.14141869325,-0.3902662875,-1.0898694325,1.173913065,0.025199040075,0.6658598465,0.280391239,0.4724411295,48.275214925,6.1365030925,7.89083498,0.1228866925,64.468423625,18.602701575,7.14702382,0.1325882605,0.18238599425,0.56224770025,0.56417881625,1.5175598825,0.070327560875,0.9694085615,0.7115545605,0.53099479
45.643112183,5.9219576866,6.7458685377,-0.0045380464926,52.124740092,15.4807734555,3.1659574397243,0.0737610035585,-0.01157307171451,0.24906203653408,-0.12846145092727,1.4325140836,0.056810599252,0.96226448413,0.57458126582,0.49001793843,1.03558380180565,0.218178540841073,0.668209551938393,0.116330211413627,3.8538629659361,3.3041929749141,2.59567325496751,0.019103429808809,0.0679164661681104,0.204198470515542,0.350916102517201,0.0875021684905049,0.00775939607209164,0.0363067783261988,0.112565338319726,0.0134122295024254,43.727113075,5.5196793875,5.60354406,-0.23222567675,44.091264875,9.1144158125,-2.135226935,0.037375595375,-0.14810144225,-0.16797571875,-0.80380217875,1.2699050075,0.0438490344,0.86737722375,0.38231294825,0.4650997445,47.577084925,6.349597585,8.18874736,0.2321248135,59.422678575,22.1073623,8.3451328275,0.11000469175,0.12708471625,0.656501491,0.55468426975,1.6148640025,0.07297217235,0.9987526245,0.831993615,0.516647018
47.484402293,5.5674971997,6.5942032851,-0.00692870011022,59.752395509,13.83636413757,0.81653155032329,0.0822244180594,0.044732307060657,0.064235547802102,-0.28725494748495,1.25503627608,0.050682797906,0.78661823025,0.2632679606264,0.49535909004,0.883967511820548,0.218243717736035,0.670737716690741,0.104748365134506,4.02381656132579,3.82830208158141,3.04160673205976,0.0237843721049819,0.0803878968236297,0.239279516912349,0.418252076469109,0.093544809614302,0.0134928227462846,0.102098428142107,0.122042866249508,0.0155214407341265,45.7857551,5.15023814,5.353902625,-0.21819244375,51.997556,6.070299185,-4.8756207975,0.0349744215,-0.11840209725,-0.38355918275,-1.1034173925,1.06722008,0.02523777145,0.588257485,0.034411137775,0.4669862505,49.278916925,6.0067551775,8.047710315,0.1892453005,67.743989525,21.608715125,7.12834073499999,0.128186554,0.1939029275,0.56077793375,0.5409765955,1.45287854,0.076051472525,0.96637843925,0.48619548175,0.5293310585
46.849302247,5.740171939,7.9255185817,-0.0876971963663918,54.097168551,11.72187573507,0.85136003897445,0.078963690718,0.033529540313595,0.066975462938724,-0.27710761211806,1.2950085553,0.038222262926,0.87755479692,0.48553998794,0.48244778477,1.23126895330433,0.207867269422635,0.82827727026673,0.114989423257318,4.00850088032716,3.39974620342921,2.73659371579578,0.0188099702315337,0.0712107441457434,0.215284512388041,0.363110788450099,0.0900898370469309,0.0107484440229423,0.0787925322375686,0.0994922282959178,0.0137419439633113,44.40770725,5.3424188975,6.3259591275,-0.30188124225,46.6715126,5.43036812,-4.080913855,0.042220895575,-0.110124981,-0.32104054725,-0.99524369825,1.134055485,0.020245744525,0.70131898025,0.306740555,0.45594147375,49.303774025,6.191396025,9.57613184,0.13818036275,62.268369025,18.0022326,6.3068734475,0.116201781,0.16901292825,0.49615410075,0.451665961,1.4818769825,0.061323735375,0.99142673675,0.70507765575,0.50869127825
47.307069653,5.7493594887,7.7164861554,-0.2782306895449,59.986245806,13.47726347174,1.6848538054771,0.090710570418,0.01923564607921,0.13254540791292,-0.418115215837,1.2970162811,0.06170292707,0.78690267137,0.52837506865,0.5130896349,1.15943705616394,0.226962981777816,0.844949180192563,0.121396113100338,4.62392902770287,4.43842521108483,3.31164725436225,0.024209074978269,0.085092238036272,0.260523277887998,0.432990192391731,0.0874194635755102,0.0129911000037745,0.0702981847721903,0.11281497229347,0.0157434481990188,45.11206105,5.32469685,6.1362878325,-0.532148596,51.327394675,4.6333280925,-4.3983965975,0.04692829475,-0.15297190775,-0.346016534,-1.211972615,1.1323507,0.0366417626,0.63973477575,0.32479401275,0.484122743,49.7058414,6.2261127775,9.36592557,-0.05468279785,69.5416505,21.82833035,8.3071208875,0.137502174,0.17162219425,0.6535111315,0.40739554,1.4782640925,0.088505651075,0.90996688675,0.76438505925,0.54525402275
47.933173026,5.7112625887,7.233250336,-0.139523193317878,57.875279097,10.21701365937,-2.1722632109061,0.0728804207755,0.10895634990418,-0.170889315313202,-0.6139506253401,1.2958212645,0.0358177380723,0.79752441755,0.389797960413,0.50264420773,1.10453348272242,0.206013182003648,0.773668083987774,0.114174543954174,3.92636916350627,3.49030899258561,2.91297681671145,0.019092231573616,0.0755133348474198,0.229160357201071,0.365369588743926,0.0923044153227576,0.0105689561711307,0.111553005762971,0.130515108629422,0.0139351567163277,45.756153475,5.3117998575,5.85965407,-0.35386246275,50.307587625,3.4165286925,-8.10530538,0.0344944763,-0.0323609764,-0.6376345585,-1.370148995,1.1296789475,0.01817326185,0.553762152,0.128532692,0.47674128,50.278814425,6.1238076075,8.8301106125,0.09132222335,66.01769755,17.40159395,3.5892647475,0.108757549,0.2601986585,0.28236311425,0.0690322793999996,1.489582625,0.057622478025,0.97903907575,0.6329572025,0.5309073225
48.447293587,6.0370131659,5.6496363217,-0.206052989364957,55.35253162,15.9001604371,3.7572926293167,0.0836741900571,-0.02571810834196,0.29558165946522,-0.251506664089,1.4880476629,0.055967908882,0.94489341564,0.50589005731,0.48864419397,0.884259420445605,0.220488566501115,0.69386741032823,0.141081314186302,5.00069940307542,4.47079157352141,3.10247294786444,0.0223403409436182,0.0778804451508335,0.24406778857407,0.409473927402181,0.100568159744177,0.00932289746734941,0.0383673138140711,0.122818117961278,0.0150753077897007,46.806325375,5.6241562825,4.45373364,-0.4996927615,44.72387905,7.24046039,-2.22508897,0.036985879325,-0.17339748375,-0.17504505825,-1.0784281475,1.2887943625,0.038604175175,0.85242629,0.28502476,0.460256704,50.2619549,6.455311515,7.13228861,0.06377332255,64.716340825,24.591346775,9.7835225125,0.12799715675,0.13053248875,0.76965786,0.53613031675,1.6921593075,0.075594660975,0.9954355355,0.76585239675,0.5195421805
45.714738743,5.4787810947,7.6197345948,-0.08651660531143,60.726504658,16.1194394371,5.55818374343586,0.108293192857,-0.0739247107616471,0.437255581622952,0.13769049554164,1.3300512016,0.051003055017,0.91110697408,0.59159827967,0.51356059387,1.06827898868469,0.196841418489039,0.793497365105676,0.129946729746288,4.28958774362664,3.55015930314947,2.81692445416269,0.0188467221322899,0.0721855628591344,0.221604033917664,0.347213600788788,0.0803563805465221,0.00882441028335633,0.0549724238523029,0.110335952080871,0.014592584191655,43.500706225,5.11615994,6.173225835,-0.33216529625,52.623640225,9.0611496675,0.0398601539215001,0.0715642526,-0.21864894475,0.0031357499938,-0.52020074575,1.171877955,0.0342754686,0.7807273165,0.388429937,0.485908076,47.7925583,5.8617702625,9.21582661,0.1793085655,69.36707595,22.75974145,11.195740575,0.14461235625,0.06779744105,0.88075536,0.869805441749999,1.4987502925,0.069159377825,0.9952757735,0.8362543525,0.543270087
46.03237471,5.6942106607,7.0306078105,-0.1327471744967,60.548455145,15.5504141106,4.2651927701105,0.101143100538,-0.04130884183736,0.33553754828265,-0.04872998219539,1.4947075109,0.074084254701,0.90926389963,0.42749780207169,0.50342852464,1.0019186828613,0.210621207567585,0.786088682087905,0.137457393795117,5.07967831106297,4.07428318552364,3.31710423000009,0.0250269954937944,0.0874708921866913,0.260952571392713,0.442139513390153,0.105505761663178,0.0125225440809434,0.0461925538234584,0.140438914354214,0.0158814186780836,43.926204325,5.304037755,5.657285965,-0.408575134,50.7939433,7.5719542975,-2.0920343225,0.051931621275,-0.2176160355,-0.1645778045,-0.899763028,1.30195977,0.0497891133,0.8070704265,0.1487721195,0.4745979605,47.8811702,6.133947565,8.8018489375,0.12747505825,70.7447315,23.0969364,10.79231635,0.1508721715,0.13084622525,0.849018486,0.836943807,1.710562025,0.0982000684,0.98566911175,0.7116587305,0.53370546025
44.030248123,5.5363276181,7.3850691891,-0.04252388133537,58.15429364,14.4404349189,-3.921288977443,0.041412988090732,0.17727984356682,-0.3084830534951,-1.00856284001449,1.3679549637,0.051173598477,0.85534589877,0.4978733136,0.46560729184,1.08553778498784,0.195409362052548,0.809634244947304,0.110801269554924,3.65982430495777,3.26700798490214,2.94954640047242,0.0266935551410394,0.0817744218496107,0.232037242185857,0.440074759347294,0.0800698198984477,0.0102201919571225,0.0733175230055646,0.11039739018845,0.0138018341074887,42.0350938,5.165746225,6.036800065,-0.2727959985,50.68919235,8.044946085,-9.68110178,-0.0112136922,0.029779903125,-0.761600553,-1.86494247,1.2131311025,0.032711098725,0.6981268355,0.305374727,0.43844228575,46.2475135,5.951813355,9.11535823,0.17301490925,65.689527575,20.7260918,1.4841239125,0.09057065605,0.33402684675,0.116754227,-0.213932933,1.52802701,0.072287318125,0.98273638,0.72270831225,0.49137086175
46.77704784,5.6588178473,7.7744197956,0.03515981858118,61.051637337,9.797119754494,-2.776566143428,0.077890423107,0.12345370622322,-0.2184290949856,-0.47037960299496,1.2026702164,0.041416842111,0.87924408784,0.66168921771,0.52398385638,1.09638448162802,0.204007339900773,0.837000286100364,0.140396704347824,4.31478488057502,3.43916635533982,2.92130533024477,0.0201861056667451,0.0760883192794816,0.229815551410099,0.385377935416047,0.0961014418011826,0.0114162235230777,0.0724181116792925,0.109770130789396,0.0162561126923978,44.4932406,5.2670296,6.261354005,-0.244478562,53.150022825,2.54227577,-8.418252525,0.037619783725,-0.022814493525,-0.6622537285,-1.25252971,1.0257992,0.02048583,0.702664647,0.4584688395,0.49516892375,48.792076725,6.0680729775,9.5415585575,0.2963283975,68.98714525,16.71782895,2.6287642575,0.1190117115,0.2750342045,0.2068016955,0.29248353,1.3943044175,0.064041229525,0.991888658,0.8828269395,0.55836269275
45.926674848,5.565245491,7.2695333111,-0.16768773432567,59.488557437,19.6915925208,0.7262902336299,0.05396502762942,0.075584197570351,0.05713637283406,-0.82094358603883,1.3076851881,0.054943813616,0.83843110375,0.5533410277,0.50414351683,1.10908255412353,0.218074807353933,0.810021363248831,0.134005970489861,4.39666067405398,3.91815570337965,3.27201797334789,0.0254300183455205,0.0861597483703502,0.257405690232108,0.452479994264994,0.0859978490416872,0.0131311962478047,0.0689899881171292,0.10927817927096,0.0162978950064175,43.8883917,5.1560747825,5.9092804325,-0.4310692025,50.811502925,12.31034375,-5.699152145,0.000905376731500002,-0.091406473425,-0.448345392,-1.734254035,1.1545963875,0.027347413675,0.67860701675,0.3638551735,0.47194876625,48.4483011,5.9965746375,8.968958635,0.089663565225,67.7718344,27.461541475,7.2204056225,0.09997283045,0.2504478385,0.5680205675,0.0255606297749999,1.4932482625,0.078360062725,0.95509674725,0.7791403095,0.53496654725
46.034814982,5.8690218486,6.3018397407,0.15352043954905,65.157173483,14.6291617355,1.660212786103,0.097346321551,0.0254935752377978,0.1306069287467,-0.02063833083176,1.3335880822,0.053934177232,0.92921950646,0.35788464845,0.49962459584,0.961790986499187,0.213844367771175,0.72128580804592,0.113932528641343,4.57077036082677,3.89005197368315,2.81138772717039,0.0229096119164623,0.0742112162304275,0.221168466717243,0.399847896459504,0.0849224118298205,0.0102766853329308,0.0449345383728706,0.101332618954184,0.0142691212797979,44.0888737,5.48445948,4.9898305325,-0.07976013155,56.079704725,6.6293995425,-3.7125353975,0.053395299025,-0.1186288155,-0.29206066675,-0.7691978665,1.170559865,0.036110237925,0.821932001,0.16245305325,0.47189628175,47.9330443,6.2933243625,7.7823299075,0.36766454025,73.396192425,21.4733668,7.0143649625,0.141090325,0.17566748025,0.551811594,0.76723569975,1.506985995,0.075158562925,0.996140728,0.565086872,0.52782730225
44.86668678,6.0856126724,6.0538968057,-0.06061422363454,55.889541997,15.4441857624,-1.4908748164074,0.04906193463016,0.11565318182083,-0.11728531571398,-0.7790231163653,1.5058852091,0.048948619176,0.89192819067,0.51745793018,0.50488577433,0.910642196916225,0.205563611745481,0.701352517253995,0.12357923988956,3.86182674345357,3.38835017750313,2.8147191637096,0.0248843752829592,0.0769343905957747,0.221430546860789,0.426155733994851,0.0828653890678961,0.0108628315366537,0.0661147268114239,0.115941038128392,0.0136769289987514,42.995355375,5.693837285,4.773949195,-0.2890739505,48.8075873,8.89539628,-6.89297312,0.00164946451275,-0.036624377925,-0.5422618415,-1.633703785,1.3457819925,0.0294061016,0.7466008465,0.309271041,0.47880623025,46.6758505,6.5065229925,7.52238904,0.19298876575,63.64055165,22.2426985,3.717367365,0.097597304475,0.264382492,0.292440789,0.0688832286999997,1.66947917,0.07334042555,0.991413025,0.77878341175,0.53397727825
46.051215619,5.5955614135,7.2019287111,0.11737703252857,59.400429979,11.02447570181,0.6081903733625,0.092852316314,0.036801656082783,0.04784559985166,-0.0213318455047093,1.3677341561,0.058365447765,0.91305606525,0.403392684941,0.49886734878,1.03030773511428,0.204551501870532,0.720029247002413,0.109704061541813,4.00883486254577,3.56249577398876,2.93405264133968,0.0225283002957494,0.0770034912136604,0.230818366982935,0.379935665735001,0.0854338310779811,0.00976623555691617,0.0544879091297712,0.115304796404742,0.0142053443917076,44.1679979,5.184216105,5.8827054975,-0.10255047975,52.062668375,4.42892513,-5.2213312475,0.04825053635,-0.1175967395,-0.41075580775,-0.80383617425,1.21742113,0.04089366265,0.791565041,0.1770876395,0.4718027565,48.13302155,5.9984208875,8.6932045875,0.31873498675,67.444723275,18.427888825,6.3982411125,0.1389951435,0.1898569665,0.503341871,0.73208761875,1.5490982675,0.0784938673,0.99541987175,0.639866284,0.5274228335
45.311732678,5.4576649334,6.9906532756,-0.00985534759722,59.448900959,13.792671532,-0.32140525338554,0.07348074675501,0.07565267094544,-0.025284562135133,-0.44269387615051,1.3507667767,0.072092492389,0.80310213448,0.461100638929,0.50321708799,1.02242920191537,0.222113216463231,0.743081647282485,0.118853405583726,4.75062413371537,4.06894919630643,3.88745423742898,0.0370259842573568,0.10936032022702,0.305821315425188,0.593404225438317,0.094851557794645,0.0130072638729702,0.0731797856148524,0.134638329339918,0.0160196192640293,43.373752375,5.037962425,5.720336765,-0.24726743725,49.619647025,5.89078782,-7.944268265,-0.0022227619675,-0.142376511,-0.62496596775,-1.6574372,1.1774022175,0.045889012325,0.64146368875,0.200223276,0.4705535705,47.4631414,5.91395576,8.63148891,0.218128758,69.01387845,21.498160875,6.89848805749999,0.14740617275,0.286864492,0.542695696999999,0.710185798749999,1.53697381,0.097320963925,0.9278943215,0.737250907,0.53587576375
46.758270917,5.6452925581,7.5735416661,0.13026339671642,67.598445959,16.772438093,4.446261380646,0.113349542219,-0.04033887266528,0.3497819964269,0.217740630607123,1.5940871867,0.069391263036,0.92319944876,0.475206353599,0.4924202175,1.0849203518941,0.203816081655326,0.806921218319214,0.130062952332517,4.78298801300277,3.69846836449814,3.00391781743927,0.0227744770208773,0.0788383657471145,0.236314575597906,0.397657814773896,0.0921971872751072,0.0123842927867692,0.0458756560877436,0.122321427665608,0.0142011569065146,44.59446675,5.263114985,6.1413865325,-0.10998965425,57.735832825,9.3819884475,-1.1852728525,0.0658395153,-0.19194179625,-0.093243981975,-0.61230770825,1.421654725,0.0463431212,0.81850448475,0.2266787265,0.46587617,48.866653675,6.043338995,9.2171337275,0.39325130425,76.5471641,24.260820175,10.16246615,0.1570830595,0.10725536025,0.7994688855,0.957180806,1.78354714,0.0953434017,0.9968841205,0.73143365175,0.52126534225
45.862567053,5.3111321745,8.0492114276,-0.088186644140318,55.825950069,5.969790304842,-0.25269903866593,0.101540943681,0.035851813602541,-0.019879527205374,-0.06019902657142,1.20885746796,0.045693464398,0.91997198869,0.18281045743716,0.49926692682,1.17109951696105,0.191730464225178,0.79299638221541,0.0919823668106415,3.72902299193056,3.14268890587455,2.48511393920958,0.0171064640210679,0.0650522917631307,0.19550090321256,0.320877460018554,0.0804891071177236,0.0088798670422175,0.0498041295045625,0.119364831885484,0.0149055779727701,43.3791885,4.9445516625,6.6818492475,-0.2838973045,48.487853875,-0.4511716975,-5.3729460575,0.06533549035,-0.081058565125,-0.4226831555,-0.73034840875,1.0645384825,0.028324977925,0.801417369,0.005248345915,0.46915277375,48.0760142,5.696938805,9.7352328425,0.094367694525,62.856562375,12.113514175,4.4363119375,0.13318921925,0.17047742625,0.34899928575,0.51665321025,1.3708868375,0.0633658304,0.98632722175,0.4165293755,0.529088418
45.318482664,5.6963613512,7.45214715,-0.01756889632282,53.059362546,3.634065422504,-1.0337440921156,0.100169191945,0.04589762791124,-0.08132339529683,0.027423865655165,1.2801245802,0.051362086599,0.88284341451,0.56935270084,0.50465452026,1.08425038559056,0.203652051365709,0.779753991584585,0.116293668888154,3.50625320254736,3.04423812617615,2.51393615764846,0.0179651713075926,0.0650645564883299,0.197768312096163,0.336202578558781,0.0711122024221027,0.00807276186590627,0.055834117989739,0.0959056931118455,0.0133755675709772,43.301489,5.29134534,6.16001217,-0.23568687175,46.025872275,-2.0085418575,-6.0142134325,0.06418128725,-0.07997729475,-0.47313088725,-0.6599453365,1.143681465,0.03714078605,0.76744238175,0.3964987095,0.47833369825,47.5097859,6.10729789,9.1518157675,0.2221848105,60.306756525,9.4391556625,3.95126478,0.135878354,0.17176248675,0.31084121525,0.6720061765,1.426631815,0.0690862979,0.9810042975,0.767396299,0.53102717125
45.536640969,5.7414095692,5.6115026943,-0.01713156156262,52.401296791,4.8048101416847,-4.756767100533,0.066292327268,0.15342883297317,-0.3742091055276,-0.549050152264,1.408629838,0.054526022815,0.96138861505,0.56661338852,0.48718879489,0.849144820779564,0.19924386169434,0.641422511195782,0.133660712584931,4.12174655279355,3.63199147212745,2.77042256674041,0.0207338175437003,0.0729479498996985,0.217945787472396,0.375792615139585,0.0905625882559365,0.00897736983309028,0.0329373242535097,0.106402138907576,0.0139250537969425,43.834555625,5.34954184,4.5221625275,-0.27269478925,44.4600233,-2.4002559725,-10.16094615,0.026652752575,0.012890586125,-0.7993492975,-1.22354762,1.24641395,0.0379721771,0.87652737425,0.350068546,0.4610838475,47.1427876,6.132130395,7.05929056,0.24537053275,60.9500068,12.193929875,0.7488312865,0.1059623475,0.299047564,0.05890965055,0.1851020655,1.59709244,0.072304711275,0.998473076,0.7753809385,0.515258443
45.563809416,5.599172204,6.6199674648,-0.16300801607284,54.497345332,6.05568650274213,-2.3326301529364,0.0829808048953,0.093171838692624,-0.18350518824837,-0.42987015663624,1.341973195,0.049382904074,0.93026738532,0.503294529056,0.50637238747,1.03963858318027,0.216682970349415,0.740858467228461,0.118183902355221,4.7380622879129,3.97358491883317,2.95432294931149,0.0229430594526326,0.0768421188754549,0.232413007506978,0.402117855161791,0.0952440113687996,0.00986983809582436,0.050261660274924,0.141486121310347,0.0153556229451577,43.62157875,5.1884690425,5.3272027225,-0.40184645125,45.3920552,-2.075644775,-7.965237955,0.041313895775,-0.049110984,-0.626615621,-1.1823519725,1.16641449,0.03151324215,0.813222564,0.20460137225,0.477606114,47.6124,6.0221388425,8.31316146,0.05538850535,63.717785325,13.62595685,3.26625839,0.1266178435,0.2358005385,0.256952591,0.37979431475,1.525238265,0.07056689195,0.99447881,0.76995221225,0.53590705825
44.832657312,5.9355273542,6.0876829427,-0.2579150379049,53.079947893,11.9500853838,4.6370842433198,0.102918428935,-0.06893568498635,0.36479380024721,0.039450300756479,1.318674147,0.043833231342,0.94764265475,0.428166475414,0.49486979923,0.879613152579477,0.207262214132555,0.714344204188104,0.106038304514463,3.68712811733744,3.38812828506085,2.55247459286857,0.0200013507143536,0.0674034772539262,0.200800084561952,0.343869324453816,0.0768340519160879,0.00784928495645372,0.0448994262560009,0.110622315991637,0.0147483523484483,43.085709575,5.5690046775,4.7964722275,-0.46392622225,46.24345305,5.863818195,-0.28101778825,0.0633268302,-0.2036192405,-0.022107329025,-0.631578118,1.1859426,0.0294428685,0.83074572075,0.19458756675,0.46809487725,46.50037615,6.3739058675,7.57377745,-0.0535138921000001,61.1394036,18.580037175,9.818933245,0.14292543675,0.0632222733,0.77244358175,0.7018615015,1.4800501875,0.060446311875,0.99803193025,0.665317006,0.525226233
45.200772562,5.7711616011,6.213787198,0.086411168115961,62.865072121,7.596218365497,3.93529081238,0.140849890079,-0.070840948886339,0.3095845609314,0.6312631622225,1.23131860959,0.063094111297,0.950102068,0.67041839576,0.50772273147,0.934308560657115,0.205756571561633,0.714152862342323,0.144841915047782,4.71168563258206,3.51579433948112,3.02110357306898,0.0231397821559047,0.0789178465956886,0.237666558032212,0.389999569673949,0.0857554678090111,0.0104968188203742,0.0452165231390113,0.105738137771365,0.016049925452264,43.2970253,5.38845819,5.009663755,-0.215928513,53.42567235,0.8332772775,-1.99992952,0.095339274075,-0.2228514755,-0.15733203425,-0.1151924,1.0717258525,0.044309869075,0.826805172,0.47222762875,0.477318954,47.024494975,6.1809692575,7.8006116475,0.36164714175,71.682471375,14.473417375,9.6829172025,0.18726695475,0.0818129057,0.761743363,1.3929317475,1.41616708,0.08414228355,0.99778120775,0.89528112075,0.53812131525
46.20309293,6.1278046066,6.5501868941,-0.059153092472544,57.712037838,13.9085123747,5.5012944348012,0.111004672949,-0.08308570607651,0.43278016882218,0.26979190284718,1.15536832445,0.047307306562,0.82407353156,0.15241867695301,0.51494172064,0.985469762407879,0.240410335446627,0.759631166908259,0.0875600817826715,3.66409891696321,3.43215888955657,3.29548143296039,0.0248855649025586,0.0864216032132114,0.259251532204602,0.430549961400147,0.075348501952138,0.0101510120103773,0.0949954244117739,0.0985187777907224,0.0158200905240189,44.293844175,5.6909069925,5.2955905675,-0.2180656575,50.3065762,7.1006876425,-1.340305655,0.056494934275,-0.2358829025,-0.10544022525,-0.66066845275,1.0100661825,0.02763835805,0.6119658065,0.0097232404225,0.4852352225,48.098885875,6.5959919625,8.24368249,0.114352975,64.621531575,20.512414475,11.481164575,0.155685623,0.0967288993,0.90320934425,1.0446769625,1.305586905,0.06788829095,0.96950653975,0.37557252575,0.54709389575
46.518230406,5.5037402633,6.5548508833,-0.073233293264596,54.751924185,11.8185506889,5.113542676848,0.110892086524,-0.08260844886521,0.4022762075823,0.30900750904082,1.3474486724,0.048223642085,0.92392076369,0.70649777601,0.52951528874,0.956693446018102,0.206007070447259,0.707921329609156,0.141702522937511,4.35510398738128,3.77933674335419,2.77889376744663,0.025526587527224,0.0763221141925449,0.218612206367498,0.427855270991092,0.0838770171152462,0.00947749695630114,0.060773190270398,0.135143978270645,0.0153787840521202,44.671770075,5.1283744425,5.318067525,-0.3375134275,46.07154375,4.780294675,0.0367676384500001,0.060011307675,-0.2373291385,0.00289246560500001,-0.538161754,1.1918219725,0.032479164075,0.7848586055,0.48826457125,0.50116083,48.43481755,5.92433566,8.16477614,0.20416636575,62.9012982,19.540777825,10.489251775,0.16057606725,0.056890372675,0.8251767425,1.151673795,1.52602989,0.068996006425,0.99676464525,0.988312773,0.55986901475
48.089705055,5.7294510507,6.9191195712,0.12649151204129,63.179719859,14.887848821,4.0623423499184,0.108898335407,-0.03897093698692,0.31957955158144,0.24401909168409,1.18352982874,0.038084657463,0.89619820797,0.3258435041697,0.48963992431,1.07104144799695,0.232122127982113,0.741512241951357,0.106979599011687,4.39977082393979,3.9259156087136,2.49277043316526,0.0172801168059147,0.0628315502172028,0.196103230151116,0.315236757340852,0.081454281519266,0.00841476497005579,0.0744353298527704,0.12167309431654,0.0152128883936763,45.885423325,5.2894485325,5.6711474425,-0.080744600725,54.700511825,6.9595458375,-0.666931031,0.077736069925,-0.167380666,-0.052466655625,-0.35132207025,1.0362684975,0.022582062325,0.722710921,0.091975459925,0.4607021175,50.26867775,6.1958973125,8.5250004075,0.327855683,71.74600845,22.3922095,9.16140038,0.14461119075,0.07718771555,0.7207162695,0.880822737,1.355028335,0.056376557725,0.99461161225,0.55969249475,0.52008351775
45.802358894,5.7256329083,6.9793783098,-0.05200936232672,60.126771721,11.21031701942,0.39895639002732,0.0921847567447,0.043426828753508,0.031385415985833,-0.22464797940634,1.3353057273,0.057524242287,0.93335080052,0.54822163728,0.51237254772,1.10289905288319,0.215252513031766,0.765597585913928,0.137258321359623,4.58893736195938,3.76798304355842,3.0749742189714,0.0241291505837627,0.0822224676457989,0.241904496626382,0.427921322808694,0.100791944312174,0.0111329278869596,0.050236264604985,0.105270004657963,0.0158552082054088,43.7293661,5.3061285625,5.6078740125,-0.345127866,51.1823274,4.10622701,-5.9068290825,0.0424656189,-0.1091203425,-0.4646830815,-1.04972522,1.142845735,0.035946861675,0.82087035375,0.36538795025,0.482824808,47.9170007,6.14689637,8.631200465,0.20500680575,69.16365285,18.529213225,6.2923806275,0.135434783,0.20820095875,0.49501396,0.54046189375,1.53646861,0.078478035325,0.9989572405,0.765951754,0.54253731475
45.409886801,5.5208012052,6.8109172694,0.09939704246324,59.557772818,11.32901931621,-3.6570194323261,0.060956707580186,0.15496735788168,-0.28769328895754,-0.6297325043701,1.3814820771,0.059921596867,0.90972038859,0.60851900332,0.48200820916,0.945024927932431,0.208769908017497,0.736828681076335,0.131895724023608,4.44571436944391,3.5983902551234,3.44365638853863,0.0289047696024924,0.0936913389346958,0.270908276964654,0.498823570711242,0.0911156008926205,0.0119301257128788,0.0549986047143557,0.10916236062661,0.0142774477976905,43.557778075,5.1176390875,5.5147102925,-0.15986836725,51.2768109,4.3675890425,-10.564526525,-0.003648492475,-0.0284699279,-0.83109852275,-1.6815546225,1.2116383575,0.0382003693,0.7928704305,0.39096897425,0.4558351755,47.2827734,5.927357035,8.3561479425,0.350299967,68.739222275,18.397461425,2.88007462,0.11290641475,0.3472319365,0.22657198425,0.30779616725,1.5793984175,0.083499939775,0.99225912525,0.826507765,0.51337916
44.979762315,5.7588667174,6.1826047063,-0.12974953710654,53.51977316,6.47509796531367,-1.670872398047,0.0835438446378,0.07710027034457,-0.13144550751057,-0.3409048267196,1.3695071051,0.058375505158,0.95539852194,0.72008355208,0.5024015144,0.895489116411389,0.213337383637362,0.727324766706242,0.14670891359588,4.30598137256548,3.62252955662766,2.97073381878456,0.024607671459106,0.0800456209856263,0.233704030833331,0.434149354777864,0.0866144065295994,0.00955266309614247,0.0340174556385731,0.112539559313186,0.0157204482910883,43.24066645,5.3536215025,4.882187815,-0.396511226,45.19972985,-0.47532291325,-7.5933745575,0.037682967125,-0.074469106225,-0.59736157725,-1.199343345,1.2016767175,0.041517890375,0.8697774055,0.52107220875,0.47371912875,46.689620925,6.1782075525,7.7355175125,0.161810799,61.80655435,13.83666955,4.0696731075,0.130047992,0.2359419835,0.320156252,0.478898408,1.5433995575,0.079275480775,0.99759484125,0.957600976,0.53297281025
46.36860463,5.7005016392,5.8458191434,0.1470145527005,54.2667006,9.65938000833,2.6103480708724,0.1015947103975,-0.02459148872462,0.20535292038884,0.32157762763278,1.4940451421,0.06246446373,0.91791314179,0.64290590056,0.49488749871,0.93905787150301,0.22385618851528,0.686099951883063,0.138694834878614,4.60550446759557,3.62395329748918,3.25079975418759,0.0266855180697174,0.0876475444854999,0.25573647857452,0.453851634732839,0.0983831360429485,0.0128342708342738,0.0519879986103002,0.102784433010219,0.0143699223729234,44.468712375,5.28717623,4.667424795,-0.12061656325,45.7270685,2.41115995,-3.988090955,0.0506284379,-0.19081749925,-0.31373828675,-0.54797993125,1.3187557575,0.040116005075,0.79158486175,0.46437929225,0.4677105245,48.28487965,6.1587460725,7.28888038,0.42433644625,63.45384325,16.26245675,8.4769595475,0.15192465725,0.14720907825,0.66687214175,1.1876534725,1.7080704275,0.089340211875,0.99340255075,0.84674744775,0.521830808
45.527316262,5.870623841,6.7846640187,0.16111864690753,65.754979189,11.5713261156,0.2392537885493,0.102560737469,0.049546020944297,0.01882180581801,-0.0119713635719,1.3096253214,0.062028138136,0.91210331755,0.3267211538266,0.49259470534,1.01087509499795,0.223932115733464,0.737701599119093,0.11202693292094,4.17649066051428,3.36618300944206,3.16971584633387,0.0248449798468073,0.086394542652082,0.249357706128467,0.442461064108378,0.0879939099264162,0.00868930292907518,0.0547950105140617,0.141214537442734,0.0159224664309944,43.54319615,5.445249405,5.5350579575,-0.0654402879,57.40591495,5.051758215,-6.1872901325,0.0539392467,-0.12458543075,-0.48674661625,-0.87271006575,1.13504124,0.046878620025,0.78958534425,0.036961657575,0.463508835,47.613250775,6.2982175025,8.43976163,0.3928291845,74.15126715,18.19214455,6.581671655,0.15151316375,0.2246179365,0.51777213375,0.88997560825,1.4898696875,0.0795715909,0.98974411725,0.59233217525,0.52337214475
44.764162183,5.6848701409,5.7608077727,0.112269873347074,61.301891827,10.26472150413,2.5567782009557,0.114911143072,-0.0201915281077991,0.20113864372581,0.29644744253508,1.3055489414,0.043169928363,0.8700389373,0.65732902975,0.47513211983,0.899840482247343,0.216959274352975,0.665604710980316,0.130668965304443,3.92827014107256,3.28570872313716,2.76221780518792,0.0242030028241714,0.0752092836306646,0.217300328401339,0.411714120721161,0.08408155168595,0.0110713163328172,0.0856531882381767,0.124422349992559,0.0142529303006135,42.945999875,5.291371455,4.642502765,-0.13404408375,53.5815359,3.8609132725,-2.69766865,0.064214594075,-0.1621199995,-0.212222324,-0.5450566815,1.154728645,0.0229543035,0.66286720925,0.431170364,0.4481843625,46.49076365,6.1478862375,7.2513159575,0.371209356,68.99175245,17.253930325,7.913221645,0.163557573,0.12575503825,0.622523562,1.1057461925,1.483910535,0.067947084675,0.992664668,0.91174883875,0.5022462605
44.726077205,5.6332248244,7.4092415793,0.00449683680689,61.863847266,13.4616304636,3.905444155652,0.111251724323,-0.04159199630652,0.3072365605169,0.17825842982566,1.4854311827,0.05249341094,0.90848940059,0.30751344268724,0.48997338264,1.10687603234792,0.215063211510022,0.789277040074582,0.116504553645063,4.33493312806135,3.31393991554874,2.64923379138934,0.0208397224837546,0.0706690811974462,0.208412012782144,0.36452089664994,0.0874035462663312,0.00909406389512053,0.058628707251466,0.15000592478625,0.0146521148389187,42.5934667,5.2388626175,6.001652635,-0.2199354655,53.674111325,7.0487145975,-1.2839057625,0.071481874975,-0.17799132,-0.1010033125,-0.5014654755,1.3197500825,0.03570913685,0.76928209425,0.0346157684,0.45956965425,46.840551425,6.0665445425,8.976143525,0.2304777245,70.05716365,20.040415575,8.7982024625,0.153744124,0.093227080125,0.69214393425,0.90691249,1.6612088525,0.070939791225,0.99187446525,0.60126041425,0.51976363375
45.399060681,5.728382305,6.9943151626,0.09755921122002,58.902095916,12.96821368,0.4523689837319,0.0815974557838,0.05048689135485,0.03558731982409,-0.18500478286224,1.4786449222,0.059467621347,0.92542030464,0.465131579316,0.49785945245,1.04942787414255,0.200838995553086,0.770218836959846,0.117193245423254,3.94913667608655,3.57433696453995,2.93539088470429,0.0235963387192734,0.0784040660348043,0.230923644738149,0.410000487825573,0.0856280370330678,0.0103840709424517,0.0449822938310873,0.126612735528124,0.0141599232254703,43.40254655,5.344439745,5.6135004375,-0.130289853,50.951105625,5.9771012725,-5.35255164,0.034663304875,-0.1073597505,-0.421078752,-0.9787884965,1.3167895475,0.039760897775,0.828539492,0.20294531925,0.4712807205,47.50268835,6.1251956675,8.6056120975,0.34134096475,66.60016765,19.81364055,6.49184554,0.1263825045,0.2031127205,0.51070562325,0.6232586345,1.6578411075,0.079704645025,0.99387080975,0.7190596105,0.5275810035
45.020035946,5.7173460218,7.2974651549,-0.09992605676533,55.130008872,8.444596357465,0.2551959790179,0.092177294288,0.03395314639548,0.02007595852113,-0.16068936630967,1.3563438235,0.056450352685,0.93578733273,0.64054360765,0.4836868812,1.0839159308843,0.213271506107314,0.807764280886839,0.12231787761713,4.30870392440042,3.67695508818319,3.11541418481834,0.0240040373377882,0.0819545087643102,0.24508585991135,0.419423833473369,0.0903624931369593,0.00930882875285995,0.0485002609765096,0.121749608308607,0.0149506974579033,42.954228475,5.3086726475,5.8764692525,-0.3386441935,46.90543055,0.468118797,-5.6642606325,0.044533783025,-0.122480845,-0.4456005235,-0.96639795725,1.182406625,0.0379650452,0.812486933,0.42795151775,0.4554916895,47.112314525,6.153362625,8.9690989425,0.14874085525,63.787170575,15.464075975,6.043425945,0.13977382525,0.1994746195,0.475428998,0.650607057,1.5435995475,0.074692862375,0.9965053065,0.8881583185,0.5136555805
47.660673511,5.5136963651,7.1770963498,-0.11946754023464,58.178843074,9.63328914972,2.2392335516955,0.108201890014,-0.01456485343987,0.17615779089792,0.03681567837181,1.3732730604,0.053761945905,0.95460291423,0.409706688727,0.49786005635,1.12500713967981,0.203808928872038,0.772916053717532,0.122828208059198,4.26152985413853,3.51762980723084,2.48269781522221,0.0151468540999322,0.0626401635697117,0.195310829290774,0.289246940157035,0.0972633371407145,0.00740096600110707,0.0355108762445181,0.140970141934515,0.0140809908769894,45.4378643,5.13446371,5.8857681075,-0.36679822225,49.600661025,3.0016977175,-2.4874030325,0.079210881925,-0.14526079775,-0.1956809815,-0.52344138025,1.18459022,0.04036899015,0.8576169055,0.100093813725,0.472517134,50.088220125,5.9171926275,8.8414749,0.112733029,66.35872425,16.660608375,7.3441764275,0.13753542775,0.10269486175,0.5777574605,0.60136094425,1.5796502275,0.0675762945,0.99834804375,0.69481155825,0.527951477
47.338405899,5.5503314515,6.5976024071,-0.14420711496529,62.061372054,17.7592263981,4.3489503372086,0.0951153530327,-0.03289317125802,0.34212665472778,-0.172693795271435,1.2626744593,0.045483315814,0.84716315974,0.60349713346,0.52048849973,0.934114262665646,0.22995707972252,0.751872462979491,0.154066379529041,5.34124580515687,4.18225552165264,2.95861773084889,0.0228172004396571,0.077309210952237,0.232750872811467,0.417568263347244,0.0962106748029525,0.0112939263793468,0.0962620708941683,0.124195061475781,0.0159896837705703,45.5088297,5.13427039,5.2952179375,-0.46489826275,51.638197275,9.0798609525,-1.82311673,0.0483155929,-0.17213623025,-0.143422386,-1.0696357375,1.0797792825,0.0221590552,0.62579001375,0.35531026175,0.48867040575,49.29242445,6.0150728125,8.30572975,0.148578493,72.911330625,25.405298425,9.6052816225,0.13701057375,0.1261418575,0.755635867,0.56425920875,1.4498946825,0.067657674,0.995094594,0.8395839675,0.5517179165
45.21723069,5.0471603932,7.5042513667,-0.0732740371204343,59.322602607,9.76227307715,0.0072369883203,0.0941394026173,0.0471243097674,0.00056932534364,-0.2159651730173,1.17842516099,0.050770476489,0.88619513826,0.68274726234,0.50443171855,1.16031505883173,0.178950838000779,0.731412518099206,0.135178866225136,3.56347542264552,3.24181751796833,2.89422619983526,0.0236339010507586,0.0781034952655513,0.227685268839319,0.416480969578722,0.0724658115070053,0.00867372709044168,0.0693874841889844,0.113340611628908,0.0152314716429461,42.877348375,4.6916537,6.234754265,-0.3350857055,52.349344075,3.7999795325,-5.4904195875,0.04541115335,-0.105658941,-0.43192465775,-1.059812175,1.0457381625,0.034621833,0.72345618875,0.474794277,0.4742242145,47.42233,5.39629499,9.1277987475,0.19742457875,66.22202425,16.07243365,5.53972456,0.14007767225,0.198927436,0.43580342425,0.59583570825,1.3394813925,0.068565586175,0.991479662,0.91967243425,0.5346874155
46.942408221,5.8130943689,7.0110073667,-0.09469307158337,53.712136881,12.1546335877,5.393087138486,0.108927845673,-0.0886271949628,0.4242676317996,0.29653949125163,1.4242829516,0.053081053872,0.95067017376,0.30367865430714,0.48297612436,1.16816346278581,0.215307849927494,0.758575268148637,0.102446120739123,3.91083004973185,3.15181764535652,2.45229637793979,0.015999765896462,0.0630929066703878,0.192919185600111,0.300281614193742,0.0818793004010556,0.00750860840710432,0.0371915751134099,0.141243646446938,0.0131318908671142,44.7520098,5.4157325725,5.72206111,-0.3010717045,46.33989465,6.11730126,0.619117782,0.078252507475,-0.209467408,0.048705246325,-0.304465222,1.2737395,0.0401370658,0.8557887995,0.00092342330975,0.45912426225,49.3191589,6.2515913575,8.60768542,0.10616356775,61.627927725,18.29724225,10.352081325,0.14071295825,0.03668651265,0.81438570875,0.88022430975,1.5943791325,0.06950482685,0.99647687275,0.53322089475,0.50901874975
47.761621059,5.5366275643,6.0470019193,0.03290119855404,67.581576642,18.8585803024,6.332942634596,0.117345587562,-0.081842999768429,0.49820492512829,0.24586498147124,1.3785702558,0.065150615695,0.96547168477,0.60579817719,0.53448602117,0.928174860134257,0.211127540012656,0.685397502082026,0.146148056915405,5.60263863673558,4.8313742975776,3.08522788953198,0.0195741800637761,0.075536384652609,0.242711140528702,0.357002300571895,0.106249501665006,0.00898972021804274,0.0298045334998078,0.120962659839189,0.0169417856317853,45.98309995,5.1642572725,4.877404175,-0.25740912225,56.83424625,9.9991499625,0.56563429175,0.080444212425,-0.23235616975,0.044497764525,-0.42750560275,1.1830841925,0.048176813075,0.89320880075,0.38505235575,0.50160335,49.5962514,5.9987509,7.553038675,0.322468286,77.635058625,28.41698105,12.680681625,0.1539241885,0.05690440635,0.99757388625,0.9122623705,1.600169845,0.084351252375,0.998781912,0.8656889345,0.5689901655
45.789033576,5.9076539631,7.8838973748,-0.10008550555858,51.886915273,14.432013167,2.8832589768569,0.075991899631,-0.008922717630477,0.22682249097152,-0.1995433567603,1.4794178978,0.050293608986,0.92915531661,0.54386651336,0.51489205845,1.07337143900735,0.201887722634859,0.914074371340358,0.126907331014913,4.30964266492589,4.14904254493214,3.02854947077108,0.0208640864246956,0.0774193542770168,0.23825231821325,0.391811415002519,0.0931638195478824,0.00853209848459183,0.0531623504831168,0.117293231613765,0.014711231534939,43.857611075,5.5185230525,6.359234015,-0.3407460075,42.86758275,6.64135756,-3.230739305,0.03368288155,-0.162331986,-0.25415834575,-1.01016558,1.303887465,0.0340901313,0.791940951,0.3309142455,0.487077776,47.955402925,6.310787165,9.99321842,0.15467233475,59.756781775,22.1609034,8.90815783,0.1159155545,0.15192566175,0.7007939845,0.523636353499999,1.67792867,0.06803857785,0.997193449,0.773589323,0.54378622025
45.755106664,5.5920847394,7.0333932213,-0.00509462616488,65.679532871,10.08328261959,1.5755728005787,0.118911429177,0.005773190378515,0.12394840357636,0.091932588350001,1.295802935,0.050704554469,0.95723450028,0.5494525854,0.46667293886,0.978796153716813,0.199813812000653,0.716814426348461,0.129306554804284,4.16176567991775,3.27979508567513,2.58085430926876,0.0208138797753801,0.0691269663649276,0.203032682003098,0.35787969581408,0.0842396006012515,0.00733336060093126,0.0367482529140173,0.12093621132414,0.0127367457577014,43.7105113,5.2166830875,5.76283612,-0.26637002725,57.441838,3.802099065,-3.20002613,0.080658144625,-0.1311375035,-0.25174217575,-0.60859899275,1.15138483,0.03810751045,0.86289566475,0.3444838515,0.44326202125,47.613020325,6.0007137575,8.585833265,0.2330293885,73.56830985,16.3688439,6.607119485,0.16394920175,0.13155283025,0.519774083,0.81045881275,1.477931105,0.065007623475,0.999142304,0.79845577175,0.493013045
49.22370204,5.483620997,4.8828001928,-0.08205125397997,53.087325239,8.0608442456076,-1.5616169383044,0.0760114644314,0.08179806637682,-0.12285051311777,-0.37901152841312,1.35710773064,0.049705125353,0.88882344357,0.71629404257,0.50443619454,0.747224813002204,0.21715357747389,0.63429600933885,0.162760896788715,6.79274138860535,5.89874711622327,3.88217749833011,0.0234195272277734,0.0938654208274768,0.30540620081756,0.434251764217371,0.136676697178739,0.012247797627979,0.0743201902598016,0.122129431081418,0.015865596156951,47.6222323,5.046944935,3.7859864,-0.3935795615,40.300660125,-3.3897614975,-8.8435210125,0.029234686325,-0.099928690625,-0.695709085,-1.21671225,1.1274728175,0.028388438975,0.7139858135,0.5088068125,0.47403182325,50.59065645,5.90206468,6.299348225,0.2349650625,66.8814248,19.922988225,5.8725433875,0.1208859015,0.26086731325,0.46198587075,0.4445581135,1.67279535,0.073419759175,0.98850231325,0.9877952635,0.53632342
44.412370332,5.6006239175,7.1965811125,-0.18638283514084,54.2410494,8.55359731597,-2.10956546677846,0.07248053823935,0.0991776813255,-0.165956959726525,-0.5783056540646,1.2833500669,0.060243477305,0.91613080387,0.52164087993,0.50666339951,1.03168179265782,0.195230116604841,0.807766693425528,0.114939648780491,3.91460502325567,3.33582682558938,2.82641925869638,0.0259079762960475,0.0776114010532608,0.222350979020558,0.43302751356368,0.079364519853685,0.00959685654849809,0.0525916066776781,0.104389235854099,0.014225797207895,42.491773775,5.235074975,5.79673161,-0.4003353115,46.972621975,2.3471118125,-7.3051375125,0.022348611775,-0.06476215555,-0.5746863205,-1.4199739975,1.1427538725,0.04318498775,0.78086269225,0.3330953875,0.48004474075,46.3587031,5.9968692525,8.899269395,0.0445266846,61.6806187,14.88085045,3.7406987625,0.12439721875,0.24472501725,0.294276234,0.2807921205,1.4526531425,0.080835728475,0.99117464675,0.74859481975,0.53545992775
45.883680619,5.9050700141,4.5404622958,-0.17820221086848,53.264923803,9.816951737345,1.6483259078857,0.09155905912748,0.00249174934656,0.12967180262683,-0.15020294812017,1.4298162962,0.072742330297,0.93012614765,0.55836031254,0.48807019766,0.706609512576998,0.220990221024961,0.564809840377299,0.131269024564538,5.10043581231773,4.2504341302655,3.84980813946826,0.0323915048469233,0.10511383739885,0.302859742803578,0.543032290067956,0.0893286560608246,0.0140417379155728,0.0444546823677746,0.120402437624742,0.0141062393905198,44.539990725,5.4809674825,3.6026067425,-0.43436251675,44.042491625,1.8423725175,-6.558710595,0.021501781875,-0.17581681975,-0.515965817,-1.27965538,1.2601740375,0.04636002195,0.826974446,0.33819926925,0.46267340575,47.26772105,6.3672096625,5.805691945,0.0700810841249999,63.778242275,17.854209575,8.339954135,0.148497929,0.2257234605,0.6560940885,0.7810871045,1.6056989125,0.10214063,0.9938014785,0.79408302425,0.5165049265
45.585713697,5.7898749298,7.6925891187,-0.00865826494496,60.566569361,10.51305526858,-0.3941977982029,0.090690842347,0.0617463269157,-0.031011063146439,-0.24174966840301,1.3283306243,0.05707786675,0.94552631541,0.6392001725,0.51231203841,1.07745186731642,0.20276202903891,0.848049909032973,0.119053076821996,3.92468101007397,3.37602434634229,2.91101384693473,0.0207243001469749,0.0761654852783638,0.229005932804412,0.379345618036056,0.0878784439588252,0.00908457416456976,0.0429713172186781,0.117175222893706,0.0146920246736622,43.443013925,5.39860638,6.2975630975,-0.25110852175,52.902687125,3.9063005525,-6.1588139825,0.05014418035,-0.080765440375,-0.48450643175,-1.01408266,1.1729153625,0.0402367339,0.8401671985,0.44433858075,0.4854108085,47.6996452,6.1892118175,9.560556875,0.22428792275,68.281687775,16.949482025,4.9442324025,0.13162039075,0.211679694,0.388956774,0.484365971,1.5278833325,0.075033669575,0.99771514775,0.90230111675,0.5413549315
45.693741145,5.5957189802,8.1144983286,-0.00276316939917,56.307658327,10.27556693909,3.2631120280516,0.10826271433,-0.03946313846784,0.25670507029629,0.2373689691741,1.3461545032,0.050941381987,0.88639877394,0.55811830293,0.4838959645,1.23494954502661,0.209168061362214,0.843665484053874,0.128074254355717,4.09122498004435,3.26707673570493,2.71865964801049,0.0207537572733548,0.0724965555778964,0.213873661236214,0.370691993548747,0.0906057494197844,0.00935426592089223,0.0659715465239585,0.115306052404573,0.0139322052807892,43.46940465,5.2044641375,6.6101814875,-0.25643233975,47.91002675,3.795234075,-1.96130546,0.065386287175,-0.1858432995,-0.15429352475,-0.51946271425,1.1904428425,0.03275012565,0.732219441,0.34149142375,0.45879658075,48.104767225,6.0220410925,9.9729028525,0.2464359095,64.14946635,16.930646325,8.55257976,0.1467034095,0.09964932105,0.672821091,0.98063951975,1.5272241825,0.07050130445,0.99481260975,0.80968853425,0.514485063
46.966575537,6.0650971484,7.6982805761,0.03446499224448,51.40914782,11.357533079441,1.8273718455001,0.081402793621,0.0050612520243321,0.14375712951295,-0.022103487623768,1.2975995052,0.036291643998,0.90200783215,0.53488430085,0.52606317882,1.1496959689538,0.235539594891685,0.823384483840539,0.132584663020346,4.14100185572893,3.49434969897442,2.5485918317704,0.0178563780162824,0.0657994653793935,0.200494632010846,0.338926639318309,0.0814739989416277,0.00851934307182984,0.0787930744468393,0.101995027943826,0.0148409790664882,44.846160375,5.64332581,6.2379035225,-0.233546906,43.2851691,4.8672237375,-3.2979799975,0.04587513295,-0.117241558,-0.259448085,-0.73285428575,1.140432205,0.0207376927,0.72110405525,0.34706672725,0.49790641675,49.0679779,6.5888585475,9.3784895525,0.29576427575,59.66714535,18.269941675,6.6339694275,0.11649616875,0.1333348655,0.52188633325,0.610607078,1.4554645525,0.05290625875,0.99574262925,0.76208148175,0.5559823495
43.363687994,5.5230211462,6.2888842365,0.08297942008886,51.069961074,18.0170304779,1.8601065844929,0.05014950517632,0.0364473788248342,0.14633233158564,-0.37985852147386,1.4107751049,0.069353296023,0.8832168737,0.67246702373,0.4986523392,0.96666365835915,0.18613937821007,0.734318569288981,0.13845746984367,4.6810768278777,3.70467488479311,3.02436115982014,0.0296444979110467,0.0854361450045204,0.237922828734018,0.474652398442542,0.0847671842833075,0.0109576208449094,0.0531430622158644,0.113361541099919,0.01572692527516,41.5409443,5.16820482,5.06184927,-0.178291798,41.883835025,10.930694375,-3.9450143425,-0.00853512236,-0.12851410625,-0.3103495065,-1.2925531375,1.250210035,0.0479321271,0.7627882925,0.45355404875,0.46863053325,45.379152,5.89042905,7.9956032675,0.3541106275,60.039947175,25.557217725,7.8098265,0.10948432925,0.20037378075,0.614389589,0.55918443625,1.5853219025,0.09136690785,0.97233570225,0.90621466725,0.53214582875
45.829750019,5.7281734094,6.3207523116,-0.20480223178104,52.675956244,9.495187918,0.2696267165327,0.0816857439734,0.03865105269057,0.021211207014113,-0.34680613508288,1.3949849361,0.052342289874,0.96443705342,0.44740399741,0.50164233683,0.887426203277032,0.212673654001445,0.719964867651199,0.109596705882378,3.96397823711087,3.40140694657939,2.61462845212766,0.0207162450638528,0.0703994780927714,0.205689652804001,0.361113814754761,0.0847868827012468,0.00833537829345857,0.0315080782467618,0.104618960931986,0.0146184109439242,44.05210155,5.323586575,5.110943395,-0.425995653,45.097577625,2.8827988175,-4.94210622,0.041600194425,-0.09395416175,-0.3887895115,-1.04281026,1.24083321,0.036541724625,0.88165361475,0.26036675075,0.4753464095,47.556007125,6.153876315,7.888432625,0.0122757971499999,61.057935675,15.97611315,5.36108314,0.121859426,0.179531341,0.42174991775,0.3480870145,1.5786052975,0.0691780016,0.99890723625,0.68120271525,0.5302974835
47.694459493,5.7739112687,6.5797267858,-0.10264281954595,59.520816584,10.92110576829,1.4866976527756,0.099967431623,0.01226599527394,0.11695670317567,-0.11608131750304,1.3242771559,0.043459020683,0.93300997598,0.53241993891,0.49454674938,0.97392403833052,0.215962481929132,0.738009661032584,0.131882480779269,4.74191650161478,4.02761979733095,2.89387691732005,0.0181937336509573,0.0728060245017319,0.227657791507777,0.343668774994046,0.100539537783687,0.00856974531636287,0.0568615805864278,0.106827045856681,0.0144903054371194,45.799445,5.37110069,5.247181135,-0.37032890325,50.6332382,3.4548661475,-4.065831355,0.062663399025,-0.12374950925,-0.3198540245,-0.827303083,1.1383980425,0.028027794475,0.78201529175,0.3368901845,0.46843951475,49.5597201,6.2184322975,8.2364921,0.1585118675,69.2982541,18.784771325,6.9108815,0.1355186285,0.1570711565,0.5436706835,0.5556343835,1.53309565,0.061383616275,0.99656120075,0.75439399375,0.52493813375
46.470177383,5.4462930519,6.3919190645,-0.22302134244662,53.866716277,9.23962903475,5.5972944672501,0.124203615571,-0.108344376750332,0.44033237482685,0.37544781115338,1.3475595609,0.051306610419,0.9645374394,0.43495405894,0.49292412846,1.00408762890392,0.192454376293509,0.721639275045581,0.114901039389073,4.58107274716393,3.72732316484361,2.72892792898238,0.0193380639946797,0.0694199005548625,0.214681453817126,0.343274553191836,0.0889289010675039,0.00871062366890542,0.0333427113139908,0.116918453811332,0.014530607114738,44.54676005,5.100677475,5.09838979,-0.45112668975,44.8636806,1.8128471425,-0.0893115013499998,0.08455064225,-0.24576294425,-0.00702602760999998,-0.279024374,1.1721424275,0.034558847975,0.87893634625,0.211450297,0.4648932295,48.36921825,5.8409326775,7.94187646,0.0023978757099999,62.488840575,16.310392975,10.80033345,0.16088534075,0.029947579075,0.84964913775,1.0463041375,1.5261042025,0.069473010775,0.99894007775,0.6714466845,0.52247413125
47.155734799,5.8296443212,7.8931774573,-0.13081924931425,48.334436415,14.23360025938,6.0232497418412,0.091296865182,-0.09578972996285,0.47384176078991,0.17647092871493,1.4664767884,0.053819772542,0.90993162218,0.458734586329,0.50562599516,1.11282923911061,0.217234818057411,0.765637280266443,0.126884674895706,4.79710109567857,4.25531141590204,3.0282190349335,0.0213569591231045,0.0775663383355172,0.238226323266517,0.388389214709512,0.0900140480609787,0.0111807502037867,0.0528895456051036,0.124498299936334,0.0159366584974639,44.88525085,5.4391876325,6.5216267275,-0.39225932375,39.0113598,6.247519665,0.4219234655,0.0429674014,-0.242149404,0.033192207825,-0.61866050025,1.30303828,0.03253730195,0.78491448075,0.201218504,0.47541615975,49.221074025,6.26912692,9.48431638,0.109546324,57.880062525,22.5144161,11.6728814,0.1341763015,0.0521887330499999,0.918291453,0.916799074999999,1.6538662075,0.07573814045,0.9886567325,0.7023699615,0.537128885
47.316396211,5.8285109524,7.9908005847,-0.250858610699231,50.738085202,10.11696737726,1.5120210928726,0.083265766962,0.007675150821953,0.11894886766135,-0.27891425419954,1.2805538841,0.047002071293,0.95102508959,0.50564789565,0.48890655764,1.20813449365477,0.220808766683338,0.84831383824779,0.121079406621507,4.38741240407621,3.59681373245842,2.64646109381991,0.0173386570134447,0.0670755523419967,0.208193888245841,0.331774400653046,0.0842804277833467,0.00790452737630434,0.038702184856888,0.108079529908567,0.0144828978604686,45.00875185,5.41427076,6.4430766175,-0.48277589375,42.039742525,3.622730825,-3.757840545,0.050223409725,-0.11597675925,-0.29562476675,-0.921686671,1.127173555,0.0328828307,0.86293896675,0.313669762,0.4606795785,49.71514205,6.2766155975,9.82101076,-0.00291250805077507,59.747341625,17.808128325,6.33530128,0.11763278925,0.1387721105,0.49839047675,0.316785800249999,1.47314649,0.064530429925,0.99834670875,0.75000033075,0.518560365
46.55435991,5.8633340957,8.4450174966,-0.028709485789999,57.748458548,11.501871150962,0.997325822678,0.089594400952,0.028469680822648,0.0784584144179,-0.15705439335926,1.4903651407,0.064328358318,0.84490995149,0.394946691515,0.50724106093,1.18554126209133,0.249241596621028,0.881148064228071,0.138843850876751,5.41291561743177,4.64236831762982,3.56224664828398,0.0239835565642283,0.0930209344677178,0.280237628408141,0.453924279581153,0.119889111758594,0.0127834346455544,0.0674615595075312,0.147521491738559,0.0167266749288426,44.3544403,5.399896255,6.85933512,-0.31354866625,47.58336055,2.1225450875,-5.91464636,0.041719653275,-0.152520832,-0.46529806425,-1.0231536525,1.269035175,0.04015507695,0.68172458175,0.082883176075,0.4771281265,48.8972005,6.3868896125,10.22441455,0.22977336925,68.754081525,20.5868529,7.9426614525,0.135291628,0.198201697,0.62483955775,0.6976178315,1.741407105,0.090427699425,0.95084762275,0.674291698,0.54111037025
46.61902383,5.5246585188,7.0037608011,-0.10592745580669,61.707129621,11.25605492163,0.4510721051406,0.096056209947,0.042222737700653,0.03548529622327,-0.26225904697862,1.2341802078,0.039356898468,0.8838488813,0.5235388995,0.4962625891,1.04112226510533,0.211076262228152,0.804430928018003,0.12726895733981,3.95927976066706,3.50052577071031,2.91320565856214,0.0213871934743477,0.075785438655352,0.229178360101165,0.376208342276893,0.0874924682129876,0.00998769195187749,0.0927140079618709,0.102538221974301,0.0145245511745708,44.4380739,5.137468265,5.6843841625,-0.35269759825,54.089090125,3.934059965,-4.990631905,0.052094681675,-0.1130055765,-0.392606965,-1.04963187,1.084404795,0.022313343275,0.659306381,0.33898329375,0.46970806275,48.66462865,5.97159811,8.813411805,0.14840829,69.759622125,17.957951,6.6453456025,0.1377077865,0.1888172025,0.5227812935,0.5100097925,1.4185378425,0.061279433075,0.9955305085,0.727658189,0.52441411425
48.468933308,5.9853079064,8.5114771479,-0.08480455800447,56.517514597,7.718310642937,-3.167651157502,0.07401201350633,0.12407621763968,-0.2491952790205,-0.55023941036493,1.2931460142,0.060489461895,0.91027143413,0.58385624689,0.51729321243,1.23253307267306,0.220948154133239,0.86528639222508,0.135878350068239,4.93967475252331,3.95775025654485,3.22843144652762,0.0220015018395775,0.0823925364114959,0.25397679063994,0.399757227230032,0.101221838225915,0.00911598614610334,0.0494488806120451,0.109086076254186,0.0160069329331096,46.240307675,5.56671282,7.07663101,-0.37938367525,46.061436475,-0.0761818789499997,-9.376457165,0.029551612575,-0.038297942625,-0.7376345265,-1.36260559,1.1059110925,0.043700091625,0.79984743975,0.371606073,0.4871918385,50.970592025,6.43025931,10.342139825,0.16751811575,66.07991815,15.30315005,3.2417956375,0.117802687,0.28520879325,0.25502813225,0.219989866,1.50117949,0.078196796325,0.9888868965,0.79329479425,0.547330078
46.026411339,5.6689610548,8.1981491063,-0.13792135017748,59.352321289,12.4593195523,-3.7754377166443,0.0544084377304,0.163686189697,-0.29700911179134,-0.9537931207842,1.2790271213,0.044208329045,0.88153220741,0.46475020318,0.51670896616,1.18145707851534,0.219606320518573,0.811764586438165,0.112347585012689,3.75381364030972,3.28414663932777,2.78930067613985,0.0195722844123633,0.0732327201165385,0.219430905302506,0.371629429590422,0.0815315530694977,0.00960713856374375,0.0580290351386113,0.0978129937627237,0.0155934052073958,43.848720875,5.2643158675,6.8285040375,-0.36987740125,51.9434729,6.30938526,-9.26430269,0.0148532324,0.019932645125,-0.7288114745,-1.6835089075,1.1215635425,0.02636427135,0.75146674625,0.276573953,0.48713401825,48.553893475,6.1013899725,10.0036214,0.07261435285,66.533243625,19.318552525,1.7991482325,0.093594097075,0.31340776125,0.141536814,-0.1827413815,1.4475148425,0.06274746245,0.97306333475,0.6601813005,0.5464839155
47.281620565,5.5102488305,7.1121966323,-0.048504480695146,58.649235662,13.0767462391,1.4263798583136,0.087551798964,0.0243655927529122,0.11221157548824,-0.20881304509238,1.4226292162,0.046417334151,0.9556034909,0.63979755906,0.49523847992,1.0592650187662,0.207225065146691,0.730118249761883,0.149429417776388,4.6534790407169,3.8625476962933,2.6788363040538,0.0173850616098733,0.0673382741270412,0.210740807068732,0.338344057660869,0.0949321801857579,0.00876409255473261,0.0365284287440118,0.114516583896218,0.0145107987298226,45.353981575,5.08877642,5.7760345025,-0.34203960325,49.685703975,5.781685975,-3.9811029775,0.05224146955,-0.10371275175,-0.313188546,-0.8813496285,1.25047341,0.03125835225,0.862618372,0.4321279335,0.46724907025,49.350730375,5.920279665,8.6241985975,0.24519199525,67.496620125,21.292596725,6.5562174925,0.11961115725,0.16086516275,0.51576968975,0.44789241075,1.6083235125,0.06473292165,0.99770760625,0.87786402025,0.52281654
45.758748678,5.346676814,6.3963592021,0.02845392790459,59.202966324,19.7767592953,3.406051245907,0.0722922359789857,0.00268299120417,0.2679499256458,-0.27222435691259,1.2812038267,0.045949386771,0.83940190604,0.59322834514,0.50311390379,0.936060310977937,0.182683457882937,0.690968753470198,0.116994498216648,3.85559289503286,3.57080787551136,2.93374476275173,0.0250180262322084,0.0795079331583087,0.230794146765456,0.432284323013694,0.0725195256835937,0.0129136183561963,0.090929743260784,0.0971479394341488,0.0133553398976545,44.00927435,5.01517038,5.112531115,-0.1832093525,51.3860165,12.313935975,-2.5250096625,0.02029152995,-0.1469388815,-0.19863945425,-1.1165692125,1.142703235,0.024918559875,0.64760012225,0.42225635025,0.47758518475,47.68048565,5.70597019,7.8877805075,0.255901293,66.736413125,26.260392875,8.921141965,0.1179244695,0.159576644,0.701815434,0.52473372825,1.4318617475,0.073481032625,0.9868977625,0.79214327525,0.53106764225
45.16496692,5.7987355107,6.6650734434,-0.079001378586142,50.617767341,6.429048304644,3.8774385449113,0.117096919105,-0.074916020838157,0.30503339297129,0.435759648247884,1.22761795479,0.048915056659,0.91118472162,0.54640848654,0.50547740957,0.977543093902236,0.205262437373212,0.741269304134514,0.123508607220028,4.15542278773436,3.60826986644517,2.55375067950569,0.0196362228760409,0.0660088272861546,0.200900472193981,0.339663410689548,0.0786909348881442,0.0086712341808603,0.0612662847733626,0.105645778750518,0.0139628361811835,43.224231625,5.4259992725,5.3668412325,-0.31161889175,42.3386273,-0.77036324875,-1.47494973,0.079642558675,-0.19866128675,-0.11603251325,-0.199021924,1.0746897675,0.031573856425,0.764245149,0.35915509975,0.47949967225,47.03048365,6.24892154,8.1478992925,0.1677041935,58.412685025,13.2860979,8.79119674,0.15548436975,0.0545717762999999,0.6915928005,1.0834416575,1.37472798,0.0655209767,0.9956500625,0.76383166325,0.5339473685
46.955046797,5.7797754761,7.4818342501,0.03914078364557,59.312446166,4.167170109213,-3.9929575341936,0.090961207794,0.12944126428834,-0.314121131901351,-0.29814637732244,1.24764361864,0.049668595258,0.89273678035,0.54620218017,0.5062146016,0.99174281069325,0.231432917996124,0.789971790679667,0.134392256292088,4.62386886526902,4.39990379127641,3.10207090558241,0.0215810041672984,0.0780689608113818,0.244036159732809,0.384741816304251,0.0887136761019207,0.00971282210202209,0.0763358017889727,0.115629847591421,0.0157208884878772,45.19470835,5.3478963175,6.1431656825,-0.2279634975,50.321128375,-4.174317485,-10.057245975,0.0475543921,-0.0222979217,-0.791191377,-1.1131184,1.08041473,0.030006370075,0.71787981925,0.334309374,0.474810634,49.03354895,6.2778606,9.1805128625,0.293603053,68.217560525,13.236632025,2.1341369875,0.1332655265,0.28569745475,0.16788996975,0.43623127375,1.4200374825,0.06853437455,0.9945174005,0.781568317,0.53741092225
46.396625384,5.4829696583,7.0366942756,0.14953967520237,61.56276999,12.7532687337,-0.8004469220355,0.07976147836,0.083720026655351,-0.06297018959699,-0.26776365085332,1.19645185889,0.04426349028,0.91770015053,0.56372815847,0.49045827273,0.980497231374974,0.187830769731307,0.74070581870085,0.123253227252064,4.17165447276878,3.52826198081667,2.48489941838334,0.0177133261285998,0.0638848061655514,0.195484026841467,0.325989103487556,0.0921102621049408,0.0091156077699766,0.0572207223900899,0.099516981991433,0.014118122842937,44.44962065,5.1293951975,5.757614805,-0.09750120395,53.74973675,6.26879693,-5.71757031,0.044654086225,-0.039742880325,-0.44979432225,-0.91738917625,1.0333999775,0.026310435575,0.76800004775,0.37677584175,0.46374938775,48.4100536,5.8412573425,8.683708685,0.38549827475,70.2316521,19.48735015,4.09734727,0.114960443,0.2108133365,0.3223333465,0.388510156,1.3786787275,0.061954601675,0.99062608625,0.7712100665,0.5196373505
47.650103295,5.6475668983,6.7938382332,-0.113759150299067,56.821876717,11.04291009293,3.359336905977,0.106627711135,-0.038376028835398,0.2642749648833,0.09621946720324,1.3318891286,0.041432123428,0.91234122764,0.418575622613,0.50235572544,1.013672433999,0.192780223028721,0.740064655663087,0.107284576502113,4.06396436900589,3.80805009423211,2.61902983500539,0.0161652569533484,0.0640197246014771,0.206035904612224,0.300943926749557,0.0912847195058008,0.00843806900037308,0.0614830718676868,0.113610897655222,0.0134890530644605,45.6512351,5.27719592,5.4325965375,-0.32737763875,48.96713855,3.725115875,-1.6210891675,0.075966718975,-0.1639853005,-0.127529119,-0.480782685,1.1651266275,0.02459333575,0.7544860355,0.19599622275,0.47600112575,49.62324835,6.0531121975,8.3385701375,0.094562881175,64.845769125,18.503037175,8.46451632,0.13807097775,0.0822960165499999,0.66589324925,0.68685351725,1.5172634625,0.0581146435,0.995903927,0.63334225375,0.52819109825
45.987380209,6.1812147166,6.0253191659,0.2168415841388,64.389331959,15.063426431,2.623206563834,0.1005122028869,0.00125266293514,0.2063644824787,0.13955287858312,1.3492686212,0.056208945187,0.93233721787,0.459183646742,0.49924354906,0.913027989021275,0.239491681818004,0.695204706556405,0.12410146997951,4.2772738314791,3.6102367860753,3.31840240981371,0.0262246940775231,0.0898091638685058,0.261054697551008,0.452055641513978,0.098257411278047,0.0106778786271515,0.0562524237374882,0.137972901627128,0.0158679298808631,44.0121686,5.7534414575,4.79965822,-0.0282292556,56.2895672,8.43004423,-4.4846697375,0.047102698775,-0.1526756835,-0.35280353875,-0.831508418,1.1658705275,0.037713166425,0.79608109725,0.18489520025,0.470300525,47.853037375,6.6768580125,7.4817450075,0.468489848,72.59599355,22.716669475,8.4764396925,0.14949827975,0.1857470205,0.6668312385,0.94622654425,1.54150458,0.07941611085,0.997556176,0.73273139775,0.53219743775
46.859290201,5.9120765695,7.1123268394,0.12049808771924,61.500845172,10.24269912402,-2.9689429553393,0.075497903312,0.130876764955687,-0.23356314590307,-0.43474571166073,1.3640780149,0.045173291969,0.91353319759,0.6083790679,0.50225973759,1.05649989598414,0.199430178176159,0.740241916289745,0.138991845660329,4.05598003475045,3.53096235583583,2.70716864220817,0.0190252430740896,0.0690821168507207,0.212969677788073,0.357146499767185,0.0912330019437608,0.00904219517059888,0.0535666955697052,0.107600766367165,0.0147411538754423,44.895507325,5.4634605725,5.8055744775,-0.14769119,53.779188575,3.5274070625,-8.0414010375,0.039578704925,-0.0040530388175,-0.6326072785,-1.125976795,1.2026182725,0.02966480115,0.78816680575,0.4095836205,0.476148697,48.92877595,6.30416851,8.7341716075,0.38854841025,69.163316525,17.2344064,2.3256063575,0.1117836515,0.25941710975,0.1829526305,0.27485965775,1.553799245,0.064899995675,0.99529513475,0.82968877925,0.53339450425
45.654157784,5.4682080384,7.3310813234,-0.01302412434054,59.339186209,12.9075095271,1.7129200218119,0.092022702006,0.0157059347427201,0.134753343120964,-0.1191838712792,1.3887173979,0.045395823365,0.94279832598,0.3730877172172,0.50784172656,1.07458329462953,0.203392700762534,0.803802690215137,0.103936652098999,3.66946235458527,3.3809260822777,2.63663986275391,0.0203698970114625,0.0702939488850602,0.207421263955017,0.37235065824502,0.0814906642148319,0.00758364459395614,0.0519110755117079,0.144469901085948,0.0145818105939451,43.602120925,5.10413726,5.9974112525,-0.228286579,51.95079805,6.517783445,-3.3350663,0.050772759025,-0.11764374625,-0.26236561975,-0.9119234195,1.2444235375,0.031243936225,0.8157393635,0.073382326375,0.48075629825,47.795143275,5.8719740975,9.1005646025,0.18433293875,66.132846175,19.54983855,6.74848905,0.13180567325,0.1471968345,0.53089545375,0.579835803,1.55577118,0.0606595171,0.9982985355,0.6665237285,0.5376485955
44.387821122,5.69247476,8.204593848,0.20119685512351,60.255851522,9.35821485879,0.7583175445635,0.103624230753,0.024617267183119,0.05965592261098,0.19131145587027,1.4342597519,0.05527054436,0.89229507557,0.297013658964,0.49902721053,1.17937649560444,0.218696224984283,0.841428178390179,0.105014829907709,3.69666459623236,3.0396498369199,2.69165528004204,0.0189601306535144,0.0705327903610319,0.211749260213366,0.365521182420985,0.0920178862449191,0.00933774198518873,0.0617531657974176,0.134520458273223,0.0154245455338129,42.051206875,5.272028675,6.7169916325,0.00176388783525,53.18720245,3.3276764425,-4.6512058525,0.06795026255,-0.1153803385,-0.3659047265,-0.510585939,1.26636775,0.037894739175,0.75464216925,0.053424070575,0.47084650025,46.5641752,6.129914385,10.011827725,0.40246305275,67.503959325,15.338471825,6.248026175,0.139957942,0.1631162215,0.4915246505,0.904584665,1.634619585,0.0735369847,0.987762169,0.560141536,0.52992995425
47.292254326,5.6176126457,7.1528055481,-0.008585893318842,55.08997368,4.3271597310202,-0.9575211005628,0.102286911362,0.047172038840962,-0.07532702495173,0.01973470790488,1.2432012234,0.044868075972,0.90541028254,0.48780126316,0.50524597147,1.05520582060407,0.202810863213801,0.790770136021259,0.12177935789175,4.21198134822639,3.69769205037248,2.85953383683204,0.0202034257093,0.0739793891386125,0.224956062812825,0.373295756101025,0.0850174016930165,0.00890216251049981,0.0697448744280333,0.10773930164669,0.0144748160223023,45.319875725,5.2251329775,5.71779038,-0.24944792625,46.939380525,-2.7769550175,-6.3090289325,0.064070512175,-0.100921903,-0.4963236635,-0.692300963,1.0944986375,0.029832140125,0.745358696,0.2875419165,0.47652636825,49.3137073,6.03450686,8.89976656,0.2317221355,63.3077899,11.5930813,4.8391384025,0.14267990825,0.185114141,0.380689164,0.74813730375,1.4271878875,0.064332209875,0.99524554075,0.7050947075,0.53253100775
44.368317759,5.6895855572,5.9832932092,-0.1231721337901,58.306618912,12.146881698,-0.065426201851,0.08024053135264,0.06067157339972,-0.0051469998808,-0.42952844034895,1.3293905708,0.06324618643,0.74402502613,0.3347231679,0.48624664875,0.852487406071943,0.20317623679476,0.69078109387259,0.102255587580152,4.22176565687269,4.08008499969999,3.58548739117004,0.0380596392024008,0.104185945412574,0.282065949408257,0.599504698234528,0.082197363271225,0.0160807163153392,0.103689100930888,0.135469864881906,0.0151459660329891,42.783226975,5.284494025,4.80835374,-0.321861483,50.2806852,4.009362185,-7.0581298175,0.003925231365,-0.13374099225,-0.555254529,-1.603153965,1.179395005,0.0328890932,0.5507730995,0.0628957213,0.459068352,46.139143375,6.092881665,7.4990177525,0.067172778225,66.64691965,19.537729875,6.7915787175,0.15067887975,0.268011232,0.5342852705,0.7011767255,1.503690555,0.093826214325,0.950290364,0.60797316225,0.5171377915
45.943100828,5.7797808477,8.1607932552,-0.145561680444047,53.448588917,11.3725882,2.88022619893606,0.093732816722,-0.023670209096609,0.226583905867791,-0.045991747598703,1.4666582454,0.062971834754,0.9651992492,0.49577316221,0.48061775534,1.24209283619011,0.202971784407825,0.91843264424492,0.123995360098879,4.27173164012272,3.39944230088607,2.63719238349071,0.0175420724565545,0.0682036547371722,0.207464730298931,0.337015303159468,0.083644069182848,0.00726592589784101,0.0251991029695811,0.107446774770859,0.0134512271174747,43.285021975,5.4036485075,6.6693741875,-0.3786601305,45.22983225,5.035241245,-2.04466755,0.06087026685,-0.16359731475,-0.16085152525,-0.66429427775,1.3091774625,0.0500619571,0.90558328825,0.311131024,0.45409676375,48.2814894,6.202203875,10.159286,0.1080752155,61.3657308,18.369362525,8.0157578775,0.12738886075,0.10567034175,0.63058995625,0.6040280945,1.6462930225,0.078292661275,0.9983253015,0.74522364725,0.50451084725
45.077354939,5.7437554047,6.7680057744,-0.19315638238689,55.500217548,7.53151812065,-0.61099741137177,0.090986493818,0.053224718881563,-0.048066426190151,-0.31149296444806,1.4294730145,0.053321189994,0.93560852017,0.3741991073099,0.49778455275,0.968603581811553,0.236410106154262,0.746004112776181,0.115968098537635,4.14614325302231,3.51833232891211,2.85275378073194,0.0226409968913886,0.0754362011714937,0.224422683873695,0.385399648968416,0.0938292435375966,0.00955384461012072,0.0504501433855949,0.140878458210717,0.0155116924412729,43.0290264,5.2965001425,5.448715525,-0.41978428875,47.401774975,0.77738277125,-6.2157487675,0.044358307125,-0.088542073425,-0.48898542175,-1.091889085,1.2435562,0.035640645575,0.81299610725,0.064367219525,0.46801414525,46.8293473,6.250330855,8.3402480925,0.0255494446749998,63.474154225,14.49336235,4.54424947,0.1341481225,0.20722667475,0.3574906035,0.470377362,1.6210340125,0.075427448275,0.99577084225,0.64713990525,0.528642219
46.651396598,5.5384595385,7.1038898487,-0.11148728178604,57.171053183,10.50539122344,-0.20628758269482,0.084124918567,0.056568247619212,-0.016228394286753,-0.3448827272509,1.3988001028,0.042715427282,0.9385100352,0.5157386807,0.49452765585,1.04780605329173,0.195459095915827,0.763407026373233,0.12810064192498,4.5129346436516,3.77292973715633,2.51318374875746,0.0179728003199435,0.0644565235825143,0.197709121046166,0.333599873757728,0.0818745648270736,0.008811799912341,0.0495865844292946,0.098238167980152,0.0137132484111412,44.342182225,5.1849722825,5.7363960425,-0.353688076,48.24287045,2.924467425,-5.09009209,0.0498929885,-0.0706992202,-0.400431384,-0.970070001,1.249047215,0.02767796775,0.822400109,0.3383441515,0.46720003125,48.54056485,5.95605826,8.730114665,0.14756935825,65.759783875,17.820755425,4.64382213,0.1174961375,0.179474519,0.3653238645,0.279921856,1.55860476,0.0608177516,0.998884974,0.72736410475,0.52144730925
47.759210595,5.5148157494,8.6883868911,0.06880712812387,64.519233486,12.530769504,1.13154936673,0.101697421822,0.0297850870746,0.08901761780757,-0.05267601822971,1.3262825883,0.047182405435,0.89681923358,0.3571267391833,0.51428228792,1.14373182989414,0.212394144581375,0.932241087012081,0.126982561084936,4.74957638799178,4.12862754284915,2.84181602075481,0.0169712651923643,0.0694891406813654,0.223562223979943,0.330253564599708,0.0981612063149498,0.00978509182513554,0.0555382470051305,0.13512407893352,0.0165286048973311,45.7738546,5.108263465,7.0486349375,-0.1747477905,54.568820875,4.21196522,-4.5778282575,0.068686260125,-0.1092447615,-0.36013220775,-0.718848181,1.1529709275,0.028390190525,0.7683081125,0.0689823359,0.482972718,50.051818975,5.94289033,10.76252975,0.31939418425,74.110487975,20.504803525,6.68457282249999,0.1333095895,0.169720204,0.52586724475,0.60190424925,1.526313805,0.067808369025,0.9827206075,0.619329047,0.5498919025
45.230426913,5.5534209264,6.1526994526,-0.08171644679197,56.727331683,10.169967567651,-1.8210645023225,0.07294696373078,0.09912005084495,-0.14326093838091,-0.51487855140036,1.5583784912,0.061875176297,0.95579280945,0.49718336105,0.48916154326,0.902140557827405,0.196583170963683,0.679071522200626,0.118546452880766,4.30600724147111,3.83503669289905,2.8737903691664,0.0229602706797435,0.0750466900197357,0.226077606998454,0.390890089018052,0.0895776701139689,0.00924108784589243,0.0328462597432243,0.0963300164432195,0.0139466190277313,43.515672575,5.1775964725,4.9914696775,-0.32497870775,48.707365875,2.9527007375,-6.9659869525,0.03290334675,-0.054388405625,-0.54800574875,-1.22860354,1.3938452175,0.045312688,0.8774553265,0.3277814565,0.46274319225,47.04258985,5.93526358,7.6722841825,0.14051165625,64.905613325,17.669932375,3.9236701275,0.1186143805,0.23607224025,0.3086703685,0.245202298,1.728739805,0.08083122005,0.99811786875,0.69200495525,0.51647865825
43.833338734,5.7207914072,7.3515316417,-0.04342149914088,52.219145876,6.257856181338,-1.3662595701724,0.0836998199548,0.06771346949401,-0.1074819852382,-0.21031046215117,1.2326824529,0.058513657967,0.80647164056,0.339137887147,0.50572479414,1.12403720108082,0.209777924988053,0.750435381704365,0.0972651152512895,3.74302317002705,3.40868090479506,2.83899167145904,0.0236067804693663,0.0772199275692652,0.223340035628735,0.407097850520537,0.0784374025504308,0.0102328919167859,0.0675370255469342,0.122831750778942,0.0153984063133031,41.37183685,5.32866562,6.0941239675,-0.22603596525,44.589320775,-0.40805831275,-7.09320423,0.037373564925,-0.08980624995,-0.5580137765,-1.0215382175,1.0885326675,0.040073280375,0.652699465,0.101826476075,0.476645649,45.872243475,6.157130745,9.070951225,0.14583039575,59.047276725,12.8411453,4.41871547,0.12849289275,0.226247603,0.34761499825,0.576700915,1.386715555,0.07976404075,0.919907758,0.568139143,0.536539544
45.936320831,5.9063808957,7.2256392772,-0.11043210211458,57.282599426,12.6355773906,1.6278978299683,0.087839198001,0.01671382594983,0.12806475006493,-0.2271079238483,1.2887779189,0.046893089369,0.87208812888,0.63476258566,0.48586973544,1.06232841651623,0.217930153157573,0.766104091934231,0.133936733044952,4.07571392189316,3.47763569872028,2.64134944288992,0.0213255974559773,0.0703135832401459,0.207791760973178,0.390280331265114,0.0887998196908352,0.0107391296573774,0.0654318014952072,0.107465264617183,0.0137475288378454,44.0249908,5.5067436875,5.91867974,-0.37147730525,49.4854796,5.6737119925,-3.525605705,0.047374286575,-0.11849132675,-0.277355128,-0.97454489975,1.1212579725,0.027516321725,0.7234152,0.44274233525,0.46063695025,48.11608505,6.3698870075,9.0248424825,0.15534824775,65.541305975,19.528523925,6.9631285725,0.1293467865,0.15125546925,0.547780882,0.5134478625,1.46631994,0.06922921205,0.9766617135,0.872005763,0.51233267225
43.556446242,5.7023318446,6.6216773069,-0.04594148784471,58.523588103,6.167163487483,-3.21862952061676,0.085495984114,0.11795177013988,-0.253205685413965,-0.40780568500782,1.3117217568,0.0375976566,0.8983963117,0.3179652114159,0.5159736464,1.04245106599011,0.211436551904153,0.722442754847657,0.0996469147979392,3.67867527638479,3.44873119564632,2.56805288287031,0.0215740662444695,0.0686129788582069,0.202025609547713,0.373074404499555,0.0756795322879071,0.00839413457123256,0.0805719447903421,0.127722925457582,0.0149394494040693,41.49162325,5.3189443,5.311180225,-0.2473156535,51.612130025,-0.61409557675,-8.277272005,0.04377027295,-0.020978005225,-0.65116296425,-1.148514315,1.176593585,0.0224932691,0.7048234005,0.06796078735,0.485767969,45.4988553,6.1368603225,8.23171925,0.139081509,65.7024242,12.689120575,2.0292987225,0.12820279825,0.2558232135,0.1596424655,0.3245097675,1.477590695,0.055432768625,0.9971415335,0.5759048615,0.5464034395
45.100225361,5.7935475846,6.6355089587,0.099712548886,61.105079791,11.10772963431,0.3057460963676,0.094276847698,0.04547962697062,0.024052674865621,-0.07166546414356,1.4057832257,0.065864804376,0.91347825296,0.2190427711145,0.50843196527,1.00226329332455,0.216299486652966,0.708158137852513,0.0977447219173861,3.81624234946974,3.4905736748772,2.83130884971385,0.0227887162937841,0.0747495832737457,0.222735637281871,0.386745625819579,0.0823525215086614,0.00754089792291743,0.0502654584823347,0.111442500071037,0.014460745263041,43.1770437,5.3857748075,5.3850741575,-0.086041121225,54.089500875,4.4097649725,-5.0641735975,0.050092124025,-0.106667563,-0.39839240425,-0.81614928275,1.25462422,0.05160964155,0.79934756925,0.014577177775,0.48109478625,47.0753367,6.22555104,8.1463048325,0.2913390155,68.667616175,18.091206625,6.1715091525,0.13849364375,0.18455297025,0.485505147,0.68354624525,1.57432343,0.08081830865,0.9898819955,0.42471686875,0.5375990715
44.425397095,5.6888357369,6.6537126849,0.134900479934879,58.684448674,12.108521183,0.8748602202823,0.0881065886315,0.03476086351891,0.06882419385792,-0.039897363194497,1.3465789336,0.046168239488,0.87809177274,0.58855298012,0.52457716457,0.999039734332538,0.205703310783044,0.70657143776062,0.136286737156576,4.86744579689982,3.96888492866852,3.26235373183457,0.0296326828998177,0.0904340027343153,0.256645415942022,0.493822988122115,0.0983252147912376,0.0133050143051314,0.0912247353219324,0.112050748267428,0.0163428252560055,42.537896525,5.2865232675,5.446749725,-0.12057761925,49.026327875,4.7995290475,-5.24750979,0.031964784175,-0.1409989695,-0.41281523725,-0.96551258575,1.17005005,0.02162298235,0.6559449945,0.37633105,0.494333731,46.4742327,6.1080275975,8.1815978625,0.41802953075,67.95833375,20.197356025,7.1595023175,0.14797071525,0.21077751525,0.56322936925,0.97186964075,1.549655985,0.07457822185,0.99485229975,0.82296326675,0.557983744
46.838388483,5.7032271008,7.1026543813,-0.04619084152801,58.165728906,12.5134324397,4.139751253622,0.108647148421,-0.05259862934828,0.3256692161505,0.18881312223443,1.4364241679,0.055716766723,0.93170420283,0.459181209274,0.49450271286,1.05615789963353,0.205147173923874,0.79326761264728,0.118249235322655,4.19866165030804,3.60204742783362,2.83916794896067,0.0208751388398089,0.0744530505469022,0.223353902559338,0.374728107394321,0.0827582192452233,0.00962826775085632,0.0445040256899884,0.104350374503869,0.0132808684058783,44.723310975,5.331428815,5.764950045,-0.2762416055,50.10064255,5.4313898575,-1.4384251725,0.066519510975,-0.1827828555,-0.113159163,-0.5799762495,1.2796159225,0.0383574625,0.8305888385,0.25867632675,0.4701439055,48.779360025,6.1183243025,8.8511158725,0.1942894655,66.21323755,19.66370285,9.207288675,0.145013163,0.0872723208249999,0.724326243,0.8442272565,1.600162595,0.0759142407,0.99698233,0.66797574925,0.52166820025
44.619130974,5.4624333493,7.776687756,0.032460828485508,55.972034309,9.9540632592,-3.2648772044272,0.0617246306792,0.1375739078765,-0.25684393437973,-0.58721251443059,1.26167343703,0.048267567424,0.80656791548,0.67728797145,0.50259389422,1.03226354868783,0.198673702674591,0.808685073675486,0.138076943351562,4.19757577966762,3.63710676201152,2.81928251414754,0.0208684162460521,0.0737997864126846,0.22178954002135,0.394580131216217,0.0921559730954195,0.0108540588201499,0.0831807302903219,0.112938460790059,0.0137882485837432,42.51865515,5.0864161425,6.2689157175,-0.22449087975,47.797946925,2.8228372525,-9.1462355175,0.01842660475,0.001611137645,-0.71952327375,-1.31174456,1.073667115,0.0275672933,0.6218865555,0.4771832705,0.4762845025,46.4805734,5.892559445,9.47330642,0.3115121805,63.919087375,16.99617615,2.19526507,0.10237347425,0.28205627425,0.172698844,0.15808982075,1.442730195,0.06985303875,0.95565189475,0.930475034,0.5294097625
45.650956515,5.913224138,7.8411664916,0.04774381493985,60.818426474,9.40259657535,2.6224257121803,0.118226338123,-0.026166663497691,0.20630305389052,0.289863445387,1.2967299676,0.065257539275,0.90662058354,0.61609101449,0.50937140492,1.19817028153896,0.19962651610948,0.889733164314076,0.124818581562129,4.3662148819345,3.55929494999632,2.84568102706513,0.0236246633668012,0.0768497165848218,0.223866279072005,0.405650965600007,0.0777792007016996,0.0101360309159301,0.0548455982591744,0.107962055085472,0.0141959862559059,43.413135725,5.521088515,6.333122605,-0.20913640025,52.46283275,2.4798639225,-3.2613173275,0.069623173475,-0.1676997,-0.2565638845,-0.51226270375,1.1462377525,0.045364512825,0.782552481,0.4412482045,0.48166840125,48.224989475,6.3229107825,9.8252067875,0.29137148,69.5598622,16.166826975,7.9964751175,0.16012949225,0.12966992725,0.6290730115,1.0362762325,1.4494250875,0.085348050975,0.98474785375,0.87359223825,0.537446219
46.451885579,5.645960925,6.7292354227,-0.013752389229601,59.647547,10.6570082844,2.814367331921,0.111088145892,-0.025337164343604,0.2214028686913,0.1683148778972,1.2307818972,0.036690885679,0.87397077583,0.5198819615,0.50837918441,0.984737685948693,0.187169858924313,0.748462947081645,0.0978236529060466,3.75627077799558,3.29796773109338,2.62537599133467,0.0218264137984006,0.0698525999613161,0.206535149182889,0.364296626844956,0.0659472272945609,0.00955825493217617,0.0813081500961674,0.0954313958260961,0.0125652977647756,44.570564525,5.2872181575,5.3939700675,-0.19786053775,52.190287675,4.4077448125,-2.437171525,0.06734531915,-0.16167829,-0.19172933075,-0.560181877,1.1055403925,0.0201127145,0.69583549325,0.3548874195,0.4849491805,48.319037225,6.0285551125,8.3676799975,0.18079118525,66.947292925,17.20142195,7.7526157675,0.15217333525,0.1185565665,0.609888894,0.861332064,1.36278179,0.057620497325,0.992274537,0.73055994325,0.532407611
46.12810543,5.2910292697,7.0914844784,0.2610099121756,62.410599514,14.9717754978,1.7007006551994,0.089620690002,0.026046699844092,0.1337920602837,0.05025173512419,1.3236449951,0.059611103346,0.84424706281,0.60786881268,0.53284541407,0.965576602468725,0.207463944322849,0.734985625186503,0.141376048525469,4.68792247292067,3.80958550892939,3.1011677794173,0.0233140439890217,0.0814022678042826,0.243965112587566,0.414717957496929,0.0996553990126422,0.0131127798876575,0.0683692175208949,0.107440112570085,0.0162137197992413,44.318955675,4.92095621,5.7536342,-0.00383096909,52.8140801,7.39249439,-4.2889159225,0.042998569375,-0.13215377725,-0.337403821,-0.816205928,1.1468859225,0.034265025075,0.6891745695,0.4191433475,0.5009454345,47.9167639,5.717538015,8.624350905,0.529929074,72.272867825,22.39935975,7.627686555,0.134522379,0.182507137,0.60006086,0.89026674125,1.5334561875,0.0858257562,0.957869435,0.83485555725,0.56598602625
46.306696696,5.3888919544,6.3548391443,0.01538688684396,60.50620324,11.8915091514,-1.0794404545432,0.079237699077,0.08717549961241,-0.08491827290033,-0.39468507340015,1.2906119941,0.046647042123,0.95871275381,0.51068884128,0.51326796981,0.94190269420003,0.203535429242133,0.711822992638114,0.126158922764723,4.69598708404864,3.88229279490734,2.98273158563526,0.0200267319818504,0.0743858081400025,0.234647880342659,0.36296547393561,0.103789757140584,0.0093708563310211,0.0378051048617705,0.108484941541036,0.0162803334779857,44.38173445,4.995613225,5.1542576625,-0.22727407225,51.338404725,4.24484701,-7.2435769,0.04060698345,-0.051587457025,-0.56984341975,-1.1266675675,1.1015078025,0.030771680225,0.86048077775,0.30381517625,0.48348530675,48.2051828,5.81084073,7.882941175,0.26964163175,69.87133035,19.085455775,4.8164165225,0.11989050775,0.2423498495,0.3789016535,0.295290906,1.501784835,0.0657201121,0.99909438675,0.7373327065,0.54944378775
44.892081973,5.8068660591,7.1528085232,-0.16816170180344,54.728610696,7.350227868246,2.110154221513,0.109701859259,-0.022100511466772,0.16600327644222,0.08424305811381,1.2624208072,0.05456870331,0.9294298402,0.63466047928,0.49269424721,1.07001558869364,0.197909678753963,0.763939834156507,0.138871995811863,4.1401755278074,3.24815829253214,2.56003530671158,0.0174712264999499,0.0646344405267868,0.201394876290269,0.327222368016592,0.0856386873904453,0.00848892658960009,0.0473997089445937,0.113837690159679,0.014487303782538,42.7147031,5.4382973875,5.7961615525,-0.4350429885,46.703679875,1.030073423,-2.89660628,0.076017513775,-0.15576183325,-0.22787250475,-0.59391178625,1.1055048925,0.0374859516,0.820970357,0.42002380175,0.46508308725,46.857377325,6.21056406,8.7863667875,0.1058405425,63.065338225,13.776661125,7.3953941575,0.14418959475,0.10461984075,0.5817866985,0.68168955425,1.4255194025,0.070527815325,0.996984521,0.8816384865,0.52299282425
46.814759598,5.7549905527,6.5745751972,0.04112935598702,62.167321073,15.943489214,2.6194817095279,0.091219315742,0.005620644905424,0.20607145295792,-0.10761162087141,1.3099648818,0.046963836788,0.94155496586,0.52188733553,0.52454742707,0.968937006430822,0.215668499554208,0.695977202131823,0.120465182978025,4.37777612705514,3.79382739026283,2.78053398190255,0.0199268984343947,0.0723717005469464,0.218741240298205,0.369794229675261,0.0912802400180168,0.00926814494065685,0.0436918395092797,0.101533079309106,0.0159881691976336,45.04572415,5.35916006,5.33983287,-0.18994775,53.675440325,8.732466055,-2.727894675,0.050161558025,-0.132741523,-0.21460016725,-0.84894296075,1.1483964675,0.0305377604,0.834921915,0.3338985425,0.49335304175,48.76197385,6.1830087825,8.0294661375,0.27717573075,70.737694925,23.279136475,7.926334675,0.12815949725,0.15098252425,0.62355514725,0.59923469775,1.5050051275,0.0673171308,0.99724429575,0.7271480765,0.5552936935
46.77377636,5.6176761154,7.9629828677,0.1489871295521,62.845567664,15.1092383689,6.272504352915,0.123086043952,-0.098364316849912,0.49345031895033,0.5472896327204,1.4636714569,0.057544370378,0.96506701168,0.401708124975,0.49515238588,1.07383472848952,0.203329830028315,0.851262086282747,0.120728615193348,4.55134008677044,3.92718286739748,2.68805781116181,0.0164464380466205,0.0675773585111407,0.211466252257252,0.322752184032637,0.100494174346064,0.00897864078788904,0.0339424254075494,0.122212159161876,0.0150671798111119,44.5932875,5.24294808,6.4807536275,-0.11554669175,53.796512,7.9825820525,0.895876463,0.089817677175,-0.237312247,0.07047751615,-0.0947548014,1.2731628025,0.0403992954,0.87075124775,0.14726504775,0.4658236765,48.803946825,6.0227413,9.7754559375,0.3799847045,72.2611702,23.224043425,11.67388925,0.155193247,0.0347172323,0.91837071275,1.1700623975,1.6713419125,0.074925265275,0.9987518975,0.6344159345,0.52571170875
45.961044606,5.7902268131,6.1032063733,-0.22133294670257,58.342993989,12.5827349127,5.670112186063,0.11981620462,-0.09413095765271,0.44606085680164,0.2163629678328,1.3177298284,0.057316153567,0.94707663601,0.53893371548,0.50762737658,0.877876242492927,0.205157879080874,0.673737362478479,0.115446877453942,4.04647232648066,3.35432668277595,2.79646558954285,0.0218662132535063,0.0739017254405273,0.219994560019834,0.376700591312364,0.0866987705394584,0.00872560285819512,0.0421969056533464,0.104001763522603,0.0145516867959711,44.339482725,5.38598642,4.8955271775,-0.45407899025,50.50819225,6.215145555,0.157892748,0.07768471595,-0.22570980125,0.012421231075,-0.52739633875,1.1534783875,0.04121925205,0.8418970095,0.367194133,0.47851470675,47.6067512,6.20024993,7.5174456425,0.00543350318499997,65.96271135,19.27869735,10.62877025,0.16139112225,0.0555974651,0.83615249175,0.92424114925,1.486356765,0.07649549795,0.99724945725,0.7647224735,0.5371643975
49.156638376,5.2542635849,7.5193206027,0.06035920160048,66.376784593,13.4847208822,0.69909742106055,0.098526554736,0.04624054101152,0.0549971473302093,-0.1634390088919,1.2187957007,0.051244572881,0.89427581965,0.56832827295,0.48129676893,1.17868214083601,0.17825335242859,0.749514270466301,0.140091100495766,4.75009036344488,4.01746106152765,2.48417668378445,0.0154109152955995,0.0610151222277296,0.195427170272814,0.30143663971038,0.0932789010864579,0.00818753151728234,0.0536279544210604,0.101585609133488,0.012815087963486,46.70616775,4.9204570375,6.108449665,-0.20832738325,57.712614975,6.00286167,-4.29074944,0.068569879625,-0.063602397575,-0.33754806125,-0.781481543,1.0440223325,0.0358171224,0.7780086885,0.3896423555,0.456689578,51.49095075,5.6229928775,9.0823407375,0.35607722975,75.952009475,21.8825432,5.10661092,0.12684068075,0.168863519,0.40173089025,0.3974060965,1.4250741325,0.0671285783,0.9809800475,0.778958029,0.5063268445
46.504541156,5.8995648686,6.4658507759,-0.16902838485815,56.033275183,14.1668608085,1.1559125812582,0.0744371114251,0.037049447386827,0.09093424255186,-0.452511542403972,1.3378932815,0.061335772496,0.870122191,0.60248093788,0.5039504391,0.964923819549588,0.217851240343733,0.694840382320306,0.139173563264281,4.87681587200821,4.090449750802,3.20881987722701,0.0246573616660148,0.0839100300911071,0.252433972392269,0.43197045448733,0.0878344830113647,0.0111912675840724,0.0566472322142499,0.105878440615586,0.0144356470109009,44.503284775,5.50412533,5.2626139825,-0.45084991125,46.598840725,6.36844351,-4.7848542975,0.0288836668,-0.1326765045,-0.3764186965,-1.284524545,1.1729818675,0.0400753501,0.745296348,0.40137445725,0.47706421075,48.319553725,6.3526521625,7.9051013125,0.0950231515249999,65.336496425,22.749877075,7.5927699475,0.124523312,0.20226517325,0.59731401225,0.419863469,1.515322335,0.08428448535,0.964521978,0.8302276115,0.533682628
44.321550662,5.4836593414,7.1562204285,-0.06175860254398,61.570666344,7.4873684189144,1.1387591799485,0.118082611921,0.00514011446063,0.08958480522894,0.104174751371651,1.2965712813,0.060404705003,0.87172284894,0.337220827531,0.51419118381,1.01633699095575,0.220828359823334,0.801217911490789,0.11831890581132,4.46328360305097,3.74751018504661,3.19788000279861,0.0274088533553185,0.0876127046891564,0.251573346013204,0.465807907018115,0.0864347461838033,0.0106524288328659,0.0852700476121671,0.175417329995164,0.018023523568226,42.37726135,5.0739245175,5.826477155,-0.29878034675,52.4991855,0.29925333775,-5.487515235,0.061680492075,-0.1768394365,-0.4316961765,-0.86009664975,1.1222941175,0.039505461475,0.671569532,0.025295150225,0.4797988245,46.365936825,5.92376527,8.96428936,0.17764832925,69.99599705,15.1983822,7.738277215,0.17199745925,0.18656115325,0.608760898,1.0254652175,1.46094696,0.081768044325,0.987753076,0.67885912925,0.55105042075
45.623094518,5.345491197,6.8080073796,-0.105693046562954,60.064466119,8.649951598626,3.4978060346231,0.126261535187,-0.05376411540577,0.27516816363257,0.29436268651523,1.2407437696,0.062309609966,0.85931104647,0.64887920874,0.48924041082,1.05336986859384,0.198451224487197,0.731349630120944,0.128561987503107,4.336532978448,3.63059625725364,2.99471862400323,0.0265197162751631,0.0823002472482665,0.235590886721349,0.446075166047923,0.0870266289045964,0.0114378647550509,0.0737174268556849,0.117430791447501,0.0161195077928008,43.650359325,4.972081955,5.521324905,-0.36624661675,51.3963263,1.60557539,-2.2420755425,0.075561672325,-0.21358201475,-0.17638136425,-0.58110074975,1.07593796,0.03760479845,0.68831820925,0.4332530025,0.4596909515,47.78142085,5.7582104925,8.3266993275,0.14205033975,68.88698465,15.36587245,9.43352266,0.177555073,0.10697413125,0.74212379975,1.14097553,1.4154040625,0.0827025228,0.9771232625,0.89499958525,0.52065685275
47.3570921,5.5476567602,5.9616061819,-0.084008949977838,59.720049223,14.2272625189,6.112835958128,0.118668113042,-0.09827138985231,0.4808893994559,0.32294084219236,1.3935977584,0.058120215112,0.92586118259,0.47498454247,0.48514985784,0.92328022280732,0.204154212016342,0.671952957442986,0.127091379516349,4.61116054823537,3.9398990633393,2.95327791553211,0.0213159724926956,0.0769551693722174,0.232330795971665,0.379244844049854,0.0873228606154196,0.00933268893646778,0.0472912050306601,0.094806175782039,0.0143785556731166,45.5208313,5.16011171,4.7880618225,-0.3534236855,50.289446075,6.142031405,0.166134942175,0.077508661825,-0.2570315335,0.01306963444,-0.4194934885,1.23489397,0.039918050675,0.819543993,0.2980962755,0.456749143,49.057041075,5.98393651,7.3825459225,0.1497789055,68.47739045,21.656828525,12.088952375,0.15920657375,0.04868933365,0.95102323075,1.1284814475,1.589618415,0.077768975625,0.99347195875,0.68587118575,0.51302291475
44.578089688,5.212459397,7.6272654849,-0.09427160076657,57.81128023,8.02000044937,2.0447981758834,0.113369257603,-0.01706577176437,0.160861795327394,0.13193199558721,1.2637055215,0.046387335493,0.92634579801,0.359561394055,0.50859912118,1.048081977244,0.20379223884929,0.808904948277069,0.112997348687348,3.97045591181545,3.51879499684432,2.80827122087949,0.0220971354574097,0.0746844786841106,0.220923294914522,0.382814883988972,0.0805108289761275,0.00918924683642795,0.0643067429409554,0.137042890932851,0.0168237222515193,42.5170412,4.81342634,6.259508475,-0.31836910525,50.413760275,1.1916263975,-3.2033458125,0.0660045716,-0.17009770925,-0.2520033375,-0.66609577925,1.1084448825,0.03014945395,0.7701549125,0.065866384825,0.478939259,46.55444065,5.625401365,9.38213155,0.1171911305,65.33601765,14.8574989,8.086192455,0.15630449975,0.1219544245,0.636130967,0.8604127565,1.4302236125,0.065807457,0.99568038625,0.60984318925,0.5430279905
46.903889751,5.8604736113,6.9814471594,0.11944804379935,57.755510655,11.05897011228,0.3138554462699,0.0867071208793,0.04502140764301,0.02469062789401,-0.073517260456019,1.260642742,0.057880150179,0.90644954076,0.24174369790899,0.50110017779,0.990769371518081,0.22438106907751,0.765375606015578,0.105381162076577,4.28130628858337,3.87308059694668,3.01462258397467,0.0217085336830732,0.0776976970921864,0.237156706452885,0.380331029033188,0.0885856500572768,0.0101484359047789,0.0552401546222817,0.156114132754639,0.0151259515436192,44.976626275,5.45917759,5.6113350025,-0.11397831725,48.636205325,2.6542640175,-5.7746523225,0.044469260575,-0.105946048,-0.4542849065,-0.82434683275,1.087297475,0.038971547775,0.779672591,0.0076939842825,0.473930103,48.86024065,6.31882967,8.4858590625,0.31500270725,65.659806075,18.169638325,6.145955445,0.12848334125,0.205958474,0.48349486825,0.675362355,1.4482727,0.0816294486,0.9921779245,0.587840645,0.53117398275
46.747536886,5.6133717774,6.3834547777,0.11395492521713,55.464308666,12.50359260649,2.2218271736322,0.0884818745342,-0.000174939333574,0.174788452198693,0.0712200679596,1.26898763059,0.0404002869469,0.76138165216,0.417466312946,0.52440240196,0.975841823487099,0.221309292532769,0.724142539020421,0.115103887365456,4.26678232636773,3.70675131076061,3.24818086908971,0.0241833979246817,0.085058180090379,0.255530453914284,0.423323764815866,0.0940679166482705,0.0122890475268484,0.128148657441536,0.128668026414774,0.0146097543201906,44.8355548,5.198570405,5.1392554675,-0.1256001315,46.777036325,5.6788877125,-4.2329255475,0.03899471615,-0.16648181875,-0.33299912025,-0.8001833375,1.097588945,0.018030718075,0.494815883,0.15628222975,0.49721184875,48.7476043,6.0516627375,7.923172015,0.31929268525,63.2812406,19.767287725,9.0176231775,0.13275092725,0.1783179645,0.7094054945,0.855774409749999,1.45845007,0.0653926226,0.975564884,0.66857257775,0.553645003
45.711048536,6.0060175241,5.9796573282,-0.08824334479406,60.205703083,17.1932172666,5.070375464625,0.0985933894211,-0.05537393976658,0.3988802954949,0.000646953306910001,1.5662409626,0.069778360189,0.93686446339,0.523424757203,0.50001396689,0.930601410639716,0.210328116874973,0.687256345280896,0.133338552700062,4.729601080357,4.03480605646906,3.37907224699629,0.0260293758241129,0.0900602324775493,0.265827520374594,0.453675009117487,0.0914053323686165,0.0105897756018963,0.0439832245144181,0.115441115238208,0.0153698404948193,43.816287,5.619800915,4.6637542525,-0.3486345245,50.758169725,9.12167423,-1.81443372,0.04539436285,-0.2279140075,-0.14273929975,-0.942505576,1.3956107775,0.049943843325,0.834089212,0.3069460655,0.4721249145,47.601982025,6.4270334575,7.3778870875,0.19013324525,69.427232675,24.50666665,11.38787265,0.1503975795,0.13457427475,0.8958701595,0.87584385675,1.7572135125,0.0926198784,0.99524462575,0.755057015,0.53087012125
46.296375775,5.7204547168,6.6823435031,-0.080390194169269,57.42164585,7.2666249800366,2.03501809049756,0.115857440133,-0.020450167275651,0.160092407961037,0.18767812360225,1.2805745771,0.061393413184,0.8426636041,0.433382205161,0.47924185926,0.977710932947168,0.198023442489055,0.739282473682973,0.114358698293621,4.11892333907238,3.56661604317428,2.6352624698184,0.0202931731927702,0.0684677836771727,0.20731290612867,0.359954485743529,0.08465136529033,0.00878708749634693,0.0651509045087909,0.111409308191218,0.0135408306973187,44.380152625,5.3508540525,5.4269817325,-0.29907079875,49.53806195,0.12309514125,-3.2524511175,0.074887727275,-0.1474967525,-0.25586639475,-0.51871066875,1.1240768625,0.043747162425,0.69229438825,0.2092603445,0.453190275,48.274799725,6.1114960025,8.33585238,0.14135873675,65.1535305,13.930444025,7.0880424725,0.1552636305,0.11246295475,0.557607715,0.896485638,1.45173791,0.0792331853,0.9470511235,0.63925240925,0.505861428
44.506021463,5.448257227,7.8711303436,0.03370142689856,56.191406139,5.94262678031022,-4.93192584390026,0.06866655559036,0.16373643004316,-0.387988631273712,-0.5624281196924,1.410954465,0.054543429495,0.82264376846,0.3350939573902,0.49680432894,1.1470553935904,0.199303477472979,0.824008812693966,0.111867193810305,4.03527786886703,3.61473630998064,2.86414842336062,0.0253879060807021,0.0791599201767499,0.225319085888489,0.433597590282767,0.0878789061453029,0.0105416979845371,0.0754782389625352,0.162792018493424,0.0149060836072176,42.28153455,5.041842875,6.45949416,-0.20137865525,48.484458025,-1.0819387275,-10.9471767,0.0146905505,0.018377887125,-0.8612011065,-1.4791395575,1.2485887975,0.034132736425,0.65527926225,0.0334551809,0.4708843675,46.6112235,5.827311035,9.6415302375,0.248249269,64.1617737,12.8631576,0.32328985525,0.11577011775,0.32903969875,0.025432820725,0.2561942745,1.600775555,0.0756052916,0.951858021,0.6515446385,0.52890514875
46.528501068,5.575374567,7.5927457153,0.0434920694215,61.784546187,11.6532262328,3.3663013781594,0.1155001331,-0.03560807825761,0.26482285164748,0.2550325139813,1.3037854827,0.059212293497,0.89557140035,0.49646580412,0.48427280441,1.10220358890887,0.204611896703313,0.78281531551061,0.127618085861637,4.21517988145935,3.38585443783758,2.84410918289929,0.0238149088572659,0.07703858659813,0.223742624170129,0.417388683578661,0.0870560058730068,0.00968490328309094,0.0595829787958553,0.1041253946168,0.0155144923666254,44.251413375,5.2097553425,6.2015733225,-0.1989101135,53.582245075,4.7291523725,-2.1147748425,0.069571563675,-0.185858787,-0.1663667715,-0.5416584425,1.14257607,0.0408034963,0.75792320825,0.30652527525,0.455788156,48.735353625,5.99817768,9.2114389725,0.31448842675,70.698353875,18.668359825,8.6904568,0.16525467925,0.1099786235,0.68366770925,1.102809235,1.4848754775,0.0787962169,0.9915093405,0.71466108625,0.517880673
46.652401255,5.5382688463,6.946877834,-0.18767451214405,60.184320018,9.066058586925,0.4892102624573,0.102856010107,0.030563401446597,0.03848557884735,-0.2163561928616,1.3281348068,0.049518770316,0.89744015551,0.383442080134,0.47908655409,1.03177847735057,0.208132090419828,0.783243373928917,0.123247031441774,4.42271450140056,3.57011637999393,2.57418239000277,0.0195112841320846,0.0672766978780228,0.202507810257936,0.353602942277446,0.0878782700746757,0.0107754580876224,0.0600852496129718,0.117537281418512,0.013830694013047,44.784221,5.17092001,5.59027747,-0.41916291875,51.272956075,2.4715906825,-4.8976611975,0.0618390604,-0.09518147845,-0.38529307125,-0.919317552,1.1629115925,0.027811889975,0.75479426725,0.12926345075,0.45343900075,48.803261,5.981515545,8.6854317025,0.0466824943499999,68.7260858,15.98257865,5.413575455,0.138103869,0.1708144935,0.425879425,0.41343013975,1.5131948375,0.0699204292,0.99013366425,0.60824362375,0.50706985725
45.235695947,5.5790635531,6.7133227797,0.150011522866555,57.820930404,8.397180952604,1.9296891037397,0.110820516649,-0.01208819830115,0.15180630405154,0.33771378660334,1.18521315513,0.039658249739,0.87350946146,0.58560863593,0.47482641175,0.914567691817056,0.184181245857311,0.79210120420161,0.118533816336307,3.69773254627049,3.17524772863088,2.43102430201719,0.0225318291271344,0.0670966509618297,0.191245737046063,0.383945080692872,0.0669839878526747,0.00923210220009268,0.0872430653660081,0.108884527945019,0.0134858205354046,43.454635125,5.2239268525,5.4423035725,-0.073790271175,50.6899875,2.363152095,-2.597334315,0.068901194175,-0.14281504125,-0.204329141,-0.40160233875,1.062398,0.023544617575,0.6704099145,0.38202325075,0.450421752,47.0529677,5.9729072575,8.6082926525,0.3883291515,64.968862775,14.4818087,6.80354137,0.15755651,0.11537304525,0.5352263585,1.134517895,1.3309686275,0.058706671275,0.99402922675,0.8113970395,0.50152637325
45.973378667,5.6197998935,6.3769085826,-0.067645701802216,56.125617859,6.059621451124,4.4191792153965,0.135632713152,-0.091527978909072,0.34765147568888,0.58472807891751,1.2834864526,0.05879042868,0.91964524207,0.5294088593,0.48231996809,0.960771703481144,0.189593575835006,0.683044177158242,0.116432175728689,3.80150989758594,3.40950771421657,2.82631554576793,0.0243128846303332,0.0760804842252997,0.222342820106055,0.40654926440189,0.0824805824724325,0.0107601837478928,0.0537280789451333,0.100745495875578,0.0139907093547445,44.091996725,5.2544016775,5.1547606225,-0.2779260585,48.747668375,-0.10767602225,-1.37908973,0.0891040645,-0.24531723075,-0.10849131775,-0.22655988475,1.1257526675,0.037014408425,0.79385340725,0.3493167575,0.4558547155,47.750027925,6.0217616175,7.761812395,0.16012478075,63.715656525,12.5105929,10.1301375,0.182554104,0.068702602475,0.7969256245,1.35243204,1.4435035825,0.081249683275,0.9955409555,0.73704909925,0.5098938125
47.034664171,5.7550488997,7.625289266,-0.159559937361076,56.424904122,16.4675589089,2.887959006391,0.077283105324,0.00081593896153,0.2271922365159,-0.34834657344845,1.2754301472,0.0311451320751,0.81300127116,0.430032789376,0.52544153401,1.03384487417561,0.214067709076172,0.81510319219112,0.110297860894266,3.60807827131252,3.36812289934173,2.99665365932951,0.0224250819949176,0.0796340865046,0.235743113128413,0.409680219342293,0.083640915332548,0.00978762157993462,0.122241752995475,0.119923506492096,0.0150909624394331,44.98818525,5.34839169,6.241712475,-0.38620583175,49.3157218,10.0272704175,-2.9097512525,0.03391964165,-0.1541845195,-0.22890660625,-1.1146806825,1.1233816125,0.0147920312,0.52928728,0.1893556875,0.496890812,49.1189104,6.1865345275,9.3259314175,0.03944551775,63.30843545,22.9315362,8.7492922675,0.1200694965,0.159196492,0.688296228,0.41423038925,1.470612935,0.0534186851,0.98718457675,0.651833562,0.5553464115
45.768548244,5.6422573763,8.3613918903,0.2065926563402,59.593438058,12.7469368195,2.7691606524272,0.10100131065,-0.01396951977623,0.21784651383337,0.25410985643674,1.2658039548,0.059225598831,0.90291011668,0.45864952538,0.49821233158,1.17316428998102,0.209134300702654,0.881333542292567,0.117727779978134,4.20349741650535,3.48524184920536,2.4630272560618,0.0166292889799768,0.0627398585833346,0.193763370507442,0.310172557549949,0.082298436486467,0.00797446551983741,0.0455075142361377,0.0954513476769949,0.0136031344942905,43.491106325,5.245590615,6.82671803,-0.01453256855,51.0556882,5.6537193375,-2.011157445,0.068450235525,-0.139448332,-0.1582153245,-0.34380218475,1.1004159375,0.0433424544,0.80604407675,0.3004752255,0.472942678,48.03804145,6.0760048425,10.250543875,0.4379401555,67.707800725,19.0497461,7.755287935,0.13443487075,0.108147567,0.61009909925,0.8558730065,1.4234848375,0.07417857545,0.97884462375,0.67226978075,0.52605125475
47.145745473,5.8389533473,5.9481005733,0.15984774469676,61.523331751,11.36571522328,1.79099188573785,0.104814797056,0.00609621324436,0.140895162024817,0.175385840807203,1.4611439695,0.073353321681,0.94385760542,0.433168142202,0.51716132966,0.894160462290622,0.21442491960998,0.684547645166617,0.13138245291246,5.34160154945492,4.52340968958429,3.43328354008953,0.0237905869469212,0.0870114025578891,0.270092257053106,0.413991018289402,0.103967866488535,0.00998818472981102,0.0395861488829329,0.10918182001721,0.0146959875461476,45.457626825,5.429439425,4.7545712925,-0.095995662,50.668961325,2.48686494,-4.8915815325,0.05736026975,-0.1629048565,-0.38481479675,-0.650407907,1.261458565,0.054000922775,0.8460089165,0.21563300175,0.4895686035,48.9481589,6.2512919825,7.4234487675,0.4134274115,71.631343725,20.59384475,8.41803434,0.14910817825,0.1756426725,0.66223656225,0.99201598125,1.6577213875,0.0936770986,0.99575620775,0.639423046,0.546737574
44.966853172,5.6214088363,6.6397022972,-0.07348457380603,64.290069146,15.0118058835,-1.6356492943406,0.06970257926175,0.11751803647624,-0.12867454840277,-0.72048216096656,1.3393257026,0.060370290389,0.92131514797,0.64020749922,0.46673672403,0.923952682048211,0.21729997292167,0.729739179698141,0.129367912312209,4.35902485180413,3.41966300837202,3.08704156285454,0.02598114838165,0.0842789948053617,0.242853819905922,0.446195842570341,0.0937718655712349,0.011338518789437,0.0491887253753354,0.103339970721182,0.0139791134022297,43.20913015,5.1973468425,5.29591896,-0.3245910145,56.0214737,8.2342509925,-7.71248072,0.016939459275,-0.04084834185,-0.60673152,-1.619437485,1.1645710375,0.03844755095,0.80413234925,0.44627202325,0.44065385175,46.8151797,6.0398458925,8.2740360175,0.17254993025,73.322551825,21.58023245,4.5516117925,0.11690707925,0.28720127975,0.3580697875,0.12437755675,1.5336684225,0.084852827075,0.9945911565,0.85564951275,0.4947714395
47.682669371,5.7930129438,7.8246286128,0.02552535311604,57.821062694,10.338442695973,-1.13359313779002,0.079708886602,0.081128592448188,-0.089178398822192,-0.3172289180663,1.3913559089,0.059578224882,0.90434361593,0.49159499489,0.52080072687,1.2755658247601,0.201614794138079,0.762205543014792,0.139464999223579,5.39371256290246,4.59556057054319,3.16494867654222,0.0185251698192004,0.0767651468796045,0.248982678224278,0.363801787274463,0.0982729623723492,0.0102736613538725,0.0406035890080135,0.110206378500529,0.0145196614411041,45.162593425,5.3967195125,6.4594660725,-0.251048153,47.13230535,1.28517448,-6.847469245,0.041802347275,-0.0648803856,-0.53868211675,-1.0440380225,1.2086972875,0.0398070621,0.81788701625,0.286894987,0.49340891975,49.879375325,6.2145224925,9.4219170825,0.2888535045,68.44920745,19.297897575,4.9030080175,0.11453175225,0.22369463225,0.3857136985,0.34401755275,1.591178205,0.080051239275,0.971617797,0.70393526,0.550866549
46.146650298,5.4757493917,7.8152580138,-0.01068083586309,58.68563503,12.7459229484,2.18619295909513,0.094659572266,0.001974645288662,0.171985151653359,-0.04836980592528,1.3499409503,0.056212990251,0.95197149875,0.57992568492,0.50561447982,1.11657550004188,0.199411447300619,0.854404373227517,0.125382807812297,3.64171857306182,3.42322685592325,2.56072369197862,0.0174590120281434,0.0658129883448312,0.201449030741649,0.319332254051549,0.084508231505637,0.0077167837188227,0.0385727002320191,0.10902920483397,0.0145835943041327,44.228931125,5.11132966,6.3130666975,-0.24175373325,51.506676475,6.4397486825,-2.7335676475,0.0602902418,-0.12738663925,-0.21504645925,-0.66705836975,1.1944615,0.041293130725,0.8566144945,0.390572394,0.477591157,48.445577125,5.8867345225,9.79174751,0.230161219,65.317925975,20.13649435,7.1930048975,0.130152248,0.1289546845,0.565864982,0.56498541225,1.5300161875,0.071644576525,0.99867753025,0.8040733785,0.535203673
44.042408497,5.4776919954,6.065084869,-0.02969292241367,66.808065593,13.0564424446,-0.2660275391553,0.09452858745758,0.070568777010709,-0.02092806440287,-0.353593034366527,1.4150229267,0.066100451387,0.90425834216,0.495708795162,0.48261801112,0.902093458587342,0.197090915726267,0.684296035722888,0.117521269410032,4.0269355074204,3.55144570934452,3.2820406322733,0.0330859190066912,0.0935807857764159,0.258194160507279,0.522721224723752,0.0797587825846422,0.00969588609078368,0.0676609071204778,0.127561971912485,0.0137705278463432,42.225159875,5.093995385,4.857754425,-0.263756053,59.215073375,6.255948795,-6.5361056325,0.030258804925,-0.1163382975,-0.5141875055,-1.36802573,1.2629711025,0.0478460278,0.7364978385,0.232297837,0.4578033965,45.8191352,5.86448002,7.5722412825,0.21091602575,74.8387881,19.90010485,6.4531339975,0.15560426525,0.25373375675,0.5076602335,0.68486758425,1.5650455825,0.08530476585,0.995663301,0.72653341,0.511863693
47.568217035,5.7250705477,6.773385657,-0.00725127069562,52.185799636,7.00433599695,-6.2114581981328,0.04512367453796,0.20388902539427,-0.48864789203688,-0.8710146209969,1.3433819348,0.050827936348,0.88715155405,0.58551253449,0.48979520948,1.04102025536117,0.211607687717977,0.745644084555994,0.132021018781283,4.44772052879618,3.75569516070263,3.00357685215159,0.0218358114819228,0.0778607168768081,0.236287752954229,0.400053804239673,0.0985978970178978,0.0107801242565803,0.0597926284410187,0.0999887604519255,0.0140153856730681,45.49560245,5.3333866275,5.4258676225,-0.26619816525,43.8289516,-0.86855710625,-11.794358625,0.00466274487,0.045533468175,-0.92784792775,-1.5932123875,1.1687658925,0.030918434875,0.75497714575,0.41341265175,0.462863158,49.5559197,6.1619327925,8.35060403,0.254643864,61.213544575,14.2149465,0.00980821489499707,0.0900444866,0.3513716755,0.000771600389499769,-0.0633821461250002,1.5500137675,0.071787267075,0.9847383305,0.79026075125,0.51973900825
44.803674904,5.6299527316,5.4641880197,0.07239336389108,64.720951346,14.178772856232,0.9511896742826,0.0932694013736,0.04270808770786,0.07482893938374,-0.172755966767167,1.4736922708,0.063447579896,0.92611554013,0.452902923892,0.49796400168,0.833416038597886,0.215309099817945,0.686417488021156,0.134110593380056,5.06576206169917,4.35030892680106,3.53614927111152,0.0334944436802434,0.098053748264655,0.278184579387844,0.538744005257953,0.0963392698916797,0.0114290764690028,0.052971689310022,0.129002472931982,0.0161737962189791,43.15800355,5.2219928225,4.2571065575,-0.188460488,54.9349121,5.907980375,-6.1396867125,0.026537671025,-0.14015670375,-0.4830017145,-1.2473014825,1.299922455,0.041487723675,0.79305412,0.21070739525,0.46746028075,46.379200625,6.0759057825,7.03360339,0.33330026025,74.663341425,22.718021625,7.40650106,0.15982024475,0.24035634625,0.582660459,0.84894213275,1.6587534275,0.08671710165,0.996675807,0.72213926875,0.5308083345
45.895267797,5.9367711751,7.7642108833,-0.08269626410562,56.857664906,11.80940248388,6.639097489856,0.126909318998,-0.12438957636021,0.5222897564152,0.521174021179,1.3338419193,0.059163128415,0.94917380541,0.3052715442256,0.49706098816,1.17982619563809,0.218003913325015,0.817862258002787,0.106732891960925,4.35384358246993,3.96711291775554,2.81174024138811,0.0190600462422573,0.0703767071610825,0.221196197834047,0.337156233388855,0.09114074762901,0.00825822951290445,0.0420619983353791,0.129538956949909,0.0153253884805529,43.489251725,5.5315369475,6.3603539,-0.29028942675,48.200990575,4.04659044,1.3119632825,0.088513800025,-0.26263904875,0.103210566,-0.17034333275,1.1597865525,0.04421119895,0.8488214275,0.036215000475,0.466811798,47.995817125,6.36752707,9.5567065875,0.10813982075,65.48261855,19.62439605,12.194284825,0.1618492355,0.00760250809249998,0.95930958275,1.1519355075,1.5174154475,0.07678125145,0.9978159075,0.54826258475,0.52790590875
46.403497527,5.418099362,6.7436730933,-0.09981041787515,47.887265906,8.3160144157,3.0666413743385,0.096131303739,-0.043586877553202,0.24124896185437,0.16948548240255,1.3320424427,0.045592049171,0.90433685438,0.404604300415,0.52475696127,1.0077249366841,0.203144067821891,0.729525006353251,0.108424172038321,3.85402412128581,3.28149463692273,2.78433128645205,0.0213145551883274,0.0747822525742058,0.219039969208738,0.39039732779724,0.0845844921626102,0.0100803852926809,0.0737982096510849,0.119088772023478,0.0137887537959708,44.39468235,5.048936605,5.5418208425,-0.29751505225,40.5000769,2.2773073,-2.298070245,0.052986288225,-0.178900272,-0.1807864025,-0.62790525775,1.17738736,0.028114587575,0.727473785,0.14542843075,0.49844130525,48.342520425,5.833601005,8.4406299475,0.1323695525,55.58357485,14.5737835,8.191006975,0.1376704855,0.100813868,0.644376598,0.88288150875,1.496166315,0.0678074385,0.996184386,0.6272010825,0.552351744
45.653133502,5.5477907879,7.0773542046,-0.14148444026451,58.56269292,11.92107531681,3.453309064153,0.107341395728,-0.03669008191318,0.2716676406427,0.04064550643742,1.3016919314,0.049337638972,0.89223843777,0.458707742956,0.49711363354,1.0268759519284,0.204083857132438,0.733151537191393,0.116350715822727,4.39626521561759,3.71072603855262,2.87832154117283,0.0229023840949484,0.0759929638234707,0.22643406874822,0.390007112082202,0.0848743304316573,0.0105926395158665,0.06776724929604,0.123534041422826,0.0153908841411343,43.659588225,5.1731966275,5.706845365,-0.369456947,50.433976575,4.67909289,-2.4996668725,0.061393172625,-0.18658771425,-0.19664576275,-0.7088327425,1.1532000225,0.0289119614,0.7195664115,0.2171021655,0.46867047175,47.6566493,5.97102886,8.5795032675,0.074548238925,66.80974515,19.21144775,9.145111945,0.14983456475,0.11687551875,0.71943488125,0.79456725625,1.4827094375,0.070190339325,0.991774932,0.693013841,0.52695148525
45.476598786,5.5795637373,6.1391682187,0.195205275940121,65.301351196,13.3889462689,3.0885248829673,0.1137352528167,-0.0195947032243092,0.24297051112364,0.29001840703618,1.2721599537,0.04624883868,0.86935599943,0.49533744901,0.5018425053,0.877533884663903,0.199634455777049,0.672334324983938,0.113812690087055,4.13383542410141,3.56136133177939,3.00508726499531,0.0254005794123596,0.0805974936265337,0.236406574926926,0.423846183132603,0.0819122009770216,0.0110763845535238,0.0867235625525001,0.133288116719506,0.0151093974752643,43.86757355,5.2108030875,5.0287343225,-0.03591126215,56.876341825,6.6700663925,-2.7241413675,0.0636817421,-0.16883493175,-0.21430490375,-0.5393198315,1.1305647875,0.025194386975,0.659197396,0.215182292,0.473330849,47.412659975,5.97947747,7.520214375,0.414844944,73.334403375,20.3873713,8.8551099075,0.162871213,0.137285155,0.696620767,1.0815172475,1.4513617425,0.0679001844,0.99058930475,0.75121882875,0.5321946795
47.380646002,5.6378588042,7.7769060083,0.04592271120949,53.59546285,9.579914466127,-0.5632522102267,0.0774247565693,0.06184802018354,-0.04431036912641,-0.20611203550503,1.4150738012,0.060519499319,0.94651393035,0.393957315046,0.48751909571,1.07907101881207,0.21527688620809,0.77417079561237,0.114655391693909,4.32136193179069,3.71036491280983,2.63792072237021,0.0175559970102322,0.0677701325066506,0.207522027506367,0.330377925898097,0.106789879164759,0.00907503566896326,0.0332384120429043,0.12527195271571,0.0136134473790652,45.422937,5.25377694,6.410218225,-0.17020707775,45.162153625,2.21967275,-5.8493968875,0.041306503275,-0.065226124925,-0.46016496675,-0.89886885025,1.2260726425,0.043941573775,0.8637174525,0.13740552775,0.46163471975,49.60489785,6.0856725425,9.5158727,0.267215066,61.659271625,16.6934036,4.286037,0.11003463,0.195134943,0.3371773395,0.42411780475,1.6567413425,0.07789139005,0.99420688925,0.626423132,0.515669176
44.37152421,5.7682973604,7.5491288402,-0.03283750431075,57.996016206,13.10641719274,0.0538384506172,0.0759525677692,0.06205999717841,0.00423540584986,-0.3843488802045,1.4001936162,0.054084657929,0.92571400671,0.54403160652,0.49875566767,1.10077938063217,0.203152722678547,0.879112100526008,0.121900889776003,3.93239690130544,3.37954178693251,2.69713039721061,0.0207054456339725,0.0710709404935057,0.212179981112339,0.375025415191432,0.0777913181067601,0.00806262374076096,0.0546876844075105,0.106963840998075,0.0143904263104834,42.311387825,5.399827425,6.03063545,-0.26388853625,50.131563925,6.68101346,-5.320727415,0.0346553487,-0.074819532775,-0.41857518575,-1.14171221,1.25506547,0.03801489625,0.79389771975,0.36640250625,0.47125278125,46.53695445,6.1703496225,9.399382795,0.20488953675,65.53330875,20.00282795,5.0521750725,0.11443960775,0.21100799,0.3974484955,0.2877811815,1.5671528875,0.07060894855,0.99738937675,0.78029214375,0.52724421125
45.446055637,5.6288347696,6.6378499495,-0.02950473959588,57.441268182,2.6212464255541,0.6205612211161,0.127080629257,-0.004271172486051,0.04881879953875,0.3333541850784,1.442363458,0.073548671583,0.92217961603,0.49102644514,0.48823347982,1.03594589186585,0.200217130823108,0.706604633457641,0.124596601483597,4.5845529278066,3.7183890030295,3.05614108051485,0.0261902493762893,0.0843693664714485,0.240422916639882,0.441517600330652,0.0844302716765237,0.0103969903802907,0.0430981888933314,0.11729530293038,0.0136812112411224,43.459916225,5.255259145,5.4001045875,-0.27911981475,48.699406725,-4.6783473725,-5.4546809775,0.074457829475,-0.158616307,-0.42911313975,-0.56642303275,1.2892267425,0.054209617825,0.82677113275,0.26038100375,0.461216607,47.60080115,6.03623132,8.15321069,0.20354638425,66.812582775,10.120766,6.2146890425,0.17506028625,0.16363438425,0.48890206425,1.1414544425,1.6127968175,0.0934178526,0.99036217175,0.7403828115,0.51571668475
45.949847938,5.6021072409,7.1939027814,-0.1691993970525,53.52909201,16.3557622952,3.7445098221122,0.077206646320106,-0.023159875427429,0.29457605150318,-0.2582589712455,1.4067594309,0.052806807795,0.82153183217,0.493468876126,0.50208477533,1.10864649405314,0.193798759984672,0.714605723586588,0.12343506365797,3.91757279082363,3.66365453015891,2.93862965845947,0.0257003657408348,0.0800765699808689,0.231178434992724,0.432434820724155,0.0888150571366835,0.0126185071863392,0.082607026691392,0.112163422005587,0.0141603442163294,43.636901325,5.2485304625,5.9747158325,-0.40665935725,45.971356775,9.149198675,-1.9217601525,0.0272568329,-0.17630463025,-0.1511825395,-1.0803692425,1.2453163,0.03024236255,0.6525867415,0.2839378945,0.47577757625,47.986192,5.994186615,8.6988098975,0.0831978497,61.007073925,23.326282575,9.193614885,0.126783047,0.134818841,0.72325054275,0.56931480775,1.5897606125,0.078955393275,0.9705957135,0.71589400075,0.5303991605
45.148821568,5.8315143947,5.766665796,-0.09328039546192,54.597778723,7.147607140775,3.9542748926572,0.123672120422,-0.073534951957801,0.31107801542928,0.4182668336481,1.4346361976,0.067863425135,0.94273526242,0.53084885481,0.50043815484,0.904786809160996,0.222000971233086,0.66341145426743,0.138759832568944,4.61427700267574,3.86401918695899,3.10613064384103,0.0269672914098372,0.0841391271566651,0.244355534938958,0.451201185158184,0.09543954143668,0.0111664093414571,0.0413069238731498,0.11086122332496,0.0163896094539734,43.311919375,5.43134147,4.5854466925,-0.382936206,45.078598175,-0.652967826,-2.2762033475,0.069319962275,-0.2299170005,-0.17906615325,-0.464800596,1.268547315,0.046956875075,0.8439057665,0.33587517525,0.469752664,46.939193275,6.2818371425,7.0859944675,0.17903573875,63.518390675,14.9081653,9.8970870575,0.17306193875,0.0972170246999999,0.778591853,1.26283617,1.6503774125,0.091638229375,0.99672444375,0.75153188075,0.53419901175
44.900693858,5.3856760541,7.7873107221,0.05289712712065,60.043950103,13.5130879083,4.0766024716061,0.107986166192,-0.046025180427894,0.32070137813444,0.23255400191958,1.307501479,0.050213885222,0.92485990719,0.480557025026,0.5027551823,1.1127134450463,0.205860979063383,0.814569881193361,0.122140889475909,4.40374599752271,3.51740638566611,3.01381731970801,0.0247454680924005,0.0812924083536366,0.237093357673757,0.434691616199716,0.0848845027437935,0.00995842021445775,0.0624593233421951,0.125818813290646,0.0145872370256239,42.614704025,5.018693135,6.4185374775,-0.2133589825,51.00620055,6.72424705,-1.6994544625,0.05855945905,-0.20035558875,-0.133694027,-0.60443754975,1.1506238325,0.029824114,0.77797855375,0.244207473,0.47495357325,46.8744882,5.8164616875,9.59206708,0.294877235,68.4564152,20.5510476,9.6321032775,0.159453144,0.11075378775,0.75774589775,1.0748383875,1.4757043775,0.068055640825,0.995703906,0.74752423525,0.5324319815
44.74224392,6.3014687087,6.7167303701,-0.13941654681695,57.003054093,10.44280682901,-4.37103489393,0.05388559538596,0.1702058123359,-0.3438640199522,-0.9297336796168,1.2628165245,0.043192443034,0.93614704972,0.59382193498,0.48623541729,1.04016542774012,0.225883536266216,0.714530346989375,0.116426895733165,3.61398417831058,3.19493153048218,2.72559304431708,0.0205452839527141,0.0717978886072367,0.214419102392539,0.380839851111236,0.083077984150914,0.00845472636967759,0.0548629490221343,0.0933168120926594,0.0137836183341348,42.795771175,5.8771000575,5.47853933,-0.36709338675,49.9551299,4.2437083325,-9.853496365,0.014473167525,0.02578853215,-0.77516261825,-1.6771238025,1.107429205,0.028803508875,0.80382413825,0.42316096275,0.460872396,46.8466265,6.753535765,8.25045888,0.08013646585,63.675636075,16.739309575,1.1457331575,0.096689049925,0.311567106,0.0901334393749999,-0.182931661,1.4455083325,0.062340169325,0.99688405025,0.7979182925,0.5147259165
48.504154604,5.8411392259,6.4831171079,-0.08317736732194,50.238781152,3.06404022858572,-2.5473372984472,0.085232068356,0.0845439804486,-0.20039593921858,-0.2281948677953,1.24970046815,0.056283983419,0.90483859853,0.59694690238,0.50989734238,0.950761466429444,0.214962115263231,0.748433019759139,0.154281629910347,6.11210078534847,5.22869988478928,2.952888660005,0.0192607648987477,0.0710819296526841,0.232300173264271,0.352369326021967,0.104072965087129,0.00894038277122182,0.0534154725120485,0.106240441029285,0.0152695956746017,46.56745855,5.4142262275,5.2720804,-0.39816632225,37.35884695,-7.530717815,-8.1117295425,0.0462699868,-0.050619483625,-0.63813994075,-0.93771251175,1.0659689125,0.03929821755,0.78142415125,0.4162464195,0.4803837205,50.437080075,6.27998446,8.231827015,0.22376221825,61.369714925,12.765718775,3.1774988175,0.12243348825,0.222865793,0.2499699805,0.44715887675,1.451384895,0.073156067125,0.98894845325,0.81672363425,0.53862866425
45.793873702,5.5189142503,6.6936347304,-0.045652658125251,54.533165946,13.2567281799,-1.1631064497906,0.0583358516095,0.09608232479301,-0.09150017527034,-0.59638464906511,1.3452267678,0.053542516544,0.85158435769,0.3718415137137,0.48252231831,0.919796191636639,0.197909604092585,0.739715967752371,0.112396458946504,4.46610115448086,4.05476977865237,3.17410815455497,0.0231377442187732,0.082898927715743,0.249703243243116,0.418203323894052,0.0884570915317274,0.0124387727300213,0.0651768740952186,0.134648795151537,0.0152645673632081,44.05980035,5.1564000025,5.42001022,-0.2743723795,45.63764915,5.2020682925,-7.238862115,0.0138536766,-0.062141056325,-0.56947251175,-1.40646053,1.1824982625,0.03007181775,0.70798359975,0.060137447475,0.45274425225,47.523648275,5.9208149375,8.305850505,0.1665279705,62.92947845,20.946977575,5.0032568425,0.102535328,0.259133306,0.393600153,0.2311782375,1.5259162175,0.0785823688,0.96748326225,0.6209578465,0.51304528875
46.262176485,5.5850291964,7.5976347934,-0.07076678721618,62.731146675,12.80770478682,-4.372343905744,0.05640550115913,0.18170539102022,-0.34396699863542,-0.962282751937,1.34063927943,0.054250287878,0.858628148,0.56798323245,0.51331208099,1.16652330012348,0.221212206260294,0.780901986923477,0.134880935178768,4.6853236575082,3.74314911641792,3.09087730792686,0.0232844546020977,0.0819401550370113,0.243155574064749,0.427000267576602,0.10239101014305,0.0108576083481406,0.0632223699986363,0.117169378560998,0.0157581017524914,44.04741065,5.1614316225,6.2054278925,-0.34762882625,53.734732875,5.7876618675,-10.6145688,0.0145730787,0.029872975075,-0.835035286,-1.7818721525,1.1461567,0.03494152,0.71520408375,0.353936349,0.48359566375,48.55100795,6.032572675,9.2475579625,0.18199444125,72.15888475,20.2295647,1.5170004825,0.10293067375,0.34693645575,0.119340594,-0.12887320675,1.5427286625,0.07438127295,0.97265591375,0.81785171325,0.546822346
45.107193242,5.9121115841,6.946648511,0.04704039249436,54.774559489,5.144867261878,3.7689339593014,0.131976572734,-0.07817253198291,0.296497468921236,0.65776451437649,1.20771852385,0.052915925599,0.94711249885,0.400224338265,0.50072260615,1.03139894185761,0.229085430232512,0.752323094950079,0.106436724217584,4.1248387622764,3.26542469758819,2.66872303697419,0.0206931537775315,0.0715667076848921,0.209945208629226,0.368851924875929,0.0858316850567608,0.00922304027669252,0.0462541440334598,0.131415875450054,0.0161083753826964,43.167298875,5.492102085,5.560617555,-0.162409385,46.979490425,-1.3684696525,-1.650883115,0.092911249425,-0.2125413665,-0.12987297725,-0.060002728375,1.04468405,0.035893623375,0.835323852,0.0964401471,0.470583426,47.1817503,6.36967426,8.480077065,0.2678934945,62.965064125,11.461757075,8.91371189,0.17253949,0.067125797225,0.70123091275,1.3599004025,1.38307937,0.0723099461,0.998261191,0.648254464,0.53466004125
45.536855381,5.8192025144,8.2588786753,0.094056605927706,56.739054318,5.452428694981,0.9597887677113,0.114839277985,0.000172159306356,0.07550541971018,0.32362133182495,1.21453776649,0.044189943708,0.93819294239,0.41701009493,0.49498512271,1.22373360026239,0.196163343450096,0.774346672038689,0.106767742527975,3.17088842752161,2.70772988497416,2.26218176123993,0.0155393397312945,0.058745127481745,0.177963098737111,0.299114751900999,0.0715320541394185,0.00748145685625602,0.0493464182331497,0.104223142691542,0.0141661131024209,43.0722217,5.4216208525,6.845603995,-0.102601967,50.60374485,0.6294195915,-3.4853497925,0.0844475505,-0.11480439325,-0.274188242,-0.2625826205,1.0814499875,0.0304281452,0.8056776615,0.219641162,0.46831963275,47.9751912,6.2364112075,9.85336027,0.3038124025,63.007590275,10.850375325,5.25198777,0.14543292025,0.113791249,0.41316751525,0.88843855975,1.364737975,0.0598579212,0.99687573975,0.633595229,0.521780467
47.774209552,5.6970875538,7.0866642284,0.08378068666262,62.114749197,14.1491784838,4.703871156453,0.114447923817,-0.06010283729399,0.3700478457486,0.32459075493265,1.30876443973,0.047035288194,0.94333308722,0.64245985589,0.50930498733,1.02581854480808,0.21823879741954,0.773209549791779,0.138107480776576,4.45883552817823,3.51330786941315,2.74079509729681,0.0161432529055733,0.0679425886849956,0.215615030366255,0.320130424125584,0.111894624377605,0.00982527052589014,0.0515975724957627,0.134469123969736,0.0153931806927785,45.822443475,5.2882876875,5.6408881825,-0.15452347725,53.75861375,7.37918732,-0.67150541425,0.08223403135,-0.1771623835,-0.052826517375,-0.31257433875,1.09435206,0.02645783615,0.80893472475,0.39306403875,0.4811549175,49.8673868,6.1423642675,8.645312955,0.3709084645,70.99224205,20.9812013,9.712571275,0.1440941285,0.08315738,0.764076221,0.935298671,1.53022962,0.065145322225,0.9977560705,0.9216810695,0.54163282175
45.512292488,5.6305127338,6.2995040779,-0.06775299235375,57.04097012,7.66476051492,1.0857301715712,0.106261307954,0.007450807346598,0.08541307741467,0.04548023639868,1.3479425097,0.067102112619,0.90226411921,0.5884915356,0.48786672158,0.965728843203733,0.204005019800317,0.69937754507323,0.129456025826611,4.18120185892662,3.47170437816689,2.65009876570101,0.0222548506143207,0.0706446752107712,0.208480059524955,0.380292221652057,0.0901550553466408,0.00943478168596827,0.0555651702959529,0.109562545992564,0.013317136206698,43.66375115,5.23979083,5.0945263275,-0.29895318575,49.057283575,0.649077839,-4.689974255,0.05989703895,-0.122872793,-0.368954595,-0.7534815375,1.17170677,0.049441385225,0.7610991545,0.3869594255,0.46104790675,47.402290975,6.0158372075,7.7590524025,0.1916761125,65.742037475,14.1979152,5.8986920475,0.1488671375,0.15546278375,0.464042958,0.78717013375,1.521783075,0.087606714675,0.981917103,0.8086751405,0.51464588125
45.599884747,5.9667696144,6.2524243594,0.08263999620663,61.668138471,17.9657131805,3.994270436847,0.09067539416,-0.022188748703708,0.3142244166122,-0.0091581096802,1.420502767,0.058028006256,0.94696801573,0.50349627268,0.49804345832,0.888128690570869,0.222123663278577,0.743757935005739,0.113397865302681,4.21426699377157,3.88251565056556,2.86175627353929,0.0201927025299661,0.0726377920616328,0.225130899265122,0.351514919046398,0.0830538792886467,0.00794022885409958,0.0381945851922957,0.0983719348975173,0.0143245765038951,43.78430375,5.5462557575,4.964887205,-0.13654337425,53.381639975,10.2450963,-2.025727885,0.051729238825,-0.15413099075,-0.15936155425,-0.746116349,1.2608837475,0.041694762675,0.8524615345,0.32171940975,0.470846259,47.238524775,6.404018735,7.989248195,0.3200699845,70.2500449,25.112882875,9.483223215,0.130571783,0.12697215775,0.74603368025,0.6512933555,1.58462841,0.073093437275,0.99450285825,0.71129701525,0.52825569275
47.748348226,5.6644724014,6.4002559865,0.057823621611105,54.762870445,9.92685741407,1.8984843996164,0.096374468479,-0.0038194295505253,0.14935146785776,0.12417050928913,1.4109654774,0.061179538513,0.96230965501,0.64428159084,0.48293128452,0.968400988357102,0.202503454881748,0.691693152448389,0.144953094465653,5.00459818860734,3.95043343121117,2.73024161679566,0.017846981467856,0.0697192298771376,0.214784800661461,0.354728976600535,0.0943757615963093,0.00764253656197077,0.0281062529124588,0.114969283966801,0.0145492617278097,45.808042775,5.2907820275,5.260997155,-0.2186489445,44.228912225,2.277246155,-3.6158813175,0.063192968725,-0.13743321525,-0.2844570035,-0.56608685,1.23250955,0.045783928075,0.895131462,0.44884352025,0.45520623575,49.5832236,6.069493445,7.914963785,0.350825357,63.927588375,17.2827247,7.194364075,0.133722715,0.13539019975,0.56597191075,0.80449585025,1.6050213375,0.07654205625,0.99880717225,0.887519038,0.51227585875
45.555801406,5.6363822697,6.850406487,0.127909968599696,58.04965575,11.85190018311,2.1122922464727,0.0967545208948,-0.000337293682641,0.16617147209884,0.13020292425742,1.3830357155,0.046393562021,0.92141415956,0.41376089448,0.49287410093,0.972381671049177,0.204860921984421,0.799396589504315,0.117562199030475,4.27803783619742,3.49436792404416,2.80429503033657,0.0222654092782645,0.0744552167377101,0.220610492559596,0.388678201252093,0.0857300749323228,0.00973286945844236,0.0601008824756546,0.113612521775493,0.0137554670025129,43.803767675,5.259154015,5.5034519,-0.096611099325,50.0489541,4.6299007625,-3.66076945,0.050630174475,-0.1390904585,-0.287988294,-0.67168596325,1.2190651975,0.029704151125,0.77361051825,0.18606298025,0.4662855045,47.575532425,6.05348722,8.6255561225,0.35642011075,66.360759625,18.31098595,7.17811994,0.137829072,0.15028583675,0.56469399925,0.8559086685,1.5661612025,0.068837842875,0.9956912025,0.627466048,0.5201374145
44.683623057,5.4019442571,6.5760038548,-0.1089290592775,58.29547293,8.467034371197,1.0536785721046,0.105272775951,0.01221668522369,0.08289161666561,-0.03954965915521,1.3815978175,0.059119758649,0.9119505081,0.47922745903,0.5067167085,0.977799029850079,0.186145390668585,0.725975485839543,0.115679210065592,4.35448241659091,3.83127667999544,2.77150993022996,0.022119883940861,0.072360804102798,0.218031328784499,0.381221681158134,0.078881021158719,0.00921036219077075,0.0513831740219882,0.111825420722112,0.0144642173737176,42.912986575,5.0524593675,5.2723021975,-0.33477966525,50.0214857,0.91570080925,-4.3185459625,0.0614061057,-0.13293531625,-0.33973478475,-0.7982834015,1.233327695,0.041626322625,0.79608637775,0.27551245975,0.478313853,46.620566575,5.76219536,8.07606915,0.12970609575,66.763829625,15.9423343,6.3714633725,0.1490240915,0.1489153675,0.50123530275,0.72246191275,1.5452961525,0.0772166961,0.99005947625,0.72037072425,0.53581882125
45.141948714,5.7224950557,6.7464393707,-0.09658195500006,56.924947554,12.8524935409,6.98238700296,0.124743118272,-0.12872508793382,0.5492959269447,0.49000294073988,1.4377355053,0.054032120922,0.91025152388,0.64310512147,0.51568933527,1.05546408555413,0.197420457896505,0.698271756712851,0.132648172679514,3.84048224630611,3.39372560668991,2.84321199254946,0.0234290478001411,0.0759248600343537,0.223672043462137,0.417541791970574,0.0738388885923299,0.00994337079621878,0.0650152201953078,0.108117615184161,0.0138027645542864,42.93458105,5.3660045325,5.47731383,-0.37132189425,49.115573325,6.1032755925,1.5258820325,0.07830797945,-0.272816959,0.1200392895,-0.34557601675,1.30788354,0.035164487425,0.74552342325,0.448855796,0.48921668225,47.06723275,6.107313775,8.1799389775,0.14885941425,64.18562475,19.328566325,12.48640055,0.1698659425,0.0231515790499999,0.9822899755,1.242504725,1.5934197825,0.073397343125,0.99644578925,0.8758702405,0.54319227375
45.044181235,5.8511573561,6.4827928852,-0.28250225556294,58.067946286,9.0830114911109,-1.3721417263674,0.0843482243487,0.081569244935598,-0.10794472756304,-0.57848229040441,1.390788077,0.067871703712,0.83263728538,0.3156188932885,0.51251506429,0.976625645264442,0.208732112765773,0.760225314069496,0.110041785359097,4.44767394329035,3.79517010687717,3.62346990279247,0.0338695123099899,0.100940077106996,0.285053987863555,0.549569973086695,0.0822795833613926,0.0127215799296746,0.0747552706882633,0.128265311556419,0.0139152916073599,43.214425175,5.4472604325,5.19489105,-0.49276561975,49.574448,2.04945204,-8.5296281575,0.0212272379,-0.118659547,-0.671015511,-1.6210190175,1.2437142775,0.0437458463,0.6666280445,0.053945120425,0.485968555,47.06429605,6.2591143425,8.1264454925,-0.066455621125,66.584435625,16.442203225,5.6301090925,0.15007308075,0.27172267125,0.44291385875,0.5463473475,1.5562120175,0.092279092975,0.9651490695,0.54994313825,0.54058216225
45.722594405,5.2820126901,7.7096420124,0.10691567547466,61.547460528,14.754681622,0.30534822674689,0.07850163569264,0.06316899353739,0.024021375237489,-0.28459724307577,1.15490921691,0.047597255507,0.78218461863,0.4277964396,0.52508660973,1.20336854247377,0.202637748317725,0.807305979886066,0.106025081342407,3.76648057205529,3.20201091941062,2.95350296572831,0.0223782192907583,0.0784811319459886,0.232348500274635,0.407032035478735,0.0854740074502424,0.0103187244116886,0.0890581475434038,0.107737416095823,0.0151764803483104,43.30567185,4.8974412925,6.23938413,-0.094295453425,53.9793204,8.22966747,-5.0939608225,0.033725833325,-0.08858159955,-0.4007357215,-1.058504665,0.9943484605,0.0263016278,0.58341178575,0.22946409775,0.4974358245,48.06721465,5.6948780625,9.3466371675,0.3249632185,69.129316925,21.038049175,6.1811638925,0.12186074,0.21274242175,0.48626466975,0.5475540185,1.329746545,0.06721719705,0.94231456225,0.65263363025,0.55538341525
45.989077689,5.6759861843,7.484218346,0.27239106365432,61.10860233,10.58469591962,0.6189541928026,0.098962077859,0.03437535672902,0.04869237675566,0.17516417018713,1.2411101051,0.046504362784,0.88700763781,0.459722169584,0.48956444051,1.23027042372701,0.197947477055537,0.812636981587177,0.116771175750537,3.79976053489982,3.2788889444375,2.56240121885721,0.0178364191042204,0.064817070589507,0.201580999778019,0.327502973206729,0.0886348228040876,0.0095133053933832,0.0665139162195582,0.117053110719307,0.0145411266290878,43.371444975,5.318405905,6.0497297125,0.039993560225,54.04353215,4.3554125125,-4.56182164,0.063242414575,-0.0851474838,-0.35887298825,-0.50978141825,1.0744307275,0.027969812675,0.738804938,0.25169696975,0.46245612775,48.39015965,6.0681915575,9.2228183775,0.5088863485,68.1689614,17.282329625,5.3235713475,0.1310722725,0.1619144255,0.418798909,0.799512902,1.4091134575,0.06458107925,0.9880227515,0.6870821675,0.5192851185
45.406087533,5.3328655496,7.4348048051,-0.106825480743487,58.352349717,7.39245082905832,1.589431897939,0.114235515587,-0.007649692731502,0.12503868191395,0.1008061723693,1.18349738583,0.044083248679,0.92085067637,0.57818693067,0.48751316615,1.05995996587629,0.198786698964196,0.801027394530601,0.128491616681431,4.2347718257772,3.69831873790256,2.55469692767276,0.0186454716995985,0.0640843180424281,0.200974912574659,0.335661595688903,0.0753059079571269,0.00842722829720764,0.0548822799162903,0.102730825973583,0.0144133945925062,43.320537025,4.9401270175,6.1075218925,-0.354898254,50.012847025,-0.00103268913799998,-3.4059596925,0.076613241625,-0.137433583,-0.26794272825,-0.56299743125,1.0454226225,0.028901453125,0.784845094,0.3912043225,0.461353697,47.557398225,5.740690205,9.24655464,0.16377627575,66.412567925,14.41622385,6.62086209,0.1499788005,0.1204651605,0.52085519575,0.75123392425,1.33657861,0.0619217656,0.993202734,0.801896523,0.51701224775
44.091151192,5.6686852748,5.7544203076,0.077965184840442,57.782347633,11.1226205624,2.2061801751884,0.10016852456,-0.006441079273646,0.17355752191451,0.13550982289302,1.2593994131,0.047203644945,0.93381058867,0.57842138475,0.50393491942,0.83601874234385,0.194957120821707,0.648284954216331,0.116562717377905,4.00900471996905,3.09461056431767,2.41104013971787,0.0216574355880949,0.0660653611871528,0.189673606896126,0.367532170483397,0.078016719670915,0.00892082250613183,0.0519609068826672,0.11001202500605,0.0144047528227827,42.43886195,5.31854596,4.5932632375,-0.138276191,50.345425725,5.0502748675,-2.775522365,0.0554067106,-0.1323496915,-0.2183469795,-0.63903739025,1.1159315925,0.031897504825,0.811373184,0.3856894365,0.476554316,45.619267975,6.0702546275,7.154774695,0.31185864975,65.677863775,17.343401325,6.877747995,0.139649823,0.13125690025,0.5410641025,0.8299969125,1.413351045,0.06545502,0.99864493,0.80925473025,0.5332054205
45.236859066,5.7647095008,8.0761330201,-0.14297547500178,55.7300783,11.7404543105,5.25436493971,0.114564268748,-0.08683969444074,0.413354524771,0.2704626943403,1.3723183519,0.059682622574,0.94829363533,0.388657998557,0.51013825617,1.10845378112511,0.189184589074955,0.84867754582968,0.100003738874758,3.54122949883937,2.89793055590349,2.42570228773922,0.0185172950665044,0.0654510659521404,0.190827061100211,0.331145232049923,0.0749925071211034,0.00865271455957828,0.0363798635667637,0.0997708659550154,0.0133926996298972,43.046365925,5.4277225525,6.5246967775,-0.3277865835,48.801224775,6.34361643,0.544944668,0.074321865525,-0.210298993,0.0428701364,-0.409744436,1.23740626,0.04268475385,0.8523926845,0.19394443775,0.48477397025,47.305091525,6.163573595,9.926899765,0.055577235075,62.59842545,17.715982125,10.130864275,0.14989247375,0.0455667853,0.7969828105,0.88006861775,1.523848285,0.076527305875,0.9964787485,0.59436374475,0.536167353
45.556205512,5.5043037722,6.8261326468,-0.171716435677059,53.647062397,5.682632948804,1.2312058350666,0.108492804744,-0.006137477443428,0.0968574716108,0.05651206882372,1.20893569995,0.07320294481,0.90636866126,0.66065390922,0.48509884159,0.941755444531541,0.20000029009965,0.742440949642984,0.138561875602084,4.63388885423488,3.6920996348984,3.22889858055411,0.0286667107990458,0.0877943348012067,0.254013540082816,0.469386471641558,0.0862334680229887,0.0125611689446215,0.0483511616740413,0.11552963596866,0.0160232762160841,43.758477325,5.12201159,5.5574030075,-0.4487250335,44.0689546,-1.43061617,-4.7654304925,0.0511152559,-0.18670782625,-0.374890648,-0.88619729925,1.0458275575,0.04781168325,0.80467889,0.44899402175,0.455118735,47.4835498,5.914276635,8.4270195,0.088655899125,63.08675455,12.979304325,8.0119671,0.1626572225,0.16371616075,0.6302917505,0.9539116935,1.386139985,0.0967722734,0.986033005,0.92459247425,0.5187941825
47.752703704,5.6037359063,7.3299558446,0.14980922958177,57.528679476,7.2293783690088,1.5760377321131,0.112959120503,-0.00807373783927,0.12398497906972,0.35932305363973,1.1418462369,0.042050722057,0.94374677017,0.50492906509,0.51598510409,1.06808191275439,0.201535886475329,0.847812266827321,0.116605180740396,3.75999649595388,3.44336855139979,2.51708436185881,0.0151089379975683,0.0616455737247267,0.198015977307703,0.290979040640712,0.0813875473606853,0.00714119065767152,0.0487091431196766,0.107679914222527,0.0145583402010177,45.688220475,5.214405335,5.9490595025,-0.072793346325,50.3618832,0.36748853325,-3.1746766,0.0822309831,-0.13222232275,-0.24974796475,-0.214776912,0.99272827675,0.0287721976,0.81110488725,0.31057989975,0.490262732,49.8034063,6.0041157175,9.085690715,0.38262095575,64.998609375,14.025059425,6.7516399875,0.141439495,0.111369915,0.5311433365,0.94550775975,1.3157081275,0.056996932625,0.99830944225,0.72399900075,0.547378509
45.523794796,5.3848710464,4.8911341444,-0.2531093984721,51.492856932,13.1615061524,6.3372930710849,0.10591559640312,-0.109578403061498,0.49854716878227,0.18626125431275,1.12830275929,0.0487667363439,0.76972203299,0.434439175227,0.49928707213,0.776709143665988,0.201352234076929,0.605251820542551,0.105835657186729,4.2348311207641,4.11552189304966,3.51418423466547,0.0364090153111448,0.100512856786949,0.276456616759838,0.564137357880885,0.0791614233059897,0.0183197887704781,0.140595330585229,0.11398966694987,0.0155268117447741,43.9614272,5.0052821025,3.810588035,-0.4642112205,42.930678275,4.52992526,-1.0040141725,0.028508509975,-0.300090822,-0.07898458245,-0.9638967575,0.9737809375,0.021018937375,0.48185661125,0.17537352375,0.46992829175,46.957405575,5.7922117675,6.138591365,-0.0591385498,60.2161795,21.417529525,12.995101025,0.17358174675,0.090112204875,1.022308875,1.282147515,1.2813406875,0.087254255625,0.974446701,0.6393137215,0.53081579275
47.451071388,5.8108812051,5.7155377713,-0.12173499900538,58.793726015,8.760358612424,3.81768901608774,0.125087871757,-0.06198041649249,0.300332970073271,0.30479032438746,1.4225364029,0.050732977241,0.91218047533,0.27155797752155,0.52057447837,0.871328605765299,0.202363304825915,0.648705105614507,0.119861030179874,5.05316287095265,4.38852159675851,3.02908137841199,0.019221064749235,0.0752414970426482,0.238294162430147,0.351258193111101,0.0987250713449866,0.0110543383000387,0.0610988578871938,0.134567776679214,0.0139889332248311,45.8070545,5.428789555,4.569146575,-0.3603104135,48.279170275,0.12790540735,-2.1687809075,0.086398592425,-0.20598743325,-0.17061536825,-0.4178947165,1.2286810325,0.029404814,0.761732179,0.0230521633,0.49470743525,49.255924725,6.233032585,7.0801616125,0.11787282675,68.765989975,17.3998049,9.41565869,0.1637540545,0.07894464115,0.7407184665,1.0231252925,1.629250035,0.0714122186,0.99405962925,0.523154055,0.5492101805
44.641847244,5.7893467357,7.8319506783,-0.077856495195229,63.701342187,8.017571522922,-3.877654218274,0.0843381088368,0.1449514430751,-0.30505036026661,-0.60196422396334,1.19431443713,0.067754976599,0.87099742925,0.51516658177,0.50177195564,1.13618142558469,0.215024622172064,0.838938644896125,0.11736768016284,4.0427498976006,3.28477175994249,2.94772038503847,0.0253818754038437,0.0798371624341311,0.231893592023771,0.437182460959903,0.0889096040505962,0.0105741594649835,0.062059548643783,0.0985839293214313,0.0151201954755572,42.254505275,5.406087675,6.2799232225,-0.298269094,56.018625525,1.7847025375,-9.78330394,0.03551352735,-0.012817244325,-0.769640666,-1.447517185,1.0338334475,0.044660061325,0.72777128075,0.34041714125,0.472946108,46.772511125,6.217008625,9.6729362675,0.151420189,71.369853025,14.235298775,2.13529934,0.13282830825,0.30271559575,0.1679814095,0.21775259625,1.37094726,0.086501008825,0.972097242,0.736505933,0.53011909125
44.162144973,5.7043714737,6.2533781926,-0.020907079568839,59.955937183,6.9810771201796,-3.214809818596,0.085130312669131,0.121792688819331,-0.2529051938863,-0.421156929348709,1.3269259243,0.058542399815,0.92260520312,0.50823388305,0.47343593836,0.957168257778779,0.208901263466773,0.67269480482078,0.124837207150068,4.08445679598838,3.58877145463704,2.9038245649204,0.0267847058700468,0.0801861521873825,0.228440360794815,0.440906674324687,0.0779339991624015,0.0084444255389319,0.0515878937541202,0.125198863880416,0.0136433567453776,42.262325125,5.3043900475,5.0791371,-0.275504413,52.2822522,-0.34315167625,-8.7083564825,0.03447736705,-0.0436702231,-0.68507585375,-1.2977084875,1.1744717425,0.04347901195,0.80319870625,0.26669326075,0.44867704775,46.05246265,6.1172172775,7.6385194375,0.22603258825,67.958292125,14.0053432,2.648833585,0.13790669175,0.2735764615,0.208380524,0.40344410525,1.47559925,0.075645219325,0.99471060375,0.76617824725,0.50142290025
45.897701824,5.594210881,6.1692554677,-0.12703373719734,61.721719952,17.4820371099,1.7422755109409,0.07673612917638,0.0370776888609146,0.13706270375736,-0.4913042170014,1.16382125429,0.038448024133,0.85694232934,0.57653704349,0.50671909903,0.841381507165404,0.195549144283817,0.675493429723057,0.128262215334608,4.68467415511982,4.08395181775492,3.38936826016297,0.0282011333084236,0.0904376019923654,0.266637494955762,0.482227235680094,0.087948439712313,0.0117406933967709,0.095372778877091,0.10647456968365,0.0150083446581684,44.15297155,5.2295655175,4.9943099975,-0.38696104075,52.381191125,9.89491364,-5.01054811,0.0221331619,-0.14430744525,-0.39417375275,-1.3926977175,1.00415636,0.018349315725,0.638536126,0.365054356,0.47880873775,47.40482535,5.9912591775,7.5534737175,0.11546302025,71.106679475,25.61967665,8.6197727125,0.13545823825,0.217391743,0.67810708275,0.491632495,1.3334511775,0.065526824725,0.98362649175,0.8093619345,0.536418097
43.521998643,5.8939940215,5.2941021743,-0.05721193873776,54.231639187,6.238945621078,1.7406501694077,0.1109852760804,-0.017378365975328,0.13693484011173,0.2098429011073,1.2950023966,0.05903294934,0.83885969076,0.49600345368,0.49310970215,0.774502234598381,0.207988869308424,0.621805285915867,0.111555068650481,4.62081216201343,3.88027195454062,3.52045525249764,0.0384630214212639,0.101680710455286,0.276949949205141,0.583026337916741,0.0753221522279414,0.011012017970593,0.0922878996795384,0.111589666844072,0.0147439478975533,42.140096675,5.51565265,4.2227340375,-0.2623258,45.01208555,-1.3036015375,-5.3433863775,0.035825756425,-0.22442725025,-0.4203577315,-0.9408139755,1.1580766375,0.038811188875,0.63919921675,0.29453957675,0.46453951375,45.080642575,6.313589165,6.6292604925,0.17088876575,63.14726385,13.812690225,8.76840179,0.18740809125,0.1808019125,0.6897995435,1.3690665025,1.439133715,0.080911245175,0.98997321825,0.73530909,0.524464438
45.820514041,6.0316592349,7.7767300575,0.05218478381058,50.68483147,9.88027939961,4.824798359756,0.108201357106,-0.08410456540936,0.3795610419796,0.4832448260679,1.3190204338,0.045254873596,0.93989322126,0.57124821636,0.49244378364,1.19294459172852,0.219541457219719,0.808052800294788,0.125325791678659,3.83920996691029,3.20946918928713,2.63727553140798,0.0185320725824499,0.0688206780455304,0.20747127115318,0.335365877489853,0.0828694404137845,0.00738171390263081,0.0481920754474672,0.103493389071432,0.0149035775019774,43.451679225,5.628222445,6.3791397475,-0.19004461675,43.1374252,3.544634585,-0.26615761525,0.070807608175,-0.222876175,-0.0209382971,-0.18979531875,1.1655185525,0.031345513,0.82411407625,0.381814575,0.46473852975,48.304169675,6.47582845,9.40211646,0.30398346775,58.474744925,16.2984839,10.19051045,0.145207483,0.0553808462749999,0.80167508525,1.1689816575,1.4915936,0.05948406215,0.99873676175,0.79839345325,0.52316504375
44.714304621,5.7444867671,8.3397540055,-0.033640681909387,55.464955432,11.6769024936,0.758100924166,0.08170301611815,0.035862956817289,0.0596388813307,-0.222343229602851,1.3698675468,0.052512075047,0.88128942234,0.351098694231,0.50434142969,1.28534013416947,0.198087136573219,0.922359425733211,0.102937119481872,3.82801424038587,3.11368168795899,3.1907716293849,0.0245214576759923,0.0862238014634448,0.251014138683091,0.443563950733245,0.0848879321414792,0.0103811347177876,0.0700111039348201,0.13753846499705,0.0150688948128533,42.342185175,5.3814676725,6.79533834,-0.23970266125,48.3367624,5.4485829675,-5.542569945,0.02957190575,-0.1311869055,-0.43602726875,-1.14866948,1.217513835,0.033129632225,0.73763491875,0.0472161017,0.47719058075,47.209435475,6.1571252175,10.530040125,0.17261579025,62.789931875,17.470299025,7.0246086075,0.1251417665,0.2110427805,0.55261745025,0.57043837175,1.544737455,0.072953524575,0.99224854875,0.60046007125,0.534104246
45.966570233,5.7760006673,7.5241512811,0.104912694998285,52.680525091,11.1223325009,2.1281080487645,0.087643620468,-0.00430654499325,0.16741568237039,0.11289695915055,1.3068181575,0.041907132117,0.90885215571,0.45681325316,0.51158532135,1.03400929946511,0.199797142727434,0.812325236184383,0.109739509639684,3.65935584983691,3.02929350459016,2.59877490112755,0.0183185945013961,0.0683337675196798,0.204442473172194,0.342841737363496,0.0692471169333542,0.00789091958996086,0.0604745880179208,0.103384056686398,0.0134827612205767,43.994164775,5.39833778,6.089383845,-0.1021160725,45.634306975,5.5582063275,-2.6289647575,0.052485587,-0.13378581325,-0.206817471,-0.5429071785,1.1845920975,0.0274958417,0.771742323,0.25681608425,0.48569839675,48.010888475,6.1606457575,9.2602537125,0.3170779415,59.272919925,16.679263625,7.07551615,0.1237827595,0.12161880825,0.5566222795,0.7762146395,1.44578073,0.057888933825,0.993767274,0.67829996725,0.539032048
47.232069941,5.2316606042,7.3441125525,-0.12776033269819,63.283732053,13.5682446317,-0.19592051112582,0.08441396666,0.07113170353591,-0.015412829430674,-0.50060738837261,1.3806914422,0.052318024247,0.9164206193,0.56500315823,0.53384875207,0.991570138097846,0.195097875747293,0.796542230417684,0.135551261514764,4.00444519204035,3.30482050099924,2.74718760893,0.0185944847177782,0.0707998754628195,0.216117921202241,0.342304981262641,0.0844976528191333,0.00970312415505268,0.0464616754658373,0.10612216317124,0.0142621028199758,45.34534315,4.8662757225,5.9744608625,-0.3848645365,55.6358368,7.2904836125,-5.57053559,0.04674447805,-0.064071471475,-0.43822728375,-1.188465755,1.22267355,0.034688296725,0.81264519075,0.3677350505,0.50713469475,49.183238425,5.620958325,9.0058128425,0.15224384825,71.592893275,20.000473975,4.8692933825,0.1194406035,0.21346156875,0.3830614095,0.133783398,1.55060755,0.07234604365,0.9910169975,0.800614515,0.56166278775
45.75912475,5.5162811061,6.3382127871,-0.05371025322582,60.399258529,16.1002290902,2.6460425355084,0.0865437872859,0.0056537740191382,0.20816096073913,-0.222034524503652,1.4652395998,0.058116130533,0.95527428524,0.429055603816,0.49936555729,0.933974113654357,0.209604217710402,0.742873194345843,0.13216784667928,4.64235274458961,3.65239334830616,2.9311867754468,0.022319373946614,0.0778576661287807,0.230592912820462,0.384826408602707,0.0882176646137867,0.00997905057102195,0.0337015470384815,0.110670682078866,0.0147574067677537,43.89700105,5.1270143675,5.056891845,-0.3058857495,51.2951233,8.7936354025,-3.2792313325,0.041570711375,-0.15467991375,-0.25797315825,-1.04172837,1.2942737825,0.040344846675,0.8756155585,0.23482416675,0.472026681,47.6270652,5.94411794,7.9216887325,0.217817061,68.800989575,22.64275405,8.409707245,0.12783772475,0.166802575,0.66158147375,0.48967427025,1.64285488,0.080126183075,0.99846016375,0.648911558,0.53049600525
44.048452235,5.8109330005,7.7360850511,-0.03821152263577,57.581287295,11.9525461775,4.854509111765,0.11503375413,-0.07487215897117,0.3818983510984,0.32270002752972,1.2744023946,0.047203067763,0.90767822877,0.60243566754,0.48245369843,1.16823824481117,0.212305616725356,0.811913627657383,0.12744792815482,3.73448696760083,3.24759318021536,2.79959361173942,0.021816413247577,0.0762613930227002,0.220240638346178,0.394919889617976,0.0871163776568487,0.0104824236394551,0.0707683272378334,0.126358629865515,0.0151043354211186,41.57413875,5.387871015,6.3205540325,-0.292793141,50.556044875,5.338446925,-0.42135505075,0.071242523525,-0.228466084,-0.033147491275,-0.433813949,1.1149350475,0.0266285211,0.73153450875,0.39186846325,0.4542254275,46.181331675,6.2331325475,9.5248061975,0.20784956625,64.703757825,18.22032065,10.429347675,0.15622777375,0.070183798825,0.820464174,1.10503972,1.4421661825,0.0668651253,0.99499713775,0.8856427765,0.5124476565
44.672502306,6.0684756229,8.4332361012,-0.1466790229012,54.607664534,12.7447099934,-2.8391364628085,0.048743639144359,0.1394538802581,-0.223351426321318,-0.8906144444362,1.2449326715,0.041531320535,0.75727877428,0.3002631138256,0.4983913545,1.23348792964162,0.222630618710563,0.888551005799623,0.0959762322344906,3.14374292503681,2.78909866935544,2.85532608213867,0.0256410303965447,0.0809530299511605,0.224625043820474,0.42810764206951,0.0778982675206968,0.00979737119909889,0.111032971827808,0.119475091126272,0.0135453850836372,42.051965225,5.6581051075,6.8879109075,-0.33006844,48.2918066,7.488300695,-8.3288211,-0.001699998535,-0.02422770715,-0.65521827075,-1.69624492,1.095200785,0.024456263975,0.52515490425,0.0678330666,0.47281631725,47.192623375,6.5397219525,10.344125375,0.05837105255,61.068820325,18.406391025,2.8005232175,0.0983046795,0.29459215175,0.22031377225,-0.076923349525,1.403299455,0.06257342845,0.96811740975,0.53474424975,0.524077992
46.516784054,5.6121227716,7.8649874914,-0.28610591098093,58.470767099,14.02743650724,0.7580103481772,0.07791549221,0.0472595722614546,0.05963175579034,-0.59582160275,1.4085959425,0.042320123537,0.93553251756,0.71388682418,0.49731717915,1.13486313857808,0.206966846699279,0.797080358022693,0.154147041636359,4.68155936865345,3.86233819929114,2.75771494387676,0.0200855378115054,0.0714282849336658,0.216946093741386,0.374960529200821,0.0863016180073453,0.00834553574459394,0.054101127477429,0.133891208627567,0.0157026065772274,44.282497325,5.2253221525,6.4545380625,-0.60063711825,49.807044125,6.4964384875,-4.5115850775,0.04205683725,-0.099917047725,-0.35492093825,-1.29187524,1.24951789,0.02790386805,0.79452572525,0.48037113025,0.468954258,48.945243425,6.0430101775,9.61194348,0.0134907575249999,67.643477825,21.828199475,6.1286464675,0.12066389675,0.181925421,0.4821331895,0.1794631115,1.5836576775,0.0595816103,0.9972797585,0.9749615845,0.5292970515
47.431095748,5.7690365058,7.3052678321,0.1587123537231,61.407218582,11.4784700592,1.49079793530711,0.101850813527,0.014855623338643,0.117279267684718,0.12612519727395,1.5364844482,0.052373589701,0.92274085661,0.54564566876,0.49448974525,1.07226993784904,0.217440104794152,0.818106601426528,0.144477961165161,5.21992566963972,4.32204725480636,2.91482417973276,0.0203488391881333,0.0749314002092085,0.22930568730517,0.380101501877838,0.103306635328894,0.0103577676435098,0.0529312714143387,0.129824895388052,0.0144901232611925,45.2938246,5.3484710275,5.9272855175,-0.13651626525,51.4246759,3.4682709125,-4.6250995475,0.06154070795,-0.123654079,-0.36385097875,-0.65980038825,1.3575613325,0.03377626035,0.79668523675,0.30424039,0.46685391125,49.548014425,6.19572019,9.085588685,0.415483399,71.540722875,20.167526875,7.0925905375,0.14196495425,0.17261635,0.55796550825,0.86233981875,1.758701515,0.0731512993,0.994689383,0.81474353375,0.5247326705
45.791686183,5.8162974644,7.7198530413,-0.2102017395414,54.042630814,9.925189400151,2.329100274188,0.097809246457,-0.0156084886871685,0.1832274970204,-0.09142454568202,1.3027413842,0.044196342935,0.88714406423,0.6038542114,0.49990579899,1.07324169081584,0.200988464691939,0.763657786326324,0.124950750888301,3.84344264753089,3.30200374473043,2.75657988365582,0.0219186026620113,0.0733872339167468,0.216856800118011,0.38773205895546,0.0790513749481675,0.00921375596625061,0.06959232865509,0.113650684307094,0.0142681068104791,43.7209089,5.4609941875,6.3426956925,-0.451803552,46.012099475,3.7328531875,-3.18893649,0.0545027721,-0.14987986975,-0.2508697685,-0.82244429675,1.155567445,0.027057240625,0.72617596675,0.4037258895,0.4731734665,47.9774891,6.2354811525,9.3765819025,0.04073854675,61.407906225,16.57302555,7.4514195125,0.13894460475,0.1308361465,0.58619415325,0.62911916125,1.45396243,0.0629178062,0.99316227825,0.842193577,0.527459054
46.765061273,5.8857526905,6.7398701239,-0.205756677147369,52.879699118,9.97080595857,-2.5892710814282,0.05928573619432,0.11917154596679,-0.203694819186793,-0.7593922300643,1.2710425908,0.042789267563,0.88981152783,0.61166837808,0.49171323354,0.995503267431938,0.215997862806609,0.733176665832931,0.119946664268704,3.80429611676232,3.50293884020027,2.59100267385799,0.0186674612352623,0.0667256367330581,0.203831041640758,0.345887899136782,0.0823766186455981,0.00834512821627519,0.0626671841127753,0.105010359548755,0.0130680569734868,44.68280265,5.49760604,5.4710092775,-0.44562594575,45.2304179,3.067129655,-7.60346768,0.02180906515,-0.0065782447525,-0.59815558775,-1.44002421,1.117139185,0.027683479825,0.74937897325,0.4186087985,0.4662097545,48.746559,6.3099664275,8.348424975,0.04261083915,60.046120175,16.602546575,2.3052679575,0.09824324645,0.2528852675,0.18135263575,-0.0578177593500001,1.43978837,0.0594650381,0.98704740225,0.829455512,0.51767067525
46.739890638,5.53407878,7.6244582173,-0.00494675946319,57.623338947,12.5709970526,-0.861664147569,0.0709225792325,0.08451127753996,-0.067786074493163,-0.4494887563125,1.3714026525,0.062393219913,0.902423218,0.48302494864,0.49207775716,1.08722950816263,0.189417232794357,0.791985899952929,0.110615930448849,3.95779013527291,3.35440418420479,2.93871046236325,0.0215245179371314,0.0759167250151538,0.231184792137412,0.388268460076921,0.0818664653890853,0.00915643164852387,0.0403724433393587,0.0881033844061189,0.0140282644429614,44.47301625,5.1813572775,6.2176359875,-0.21350339025,49.956945375,6.329656865,-6.308073915,0.02970586965,-0.065001125475,-0.4962485335,-1.22087785,1.21744784,0.0468307806,0.81719762975,0.3180979765,0.46688767425,48.728766125,5.9171919675,9.214602465,0.21832024575,64.968428525,19.1556807,4.7673487725,0.1141492265,0.22516842475,0.3750415535,0.332876215,1.5329348725,0.08042684755,0.97414000075,0.67413896025,0.520324703
45.961521814,5.9138171057,7.0525468518,-0.12865003582652,64.10869884,13.7465382002,-3.6032645122287,0.0608725920871,0.165215552136127,-0.283464453900397,-0.9638252979021,1.3294430482,0.061056130331,0.91626746191,0.365288891839,0.48216246699,1.10317465341259,0.231278299345841,0.789189321512356,0.120346418870809,4.62000424030845,4.08916745733203,3.34474161676551,0.022207537961822,0.085418651196514,0.263126770738512,0.413472265335712,0.102271402725054,0.00896576538080502,0.0463948730722448,0.121874805718913,0.0163934335173067,43.765314025,5.489256085,5.6581921725,-0.364943858,54.587144525,5.4055406025,-10.325333025,0.0158887409,-0.009005596395,-0.8122814735,-1.7723264325,1.1408299175,0.04397820445,0.8102891315,0.113737227,0.45130283375,48.140296025,6.38538762,8.684334565,0.097301737225,72.834077625,21.66431685,3.34471645999999,0.1049140085,0.33453242,0.263124797749999,-0.164497075,1.5299393275,0.0790335233,0.987083237,0.6026676395,0.51497972725
46.87214949,5.8702669385,6.329657227,-0.07047191579566,52.972592068,8.672452010708,2.19376579729931,0.100095415212,-0.0179785540118256,0.17258089750908,0.098689390188397,1.3582746813,0.064012429145,0.86436425411,0.397470298339,0.4724706039,0.934340540140154,0.218360680350281,0.693097363645097,0.127059375795412,5.0553122963336,4.10075517834027,3.1343963815569,0.0225291962455669,0.0803550090027981,0.246579165954019,0.395575744911548,0.100038480878761,0.0103502047986901,0.0642024712793496,0.103794170594555,0.0141261241275053,44.99975955,5.44419534,5.111912475,-0.3169951245,43.0893216,1.133371691,-4.2558175725,0.052657527825,-0.16874237875,-0.33480000875,-0.73828342625,1.1833246925,0.043239284525,0.7227784935,0.204703317,0.4465675045,48.62460775,6.3105634675,7.8682219625,0.18111136825,62.53020135,16.68723455,8.2120283025,0.141408113,0.1462162275,0.64603031825,0.83089676525,1.57075537,0.083084545975,0.96945433525,0.61526696325,0.50104305925
47.052503297,5.8326901059,7.538326411,-0.16527427891243,53.611685166,9.87513017987,-2.3779740749809,0.0629717162102,0.112927006664874,-0.18707233946201,-0.6790542202469,1.19610762618,0.047178797956,0.84986526352,0.434926919124,0.52138924214,1.20196640063386,0.221002705504913,0.841769669098562,0.108751469319236,3.54663209254165,3.16666743925991,2.68497150805799,0.0210449247226513,0.0712275806941559,0.211223455939927,0.372581746685354,0.0740886593734922,0.00980043028915517,0.0713993757750284,0.124154132620913,0.0146298205753761,44.781015475,5.419008935,6.059616325,-0.37692707775,46.78028365,3.266567195,-7.7027737475,0.01989625195,-0.026091913825,-0.6059678825,-1.4199123875,1.056661015,0.027828048425,0.6879129985,0.1815333915,0.4941986195,49.490863625,6.27109641,9.3942611775,0.0596731793749999,60.55601175,15.911502125,2.934569745,0.10486312275,0.25563372325,0.2308590515,0.0509405138,1.3485778825,0.065534244,0.9637027095,0.698882904,0.5499684315
44.946130066,5.8300384086,8.0396125121,-0.19786436003299,52.777719712,11.53423805972,3.9739176482297,0.09932824563,-0.05280829563497,0.312623287080058,0.0335806251781,1.28101508,0.04923313057,0.95445492821,0.65200117796,0.50536461676,1.30949742854949,0.215467504004166,0.805940418509912,0.132343235618645,4.44751118033097,3.45436335580038,2.86893770498655,0.0199021665891106,0.0748601086248984,0.225695853458204,0.375390912913155,0.0865111469364941,0.00901997122701038,0.043294283270948,0.11740838545823,0.0162131552274792,42.286773375,5.4197957,6.4956521075,-0.4342111615,43.659435725,4.60940143,-1.5809457775,0.0616838486,-0.20013462125,-0.12437108975,-0.71330497425,1.126726045,0.031846698075,0.847393893,0.4306057715,0.47563739075,47.44202175,6.24215841,9.6876443925,0.054756924475,61.24892855,18.305110875,9.68413627,0.14071548375,0.0953689061,0.76183926575,0.757838504,1.4487619275,0.067424546775,0.99902723725,0.8898970015,0.5406778845
46.368136646,5.7646880007,6.2932916299,-0.069506951245455,60.067882232,11.09153804727,-5.008585061155,0.053468053925901,0.1907928866909,-0.39401931937679,-0.961738051202,1.4024984096,0.059244526116,0.95150838208,0.65782083327,0.48416578591,0.943975276266028,0.210119976624301,0.70436626315731,0.148213291835291,4.93759729794786,4.02498254525914,3.23248318469309,0.020631647218086,0.0819463294198526,0.254295536516444,0.384337305172352,0.103059290555353,0.00966158254145774,0.030985523958498,0.122568614287874,0.0146216589643187,44.455429125,5.3667534025,5.1015096725,-0.35362981025,50.966120025,3.3138808975,-11.6163973,0.01208067765,0.02609625145,-0.913847889,-1.7373179575,1.21067979,0.042214584775,0.87693296825,0.438568126,0.456551285,48.205493725,6.1724716475,7.8271351425,0.22536009675,69.57772105,18.7416001,1.133208785,0.09237449805,0.353399502,0.0891481641499999,-0.220899597,1.6112318675,0.078866071325,0.99664485175,0.91087464825,0.5125942975
43.826399609,5.8714358036,7.503961652,-0.1357522247594,55.716609122,11.17683561956,6.37452915402,0.125235433106,-0.1202177498932,0.5014764860381,0.46259583833514,1.3974902887,0.055273760807,0.95829310492,0.3783632781559,0.50599466317,1.08157122582789,0.225284258053832,0.774658356409124,0.107953893659647,3.86026690407007,3.4013989794166,2.52169892306336,0.0204437802905345,0.0673864257711937,0.198378998968567,0.347357713584952,0.0869790394841264,0.00973035646723312,0.0383284909257162,0.171162123754024,0.0151123475760851,41.686460525,5.4568502575,6.108541035,-0.3517903145,48.20795885,4.5793697075,1.63349087,0.0862826786,-0.2484221005,0.1285047425,-0.219962242,1.2364666725,0.037241056225,0.86608516875,0.029241820575,0.47874887125,45.970285875,6.3486403975,9.18529735,0.07521742855,63.183069325,17.646237325,11.204385725,0.16463357775,0.015724997675,0.88143544775,1.1412674025,1.5733098975,0.075133450575,0.9989687375,0.71072255925,0.53657621075
45.97780683,5.492434485,6.1698653887,-0.186193289187561,48.058678391,0.94439703174971,-4.1106155694322,0.0785795556668,0.11703791514867,-0.32337714727898,-0.4280335700202,1.3390555387,0.044791724042,0.91944332644,0.424820539162,0.50806159102,0.904658063379772,0.20171287209847,0.652654080954352,0.127562696137195,4.68553810140795,3.75866340320497,2.93468082063166,0.022876182765433,0.076966457934838,0.230867784851961,0.40249777751455,0.0956797139247004,0.00971909992840637,0.0689891732461218,0.133381868627651,0.0164206704123547,44.2065241,5.09690849,5.0173988075,-0.44271393575,38.90684495,-6.58922878,-9.5174942425,0.0323735495,-0.04107633995,-0.74872974525,-1.23630957,1.1696063125,0.027176526175,0.7399893665,0.1553627175,0.47766867575,47.72680675,5.8829304125,7.5473942925,0.079527632325,56.365145725,8.0443358325,1.7570381225,0.12112059025,0.26071083525,0.1382240575,0.35667859325,1.54304437,0.0653939216,0.99695065875,0.7047778905,0.5409680965
46.075421642,5.5700506599,6.738022517,-0.160884966743823,57.641487925,14.6530950361,3.2678635127162,0.0912474168839,-0.018373205950444,0.25707886370675,-0.17813255616381,1.3870349329,0.052995716303,0.89411258018,0.356016144858,0.49404063731,0.975217815117049,0.209245606996648,0.744394136567864,0.113667343914667,4.41696796815722,3.99332423297475,2.9595439714305,0.0222582428287282,0.0769795043573679,0.23282373833063,0.399088773251188,0.0887311068767828,0.0102662894075269,0.0659553551117691,0.110681057290014,0.014534262511015,44.2428685,5.17380816,5.41709708,-0.3702869635,48.471885075,7.16745958,-2.469716355,0.04716687295,-0.16533147225,-0.19428958925,-0.9645734105,1.2177571725,0.035250256275,0.74325737525,0.13910904975,0.46632036,48.039121125,5.97974705,8.3070498575,0.07283272745,65.9983535,22.70955965,8.88187711,0.1354445275,0.12573839425,0.69872651325,0.6191117245,1.5700537175,0.07397065175,0.99427181925,0.57550211675,0.52350564575
46.795591913,5.6691669988,7.3500567926,-0.01814289047935,55.264597906,6.1444662866714,1.57290095276214,0.112628800843,-0.01324699659995,0.12373821257818,0.240081306907419,1.5091904859,0.053000882084,0.9349451377,0.3767082190377,0.54000605775,1.09721521115757,0.21148636149885,0.791193803579271,0.127789169714476,4.55051643756151,3.62398090079346,2.8202026155947,0.0188368445594283,0.0727515827439492,0.221861923267654,0.353439264084281,0.105764963119862,0.00925946533650051,0.0533700215706434,0.134493778131439,0.0161668415703793,44.674521575,5.30450633,5.955564985,-0.271064434,46.405866825,-1.2880513575,-4.0738272125,0.07379638505,-0.14981121475,-0.32048305525,-0.4576642255,1.3267890975,0.03283433765,0.8088591905,0.1067410715,0.5095186455,48.8041753,6.131111725,8.876617955,0.21865799275,64.105490275,13.61398815,6.8966216725,0.14922332125,0.1341189475,0.542548871,0.91709907075,1.730727925,0.06973900615,0.998123176,0.63782831225,0.5714960975
45.653636563,5.8627326682,7.1487442901,-0.12360630821578,55.76828898,10.917230626,1.4956686311368,0.091252312585,0.01200177880895,0.11766243935076,-0.1643541649512,1.3918793198,0.050957287211,0.93648705407,0.60680808938,0.51154835505,1.02757420289126,0.207439641894033,0.783658362374272,0.125592135806383,3.6818408548786,3.27845472741344,2.725442683644,0.0224718229049817,0.0729988283745154,0.214407274288847,0.403181560896628,0.0812082057901356,0.00906674000782216,0.0530035706596097,0.121032398425542,0.0146684954633006,43.5208898,5.4773955975,5.80955635,-0.3688319325,48.9583303,4.4266274125,-3.947340965,0.0467917011,-0.13927056575,-0.3105325295,-0.927534165,1.24060211,0.034026314125,0.80572015225,0.39550394625,0.484914344,47.423959725,6.2882395625,8.829370695,0.1249101875,63.436783675,17.4627494,6.913513245,0.13826501575,0.156620041,0.5438777125,0.62356344675,1.5644601525,0.06967834715,0.9985243305,0.8715241785,0.54200213225
46.846943586,5.6422593196,6.2452776042,0.102061002800022,66.327028929,19.2918564555,7.03502209246,0.117487093142,-0.098950498066328,0.5534366655684,0.3731764683062,1.2604453347,0.060587408193,0.89719244145,0.72337126118,0.50501958984,0.927435607504902,0.203810631930813,0.703089635570862,0.156707585475103,4.94277934015356,4.13032417226787,3.18117601971736,0.0266160834982567,0.086157532438674,0.250259263264034,0.452026679833331,0.0886974253192114,0.0120121087481164,0.0627038150850472,0.125500641045214,0.0152596074359138,45.0681589,5.2692341725,4.9596465325,-0.216227897,56.226550375,10.217001775,0.610236933,0.062790311375,-0.25806711325,0.048006599975,-0.611055749,1.0915049775,0.03825782605,0.7549813505,0.491559927,0.47611312225,48.57462475,6.07936025,7.6705368475,0.38826917575,75.293934125,26.69988425,12.791727475,0.16958769375,0.080240389425,1.006309735,1.2371073625,1.43794649,0.086732129675,0.987100283,0.98073853525,0.53590024075
44.926639476,5.6380639923,5.640349768,-0.04535591628088,59.913158344,15.4868436047,-3.9144339825946,0.040763187399922,0.1821647339002,-0.30794377931873,-1.06111740409,1.314393904,0.067867927791,0.87874350075,0.62131446135,0.50136742553,0.803829326977352,0.187674591994948,0.619151464590107,0.125704777421529,4.27103049903291,3.64362498122222,3.67106037324139,0.0343765298713639,0.103003793622936,0.288797872349204,0.546455051409524,0.0845067682220578,0.0120689422363337,0.0586914072942643,0.108063459744534,0.0136076945450422,43.3955486,5.3027756525,4.5519458,-0.283060138,52.0673948,8.1068674425,-10.9105515,-0.024470260025,-0.024514001825,-0.85831986175,-2.10165124,1.1446665475,0.04423640875,0.74856562125,0.42468405725,0.475779328,46.47798515,6.016096075,6.9281768,0.20236922025,68.13753165,22.964223925,3.3002590775,0.11193182625,0.37695446775,0.25962738525,0.0385430789249999,1.486079485,0.0920929014,0.9782579005,0.84137538225,0.5290903985
48.348940564,5.4548178076,7.4742401047,0.065182251727637,66.755673213,13.3528974143518,0.173169655094,0.096217132686,0.059990088019018,0.01362304693084,-0.2182855433798,1.24568414049,0.056150709426,0.89342979891,0.55050977523,0.53467724927,1.07335916934597,0.210613871452882,0.832351768347276,0.129987497277896,5.41752455029117,4.88446779707384,3.28234107192054,0.0211216978087347,0.0799543466077144,0.258217795717676,0.384672243818621,0.102733572805032,0.00989137717289498,0.0593950855182323,0.102004447156289,0.0167433372048512,46.163410075,5.0538341925,6.0282272725,-0.19058231925,56.1521314,3.3956974275,-6.050889825,0.053666275275,-0.09847835415,-0.47601616425,-0.97333319025,1.0673675275,0.037557234325,0.75942846225,0.369211651,0.5030274765,50.34947545,5.904300295,9.249630245,0.34167878825,77.528001775,23.455442775,6.7324674375,0.13582509025,0.2140432775,0.529635058,0.489315216,1.46434468,0.07526478275,0.9873827335,0.76161351475,0.5674502465
47.736193233,5.6584825891,7.3781297438,-0.11865445288953,49.535499713,6.744716907593,-0.06706090370834,0.084564227881,0.034529477524241,-0.005275599989898,-0.1614112261201,1.3934116021,0.05404569593,0.91574216379,0.48129159776,0.49211867953,1.14471614757433,0.200730046252754,0.766984427995444,0.126157920574389,4.8860566436724,4.14293266136779,2.79855570791194,0.0160090107917272,0.0675796667796741,0.220158987486076,0.312407286013167,0.106242920703544,0.0102413885265936,0.0446598901578357,0.102307637293647,0.0138871573043301,45.540950525,5.2639017525,6.026482595,-0.3476566645,39.7158691,-1.5393721475,-5.67118673,0.0512514226,-0.10055815075,-0.446145389,-0.779133464,1.209692685,0.034076768325,0.81005526575,0.2797040805,0.46600405275,49.953407575,6.05390085,9.02296703,0.118708801,58.5537124,14.56396065,5.35948482749999,0.1141955155,0.16566925225,0.42162418075,0.4282405015,1.635653105,0.073682347125,0.9850786345,0.69046258025,0.51976438625
46.82704093,5.6349068832,6.3707495737,0.12117677281201,63.575265276,20.7591291279,6.474240313965,0.100215055231,-0.07649583330583,0.5093206425779,0.205967079028902,1.4916109631,0.04835212626,0.93479785225,0.53376426941,0.49646096893,0.972578596455863,0.216348754136253,0.72085039994003,0.145555063477934,5.6816396386405,4.74704333791477,3.19991166201424,0.0232401790961699,0.0800264767282735,0.251733174397046,0.41128065189937,0.106702636981269,0.0098732340313697,0.0567375230088394,0.132966795719503,0.0166963094772369,45.01505545,5.21554435,5.15771483,-0.17243091525,51.8786348,10.7883704,0.25475507925,0.057843943125,-0.2215920525,0.020041273825,-0.54471706625,1.3078872625,0.03096044415,0.78394580975,0.273863649,0.4671268415,48.7986285,6.0384777125,7.9358391575,0.394089105,74.262343275,29.6106476,12.602699475,0.14624025025,0.077526183825,0.9914391105,1.01050784,1.7286482575,0.0699546306,0.997553528,0.797881488,0.53136384275
44.24446432,5.2642591309,6.0463329364,-0.02095310752262,61.723278761,14.6106661089,-0.7890483023961,0.0716591662873,0.092411852019647,-0.06207347414845,-0.5493094486434,1.3455558182,0.054043453598,0.89716685818,0.2771696754172,0.52276524956,0.91483029168431,0.185831524464377,0.66554386608594,0.100979123133622,3.6518405323772,3.28331698032887,2.84050797056204,0.0229875456513995,0.0749694881947025,0.223459321007361,0.383613377604029,0.0817973929913272,0.0088719779872933,0.0624132999419478,0.135307329573487,0.014714231182399,42.33557995,4.917691335,4.85658702,-0.21861623425,54.64789775,8.0414762525,-6.364827695,0.0250683263,-0.05116762745,-0.500713284,-1.331143955,1.19122324,0.037122378775,0.75301838475,0.019391865175,0.49493008475,46.08141065,5.6425125375,7.5053216075,0.1930845655,68.448441925,21.115004925,4.553936335,0.11569844225,0.23873836875,0.3582526565,0.1865638725,1.51087244,0.07203948825,0.9913310945,0.542585266,0.550971273
44.843964887,5.4788868894,7.1847465968,0.03779256005723,62.46519579,12.1697618848,7.0278571668734,0.141208200884,-0.133278599788547,0.55287300980568,0.7147702672957,1.2405831556,0.051764901361,0.84305442442,0.478367299731,0.5000780358,1.03304871207632,0.202735269737285,0.790511008898765,0.107846201344943,3.82263515884362,3.49580151618362,2.89435748585688,0.0240498111008604,0.0767618650269031,0.227695596804331,0.402949300219262,0.0817846617742429,0.0101625207781184,0.0873337253282645,0.145101140129127,0.014748786207648,42.9851235,5.1198215125,5.7858670325,-0.16427710925,55.3687677,5.666410745,1.26243348,0.09305582175,-0.27167848875,0.099314110275,-0.1341650385,1.097141575,0.03021057075,0.65983933025,0.17477069175,0.47212512275,47.0347046,5.888621325,8.8981598775,0.239445096,69.57739115,18.75444965,12.247706625,0.1842902775,0.018170139025,0.9635122285,1.4366717475,1.4125432875,0.071538176725,0.9825168675,0.75850562175,0.5305517545
45.969985941,6.1889942856,7.5873580191,-0.06626612309806,57.749172079,12.5853201228,-2.97728052931,0.055844098940222,0.14246064723174,-0.2342190523946,-0.7949219946834,1.4174359316,0.067648027595,0.89000788504,0.48443534686,0.49058537534,1.07975398427375,0.22456491536101,0.812683586292204,0.122852908405023,4.08729789770158,3.58911574770684,2.82984202495806,0.0230783386479932,0.0761235780785089,0.222620244039927,0.413120846151068,0.0909299092937007,0.0101856988636635,0.0513433272119336,0.114891086651491,0.0159778192734643,43.87237835,5.7647237925,6.1242848425,-0.30910688425,49.543768475,5.730919715,-8.6363722,0.0078350829625,-0.000851147443249997,-0.679412941,-1.6249172,1.2497802125,0.047637560475,0.7727374185,0.267388498,0.45990652325,48.2230841,6.63539183,9.2131508075,0.16750209675,65.2507935,19.656430275,2.5896636575,0.1004921695,0.29795765675,0.2037257025,0.0432668718499996,1.599228025,0.088305295475,0.97276926875,0.719208421,0.52196056875
47.12403517,6.0647961978,6.7209382658,-0.077418252588,51.561147828,8.218943534805,2.6095865032532,0.101885217567,-0.031553122675765,0.20529300882602,0.164576857562734,1.3001409828,0.052974519528,0.91977200381,0.49005247918,0.48001195059,0.985148728422877,0.218909312306739,0.721131155929961,0.118996825247064,4.20012861030446,3.50475356768546,2.4469220678657,0.0172352640143968,0.0634655578567606,0.192496395009796,0.320120915088524,0.0845318767844927,0.00699964007743339,0.0483658387969882,0.105299709185999,0.0137760545638364,45.084164975,5.65662937,5.42849193,-0.3076986065,42.65365345,1.6205051825,-1.6204203475,0.067231432175,-0.15991485825,-0.1274765145,-0.43877937525,1.1489777875,0.039949342625,0.8089592365,0.28917340925,0.45409598425,49.01480225,6.514044685,8.2644234975,0.16136513875,59.450863475,15.181529375,7.72147018,0.134230861,0.0824200642749999,0.607438706,0.792095797,1.48026199,0.06762863925,0.9942206685,0.70744237575,0.50770417275
45.738397343,5.3633716751,7.3013007738,-0.15454941022378,59.375601527,9.75069462533,-0.7322000975144,0.08896685157,0.067298020038333,-0.05760129452207,-0.3954569253403,1.331206242,0.052993036084,0.85202127528,0.3293339193172,0.48402139632,1.04570093933115,0.198067611139074,0.774132072746609,0.0981543709042414,3.70951499437344,3.14924165289871,2.7609807321319,0.022623936731549,0.0744265217543652,0.217203009565049,0.394177148459399,0.0798098229248489,0.0109761068958429,0.0641410986023908,0.139522430903282,0.0133047933637245,43.6732172,5.00268931,5.9444309825,-0.343901223,52.3346907,3.71831895,-5.91164807,0.0478757072,-0.073650551425,-0.46506219225,-1.0978747225,1.17677612,0.031712618975,0.7151035355,0.037741880025,0.4569058365,47.869173775,5.7633176825,8.9667485075,0.043726196325,66.769250125,15.71739505,4.4856894425,0.134825722,0.2092293475,0.35288374775,0.4004232215,1.48604294,0.074540647325,0.96535473075,0.59172246275,0.50855195
45.287056079,5.7579764575,7.4316682382,-0.14413348088602,61.749563514,8.96724221908,0.3205079012672,0.105760583139,0.03469982365301,0.02521396840972,-0.17742971358703,1.2476080621,0.051392765314,0.91400010447,0.58532370265,0.48253765144,1.05011159835809,0.2060743391575,0.769938155631034,0.120064043607506,3.58006257353219,3.22977729255574,2.62791960625151,0.0210799535909862,0.0696942807015384,0.206735252010183,0.355548083455981,0.0814464786227094,0.00843912317456529,0.0579658030122901,0.114559325422831,0.0131230566102026,43.22731825,5.394200495,6.0735360625,-0.39664433,54.407995075,2.9001830225,-4.65559304,0.065377789175,-0.09909608515,-0.36624986625,-0.8890687375,1.0987635225,0.034532073875,0.7837701715,0.38517028675,0.45627406225,47.36619525,6.172194135,9.1241285825,0.0859014185499999,68.093055175,15.662924975,5.55250951,0.143790477,0.1688082485,0.4368091955,0.4437350705,1.4101134375,0.06947538075,0.993942296,0.833480563,0.50852450675
46.914307417,5.3350329612,7.1893022515,-0.02990091980511,61.421517042,13.87610463098,-1.090260649965,0.0721580013114,0.0970917854507585,-0.0857694845838,-0.55602152325244,1.22910366457,0.051077688701,0.80239965197,0.54526532386,0.50214901258,0.929860011330452,0.213546634248238,0.775317869302153,0.125905958051509,4.84352415879212,4.23676318255167,3.34930111885592,0.0270884101623829,0.0900955751783727,0.263485461614553,0.465382383073206,0.0988007197400285,0.0157657888906677,0.10221694061502,0.116196083621301,0.0162125762340832,44.92558085,4.9329714025,5.7451602375,-0.28158970925,51.4124462,5.653196945,-7.6045085525,0.0151233959,-0.0784488053,-0.59823747775,-1.55221407,1.04893678,0.02244602965,0.58102627575,0.32166833325,0.4714779485,48.7230018,5.7544983625,8.6721741475,0.21511726275,70.5295995,21.987789275,5.513881515,0.1232130905,0.281127378,0.43377037525,0.3243700175,1.4428772425,0.08330906165,0.974875507,0.779137371,0.53594877425
45.14974199,5.8648568507,7.1823659113,0.03929550735725,58.527211416,9.206937004747,0.3286337486368,0.09715969751545,0.035639425949597,0.02585321894668,-0.03228641596746,1.3675467211,0.062987478166,0.90622559428,0.49965715304,0.52012891596,1.05727172391286,0.215645133403267,0.759054086351705,0.121356840108295,4.1656073319085,3.59778656844074,3.3377776275087,0.0263746842497982,0.0894336098090527,0.262578922534633,0.461159845385804,0.090631574936543,0.00984344443442663,0.0555085982250446,0.122336831426287,0.0154729465826653,43.1205324,5.4773391975,5.8722084125,-0.20202790525,50.0145552,1.9345730325,-6.27706295,0.04440650585,-0.13921399075,-0.49380894,-0.92863778425,1.195681365,0.043605428025,0.7875857975,0.260600966,0.4919371145,47.0639735,6.3250005875,8.8243237875,0.27742048475,66.255727225,15.779022175,6.8770193275,0.151118409,0.20861817125,0.541006786,0.88888069875,1.550900675,0.0824151877,0.9907958275,0.751763333,0.5536376155
46.527308768,5.3104477921,6.4215800277,-0.17968044278916,53.943832697,2.2354268102686,0.04238445377217,0.11647574523,0.009676586968834,0.003334333669758,0.102353489449852,1.3905856261,0.056000940178,0.94376418974,0.2980920585844,0.51173743066,0.976652559733833,0.190826002324983,0.732971840159675,0.121983248972784,5.05799231029471,4.48617173429459,2.80227895404282,0.0186094767204268,0.069936691973114,0.220451890485138,0.33372349444893,0.0892996521033818,0.00861738745163104,0.0427413243724585,0.128739087243104,0.0148776949829727,44.510310125,4.9376466525,5.1444622675,-0.413688739,44.07212045,-6.4508846675,-5.413712775,0.07757658335,-0.127927829,-0.42589022675,-0.56996605725,1.225651905,0.040084373075,0.83116922175,0.0365812812,0.48465103675,48.368130875,5.6911273075,8.0129187725,0.076496526575,63.616987225,11.3123349,5.6465944125,0.1519942205,0.14605533225,0.44421074675,0.7498686765,1.5690752275,0.074007877825,0.9982197145,0.53629622975,0.54343984075
47.424590021,5.5093077437,6.6358800899,0.02773102182671,53.792748616,4.2582451736446,-3.7566042592642,0.079310491654,0.12341649343358,-0.29552750630589,-0.325678461946013,1.12818937614,0.0316146119117,0.85252966995,0.52636633222,0.5100037155,1.00790325831256,0.198620022472205,0.736407604708015,0.121511275695386,4.29784474490867,3.87759910913915,2.91355221537595,0.0188655309939828,0.0728091871643471,0.22920562323016,0.362783286544831,0.0937718176445078,0.0105098306541406,0.107026989889081,0.113343261201708,0.0152871742275286,45.44093835,5.14653973,5.4126813525,-0.22123245875,45.5890995,-3.6171793675,-9.5039842025,0.043460030825,-0.011544925525,-0.7476669175,-1.035709525,0.95991073175,0.0133306399,0.583094736,0.31774554125,0.4813178495,49.2893636,5.8969715675,8.1195996025,0.25167920975,63.098527425,11.7011661,1.8543150975,0.11675924375,0.26581850525,0.14587672325,0.35058251925,1.3315168475,0.05319035395,0.98847760675,0.76650688225,0.5424666275
44.994808456,5.8696318015,7.4481804617,-0.14632235036507,59.214151104,9.895906476777,0.652157582268579,0.097935497932,0.03012807960543,0.051304447020002,-0.21139786707262,1.3168905873,0.047130310837,0.92330862544,0.390900540039,0.50817675803,1.12219976217585,0.206954401535727,0.796098616126585,0.105816494874471,3.65296354092915,3.12186370574549,2.62509018802539,0.019584960814714,0.0692086592643185,0.206512665183009,0.351644369842423,0.0759906502835527,0.00842682571226861,0.0558062341796016,0.119368622738788,0.0153361240784246,42.72701415,5.5067803125,5.9944038175,-0.36588043525,51.924722125,4.18369367,-4.4104226725,0.055725849875,-0.11010879525,-0.34696260425,-0.935328362,1.1709964925,0.0325125894,0.792727171,0.155408613,0.47894430325,47.05395815,6.29636309,9.22083258,0.063704597725,66.1636539,16.125285325,6.0923935125,0.1357009905,0.16673849825,0.4792812215,0.47479677,1.4681166,0.064348172025,0.99591830025,0.63055652025,0.5383332965
46.785382367,5.4902215516,5.3236871758,-0.023471448983328,55.821988349,15.7069068564,4.6969728660569,0.092464614628375,-0.052363073102299,0.36950516522611,0.0727451961649,1.3180042024,0.043091423427,0.8840421401,0.62362975296,0.49642111221,0.839446825003144,0.199812146491919,0.61994742139366,0.140118909472125,4.44570876477466,4.01526584406869,3.09228464487823,0.0267942289573577,0.0835758668815115,0.243266286863692,0.452336643415745,0.0788046555164634,0.00987975896212145,0.0839701389945081,0.119694509793881,0.0146225686398185,45.197039975,5.11574076,4.2830950075,-0.30182684425,47.406430075,7.0143536925,-1.352231845,0.0384853947,-0.21044596525,-0.10637844125,-0.8243149105,1.1688521925,0.025285685475,0.694827262,0.408015351,0.46926903175,48.47092675,5.8998570775,6.6744321375,0.2504928685,65.01768575,23.4774379,10.36680665,0.1438656865,0.113225855,0.8155441395,0.9236284355,1.4765555575,0.06564476935,0.994666457,0.87961125075,0.52518299375
46.321543956,5.4098165139,7.8032378634,-0.09814472911135,63.98994959,16.269720089,0.903445160381,0.081572517153,0.0541501015622505,0.0710729363009,-0.4834338309963,1.5497126293,0.066551661969,0.94166007525,0.455149208569,0.4963802795,1.17116352597001,0.203021765971919,0.86458541287995,0.127853588916944,4.85113440125906,4.41036208481578,3.0064382103996,0.01923046070855,0.074285818950376,0.236512852113759,0.35147063888041,0.111025482065466,0.0108931204564511,0.0348069710613708,0.121220297557681,0.015566984323036,43.966419275,5.031432525,6.24199515,-0.35501084975,54.9114941,8.0580217375,-4.783958205,0.04499343145,-0.088752898675,-0.37634819375,-1.198195085,1.361246845,0.045902453525,0.864743653,0.19705483425,0.46567084325,48.5667377,5.8192067025,9.6718280475,0.17728740925,73.32562535,25.685283775,6.8264044375,0.11857600375,0.1995000465,0.53702497,0.19370691075,1.7907804175,0.087830603475,0.9933374765,0.692915446,0.52711705875
46.619247875,5.6566087164,5.4942586622,-0.1535499072772,48.140689644,0.30359457588388,-2.291332144014,0.094888787749,0.064158910834645,-0.18025632392187,-0.1111033443702,1.28043032847,0.060521381575,0.91642368333,0.447395486454,0.5185417819,0.849475658424624,0.230502469251747,0.657564766485966,0.13383058401556,5.0982629107118,4.34914830839538,3.34993584696422,0.0231081798980137,0.0850913632550883,0.263535395028401,0.411367977252193,0.106046316466864,0.0115642134835943,0.0569184058501196,0.114731257774289,0.0165416716923492,45.03966845,5.2175146025,4.359334655,-0.413051092,38.7159107,-7.9533964325,-9.038134865,0.047864040325,-0.10154504925,-0.71101911625,-0.92505401225,1.081188845,0.040122917975,0.789780365,0.22901034675,0.48573405075,48.20328185,6.1682071675,6.89440771,0.11484656475,57.879457075,8.55376435,4.10815128,0.13867045075,0.23929446125,0.3231832875,0.65750517375,1.4930717925,0.083871990475,0.9963883145,0.69505810425,0.552020913
46.081975582,5.7729242632,6.9461309237,-0.09286586709567,58.270861711,5.423639042871,0.5012951838145,0.115245916624,0.012576266232006,0.03943628483808,0.08860818447494,1.3518972528,0.04889851026,0.89803202179,0.43674627457,0.51644055468,0.943186954550756,0.199125708385001,0.75049332701751,0.116721504340152,4.11429763089028,3.35816369740734,2.9018868183089,0.0203993149741337,0.0757481388061401,0.228287920511732,0.371242388466776,0.0916002412586354,0.00961047048908707,0.0685651521571235,0.108886862822518,0.014904091107026,44.2914109,5.3962401,5.643743595,-0.31185689275,50.23255675,-1.44750328,-5.3375644175,0.072518751425,-0.129764298,-0.419899723,-0.66140746475,1.1772453925,0.02991034305,0.7431726205,0.2254928945,0.48872868425,47.9997229,6.166763575,8.5139404325,0.133913474,66.28226805,11.9701177,5.9285453325,0.1530391495,0.163722081,0.4663914795,0.74883994875,1.5356485875,0.067541887275,0.99629728125,0.65943763475,0.5468797145
46.714103834,5.8373054522,7.201099813,0.06752718362641,58.663208847,16.3590286281,0.535453388642,0.06600961394794,0.0646506982058,0.0421234694183,-0.41348196954615,1.2354204498,0.0350181694019,0.8847724604,0.54477121856,0.4894061949,1.1261492484028,0.213833089554334,0.768725062777866,0.119488178930168,3.95697147790143,3.66246703985727,2.67216384968346,0.020049470682621,0.0684839224213542,0.210215892872548,0.368942531143894,0.0708725008952419,0.0081594493471362,0.0771074311270944,0.100456979713569,0.0143889820370312,44.607873025,5.45097264,5.775387285,-0.16288019,51.27865365,8.769877765,-4.4578193125,0.028350604225,-0.064038533675,-0.350691243,-1.1316578625,1.09806363,0.0187554149,0.70737052625,0.3709709525,0.46223746175,49.07640815,6.279357795,8.8465572175,0.3191640155,66.4758641,23.189517725,5.54721873,0.10404267675,0.193655713,0.43639298325,0.27063043475,1.373309915,0.050465552775,0.99175857825,0.745381986,0.518171576
45.787011998,5.4211837307,7.0914938778,-0.2740933486104,43.540191971,1.002732666294,-1.0177426639026,0.0900953703833,0.032704553778163,-0.08006458245428,-0.138649269329617,1.3347831907,0.062820935976,0.89976410707,0.75215001497,0.50172275144,0.977209853577078,0.213307210094602,0.725744600239275,0.151369576788371,4.60119874116905,4.00154333433419,3.28359694773108,0.0258817557488195,0.0874573048052277,0.258316594168451,0.457106730087204,0.105118652156707,0.0121591984810986,0.0574944711528387,0.127980611192194,0.0150186966311153,43.7729065,5.0000337575,5.828972325,-0.5581720105,35.0439527,-6.78105265,-7.342300725,0.041490989925,-0.12878397475,-0.577609905,-1.0124928125,1.1448920925,0.03913768145,0.7754627975,0.5259824695,0.47308328425,47.600789575,5.840741055,8.63608594,0.00853963426499998,52.4790695,8.74995029,5.24633915,0.14117649575,0.206322343,0.41272315225,0.72313227775,1.5589082575,0.085870797175,0.9917580985,1.028834225,0.532267981
46.144408954,5.5262717476,6.5373970973,0.055724812785459,67.930496807,20.2381191125,3.1223828705129,0.088575166136,0.012680138882223,0.24563407787802,-0.244459789888168,1.22064485317,0.042229924863,0.92846950019,0.55091829931,0.48783899797,1.05154116192416,0.206544407983345,0.687028987857244,0.126045414015998,4.54365377054063,3.89605130169092,2.89072106960628,0.0218473283145559,0.0740397441859654,0.227409524929532,0.383339537852841,0.0850747648580032,0.00952569355067356,0.0546596614618883,0.119072805734174,0.0154095492993874,44.159834775,5.1367352175,5.29902719,-0.19070699575,58.546403825,12.578629,-2.553960115,0.0474089591,-0.12332323025,-0.20091695325,-0.98224466025,1.066117745,0.024792048975,0.78713379575,0.3263910095,0.45907966825,48.164178575,5.93515192,8.0064142975,0.2808763935,76.1918879,27.3457704,8.46867661,0.13131470275,0.16052906825,0.66622053,0.457854626,1.39771404,0.060909450025,0.99664346275,0.78761926,0.5160279275
45.802466404,5.3261042759,7.1677805744,0.3315230922307,60.936655397,13.9429377319,2.3276263870382,0.095443208148,0.003907739425394,0.18311154833538,0.25673247446565,1.4017461493,0.052072180056,0.93146471231,0.52259133149,0.49960217533,0.913161155366382,0.185472732891331,0.744398817887421,0.126033237409952,4.10520034951493,3.07601037459945,2.82297395769066,0.021960168891749,0.0757354462305655,0.222079941751521,0.38429116419093,0.0826730726192231,0.00906961491684661,0.0510339133861688,0.116776012162426,0.0137621076639471,44.119593625,4.97814694,5.77355314,0.089541438325,52.528444375,8.067097815,-2.756825405,0.054012679625,-0.15068459825,-0.21687611675,-0.4463999755,1.250887595,0.0359788126,0.80733399075,0.29651237425,0.4732994945,47.6761429,5.6929215025,8.6853569,0.55926217775,69.08892825,19.833848175,8.0098331025,0.14161556775,0.139432752,0.63012387475,1.05841417,1.5810948925,0.071532792825,0.99687101925,0.764764307,0.5276794115
46.772792642,5.7704518372,7.1663329719,0.03691859605874,54.88145153,8.97564811002,0.34975779730928,0.089831025169,0.0339403397550243,0.027515022233478,-0.045587023748584,1.3640486538,0.047674657184,0.93647062277,0.488217618897,0.49987410788,1.06447946863164,0.2090275159631,0.743014545044403,0.115700843245525,3.93417411575747,3.12370490882872,2.47191427196052,0.0183731436105942,0.0655110999216128,0.194462501401274,0.341339127633025,0.0785404054624164,0.00811076471465421,0.0532751024424117,0.107539828867237,0.0139145016173384,44.424793125,5.3554022375,5.828418125,-0.181672277,47.237806175,2.7017638575,-4.6377270225,0.051209158,-0.083191848175,-0.36484436125,-0.758185735,1.2181059775,0.033282284225,0.79865481275,0.29240337175,0.47383884075,48.65503315,6.1907112675,8.7917821,0.25522061625,62.40545525,14.880875725,4.7095113675,0.12555533175,0.165413094,0.3704915575,0.55679386225,1.5149835825,0.06457378635,0.9983874935,0.7002637575,0.527868405
46.039419513,5.5353810719,7.9843348912,-0.104965834949021,54.414205863,16.295874028,2.6771224024408,0.07183480246342,0.00575186015589,0.21060597621012,-0.32696092995589,1.3578275147,0.051187142015,0.90657856394,0.454280374532,0.51633604563,1.17379931568584,0.210725871864273,0.821967962403678,0.120689081390042,3.99800299361542,3.3159775267497,3.14943528182151,0.0238756820710288,0.0847639093805998,0.247762258219733,0.425837568097288,0.0945617611540423,0.010042506945899,0.0539062469452242,0.129218864848736,0.0144819358710844,43.791118625,5.1345255975,6.5218215425,-0.3356915285,45.8450399,9.99640836,-3.44769202,0.02476150855,-0.16700988075,-0.27122576,-1.174938585,1.18115052,0.0331524649,0.78331242125,0.1871353795,0.4879405635,48.28567135,5.9610946375,9.7030514375,0.1340393565,61.985620125,22.926083375,9.1799407025,0.11603952875,0.17019187825,0.722174812,0.4995585025,1.5596513825,0.07194451635,0.9868777265,0.70963799925,0.546078573
44.806112654,5.6821272453,6.1510140602,-0.31661433519798,54.852885948,6.6039318282,1.6845579761422,0.110353658503,-0.014074512977448,0.13252213532324,-0.074699541637776,1.2583987178,0.05635766567,0.9721275466,0.49678479124,0.51109525,0.916874185436826,0.215253883960303,0.667988401580283,0.124974368810433,4.70966617887722,3.60112095634587,2.69495975928192,0.0183362453753827,0.070748116258674,0.212009219443026,0.338340020425318,0.0871042685898059,0.00777834058337308,0.028172529346613,0.120547193118155,0.0158096576128919,43.02342705,5.29287128,4.9706462775,-0.5524550935,45.424359375,-0.4521524845,-3.6678579475,0.074191835175,-0.15416859125,-0.28854593575,-0.7115143505,1.0978401275,0.0415783277,0.894365042,0.2703080405,0.48231270975,46.696984725,6.1262310225,7.5678677675,-0.068437041875,64.609706225,13.441088975,6.79492214,0.148407838,0.12510229925,0.53454829625,0.6332180865,1.442245095,0.071106518125,0.99934376625,0.74556125525,0.5427850555
45.210188811,5.819636229,6.0623004413,-0.076353700637356,60.809954702,15.00918712863,1.6932708576233,0.0856417449927,0.026431319054634,0.13320756710426,-0.3026665598028,1.4555864199,0.051732511005,0.92075413313,0.53091677102,0.5000355989,0.922254430857597,0.22780794151214,0.699672539038092,0.130652288518072,4.396839120531,4.02223126044955,3.23444193815763,0.0281612484495483,0.0874164776077898,0.254449628949434,0.480094599489923,0.0875209084852727,0.00988022355940949,0.0640919468389936,0.137393238940739,0.015158247902695,43.366475375,5.3826567275,4.88317181,-0.34367545325,51.977361275,7.00066197,-4.842367505,0.02728339135,-0.13589590125,-0.380943186,-1.22521603,1.301810155,0.033562813475,0.7606620525,0.2658098465,0.4738544415,46.990916875,6.2741725875,7.5312507425,0.16743901725,69.335255375,22.641031575,7.760272835,0.13910127225,0.20304433425,0.6104912615,0.58015615175,1.6384760425,0.071595466225,0.997696658,0.806918735,0.5318894125
47.529333118,5.9663295606,7.8037482574,0.09396361101341,58.129207787,6.811963600582,-2.5149015298457,0.086691145688,0.1018245258249,-0.19784425675447,-0.215898194702059,1.3321113042,0.047579853164,0.96121561456,0.66255858087,0.5083030312,1.18239467107667,0.230661138162301,0.802113947084977,0.153566195214642,4.83251170263076,4.03291863401216,2.78363906285313,0.0173555459497229,0.0703829887223959,0.218985512768179,0.352916349749616,0.0975680872046737,0.00863040148157009,0.0348013651814916,0.116532481700104,0.014453613516331,45.312723425,5.52497503,6.4167324925,-0.2205264525,48.183321075,-1.928906095,-7.874667585,0.054056518375,-0.032537221075,-0.61949056025,-0.92321653725,1.1532830525,0.030287025975,0.88323685425,0.45772009175,0.48245440075,49.718991775,6.3998915675,9.5564126625,0.41124991125,67.671223825,14.529652125,2.4924630125,0.12050404025,0.23941757175,0.196079041,0.4734837545,1.536412365,0.064479324375,0.9975155865,0.9343040205,0.5374383205
46.887001412,5.6437631639,6.8463225213,0.1123219826641,57.493656379,11.68173022992,-3.7807923331727,0.05359606995874,0.1600633447538,-0.29743035285763,-0.6708625794778,1.2770669496,0.059399201149,0.77069520807,0.56539880962,0.49464966181,1.00971061117502,0.203887844753332,0.702105106451324,0.135933263419708,4.38746013796018,3.80773544870917,3.31375047778651,0.0252064751919299,0.0893998760089474,0.260688736232528,0.465093011058205,0.0967805214443174,0.0146231332663739,0.0811842998411599,0.121232475698342,0.0150299042318579,44.808532625,5.2645634775,5.645434345,-0.15842109225,48.9893411,4.58293278,-10.223396775,0.0050272367125,-0.0158882101,-0.804262253,-1.5511003525,1.0990533525,0.028736392675,0.5849194635,0.348091458,0.46621341275,48.764555075,6.05816845,8.447442725,0.3872193515,65.961985625,19.240421725,2.78501971,0.10539893475,0.32742049675,0.21909412425,0.2798586475,1.480604615,0.085439450275,0.903762769,0.8258565535,0.5265089785
45.630372987,5.8916487653,6.2274756344,0.059112642597904,61.258130759,9.78479532473,-0.0272731286108,0.09832378772,0.048177628243575,-0.0021455440643,-0.07476442433853,1.2243871636,0.035222719008,0.88752045426,0.57742214528,0.50906737989,0.96173082583599,0.208544267257358,0.719294346333414,0.114886671545954,3.49137391140884,3.27617412156135,2.42433450278359,0.0205803541403081,0.064087098911829,0.190719458629954,0.354548190978809,0.0753623698725765,0.00831462627792569,0.0891423136294212,0.103018606619319,0.0138375027894233,43.710098725,5.4988492775,4.947461445,-0.16177756525,54.3099844,3.2486692925,-4.5884002325,0.05917681275,-0.073271006075,-0.36096388325,-0.719251417,1.091610165,0.0198539502,0.66493471825,0.395049794,0.48315581525,47.5963363,6.3020916325,7.7198335525,0.305669441,68.303511975,16.269312325,4.6788733275,0.138280981,0.1683288385,0.36808129525,0.5745011995,1.382345445,0.05169289505,0.99442811125,0.7859483065,0.53821586775
46.655732736,5.7721801868,7.2771187497,-0.11883603817082,53.282584617,4.4339334884793,-2.9441611824944,0.083183027221,0.102040971318737,-0.23161359363828,-0.3777807359856,1.3892734164,0.055393274215,0.94315949584,0.392886531603,0.47293441664,1.0921742097169,0.212044470498933,0.755010222700045,0.11358055382922,4.06407740909636,3.38374561459927,2.37328618100048,0.0160685541321658,0.060148044661305,0.186703548881054,0.304121953469521,0.0937921326423133,0.00831196476774141,0.042925332885564,0.104766240248609,0.0147675181962408,44.5486216,5.375842945,5.93375719,-0.3280094295,45.2756054,-2.34800964,-7.3290596775,0.05233057395,-0.020564302475,-0.57656824075,-0.97967920075,1.231741885,0.040739885025,0.83604995725,0.19000228625,0.44645512925,48.920370175,6.2284444675,8.9295955225,0.10168199525,60.738363075,11.30909035,1.893397495,0.1141570725,0.21544735025,0.14895128875,0.2048537505,1.5910436475,0.073534669025,0.99776802775,0.60140567775,0.50439274625
45.066179486,5.6467345939,5.9066313378,0.001039400713822,59.000042086,11.152710406703,-0.51105349370033,0.08322428215105,0.068044022737234,-0.0402039592501,-0.298948085604573,1.2658296471,0.063972280274,0.80062162978,0.2859290824495,0.49959895529,0.906364030410567,0.201543672878307,0.697494691371848,0.0961377775588841,3.88756327343412,3.70667219430948,3.32717356832582,0.0314073088732612,0.0934882629219033,0.261744714190833,0.50672795337638,0.0809645550992843,0.0100454168668687,0.0755560665871554,0.144918421865774,0.0147020562532701,43.351716525,5.2855377625,4.7114486675,-0.19609820675,51.328026225,3.76674657,-7.0137838275,0.01991285555,-0.120242022,-0.5517658735,-1.3204649325,1.115939485,0.04359059,0.63932940675,0.02405026795,0.47124279625,46.9494381,6.049459965,7.4415058975,0.18484754225,66.37266325,18.35546385,6.12332219,0.144448357,0.25387798075,0.48171434175,0.742201621,1.426059785,0.083198244125,0.931233805,0.573977086,0.527944548
44.702610389,5.4385476919,6.8144751251,-0.03269057138637,58.308949722,17.5799992882,5.704655344251,0.096952967363,-0.07085192716636,0.4487783253496,0.1031719746765,1.4340437259,0.053120995627,0.91921716178,0.3865551498072,0.4723398501,0.986286147069463,0.19679963463865,0.774356322316566,0.112443664313759,3.82853751722347,3.15845273690609,2.70384529461115,0.0226875440571257,0.0743336169654088,0.212708234210374,0.387857758373546,0.0879018335474135,0.00947621920484405,0.059735237616828,0.152568653657258,0.0146170936098515,42.674839375,5.083989065,5.459157515,-0.25399820125,50.9458929,11.427058275,0.2629737615,0.050491676225,-0.2187823485,0.020687827625,-0.66168478175,1.2781563425,0.036195588875,0.77200156275,0.041312581725,0.44467628725,46.58597865,5.8371745775,8.3949456825,0.18507454425,65.918805825,23.9160055,10.982207575,0.139954733,0.08249831625,0.86395696975,0.8533349715,1.6089077525,0.071903116125,0.99596947625,0.66082747725,0.501871827
46.198126455,5.9415218766,7.7637625202,-0.15984963663893,56.630635571,14.8526093944,7.83682134604,0.121016411919,-0.14240557152392,0.6165132415,0.41670098346477,1.3459196658,0.053535273757,0.92423627655,0.366624921488,0.48381040213,1.17612955617025,0.2073728213448,0.833451886666503,0.10716474246591,3.94262215983759,3.20048827214161,2.77872972112242,0.0215729152294181,0.0751179798948535,0.218599300707298,0.383848307197711,0.0819541704149486,0.00862991244466046,0.0533339270895895,0.114909373729209,0.0136285250884184,43.865241075,5.557432125,6.2945993025,-0.36205030225,48.544099975,8.210162685,2.071012495,0.075568106225,-0.29148557925,0.1629240445,-0.3606255215,1.1897486875,0.03781810995,0.80038279225,0.113937093,0.457161503,48.43338135,6.36475839,9.60199637,0.0481611636749999,64.2607793,21.247530225,13.3850924,0.1618436915,0.0122165552999999,1.052989035,1.151714765,1.5224772175,0.071888651375,0.99531271,0.57227382725,0.51099330875
47.206716641,5.8064601962,6.7380940598,-0.3126096632682,46.634187976,5.00837313394848,0.5607918771703,0.090307988236,0.008935542182257,0.04411681742426,-0.18685764854705,1.385829512,0.06369023513,0.88218945381,0.47685279892,0.49788065354,1.01109316898682,0.217560617770927,0.792755266946574,0.131240355614472,4.914879200327,4.13539687378567,3.17630351124651,0.0226221988283649,0.0815041517502553,0.249875949401126,0.399488429360696,0.0996951295092754,0.0140252683745239,0.057541520679149,0.108346658450003,0.0151845555391297,45.298421725,5.4085371225,5.3509230225,-0.55102141825,37.38322285,-3.31039225,-5.5442403775,0.0461907687,-0.15087080925,-0.4361586695,-0.961929461,1.19983332,0.03644298455,0.75389147025,0.278341052,0.47164259825,49.07516485,6.2633662075,8.4476935475,-0.047177492025,56.76332925,13.29660475,6.92492602,0.133033534,0.172010698,0.54477553675,0.5496320225,1.5834224175,0.090795765825,0.97545007325,0.7058485645,0.52857866525
46.285151477,5.7267709481,6.4800007979,0.21733390228,67.667719203,15.46038593678,2.4507212206553,0.105120783349,0.0078958391276403,0.1927952698905,0.11766938192667,1.3899026113,0.054907662686,0.92605123583,0.52529223577,0.52115287835,0.953094231650777,0.209098961953822,0.749325572671367,0.128397787122688,4.68362961739155,4.10076408217824,3.11886761439062,0.0227310263184649,0.0808284208461074,0.245357537082954,0.412177977125962,0.0963437233303533,0.0101510130191704,0.0490540446115026,0.108783414468696,0.0161784171836249,44.271298975,5.33022223,5.2194474425,-0.03693399015,58.401612675,6.85698304,-3.7758837275,0.059700057175,-0.14321112125,-0.29704420325,-0.73654305025,1.212637035,0.035226439275,0.81432904375,0.33473143475,0.4899792715,47.9368867,6.1540819225,8.1267499925,0.47198568925,76.793234325,23.1639738,8.32548933,0.1482857695,0.1660867995,0.65495615975,0.954821763,1.590933365,0.073421334625,0.99556788,0.7579279495,0.55440832725
47.817876686,5.761653949,7.4668993349,0.082950978227345,67.527559927,18.3320032951,5.369921019014,0.112678124077,-0.05804880699236,0.4224451813874,0.19840040482104,1.3073512711,0.049360813393,0.87544502,0.47883288112,0.49586031709,1.17167637837733,0.213457306171366,0.808448364717611,0.130692835072081,4.74862020993057,4.04968105767931,2.85572272642807,0.0175758158504133,0.0700819191096569,0.224656247453375,0.335468501312581,0.101893904527903,0.011096451080195,0.07271838552615,0.117512092466251,0.01549715169766,45.4942542,5.3698084725,6.19671116,-0.171959524,58.97737785,10.312245425,-0.44214193625,0.079477569275,-0.18624466925,-0.03478277095,-0.46451153075,1.1263552675,0.027292639575,0.7107579865,0.2455597965,0.4657822235,50.184901975,6.1735254425,9.29259059,0.3337223445,76.743956775,26.08293375,10.99506405,0.147300368,0.083084761075,0.86496837225,0.84110041225,1.529577875,0.071248844975,0.98896336575,0.70313871375,0.5273365335
46.578919781,6.0546102397,6.9014145078,-0.12364965796712,58.13055036,8.197495319302,2.364314624971,0.115611537996,-0.02494683918289,0.18599776737777,0.13704609334563,1.4267747409,0.065408604041,0.96873693791,0.6611290999,0.51697279788,1.20182817317062,0.21515399610932,0.763022966306267,0.141451714787336,4.65113920493231,3.72475980663924,2.81225487627044,0.0189822184668708,0.0723740320055206,0.221236684534638,0.357833441521062,0.0903273205687576,0.00918624618635407,0.0262132170883635,0.104898769250566,0.0155072461791257,44.1692826,5.65835975,5.5307220925,-0.3972830075,48.738624525,0.96205420025,-3.3995204825,0.079480588525,-0.16338602425,-0.26743615275,-0.528134236,1.260514395,0.0485580886,0.89962144825,0.4692619675,0.48802169775,48.843332025,6.512172915,8.6301099475,0.15770989075,66.355760575,15.47995245,7.59689459,0.15230040075,0.11771678125,0.5976384915,0.816457456,1.624642815,0.0844949102,0.9990610845,0.8942900015,0.54801906275
45.880930074,5.7415635151,7.3821360725,0.0055776834291039,55.885551551,11.84628554422,1.45882439488252,0.086978458811,0.017513342750938,0.114763948035474,-0.09615001879063,1.4608989107,0.053438527274,0.90965207302,0.63982833323,0.51284255514,1.17380388686295,0.20908401845814,0.785713782110691,0.145223721682254,4.65084025364956,3.40681369973857,2.87338868901271,0.0211612947260706,0.0776346214192235,0.226046007305066,0.386830711007775,0.099762923708627,0.0105682420479205,0.0568091718183484,0.117211581397587,0.0148637988348573,43.563998975,5.3450524175,5.976227485,-0.27367135,46.6690372,5.7310024125,-3.6994639175,0.0460046012,-0.137808461,-0.2910323415,-0.84293663825,1.2849209,0.03347047655,0.77739580975,0.434439317,0.48332863825,48.097864025,6.1384508925,9.04615458,0.28378785375,65.46453655,18.675828225,7.1519121125,0.1293231,0.159532885,0.5626322685,0.6513779055,1.6730783225,0.074564922425,0.99502495,0.89497381825,0.543226037
46.004994554,5.7721548308,7.0807315102,-0.2075940357214,54.455443157,14.0711610775,0.9550920645131,0.0697259145092,0.042079679761532,0.07513593567856,-0.52427959193705,1.5080405526,0.056506093406,0.87263717479,0.486082169651,0.51613242612,0.970284874005596,0.227256825928409,0.840861007368879,0.1381736615576,4.7068324036186,4.34226829144736,3.20915826103764,0.0243877345748873,0.0834820344462396,0.252460592687825,0.427885325006844,0.102554741260497,0.0115510892033385,0.0676972094056385,0.13552178923321,0.0160437747219977,44.182930525,5.3507181725,5.613536675,-0.47164085775,45.1289208,5.8523244175,-5.3887422175,0.0192230789,-0.12024756775,-0.42392582025,-1.379006945,1.316771425,0.0341202664,0.726738803,0.24223503225,0.48564827325,47.796397725,6.1831544725,8.8530764825,0.05951817825,63.497918325,22.68787195,7.354442845,0.11820814275,0.20851093825,0.57856511275,0.333411033,1.7132860825,0.078457653925,0.981356118,0.76747831475,0.5480330455
45.758400542,5.6359127338,6.3194257122,-0.0529848582676,57.273123126,10.05487705637,0.341944236604,0.090407446211,0.039385633800454,0.026900339072199,-0.18434602456293,1.4549674286,0.05279557203,0.94174815823,0.5665986424,0.50525407889,0.985720609395021,0.22639936460252,0.736458465379907,0.138533658724795,4.6471501357982,3.81772803201933,3.00326366094375,0.0242666359942604,0.079697141290531,0.236263114193506,0.42244332340704,0.0928893016447956,0.00868664180606385,0.0508245445248896,0.113150242698824,0.0147043807689561,43.901570375,5.20297614,5.063913,-0.31558899325,48.043747425,2.51448118,-5.7390421975,0.0411753356,-0.11118983425,-0.45148350375,-1.0026855775,1.2897510675,0.036609844625,0.8081155515,0.3630382225,0.47850582225,47.77501335,6.1038371225,7.85778842,0.213926921,66.0937727,17.637512175,6.1536034275,0.13609303625,0.20153617575,0.4840965315,0.585864891,1.6431371075,0.070431243475,0.99803328175,0.8072810795,0.5355460605
47.057071706,5.2379685574,7.2273280607,-0.13802385686564,62.77687312,17.7619589186,-0.43787749105223,0.0621453128095,0.098080160401457,-0.034447291866848,-0.80423209989751,1.1416116093,0.0405578614124,0.788355959,0.419973545284,0.49794047968,0.991995871330415,0.208522835296182,0.750931607527393,0.115724748799448,4.08918599512275,3.73341562848666,3.09825198317076,0.0215988148269153,0.0787857500098704,0.243735730072928,0.388335670528062,0.0880455613329433,0.0118670473296169,0.111484045427891,0.11477867642822,0.0155599563107059,45.1462116,4.81108652,5.92536427,-0.373459456,55.0253229,10.645120225,-6.4605565825,0.018461610725,-0.05585027285,-0.50824415225,-1.5767874375,0.98243151,0.01986892555,0.5634601525,0.197127605,0.46823195075,48.9592635,5.6535469675,8.790720245,0.0812944192249999,71.0290273,24.5336438,5.4338795575,0.1019758865,0.244665309,0.42747672,-0.0844220422750001,1.3238942725,0.06593765885,0.9750033405,0.6504566565,0.529526876
45.538174994,5.870410277,6.9710482633,-0.17880764185982,56.45583052,10.921228088482,-2.42444683971654,0.0644819625994,0.119269354281573,-0.190728295921088,-0.7411393928515,1.368887489,0.047791140446,0.90742748342,0.455534423714,0.50539456307,0.957273696099175,0.209066393899098,0.845560021239356,0.112663879844275,3.81157373946691,3.3085978839582,2.64631439485692,0.0203078792955939,0.0701686702918634,0.208182347806179,0.364268186835536,0.083869715641999,0.00934532023703943,0.0570310224763422,0.130769096361718,0.0139184026950064,43.587436525,5.4873210025,5.5664620425,-0.39743814525,49.253906675,4.0961549475,-7.755700405,0.0210132114,-0.011520383225,-0.610131555,-1.5432391525,1.21582609,0.031986699225,0.78686440875,0.145242036,0.48024264775,47.297618425,6.29650189,8.8736580225,0.0517186279249999,64.19757715,17.227457925,2.660049875,0.1012349715,0.270338417,0.20926289825,-0.0842904536250002,1.542567435,0.0682183595,0.99509981375,0.70099886425,0.533875567
45.538380125,5.7424024671,6.0007882819,0.15125552777996,60.722425379,15.3618250377,4.2198243232758,0.102091958838,-0.040981811842035,0.33196846769549,0.24206713307629,1.2161716776,0.0429499022768,0.85864159881,0.49528186809,0.50103779232,0.906796908341822,0.198317476170693,0.673982703891681,0.114222115474171,3.73005013937948,3.4081984554889,2.67739169178098,0.0216303257860164,0.071613164995546,0.210627161076119,0.372521914582982,0.0833163266464817,0.0107987192854935,0.0945808299680522,0.107885289119386,0.0137745229902153,43.7572034,5.3733728675,4.82711696,-0.0765705432,53.555753975,8.3034287425,-1.195023,0.0597766023,-0.176826965,-0.094011010875,-0.524868994,1.0670638,0.023975755025,0.65369397025,0.293434282,0.47509506175,47.3294039,6.1416137225,7.4869176075,0.3974727975,67.488246225,21.72790415,9.3266019425,0.14049693175,0.105972582,0.7337124805,0.90221549375,1.3881962875,0.06791593785,0.99162136475,0.7200601315,0.5300297885
45.27143043,5.6054033538,6.6394965649,-0.2888500525234,47.704208719,9.3743277950204,0.5859505230667,0.0728751842324,0.0294110648996019,0.04609601774313,-0.419048511701016,1.3397765739,0.060307572153,0.82517206936,0.63690821355,0.47798612517,1.01325534546963,0.218896467456522,0.718282311798509,0.140694750356265,4.43476438847435,3.60963984836119,2.95049047178863,0.0263329939643517,0.0797817713097228,0.232111511362053,0.439753054314304,0.0833322886914513,0.0102114247391636,0.0624154343414244,0.120873438444624,0.0143961089422153,43.345685475,5.19581973,5.422107805,-0.5534246595,38.82973235,2.54395891,-5.2902128875,0.01930155985,-0.11899995825,-0.4161746365,-1.256375035,1.1895782225,0.040498407175,0.692130317,0.421016923,0.45188683,47.214341375,6.0583202225,8.1793048825,-0.0104677944925001,56.30467105,16.61420955,6.133749715,0.12373026875,0.1876854455,0.482534658,0.42567457875,1.5149629775,0.080694680925,0.93412968725,0.8752220635,0.5062981995
47.40562711,5.6370017676,6.7816113187,-0.07445622736927,62.828993434,16.4038811667,4.5121853820507,0.104343189685,-0.0439290175446,0.35496815788024,0.00791698968127,1.3761421037,0.056749310752,0.92879825275,0.51933793326,0.45178758959,1.04181682201817,0.201344736179696,0.734176689726949,0.125468513168796,4.56705874661217,3.84245524480621,2.76543051688146,0.0203669331427793,0.0706615422148938,0.217553068751158,0.352072725308253,0.0860706082392939,0.00981404796188822,0.0497614515240617,0.0970305430923962,0.0132521157892587,45.402029275,5.2555252725,5.5357009125,-0.315143475,53.25140935,8.80920603,-1.00042477225,0.059838697375,-0.17851114825,-0.078702204625,-0.75705278,1.213298565,0.03778874285,0.80683039675,0.35133015775,0.4264433005,49.578974075,6.02441462,8.334052395,0.16797435275,71.823108875,23.239978775,9.80645627,0.143038538,0.0944946665499999,0.7714620295,0.6748112555,1.5444280325,0.0763229596,0.995969686,0.73829765875,0.47885922175
45.481056462,5.7158154892,7.1889465318,0.015475412897,54.778330945,11.7003544605,1.49012301686003,0.085281638733,0.0159496656497599,0.117226172333376,-0.08158925788097,1.2977785733,0.048883891399,0.90984386061,0.52841276483,0.49036150222,1.01784854789676,0.204601237297396,0.737402768911982,0.111205508248451,4.15538836146301,3.64934882492418,3.09438783312393,0.0241222187824922,0.0818894515172769,0.243431741738442,0.426065267345046,0.0841466405680329,0.00876431153814302,0.0621521309681482,0.111358832835989,0.014170466165497,43.504429425,5.3437424825,5.8724907225,-0.195210068,47.0529842,5.0210132825,-4.7623951625,0.0424379252,-0.14521703925,-0.3746518655,-0.9215242845,1.14171657,0.03302592145,0.7623321575,0.326004733,0.463598102,47.51509325,6.163022595,8.6625562625,0.235708747,63.64672705,18.85950665,7.3009800275,0.13473917475,0.1769032015,0.5743592475,0.780029815499999,1.4715543175,0.066168810675,0.994670668,0.75610576575,0.5194903935
47.048258667,5.6019090654,6.8013265047,-0.2190013879237,45.016416237,3.145893801175,0.3924643042288,0.093881681583,0.00451241170544,0.030874691424338,-0.01413150552802,1.2980298449,0.060720424739,0.88815557899,0.349423796368,0.5200584169,1.06261525162939,0.204846523254447,0.710775310206082,0.125584836537968,5.26260856706779,4.69799777120186,3.35185996527889,0.0215793204992821,0.0829525852051538,0.263686763191978,0.380433455503641,0.103815572265153,0.010166287725817,0.0544769286349453,0.108405086096933,0.0154095584440138,45.1342593,5.2148483925,5.5975032875,-0.46479468175,34.68865055,-5.4165054425,-5.9853312625,0.052337122725,-0.16801090575,-0.47085875825,-0.72653043325,1.120296555,0.042010954875,0.76575405575,0.135002884,0.49072318475,49.0087458,6.0218431275,8.42432634,0.023621300025,55.2705585,12.4594567,7.2509843375,0.13716011125,0.166283885,0.5704261495,0.76107557925,1.522164855,0.080594344725,0.981460912,0.5686578875,0.55224620675
45.679565122,5.7607759059,6.5025466955,0.18469171196257,60.734447495,10.165029079909,2.5144611458869,0.113734074288,-0.01951705575107,0.197809612446531,0.36494563466496,1.6426054314,0.075195280704,0.94020270581,0.49262607309,0.49000686842,0.986179344284192,0.204365829072691,0.730307594626411,0.141876105879022,5.13408979060504,4.49089034479586,3.27514164308778,0.0242978876235918,0.0854732007587384,0.25765142551752,0.418911856426932,0.110878533341705,0.0102983269017148,0.0406480993110723,0.119941673632151,0.0141308017496326,43.8054948,5.370909365,5.179871225,-0.10641315425,50.5991468,1.5362729925,-3.9041101875,0.065575861125,-0.19058964575,-0.30713161875,-0.4542254935,1.4392111,0.055503541025,0.8419488095,0.27807383875,0.46467076075,47.5037442,6.18846642,8.0929737625,0.46351116275,70.610894875,18.625923025,9.21176246,0.16070573825,0.14969913725,0.7246781965,1.16295778,1.87179918,0.0964978544,0.99527337825,0.780525243,0.5183608485
45.975771321,5.5228118895,6.1115197909,-0.2746357916447,50.640727871,7.117500608973,4.67363959990973,0.119738430981,-0.09336158022857,0.36766956559317,0.30507278963998,1.21162329075,0.0340266226241,0.78316093598,0.41511247968,0.49281613069,0.875372651310215,0.192411932871589,0.682738752780813,0.105724883534542,3.90414353768791,3.43072306031943,2.80021513079902,0.0227136307509664,0.074528590788592,0.220289532222764,0.39365250134115,0.0720527453287323,0.0108617159835213,0.136116854892117,0.108158145853362,0.015216114291314,44.347322175,5.1834710575,4.92523992,-0.48298030425,43.08893095,0.5382157955,-0.80598969425,0.07482400145,-0.23512757175,-0.063406232725,-0.50314330825,1.072361625,0.01464897725,0.48873211625,0.21105060025,0.46335050575,47.639764025,5.9022285275,7.59413656,-0.0757484229500001,58.393627375,13.6692323,10.264567575,0.16186766325,0.0494476964499999,0.80750108925,1.067173175,1.3532982,0.05616116845,0.98891737475,0.6416756385,0.5215294985
46.100142318,5.4165830935,4.9443702519,-0.057685658583952,61.81477032,4.5906156960843,1.945548230498,0.137844110698,-0.0309742809154742,0.15305392239448,0.3959993597444,1.29855493152,0.057335983793,0.91346823141,0.367120957695,0.50041602015,0.779120342022223,0.181238691469782,0.558533380413607,0.106301342126751,4.31981343840549,3.72162862271777,2.89799629400198,0.0246685206644838,0.0775419480781706,0.227981857878099,0.40433890529071,0.0832613971939808,0.00904305879527353,0.0604242209840802,0.116560143557822,0.0148651724478253,44.66472905,5.0774094375,3.9648032575,-0.260248688,53.50527355,-2.95926364,-4.16143975,0.08875918995,-0.1740091495,-0.32737542225,-0.46689967075,1.1386115775,0.040154550575,0.77001348125,0.14186632375,0.47131809375,47.5948728,5.77713904,6.1736948575,0.14248140125,70.92986865,12.0453848,7.26263363,0.18497691575,0.1339095075,0.57134258475,1.1520434425,1.4742424725,0.07458492865,0.99563346175,0.59123622725,0.53274485275
44.975159654,5.6852681646,5.9924180665,-0.089353183947676,58.510491793,11.73997045849,4.1061139277165,0.112777106818,-0.05542769696377,0.32302300844003,0.1911684351735,1.10543516376,0.036324774853,0.84841092259,0.5746382629,0.50339780054,0.934569926850241,0.191727802186361,0.663338102056507,0.123559080263005,4.00904051801284,3.53006294703774,3.1610321260312,0.0249736228053432,0.0834275558046998,0.248674568063042,0.421574309135931,0.0732436061228029,0.010242520750492,0.128417433701354,0.114447303251267,0.0153679025296207,43.1890255,5.3429869,4.8114099375,-0.3521495955,51.07732555,4.92374178,-2.3464792375,0.066032328125,-0.2182888865,-0.1845946745,-0.647817339,0.978487701,0.01735630075,0.507110053,0.36304906675,0.4746891635,46.948656425,6.0744612875,7.377730035,0.13117421775,66.5368371,18.5796076,10.10599995,0.1608095,0.11449262275,0.795026798,0.990368411249999,1.2542750075,0.058933600775,0.996399388,0.820571557,0.5341251435
45.2626695,5.6738098061,7.1169990634,0.245563123139,66.885573848,14.5003828564,2.1982715400943,0.105885272179,0.01014888181839,0.17293535918405,0.16481832416535,1.415991503,0.060462183377,0.9551215232,0.53586594211,0.49575079118,1.07084577973283,0.205013834037091,0.799181576803757,0.13143883933676,4.57076179791986,3.69956122602904,2.83837239221228,0.0221203681576096,0.0754392841910493,0.223291317717126,0.383662433756917,0.0874114968410254,0.00918189575075385,0.0373495131938628,0.0960667159758758,0.0141453470588026,43.269798925,5.298201905,5.7593152375,-0.010504621775,58.3544896,6.918010925,-3.0868377875,0.06491927825,-0.1373155225,-0.242837792,-0.58067259675,1.25395287,0.044057441425,0.86199079775,0.37151616775,0.4692119065,47.418136825,6.114402445,8.8067147975,0.50527718475,75.71069045,21.7212711,7.84720622,0.151105468,0.15088792125,0.61733021275,0.95014316575,1.582717955,0.0794141111,0.9987784595,0.7385867085,0.524091217
48.272594599,5.7982839988,7.1099941892,0.00691289173436,60.824408511,12.9763605609,5.47044460128,0.12237495394,-0.086760278761333,0.4303532501164,0.41267934580374,1.14929782572,0.0385974787434,0.86659279045,0.61702572909,0.51367570254,1.03798188949261,0.227022195662196,0.779860622301098,0.137312662522961,4.80209705534219,4.49264991820303,2.83996535089667,0.0193085952973589,0.0704429871918449,0.223416634271237,0.348589359604137,0.0886187958974441,0.0104048822531454,0.102064298923984,0.10065522231789,0.0143609281503041,46.2926771,5.386423375,5.82748205,-0.26699451875,51.56020835,4.4353472625,-0.0780932312249999,0.0853840229,-0.21997448275,-0.00614349987499999,-0.26161460225,0.998814233,0.0190070182,0.630416407,0.433725832,0.48528493575,50.263140175,6.27926657,8.91621442,0.275695718,69.9865293,22.391897575,11.04684925,0.1592502935,0.05065156525,0.869042237,1.0810646625,1.32968506,0.059729830675,0.9980772665,0.823437292,0.5423903135
47.156884454,5.9592774293,7.2511948463,-0.043655138418861,51.58222453,4.8458024802513,-0.2029136194526,0.097132326804,0.02904126827446,-0.01596296853728,0.027378478536247,1.4224894807,0.063697326705,0.86314030635,0.502457650263,0.49096159689,1.11592919680741,0.241814720445929,0.778704635920632,0.151593787064329,5.17947699828214,4.24781624705548,3.47981757732886,0.0242849877324831,0.0909798542011683,0.27375303342393,0.449248944822918,0.118598853101534,0.0136533848651442,0.0639576809874073,0.122259672851937,0.0165375044739458,44.895550025,5.511567675,5.8871600925,-0.35541498725,41.13060715,-3.471398245,-7.2309074675,0.0465400341,-0.14851664425,-0.56884673425,-0.84368845075,1.203278535,0.03609466445,0.71219732675,0.2586432265,0.46031420975,49.450337675,6.444323995,8.843344155,0.247478567,61.154091875,12.8389337,6.6450469925,0.14137332375,0.21106094675,0.52275779775,0.85989021675,1.6743812025,0.091371823525,0.9648647975,0.74128680675,0.527212876
46.354584037,5.3913558832,7.4767868453,0.12069602132193,54.220502203,7.4565711196145,-0.2538090154113,0.0909160424857,0.04308930264575,-0.01996684800545,0.0451294382085,1.3231148612,0.057037587924,0.85460064946,0.2962392438182,0.51380359416,1.09209262675714,0.197476537595723,0.842613706069831,0.109187419022765,4.47252567550473,3.83745371278792,3.05496611385519,0.0218220552325973,0.0793543525499376,0.240330483134476,0.385553007743027,0.0935868746859284,0.0102191877319313,0.0658737451080931,0.130120482780758,0.0141571199446709,44.2859895,5.0302049375,6.156495765,-0.075182631875,45.9407222,-0.185994838,-6.025490465,0.049288351775,-0.10971015775,-0.47401803425,-0.6466722015,1.15367406,0.0375693396,0.71743195175,0.0446409221,0.4882324045,48.48659445,5.8165646775,9.2888127975,0.34830422825,63.481046625,14.436958325,5.6531093875,0.132823265,0.19413678925,0.4447232625,0.791318666499999,1.5113413775,0.07666443605,0.969312056,0.546906637,0.5430008765
47.107318642,5.6628646493,7.627674615,-0.04163209926869,61.518754125,12.201604292089,1.17705415454539,0.096509161786,0.02694452985889,0.092597424349007,-0.1598221392769,1.3971960164,0.056000533197,0.92361402555,0.51130808896,0.50240188721,1.0609157657976,0.189244742925084,0.801420672188349,0.12784832773855,4.0969098223707,3.52232367226827,2.78324566006425,0.0198714571669124,0.0712105584573577,0.218954564319939,0.363219008849516,0.083349752747833,0.0097584598455645,0.0470726048363623,0.0954983430300213,0.0134837569705492,45.0615682,5.3014328975,6.2181574725,-0.302500703,53.4392092,5.23128018,-4.1256309675,0.0601176757,-0.1154841825,-0.32455839575,-0.8707776775,1.2468832325,0.0374954736,0.8103028415,0.3401052065,0.47642741075,49.225445975,6.028618835,9.2744970175,0.21659117775,69.4895963,19.48734595,6.9065892175,0.134732112,0.16091547175,0.54333301225,0.554845557,1.5723646925,0.076167584625,0.99288150925,0.70603884825,0.529543394
48.084248769,6.0395907448,8.0349369219,-0.103402401333331,52.959025125,9.45029008785,5.0015799117259,0.11679425924,-0.09102539022036,0.39346823292494,0.3951784838059,1.3193265035,0.061927302773,0.9189149568,0.411168609687,0.50412977833,1.09003684968634,0.215068871734507,0.862710061374808,0.123249164780532,4.60416887246105,3.60151274667371,2.83263251366688,0.0186758909673775,0.0721045671677449,0.222839768696386,0.35435416013494,0.0875061942243087,0.00838791464094472,0.0513295489511331,0.1223985629656,0.0145724355292536,46.03449775,5.629594665,6.4668661025,-0.3400479445,43.522494,2.4208006825,-0.7260938755,0.077821716625,-0.23165529,-0.0571209253,-0.356342356,1.1614262225,0.04688902335,0.7961580065,0.127983844,0.4768276785,50.044607975,6.461886955,9.8484893625,0.12911345475,61.6687687,16.17901065,10.73020925,0.151976098,0.055572746725,0.8441325495,1.02326678,1.5020781775,0.079015195,0.99429987025,0.627164508,0.53439837825
44.154018381,6.0207250665,7.5950703677,0.038634770437353,57.719253286,13.142528594,4.6980710640824,0.108740457239,-0.0648238585674,0.36959155925895,0.30667090696757,1.2762976414,0.050930444222,0.89315464748,0.3774320217693,0.47383037479,1.06971398516582,0.217294667987403,0.821328190518199,0.098215787547346,3.26692410636748,3.11660832535307,2.62456425328728,0.0213204757529463,0.0702086110320959,0.206471290257583,0.366757039114483,0.0765075663381573,0.00863798557345277,0.058246316106325,0.129564783275148,0.0124550342490952,42.08457395,5.5932004525,6.1825432125,-0.152955964,51.410731675,7.35635125,0.028602018135,0.0636128643,-0.19869022975,0.00225008617375,-0.46061919025,1.1355028625,0.035653095075,0.76928158075,0.11052550325,0.449875185,46.379642425,6.464760565,9.329573185,0.23141226925,63.9878178,19.56318715,9.7154452425,0.1474207805,0.0694971343,0.764302306,1.0017221475,1.442442955,0.068899561725,0.98685604725,0.62412509825,0.49829993725
47.003281132,6.0797523547,8.6572830147,0.094759317936024,62.287998462,6.5772729268855,-3.4044245334411,0.091087144986,0.12502282172086,-0.26782195391353,-0.28835050344937,1.18216115805,0.059203956574,0.90203439745,0.55153583138,0.52036605586,1.2393709435338,0.229656535032328,0.887020953834225,0.136385099082158,4.24297411210297,3.86650893023866,2.69161797678546,0.0184750890906202,0.0688775751893893,0.211746325775307,0.360117660888852,0.0902962329250024,0.00974107431229063,0.0561208063082379,0.110706716327696,0.0152363244928343,44.52540765,5.633369655,7.0745876775,-0.18530096575,53.7420159,-1.65397824,-8.46449899,0.053911484875,-0.016506432125,-0.66589187975,-1.01350603,1.0060341425,0.041129000775,0.77826836475,0.34708396375,0.49195707875,49.3172244,6.5156835775,10.552486875,0.3547698635,70.870995525,14.1079815,2.217670575,0.127866331,0.2532567375,0.1744614595,0.41172032125,1.3573164475,0.0799562235,0.99198456625,0.78314138,0.55040116125
45.352409895,5.6917038638,6.3227102585,-0.08705512526493,57.720360367,8.98160748662,-1.4865810607069,0.083172669000565,0.084208572574502,-0.11694753109901,-0.39485788229766,1.3424565757,0.043904794349,0.85566172106,0.5629131896,0.50199941364,0.997651329204059,0.212338972068282,0.683714802440532,0.12569577338603,4.16643487490559,3.61878129856849,3.0615216365889,0.02543740186519,0.0832055079938829,0.240846198610451,0.444810249705595,0.0810211683654896,0.0114563766495251,0.0895586090824689,0.117974046731229,0.0146777036860528,43.2784695,5.3097121775,5.14879349,-0.32643576875,49.51860475,1.964017915,-8.0655439025,0.02866989795,-0.068942611025,-0.63450657175,-1.3708884525,1.188232795,0.02390128025,0.67517187975,0.339117522,0.47457435825,47.270030475,6.1363964275,7.78690355,0.155093065,66.055218,15.8246358,4.1366271625,0.128390917,0.25836444025,0.32542344325,0.419240034,1.50289557,0.069535932175,0.98904853825,0.8047888095,0.53062479075
45.228530348,5.8438203789,7.8776366606,0.00421645467051,55.901665377,10.77661971499,1.639931035931,0.093256926078,0.00737337939602,0.12901138793302,-0.007513958754419,1.20850391581,0.049126330216,0.79093100208,0.57519309757,0.50209905664,1.16398385272769,0.204905122297315,0.876556540565754,0.12959788945953,3.85327182811827,3.10065188593685,3.23704221300646,0.0282347214387142,0.0905171213526183,0.254654189461686,0.490166558228802,0.0827774281129715,0.0102151435332751,0.103225880761497,0.118109768610016,0.0151076139663192,43.011160875,5.4548459325,6.3829531625,-0.2544659845,48.209353525,4.6632560825,-4.8221934875,0.0348116534,-0.16079466575,-0.37935612325,-0.98604058,1.0576966575,0.031222159625,0.57671862425,0.3587086595,0.47446480825,47.403350525,6.2450493525,9.77164299,0.263097055,63.34558885,16.730659425,7.69592665,0.14676797475,0.1908517085,0.605429223,0.90961539025,1.3970482275,0.071072791625,0.9745463535,0.81415994175,0.5321646285
46.906807795,5.8444475136,6.2637357266,-0.01025755946095,56.754357282,15.2016871007,2.48652362013408,0.080985589167,0.00566230763609,0.195611801155749,-0.17287887233561,1.4436451853,0.051882222822,0.80621833284,0.3696525655668,0.50214227623,0.91963190343318,0.220731640436258,0.680512743828439,0.123815203964152,4.59740178296018,3.9666615120395,3.30749348881389,0.0257903672266862,0.0878958002381142,0.26019650634828,0.439943169820325,0.0934927368044924,0.0115361945959606,0.0932968653340052,0.136233663843552,0.014053342020542,45.1317734,5.45131948,4.98452348,-0.2520836225,48.0218645,7.597807525,-4.0250332425,0.0314152485,-0.1714391965,-0.3166444915,-1.0125012375,1.2724790375,0.031135507575,0.62336026275,0.05087605955,0.475646724,48.708990325,6.3228282475,7.7040316075,0.242140356,65.99545535,22.774354625,9.41899194,0.13267282775,0.17852244175,0.74098068875,0.705227632,1.6241482775,0.074211426725,0.97927028775,0.6234058005,0.53066205
46.667696683,6.1164655996,7.6758276891,-0.07065990991523,51.073578177,7.153568775694,-4.729187793809,0.052553127196669,0.16405983782363,-0.37203947477164,-0.752969410759,1.20474898016,0.044245468027,0.86942500288,0.51128853839,0.47121109093,1.15842075715341,0.222465159385537,0.823873882487685,0.125576364628931,4.26550930708855,4.03386488048793,2.98126700460026,0.020069604627514,0.0767702872049421,0.23453266374626,0.37445661224668,0.0875473801259909,0.00903048875417718,0.0635969445736475,0.0947542385314747,0.0143600649439415,44.55346655,5.720755455,6.2612547125,-0.314041702,42.3200037,-0.84616938025,-10.63280145,0.012116714225,0.020148656375,-0.83646959325,-1.4867241275,1.04121097,0.0271434808,0.729413463,0.33299037575,0.44483437475,49.026294075,6.57534387,9.481220415,0.18568365375,59.4860997,14.882255075,1.0668444575,0.0894058456,0.31810665975,0.0839273650749999,-0.0438100217750003,1.396536985,0.061270253075,0.9778446215,0.70603201475,0.500199467
45.419855597,5.3523933011,7.4758022483,-0.060428732374627,56.251831896,10.56978752554,2.32464278821468,0.0999854412216,-0.012361870347489,0.182876832126063,0.03517814125154,1.3157306916,0.055778615566,0.8799258516,0.3759740617887,0.49619915233,1.12905122778634,0.192902938454431,0.815982027450984,0.107820025298422,4.06195017281111,3.67618199372763,3.28370201070351,0.0279095668989876,0.0903551355757769,0.258324859327404,0.477430538712276,0.0806638056718422,0.0101706324947934,0.0671805687816989,0.126696893829618,0.0142519073978838,43.169695725,4.998526065,6.0751858275,-0.275443091,48.351789725,3.50479903,-3.838782965,0.0460683395,-0.185501189,-0.30199240625,-0.8984249145,1.16405787,0.03728828435,0.7376271555,0.111011062,0.4692461135,47.51585895,5.732422395,9.3256871325,0.1337980955,64.218813675,17.7816947,8.617402075,0.15125953425,0.163326409,0.67792058975,0.91183498525,1.4852301875,0.076342579625,0.98619965925,0.61897186875,0.5254100025
46.645679875,5.6577159976,4.9884748797,-0.1970943581461,60.882132422,12.25351743771,4.9178790070089,0.121843939799,-0.07514691108461,0.38688358392958,0.179178739437112,1.483097925,0.05511774068,0.92331238345,0.6652077699,0.48857255053,0.720478640097565,0.206676725412082,0.588441857168057,0.152400535571986,5.03482413310298,3.69344813156645,3.15281725066995,0.0242230875661177,0.0837552705975122,0.248028313886058,0.423731473869313,0.105943483506921,0.0114110942590057,0.0638008834924927,0.124934612538552,0.0148824702244339,45.291074575,5.2802445075,3.9389220525,-0.49106779675,50.9598579,4.8051985975,-1.779006015,0.071534990175,-0.2385347515,-0.13995224325,-0.6743119965,1.276923145,0.0346030992,0.7691633885,0.44438683225,0.46112418175,48.061685075,6.09399767,6.2619091025,0.10809885325,70.66672945,19.62396715,10.95006595,0.1688510585,0.10415285225,0.86142844325,0.99968432175,1.68830002,0.077905879375,0.9972976485,0.94409305425,0.51760129725
45.874632225,5.8690762759,7.7879821172,0.06444814158126,59.887836549,13.7146732828,3.7589003836518,0.104392284194,-0.036356172037934,0.29570813932037,0.18787814288078,1.5514338906,0.048875980464,0.93156424549,0.355682789329,0.51612146112,1.18860437191375,0.212790532413402,0.823686244642386,0.124236642277949,4.09858671571499,3.45935283840371,3.06536678713971,0.0211415258912182,0.0788580964056033,0.241148691435795,0.37972667317522,0.0925470147193854,0.00970913477704068,0.0535972929404275,0.138223174437297,0.0161228988055025,43.573021125,5.4847730325,6.3379887325,-0.1661777305,52.10862465,7.285121355,-2.24502259,0.064580787425,-0.187077172,-0.17661321075,-0.5985881595,1.37297184,0.031066957875,0.80020505925,0.088221015575,0.48512426775,48.1342527,6.3286730425,9.603190615,0.315335113,67.959749,20.5969185,9.7079148525,0.14613251275,0.1209483595,0.76370990325,0.893092274499999,1.7504108,0.067665178025,0.9963133115,0.62172448475,0.547169453
45.538711504,5.8257871904,7.6279754802,0.12233570831128,54.1839741,13.2055418239,3.370005321383,0.090552290361,-0.0281846126908304,0.26511423621789,0.18101817943075,1.4468422557,0.055955322226,0.85259067034,0.50279591722,0.48304275173,1.29749215524655,0.214432779034044,0.854393302988969,0.123139516134405,4.29774053586933,3.83578516063772,3.02847150931093,0.0239387878120185,0.080806699141142,0.238246184943995,0.420322310966862,0.0948180066119496,0.0116005772789339,0.0795846871137879,0.123285429648488,0.0144446253093081,42.79851005,5.41011059,6.12665195,-0.1290409465,46.0258519,5.3490223575,-2.38039082,0.045090110775,-0.193543295,-0.1872624625,-0.62066909075,1.2688802975,0.033534048275,0.68089054525,0.27135357575,0.45567577025,47.997118275,6.2452001175,9.4365234275,0.35518809725,62.478444025,20.613890925,9.66134477,0.13909265525,0.1228137735,0.76004628375,1.00317544,1.6396150225,0.0810256739,0.988118815,0.7679430595,0.5111138395
46.202781282,5.2796121748,6.4630838362,-0.00013211460853,61.175608506,16.2796539665,4.182239775539,0.098652064885,-0.03550441169192,0.3290117366928,0.03286190979953,1.3168381564,0.067465120872,0.96314457446,0.81300372074,0.51440810054,0.913002797418162,0.199627120787758,0.699208087779256,0.164986866029139,5.64531327255849,4.91102167663054,3.21033515510178,0.0240305234355872,0.0822432893700153,0.252553177613695,0.42348395725326,0.104566254374197,0.0116722568039241,0.0299453234670696,0.122832089119371,0.0163519219521686,44.43033105,4.9053645925,5.179027935,-0.3236485965,49.2159761,6.5937029325,-1.9194343475,0.050774657575,-0.200075906,-0.15099957675,-0.7990948775,1.122360315,0.0459155632,0.890549787,0.5874001815,0.48445674425,47.9663467,5.704832075,7.91168221,0.32485645575,72.016514025,26.262312525,10.619883325,0.14653872825,0.11737561925,0.83545334425,0.842378892,1.52819281,0.092340764925,0.9982613195,1.057168355,0.5470158845
46.003098287,5.530417656,7.9493492608,-0.2147870010091,62.312996953,11.47481622984,0.0059970321751,0.093248039192,0.055459730545892,0.00047177902266,-0.4396702201753,1.3990988687,0.064911399174,0.87611755131,0.39138872846,0.51930066988,1.14953100346602,0.198217578757203,0.81566592558104,0.112448554819126,4.08159820542284,3.27432500928596,2.58698281917642,0.0190858737671254,0.0690906907814608,0.203514804342537,0.348403322093479,0.0906281779220483,0.00883742129688429,0.0470048842857066,0.0952848267252652,0.0146579323886142,43.79748015,5.180391735,6.51580504,-0.4391151255,54.600258825,5.335340875,-4.7790009425,0.059665581225,-0.0901921518,-0.37595821625,-1.0919299425,1.2305336325,0.0484022826,0.77734897475,0.2162464935,0.48972131975,48.3821714,5.91834943,9.70348364,-0.00439431395750004,70.07544215,17.92156405,5.2453599475,0.13187239075,0.18390554725,0.412646109,0.24043349475,1.5788932925,0.082835362075,0.960686072,0.57505758475,0.548533889
45.577140389,5.8608525752,7.112164009,-0.0987038569619,60.606083599,12.09402024642,-1.1479875846926,0.0780424875677,0.09003250720741,-0.09031079261508,-0.5296278684753,1.4323112262,0.066557623847,0.94873847924,0.54531727356,0.49144051911,1.01424156516438,0.208686188102995,0.750389850856758,0.140346364927631,4.94052398467709,3.9814122380638,2.97822415078363,0.0229009609658582,0.0767309297528551,0.234293286070276,0.394198379633951,0.0946766620355048,0.010811666075235,0.0357344632342614,0.107439257797681,0.0161162125823091,43.590943775,5.484858605,5.78351227,-0.38266867775,50.6509516,3.85796919,-7.0983288,0.03281192175,-0.05880817675,-0.55841692575,-1.3547589275,1.26590999,0.046780816325,0.8597289675,0.3537925095,0.46177733025,47.516505175,6.25528665,8.692072215,0.18159506375,69.92453095,19.838505175,4.568954365,0.1220087745,0.239844079,0.35943410725,0.249000306499999,1.6278231825,0.090414508175,0.996918029,0.764007264,0.52414538
46.551766869,5.7594671458,6.3378637435,0.06697151746013,57.828371191,8.859458048173,3.8876371275802,0.122873913985,-0.06341370570076,0.3058357033458,0.4894242986352,1.4015128113,0.058527123575,0.95162756693,0.56013808189,0.51747005504,0.976112293412585,0.21340285940745,0.717542762095751,0.13498002948719,4.37888130116795,3.7918307557603,2.81626292587561,0.0198396624073237,0.0713365085673644,0.221551992786498,0.357457581852866,0.0872837724506728,0.00932178549693687,0.0355614914410771,0.10028410159395,0.0139430020571042,44.55021895,5.3630847875,5.1128551725,-0.201153248,49.1554159,1.1057095025,-1.394986415,0.08350896325,-0.19676637325,-0.10974189325,-0.194718667,1.23842998,0.040911587875,0.86621536375,0.38320666225,0.49053616575,48.38410265,6.155952505,7.9838027425,0.31054095025,66.400952075,15.898817775,9.0577207925,0.15976114525,0.070431438825,0.712559919,1.1833233025,1.5858615375,0.0774874685,0.998351328,0.78403365625,0.546121871
43.800289118,5.410506883,8.1001757043,-0.15545702970274,56.611474323,8.130860840062,0.7260332619955,0.100503422048,0.01955095560024,0.05711615718454,-0.12239513193746,1.4638619521,0.049446560658,0.95815974635,0.4813184747,0.49263186684,1.22277746995741,0.197017694645151,0.786025159253693,0.13264672906375,4.25037704895952,3.39520542725393,2.83107944668158,0.0194407683329295,0.0735573407567181,0.222717590311269,0.374217809974309,0.0879995235695993,0.00758554865353743,0.0358192687435657,0.128753894449893,0.0150713967489305,41.53538385,5.052316985,6.75944682,-0.4171592215,48.208460075,1.5604687325,-4.4137605275,0.0652969006,-0.1352160765,-0.347225192,-0.8220063505,1.3025090325,0.035602130625,0.8631876485,0.24811769775,0.46411020475,46.23667675,5.8234302575,9.7792531375,0.0983891237,65.157711225,14.86997575,6.5094076075,0.14247263575,0.16024607025,0.5120872125,0.6611183245,1.638766755,0.065734875775,0.998860402,0.74543601,0.52359850575
44.753089385,5.7430584416,6.5491473469,-0.0128729407017977,54.394227269,10.44961636272,-2.571146165069,0.06076079589695,0.12099669468383,-0.20226895410697,-0.58180898733323,1.3842116854,0.065715322219,0.85919163704,0.451463002556,0.48803431231,0.994613230309283,0.201611770680063,0.722023497429598,0.115776243709947,4.07175820117664,3.58557939179291,3.02546075375233,0.0282679725237264,0.0850906246266557,0.238009332289447,0.458500716228428,0.082862666929876,0.0106155724450678,0.0688091700643004,0.127064224207105,0.0148981445158659,42.854695525,5.3708974675,5.2950089075,-0.22940448275,46.515791275,3.22525558,-8.48599307,0.00100165601875,-0.045352457075,-0.66758279225,-1.481853905,1.231692075,0.04595807045,0.70340344,0.21505820575,0.46044835675,46.67313495,6.138578,8.07337881,0.21640076925,62.97661835,17.352375425,3.18298586,0.114621601,0.286164426,0.2504016445,0.34603544475,1.5592531475,0.088624722675,0.9761415665,0.7167868025,0.51762640425
45.464720902,5.7410091131,6.9796596889,-0.12352820373573,58.711900845,10.01743102188,0.6847899296668,0.096433940658,0.02982439616809,0.05387159427951,-0.19551486833732,1.3860117624,0.052360585912,0.7798856488,0.25609876142981,0.49049484012,1.03710217021291,0.226467927793939,0.732832145593573,0.11471591509936,4.41791869677784,3.60557738385516,3.09334590032276,0.0247197196574541,0.0843977090038093,0.243349775061276,0.439693914283199,0.0878982942759677,0.00990696735207176,0.10061831487005,0.143812235292071,0.0151537117005692,43.596330975,5.3138329025,5.71532524,-0.3374155995,49.79013665,3.15784449,-5.0778004,0.0464577629,-0.1412542365,-0.39946440575,-1.051494495,1.224964795,0.032424764425,0.56613265,0.019454715575,0.46230135975,47.52855565,6.21154471,8.62246903,0.108695981,67.227972975,16.999422825,6.8759774825,0.14266081725,0.18768638225,0.5409248255,0.66474906875,1.5705392875,0.071726363875,0.94279724725,0.5537101775,0.5211038195
47.889702329,5.8897872912,7.0033645919,0.02225828698807,64.623494295,14.8008082493,0.0573611688148,0.083706559522,0.0701771271160778,0.00451253369068,-0.3818257019016,1.11405340168,0.0346825307722,0.8907931352,0.62220231467,0.51517552458,1.13965978910699,0.207174843337817,0.750655893636433,0.138255223772961,4.55331811724854,3.71896973790668,2.61949164401174,0.0186638246766059,0.0677407156870251,0.206072234242764,0.353681345911336,0.0780932972241914,0.0097831681484698,0.0778306596410493,0.102767109493221,0.0146488025204799,45.495248625,5.5061856475,5.6977001875,-0.23621607275,55.784559175,7.7211863725,-5.042385425,0.04588522355,-0.055958307275,-0.3966783585,-1.10111011,0.963027721,0.0175736815,0.71988105825,0.448832118,0.4887739085,49.959208325,6.31689275,8.6351734625,0.295975023,73.4748114,22.183246975,4.8055931975,0.11971708175,0.20592572475,0.378050192,0.28807750625,1.2613755975,0.05524578655,0.9960037475,0.853474475,0.54493708175
45.182622166,5.7451657748,6.7807535051,-0.21145331276918,57.554001071,12.6337323509,-0.308976377446,0.07446981232545,0.06969471642846,-0.02430679719388,-0.5861256966721,1.3766703545,0.074731085892,0.86078993991,0.61335626394,0.50329687807,0.951216191434141,0.209622403149221,0.758696791127085,0.13924670720425,4.32787186937513,4.0139485746017,2.96046775424593,0.0270852558277435,0.0811531656169374,0.23289641181121,0.450833064152181,0.0831036671362771,0.0113470219850508,0.0528435929194964,0.126723358987797,0.0146663202054821,43.131917975,5.36250376,5.383974275,-0.485060845,49.01606935,4.7677677275,-6.45633689,0.0213765977,-0.0889296769,-0.50791219975,-1.4674884175,1.2097917625,0.050765619375,0.74537620825,0.3972436955,0.476403358,46.985777075,6.1901385975,8.32052897,0.060604468725,65.806950275,20.3165351,5.7312237075,0.12787777575,0.232302349,0.450868433,0.28324527825,1.54179593,0.094721791,0.94780563975,0.889260542,0.53153943
44.778143018,5.8106693719,6.5104718669,-0.180168657276221,56.468462129,9.217775075098,-1.44905538085741,0.07942053808307,0.084326743571035,-0.113995431184424,-0.5069939107949,1.5543160496,0.070698954388,0.95857295498,0.80748731646,0.50359096969,1.00995089530729,0.208277724298805,0.730548433104675,0.166466735059799,5.02798528125587,4.12957002371474,3.17148988168996,0.02689898315118,0.0855814663647344,0.249497266902197,0.465052802934005,0.0907187724755883,0.0105385359400048,0.0303752111930249,0.125391943372793,0.0145276809250738,42.8046707,5.4253617275,5.245931375,-0.513262072,46.33529355,1.65221058,-7.670165025,0.02805437045,-0.083887478075,-0.60340259875,-1.3963963375,1.3834368175,0.05126383635,0.88573538425,0.57853062475,0.47550441725,46.74843265,6.224760085,8.1219331475,0.1198103035,66.5366821,17.330346625,4.9854993025,0.13037409875,0.2523203455,0.3922031945,0.36667410975,1.756245445,0.091080480175,0.9973261025,1.074238045,0.532538434
46.295539628,5.9260517726,6.9698273846,0.05278562480783,58.180315489,5.7857674182475,4.2195157268067,0.140267586627,-0.08739299816862,0.33194419056705,0.7108615342313,1.2805079474,0.053902113957,0.87465473994,0.59956546796,0.51028678583,1.00074295140817,0.224618564033617,0.769331924290345,0.124557941472834,4.60319553691331,3.64077531340991,3.07295419093663,0.0264572067156538,0.0843391014126032,0.241745583454681,0.453094549184372,0.0902386026571824,0.012819978750417,0.0853054544453684,0.112236815148902,0.0155791808925963,44.2657245,5.51762926,5.58741248,-0.19131861,49.355771,-1.376948185,-2.0942886075,0.08622383585,-0.2430731485,-0.16475514825,-0.23961761275,1.1149857375,0.0293231181,0.67466735425,0.39876212325,0.4807933105,48.30693555,6.35991947,8.6791078125,0.28906178775,67.305483675,12.645230625,9.9039761125,0.19198522325,0.0863953908749999,0.779133805,1.5501248575,1.463377475,0.07969702285,0.99041757375,0.826594649,0.542425384
48.432351193,5.7272670546,7.5522326344,-0.04162505787864,55.253780114,11.17021843839,1.8058497495979,0.091124271439,0.004742061185791,0.1420640120773,-0.06014915753746,1.3517245798,0.04520195784,0.92470106923,0.76280391343,0.51463067165,1.08308766381423,0.21432831435168,0.828330593416115,0.155131865877508,4.47744917340656,3.6347171420971,2.63946534826855,0.0154777507603601,0.0661266557568531,0.207643541452805,0.319938153441637,0.0876681345025743,0.00791043003093053,0.0476986314000286,0.115532026609768,0.0136500152474899,46.4683712,5.355753915,6.14546997,-0.3375804075,46.7531365,4.241566745,-3.0659125875,0.062344577275,-0.1220725085,-0.24119162325,-0.67611422825,1.19418942,0.030661967875,0.81132373125,0.55928327325,0.487925221,50.5861999,6.164798075,9.344317365,0.264171218,63.88957255,18.2365974,7.069712775,0.1202680145,0.12424139675,0.5561657445,0.53821503625,1.53735451,0.0611625746,0.99621805575,1.01450415,0.54230808575
47.028393122,5.89240928,7.2916508414,-0.0879365613446,60.481720306,11.581796916874,2.1933284597959,0.104287846828,-0.003863634018428,0.17254649293261,-0.03957225332835,1.5022209805,0.054213011367,0.94852793541,0.2789781831833,0.5244841738,1.06544761538769,0.217797631918906,0.84674706897473,0.10689748336053,4.29423848335841,3.87152552225099,2.6150300105536,0.0174538514218239,0.0664861103493587,0.205721242980721,0.328830844720157,0.0917986529104654,0.00916420335055311,0.03687492772331,0.14166277596912,0.0153188665214945,44.900869675,5.5051352825,5.8120931725,-0.29261634375,52.1892603,3.30049795,-2.94640484,0.070615191775,-0.1275357445,-0.231790092,-0.692026325,1.3388097625,0.038556464475,0.85676146875,0.01715043385,0.493923389,49.09832525,6.3229821125,9.052237775,0.1216690225,68.94911905,18.7002754,7.00154792,0.1364981095,0.1347575225,0.550803293,0.58553898775,1.6973756725,0.073730071425,0.99762096475,0.56362036675,0.55502244275
47.334640191,5.7192881316,6.6866713402,-0.1483237101095,58.332221045,8.333526192426,-0.8113337475765,0.092480054921,0.062593314454831,-0.06382664314725,-0.321017452928585,1.3754401957,0.066572894667,0.85979065142,0.29948347297419,0.49475046653,0.975266305816467,0.214009503094775,0.760476683921262,0.125464446617654,4.70996349698598,3.62490310351546,3.2231758717713,0.0237773165984205,0.0851514706040026,0.253563341345599,0.420131774281499,0.0988368592063049,0.0111030954433773,0.055643291904223,0.144976367593307,0.0147395422427402,45.37211085,5.3243001425,5.37049514,-0.37889955025,49.5352986,1.5165831375,-6.9345633425,0.049004640025,-0.11147717925,-0.54553369225,-1.14484857,1.1965451925,0.045393263325,0.737586719,0.0195724674,0.46674848825,49.037750725,6.1599621125,8.24492794,0.104946309,67.21562195,15.237748725,5.5008808825,0.14193368375,0.2250820205,0.4327476355,0.53779514425,1.56921149,0.086876989475,0.95084667,0.56772935975,0.52393637175
47.355309658,5.9066115666,6.4959059623,-0.006953300770834,56.942020306,10.445457817951,-0.714260438257114,0.0801887672865,0.070175061337744,-0.056190003399924,-0.30666941398873,1.3978391817,0.049186159246,0.92315338092,0.5734399877,0.50151686476,0.991340272924693,0.214796582870882,0.716034825422724,0.138227178190808,4.28882713433329,3.5878492629061,3.02298940739946,0.0233853855934065,0.0813974051394501,0.237814914859778,0.42082525613939,0.0923689190852619,0.00929043108047835,0.0581651997618254,0.123219295119715,0.0144487260568225,45.37467405,5.4965947275,5.2230780625,-0.2872964925,48.68726855,3.48974045,-6.643126795,0.0337820504,-0.085122445725,-0.5226067385,-1.1824080375,1.2323403575,0.0326940195,0.77478374375,0.32898947125,0.47519242925,49.265379975,6.3374224525,8.0355841475,0.26880948575,65.347711575,17.1071521,5.3303678275,0.12253362325,0.22724998675,0.419333579,0.4685387865,1.60160586,0.0686673918,0.99664802425,0.8313283545,0.53032113875
45.805576259,5.6585901646,5.7382232207,0.1077496448766,60.313188457,13.2040119979,3.379502187143,0.104998143287,-0.02845184771214,0.2658613431403,0.21476374896093,1.2878565967,0.0376032486289,0.86288086367,0.380077397302,0.5043268076,0.864531308067199,0.21628613542224,0.658405748213861,0.126641888573282,4.58527970196783,4.09933971135083,3.31402387228343,0.0243315694857176,0.0868491954750462,0.260710243670289,0.421039868272673,0.0952589983750762,0.00999810557366323,0.107796154439168,0.129881190864113,0.0158516137618976,44.09858215,5.268906245,4.636951385,-0.14055724725,51.241756125,5.0045481075,-3.22218854,0.05643437515,-0.19050071825,-0.25348566925,-0.602436265,1.1172685125,0.018936081775,0.58736461175,0.0926085717,0.47476019775,47.5147199,6.1004908475,7.14801584,0.35974317975,69.36491335,21.6829767,9.8049735375,0.15263927675,0.1440447815,0.77134539875,1.0260253625,1.4963775025,0.0595638117,0.9960770225,0.64399729625,0.53490379575
45.165160842,5.5035552696,7.4890596615,0.06354016136285,61.842241932,9.604173972166,-2.0083097470488,0.086192035564,0.10150012031204,-0.15799129504984,-0.32091530269169,1.4423643816,0.056220281776,0.9258629691,0.59055607402,0.48178415755,1.13101356866204,0.198402435009517,0.790283571603055,0.1275722408579,4.10455409342653,3.36183635411079,2.76979102471785,0.0231361240107332,0.0755683562917455,0.217896104549423,0.401851548708981,0.0857516312040319,0.0110302886932589,0.0455830437487559,0.113158373336039,0.0144424405456264,43.051268325,5.140931345,6.12210108,-0.1829383915,53.972487075,3.128091765,-7.327787075,0.041586803725,-0.045330855125,-0.57646813325,-1.0960992325,1.2880342975,0.036376557975,0.82322943,0.3755257855,0.45488798525,47.2868226,5.8914794,9.26659664,0.3162396735,69.628905025,16.533603775,3.432581325,0.1307327475,0.24403307825,0.2700370125,0.452051677,1.6285583375,0.07809534195,0.99298745175,0.82690517,0.51078813975
45.356287767,5.5754759453,7.2523910587,-0.05137331946247,58.838563199,8.894207463633,-1.0587230185722,0.089292919957,0.07207938026824,-0.08328845732891,-0.28777674470975,1.3254248097,0.05874673288,0.94407960201,0.53549273772,0.49906748889,1.04706616517622,0.199132544276918,0.754990137791922,0.120200286004924,4.09040088670077,3.49561567296085,2.88782065003001,0.0204454590977269,0.0746423762216454,0.227181352058166,0.364746513807782,0.0962316266125328,0.00797816788928892,0.0400459429691943,0.102898066108366,0.0141840118237169,43.5455495,5.20131165,5.891206815,-0.28160702825,50.66923945,2.3917366775,-6.793239245,0.0516455338,-0.066530456525,-0.5344159005,-0.99008182425,1.143596485,0.043324076875,0.8505917545,0.35103483925,0.4719804305,47.74464725,5.99698406,8.892902595,0.19015025525,66.424648825,16.15833145,4.285709925,0.12786705875,0.21705956275,0.33715160875,0.38883728975,1.51892348,0.075304135675,0.998615183,0.7601299785,0.5259125705
45.120036321,5.5482711959,6.3732424147,-0.09484874775569,57.988263666,17.261275449,-1.1249888117124,0.048254477785289,0.11445139924459,-0.08850150689613,-0.8593702405082,1.242830064,0.0332080251528,0.78394359193,0.5060662815,0.52962879606,0.964870074479957,0.203977579441601,0.729900540663024,0.118837209527348,3.90271762917183,3.44658579552723,3.15104564158436,0.0277016234044505,0.086112453220337,0.247888943289912,0.464758653317129,0.0772693367325817,0.0100452018961448,0.1330477458181,0.116184883686659,0.0167760366590444,43.20378825,5.175456995,5.0305748675,-0.310657091,50.478468025,10.4807257,-7.48471747,-0.003625358425,-0.048915773825,-0.58881365575,-1.784256875,1.1058337625,0.01411537795,0.4694937335,0.28764783625,0.4972246295,47.0638326,5.96129742,7.9008924375,0.1353026225,65.8736136,24.058510175,4.8326270325,0.1017647175,0.283636046,0.38017691825,0.00847569443249962,1.4023750425,0.056008272625,0.98341822,0.74318505875,0.5637274795
46.997280348,5.8919272086,6.3403017614,-0.09545114111032,54.940371232,7.292860626318,3.153367442871,0.118010892545,-0.050919271338788,0.24807159683396,0.302230937705606,1.5061552758,0.060862464904,0.93818663493,0.56954603073,0.51945578527,0.970992394561461,0.206907992856872,0.696482071622502,0.163727390393107,5.69832878783601,4.54548935019897,3.23910651794606,0.0228236352166419,0.0819496271016859,0.254816586077572,0.410334615064929,0.100953785625662,0.0107616270851768,0.0421642657409486,0.118854315926408,0.0164494390221397,45.0954934,5.5046211375,5.13623238,-0.39969548725,43.9036085,-1.6063082075,-3.45160268,0.07107569525,-0.205644125,-0.2715333995,-0.535540891,1.326085425,0.0402180854,0.83512246375,0.3152613985,0.49016410825,48.95218465,6.3225719275,7.790082275,0.2411513325,65.980619325,16.311753025,9.10510577,0.16296427,0.121739332,0.716287634,1.0826580125,1.7116430725,0.08215655745,0.995101019,0.80506337575,0.55277008675
46.68595068,5.6185778969,6.7416717693,0.039610200048391,59.948684331,8.275010518063,-0.631853123429,0.097838228245,0.057399353633567,-0.0497071195447,-0.093002116725378,1.4222937005,0.060527437703,0.94270079886,0.39723599297449,0.47849422175,0.97946854733264,0.225228733367598,0.752583111740866,0.12911922554542,4.65418129792028,3.91413865755261,2.94113559359266,0.0242973305591005,0.0789899876236389,0.231375574181508,0.418828069026772,0.0949655495584288,0.0086333595321872,0.053647180520395,0.144179067130708,0.0143984690174391,44.832635425,5.1927778275,5.40306553,-0.20651291075,50.581083925,0.873444273,-6.1601109375,0.0478863959,-0.09456875485,-0.48460846675,-0.9456041675,1.235823675,0.044040679925,0.8039290485,0.0777520468,0.45077206925,48.41721265,6.0769639725,8.2756925625,0.2919787165,69.1061301,15.949223975,4.803883505,0.139347854,0.211153401,0.37791570275,0.65241787225,1.608459945,0.07753293375,0.998992479,0.66674454075,0.50893049325
44.756047602,5.5735670472,7.4221924682,-0.08906694824299,53.024087704,14.17060961939,6.523664403036,0.10620293483,-0.109785633496991,0.5132087755589,0.3252382018855,1.4491885146,0.055950220798,0.96740601415,0.364993522881,0.51238896872,1.08192474995341,0.194369092136185,0.812244889964888,0.11633782006218,4.6758611802995,4.21374194659748,3.12646307036071,0.0222896097754526,0.0812740518509185,0.245955062522145,0.398005289946643,0.0929719016734148,0.0102662677059763,0.0291998409204977,0.104259099264185,0.0165617046578295,42.559825725,5.2245376675,5.9507214825,-0.3209059845,44.12264445,5.54751304,0.705481996,0.065248649825,-0.27391803875,0.0554994145,-0.4065949955,1.2784107975,0.0379985072,0.889588618,0.17177924675,0.48102944875,46.940690825,5.9662317325,9.11225704,0.1430478875,62.204806225,22.161820225,12.8165297,0.152865745,0.0416151505,1.008260865,1.1365093975,1.645647705,0.0767506722,0.9987460635,0.575017782,0.54484875375
44.324244609,5.9361982435,6.4191667869,-0.10717962448182,54.965578242,9.029157902297,-0.41374985272844,0.0842572876169,0.05508809610613,-0.032549199505925,-0.2948849842942,1.3619146353,0.050956117524,0.94275678959,0.52585074901,0.48332664204,1.01155095275292,0.238956351924268,0.696287320825381,0.129715852251933,4.14818289834739,3.41818751151443,2.93242872502026,0.0228281399066597,0.0779654344024565,0.23069061543518,0.385822167543565,0.0841046250826771,0.00952307446005395,0.0483890832778159,0.115844257314769,0.01347081972499,42.36230235,5.50607046,5.1837049075,-0.35175224725,46.77363805,2.174147345,-6.0404919425,0.0388349185,-0.0928721694,-0.475198185,-1.0736108375,1.20557567,0.0328113949,0.8226304765,0.304318289,0.4573281335,46.2825966,6.4042456975,7.952116745,0.14263099825,62.969662775,15.870954975,5.08762593,0.12716996625,0.21170887925,0.40023736625,0.4264243725,1.5297313075,0.07105052115,0.99781890475,0.745840794,0.51007031075
46.093910066,5.825513782,8.3461364342,-0.110259813282146,53.274737618,8.542156647737,1.7958103852501,0.098524963903,-0.00772272197229,0.14127422742294,0.01574137036713,1.3708780423,0.065353226694,0.87937887667,0.63784500273,0.50170487191,1.3636598377415,0.202540770596321,0.779138130672336,0.140626860015635,4.43718693181097,3.60735046709659,2.98615945376651,0.0217568393770088,0.0792347702055025,0.234917546501331,0.414954052450062,0.0873107933746878,0.00974307393686272,0.0536190739596578,0.101411275044171,0.0129275545436721,43.464033225,5.44266067,6.9964148125,-0.38270585675,45.133462325,1.637558005,-4.2389803225,0.05648599675,-0.158844011,-0.333475446,-0.7860186395,1.2086120675,0.04545199305,0.7585586595,0.4665864115,0.478780064,48.864486225,6.2434382925,9.9733799075,0.16836132975,62.642150125,15.016829325,7.577067735,0.144913508,0.15468140525,0.59607873925,0.84677629475,1.551342835,0.0849668103,0.99562056725,0.87250911075,0.527537436
43.463990304,6.0589658666,7.0690502335,-0.04704064185073,56.408510417,11.4931985404,-4.953233079888,0.043437737490726,0.1912255793468,-0.3896648459974,-0.984486407802,1.2886886495,0.063675807607,0.87503285333,0.64894597804,0.50155123944,1.0949257461867,0.20860134808953,0.756260972641431,0.131524433056269,4.06735321381738,3.08678345182994,3.01153827613409,0.0274596999469952,0.0840231889628989,0.236914067911821,0.46782317368197,0.0821464479244112,0.00944031611891788,0.0509186077240862,0.116109655911964,0.0137877784486371,41.229501925,5.6753746725,5.780760265,-0.3119976815,49.02542775,5.4049874025,-10.886310475,-0.0106219515,0.031063542775,-0.8564128415,-1.88697658,1.14079294,0.0443768522,0.7599622495,0.43865793225,0.4756255995,45.583368275,6.4775199,8.6689304725,0.209280068,64.595279875,17.162201275,0.88363981225,0.098196661775,0.35967975575,0.069514873075,-0.0887225690000001,1.4557476925,0.0818847721,0.95523014125,0.89311052675,0.52897603625
46.213097117,5.4290040432,7.3417434311,-0.07405999367951,61.786277095,11.0815790635,3.72096605123313,0.120705189256,-0.048082187291417,0.292723891586048,0.2201657356669,1.4481627238,0.049948261859,0.88996444702,0.471176040524,0.47938723713,1.09111829214245,0.199486972511366,0.759444140790575,0.125167528124625,4.35158033831957,3.67973598972198,2.918044535418,0.0229492511556585,0.0778508247865985,0.229559028387945,0.400295907894331,0.0985290586531438,0.0129527087362516,0.0736318951510017,0.144906001890522,0.0154267243499346,44.0477124,5.0566965025,6.0257867525,-0.30738386775,53.4368981,4.1127427,-1.9166098875,0.077746123425,-0.20354250775,-0.1507773785,-0.5704641465,1.2757634,0.027458436775,0.71014172425,0.162443498,0.45218270675,48.314960575,5.8387543725,8.9758593025,0.18230819225,70.414536725,17.829432575,9.5781564875,0.1658752115,0.10187223475,0.7535019605,0.99890808775,1.6682129575,0.077195410475,0.990702205,0.75172249825,0.51063361125
46.592205551,5.3992601053,5.9028343089,-0.058500329606864,63.71704189,13.2730744935,6.822895542378,0.137574808829,-0.12232289965566,0.5367489268251,0.5329289263511,1.250401558,0.046513762047,0.9087431647,0.52094856534,0.5081636238,0.960211490618611,0.191913717206182,0.687514433929007,0.122855912718286,4.19656968585245,3.58285126665772,2.82428315471085,0.0216925261517143,0.0745563092976457,0.222182934046434,0.387409643345345,0.0812195178091614,0.00851243242883398,0.0666910340488424,0.115632732117028,0.0141581868985117,44.761282975,5.0348981,4.6977470375,-0.29664608325,55.340699725,6.3227893575,1.3054243425,0.096031394125,-0.2656775195,0.10269615175,-0.20319733175,1.09517561,0.0303783879,0.74344698575,0.2896226735,0.4818546345,48.440753325,5.7757841575,7.4716098075,0.18347243525,71.5683275,20.2040091,12.232842975,0.178500299,0.0172077712749998,0.962342949,1.3430519375,1.4166670075,0.06360876345,0.9930194935,0.7555883655,0.5354557985
45.612468991,5.9892584475,5.3011966994,-0.029959397067555,54.694671857,6.126100473913,-0.3502567874892,0.097462295186904,0.039278548753859,-0.02755427716951,-0.0333231027226,1.09704679965,0.064311358122,0.84850097896,0.53045387104,0.50947566467,0.83826953817927,0.225591868361157,0.657271027175698,0.122677365211262,4.54338735173778,3.76230304478148,3.20416594227955,0.0290191727530853,0.0869984382197684,0.252067853041628,0.477134598268562,0.0825202609847357,0.0103904706604398,0.0742316444101378,0.0973161397469139,0.0161028512640247,43.9466439,5.5605801375,4.0791161325,-0.28145099275,45.513424375,-1.482642505,-6.230720165,0.044584303725,-0.12786816875,-0.49016320375,-0.875819645,0.93699404725,0.044816293975,0.6871928195,0.35891211,0.479714983,47.26548305,6.4675659525,6.6288471175,0.20969449825,63.65541395,13.207315825,5.77438187,0.15291912525,0.19609946525,0.45426362175,0.91050573875,1.269212705,0.0866220326,0.9699672765,0.7386693255,0.54224242
47.296792251,5.6750427423,7.777504967,-0.00412417482028,56.672718449,9.25503642652,0.5864100119645,0.094455228199,0.02882023307266,0.04613216513732,-0.058234341513449,1.4181760935,0.061945983196,0.86057563798,0.53140166002,0.4915198825,1.19544015814478,0.195510575758517,0.811117686290959,0.124641717946595,4.09888646946708,3.73274529131684,2.87572928588778,0.0201574155766022,0.0748875251222558,0.226230139064374,0.372563158758994,0.0799919251426143,0.0105778509451119,0.0541639043123578,0.10827413601137,0.0139233103604593,44.92088395,5.27767606,6.412368895,-0.246455306,49.1607057,2.4479220825,-5.12977661,0.054269808875,-0.11764591825,-0.403553314,-0.813717984,1.2692527025,0.042178596425,0.7467894455,0.33884925625,0.46563800275,49.687816275,6.0492287325,9.69852293,0.23325169625,64.93305755,16.246594325,6.429956495,0.133981144,0.176216544,0.505836887,0.65894735175,1.589228005,0.082257599275,0.9603408435,0.75378080575,0.51849752975
46.399350741,5.9488462596,6.8669462072,-0.2062896069611,54.918827202,6.9420088739904,3.183985714365,0.119799063123,-0.053457681556574,0.2504802987934,0.216839318470544,1.3036130078,0.056205397901,0.89436424728,0.3414667105254,0.50435955109,1.05948171655168,0.210055808726358,0.736435728489275,0.109897454433959,4.12650081564404,3.64199094076357,2.85068970986011,0.0226579627519626,0.0767336595577924,0.224260305709092,0.39132912558612,0.087999946431039,0.0105862551300104,0.0687755931343824,0.129398204349893,0.0149011977354061,44.35957545,5.566779,5.5665619225,-0.41707353225,46.69084375,-0.31355495375,-2.58118836,0.06883064015,-0.19757680675,-0.20305896325,-0.6349585145,1.1420450425,0.038713109025,0.72569832625,0.071013179825,0.47607709375,48.5313259,6.3631593675,8.4954078225,0.01028667935,62.536345575,14.217271375,8.5425668925,0.160403981,0.10659381725,0.67203338725,0.90250446025,1.4845055675,0.0814696393,0.9924588625,0.583748931,0.53378581625
46.601602448,5.8409794796,8.0125736466,-0.10518086537597,52.958811463,4.1382017900387,-3.94484868581818,0.0765465723669,0.12798465897238,-0.31033646729866,-0.4829119268576,1.2698881781,0.058406082477,0.8345062768,0.64544419014,0.5103571393,1.17912557428021,0.203152632781696,0.854246372957632,0.141218756930651,4.34061302529784,3.54258146002148,2.84740495615976,0.020460045236432,0.0732824781423664,0.22400189839037,0.375357726956454,0.098249246939924,0.0101497631662952,0.0734029221819029,0.121137359310223,0.0144610659349542,44.433613175,5.43994005,6.5320393975,-0.3876803575,44.798783,-2.8526134675,-9.3079454625,0.03624775815,-0.0112870289,-0.73224479025,-1.22193078,1.0938717825,0.03840035845,0.6618298945,0.4267713535,0.482212654,48.963818675,6.273693005,9.8725380175,0.15829523675,61.8656384,11.459670825,1.345464525,0.115393406,0.26806538275,0.10584605725,0.284838929,1.4694361575,0.077949936425,0.950023277,0.89056402325,0.541521025
45.16234545,5.5236448425,6.236152283,0.016491878946625,52.934498764,4.233129402279,-4.6992585688308,0.07059351993436,0.14908428602227,-0.36968497884266,-0.46858556374222,1.2528043452,0.0386250398063,0.82922094132,0.52896716604,0.48579693802,0.895275835485882,0.211639832036912,0.699486178785123,0.123883623027396,4.18880997542791,3.50221749474091,3.32933319369086,0.0303444574908911,0.0932261838735607,0.261914609198586,0.507634386783401,0.0797203234816269,0.0105378976893634,0.104122148398759,0.108528044370712,0.0154300188137087,43.407634825,5.1521315075,4.9764178975,-0.215412968,44.53833345,-3.1366141825,-11.968631675,0.00531293808,-0.0201932638,-0.94155775375,-1.5437551425,1.106684565,0.01960939485,0.61236255975,0.32821028175,0.45712590175,46.932937025,5.966228455,7.80218278,0.2518795985,60.98597245,11.140064625,1.3313943625,0.12708963975,0.34714062575,0.1047391825,0.45661701225,1.402718035,0.05965317965,0.98973068325,0.75620746275,0.516335678
46.304504453,5.5581981635,7.6466279447,0.031596476290141,55.566886572,12.6547636698,1.7077538732352,0.0843060316279,0.014622095103699,0.13434692825494,-0.088673400377523,1.3989721157,0.045242357336,0.85307091249,0.58579876112,0.4991435156,1.09334974852858,0.197581502638845,0.891304078361416,0.130669602954881,3.87437738117477,3.33322904856989,2.76004791596422,0.0244937371488621,0.0749337135162943,0.217129625884465,0.423670356521946,0.0828507438879411,0.0101809790218354,0.0868168821512593,0.122294020451799,0.0139911054323519,44.114110075,5.1832456825,6.1205230425,-0.206047454,48.466350925,6.3375637,-3.8535678575,0.037309219275,-0.13652193175,-0.303155512,-0.88711319725,1.23906514,0.026531843825,0.651586344,0.377883646,0.47225401725,48.3407716,5.9637483025,9.5772149425,0.3043455725,63.5002583,19.3500761,7.22770378,0.131456061,0.161840143,0.56859470325,0.72347609875,1.565158985,0.06488014245,0.98663525775,0.83596937475,0.52774764875
48.273970195,5.7560895369,6.907620601,-0.156029336985,54.146665985,11.17857768613,6.799371847355,0.12462057193,-0.13183233377241,0.5348983465673,0.4872540972918,1.2231490681,0.049940336878,0.89135953537,0.38400661254,0.53978564734,0.992891972360583,0.195180031653494,0.76879334398031,0.10642534354277,4.24330798426352,4.12932151298675,2.94940423803013,0.0202392097409051,0.073417900195108,0.232026058741594,0.362659622212782,0.0805306239131431,0.00859917386847496,0.0658517092961275,0.0976191446951096,0.0160663934696594,46.436380875,5.40018356,5.62297169,-0.36533119025,45.43645595,3.58300273,1.17263458,0.0824036537,-0.27668889775,0.0922497424,-0.2277474755,1.0744237325,0.03467980615,0.75172462775,0.20482785475,0.510620598,50.1525335,6.1294840275,8.5424376375,0.069136859225,62.717641525,19.43378395,12.440312925,0.164792961,0.015726475975,0.978664343,1.1993045925,1.3866751475,0.06848520235,0.992898355,0.58382421825,0.5721529485
46.861952905,5.4082666767,6.7014378677,-0.12721335428485,55.544408808,10.23226123084,4.2905470191122,0.114106838399,-0.06778206801509,0.33753213622779,0.247744364210982,1.2669349624,0.048008457738,0.91023907087,0.39181443465,0.51808331115,1.03987757407482,0.19420648586617,0.757488055009769,0.108601472780347,3.87718673595206,3.33549384667984,2.49073992867814,0.0168902841840835,0.0629166695740311,0.195943492932671,0.309917300397384,0.0739975149961728,0.00827748982569768,0.0507810860343681,0.0880456343283661,0.014156250854649,44.785116275,5.05267966,5.4518491075,-0.338700508,48.1485545,3.58640529,-0.6699943755,0.079970208725,-0.18481779675,-0.052707645875,-0.410548521,1.129659005,0.031092857025,0.791334836,0.2155804335,0.48989386525,49.016008975,5.8047329975,8.400432175,0.08311927125,63.141278925,15.9428344,8.962841085,0.1454855885,0.056801550125,0.70509585275,0.846291587,1.4134457075,0.0632707569,0.9912264715,0.568072014,0.545920509
44.321606965,5.6235787065,6.623700661,0.08005507242513,58.487164001,14.6455179852,-0.360613796346,0.0670113055192,0.08085950062429,-0.02836905054226,-0.4176784648897,1.3164410929,0.050652104746,0.82074777792,0.65575636385,0.48958732411,1.02803680004085,0.188059219148661,0.681630174051054,0.131679008091835,3.77443050980142,3.18920695241745,3.11870401041873,0.0267213074896385,0.0852738772315599,0.245344666216355,0.462430385284176,0.0801353030664611,0.0111344871712372,0.0855898251350132,0.121313258360922,0.0136921891800537,42.26357435,5.26927328,5.380327235,-0.185985837,51.2537421,8.4964554425,-6.3105706,0.0181878914,-0.08917028335,-0.496444948,-1.2935075325,1.1578559975,0.02939064165,0.63020526475,0.448988748,0.46412898625,46.39500845,6.01113155,8.025326755,0.3469534075,66.23975035,21.28673055,5.955748845,0.1195513615,0.24165207725,0.46853154175,0.4923529905,1.47860195,0.07317335105,0.96781178875,0.913895419,0.51882098575
45.491598791,5.738083527,6.3878369044,-0.11345087671133,61.271002028,19.7625210557,4.2582271517672,0.0833723153052,-0.02070022167343,0.33498957183451,-0.282934721213273,1.2874169629,0.03271645600432,0.813279941194,0.53584581675,0.49298076347,0.89094611698704,0.225619675757739,0.697461575760093,0.126343654495707,4.41563184962857,4.36087449476657,3.52275177605854,0.0293303548659607,0.0941801769385782,0.277130614964797,0.487996997049211,0.089870852558822,0.0120816190807937,0.194713245331048,0.130239979301459,0.0157810629887387,43.9267719,5.31306589,5.09004704,-0.35430542475,52.73349125,11.66298955,-2.5665072775,0.0266176131,-0.211371404,-0.20190401275,-1.2569023075,1.1223509225,0.01133178175,0.39877075825,0.2761997225,0.4654296835,47.37434215,6.1779743225,7.9044813125,0.12364336025,69.956000525,28.0816993,11.307275925,0.14324676825,0.155575153,0.889529708,0.69375186075,1.471515845,0.05860445255,0.99551487125,0.8086110905,0.5251422635
45.962583204,5.5062729281,5.9770673571,-0.11530712507898,60.536371746,13.522382599,7.128192589406,0.131177511505,-0.12946683391632,0.5607662757931,0.4774870966747,1.3578148074,0.049857388277,0.93183695457,0.443491384186,0.47663789107,0.860336748151706,0.214803332088682,0.658164476074469,0.121758159498932,4.40325126491992,3.88570418323074,3.01782249870262,0.0219533902350513,0.0780142498576112,0.237408440444619,0.390048190848517,0.098735184451235,0.0100106692761255,0.0564146306189072,0.129139364381125,0.0153397034817411,44.3175765,5.1085937925,4.84906257,-0.35939082025,51.93915435,5.726929405,1.2947016675,0.0868270559,-0.27944587675,0.101852604,-0.29791313325,1.1752879825,0.030508275225,0.78357123325,0.1947603725,0.44701409725,47.678357775,5.9440939425,7.362629695,0.09993829795,68.992170025,20.987651125,12.9609495,0.17579227725,0.025018571175,1.0196221875,1.223295915,1.559976465,0.070006934875,0.99641086025,0.722745498,0.50675811375
47.153209117,5.7120523407,6.1594571807,-0.27966687027579,50.510398641,4.5820917625619,2.415861358518,0.114782970138,-0.04388262826585,0.1900528863261,0.15110548995992,1.3002262891,0.048928341221,0.91195368103,0.3387558243732,0.48987767418,0.938759104370604,0.211792703402812,0.710793093125505,0.115872912040363,4.20091142428453,3.77190394210276,2.93475904618841,0.0185541534518052,0.0736306307290929,0.230873939040096,0.34271119360579,0.0898103535710878,0.00970641362446235,0.0560461258612293,0.125734176541075,0.0145266740023241,45.362840325,5.307415095,4.9719287225,-0.5045110265,42.53052635,-2.5987661625,-3.376542385,0.078869963275,-0.1915605275,-0.265628499,-0.53989786375,1.1355614775,0.029883058875,0.78377469775,0.052754903975,0.46302616975,49.170622125,6.1385146375,7.748223825,-0.0583940475500001,58.66252125,12.0512959,8.270678865,0.15104368925,0.1025735815,0.6506442855,0.79166941675,1.4811943,0.0681542984,0.992755669,0.5710469165,0.519597175
46.208024806,5.9421932376,6.3266794703,0.011002984420028,56.445930163,2.5487132114311,0.4515439877082,0.123858436091,1.270953682e-06,0.03552241841028,0.34797531509623,1.4673727665,0.067246975076,0.90446884347,0.535378246286,0.51285702509,0.96489119166528,0.210869352910617,0.692354978352636,0.130893287776919,4.29571043901041,3.57501476012607,3.07405190926622,0.02471582704425,0.0832214447530367,0.241831939533035,0.424077473607759,0.0991745953355311,0.0115340415770109,0.0490048987971881,0.138810579049524,0.0144074597614959,44.207668525,5.5686302825,5.13532276,-0.23695271375,47.9990469,-4.046871865,-5.533160645,0.075349641975,-0.157049087,-0.43528704475,-0.5429132105,1.285314655,0.044900333825,0.7977724095,0.25267367075,0.48529471225,48.084371825,6.37487752,7.724964045,0.27373094175,64.516316575,9.6084222175,6.3931721475,0.17359775475,0.16546511425,0.50294310825,1.155962465,1.6688675925,0.0899324421,0.9860248255,0.8257084005,0.54245109325
44.827514811,5.6624967491,6.2836160564,0.14225632205248,60.200879685,11.45783375247,-3.7599281558201,0.061126163077467,0.15840720276616,-0.2957889932427,-0.60366317313433,1.2459684353,0.038602223243,0.75417354668,0.489520631622,0.51756588516,0.939258476532233,0.199409831726816,0.71828068519055,0.114214612360509,3.95430642702657,3.47768243931852,3.16515850382873,0.0297450912261485,0.0883381577651606,0.248999185082588,0.487688340414574,0.0826194858492598,0.0131784432525326,0.15510520783951,0.119014318037049,0.0147496982858945,43.101752625,5.293888325,5.1951529575,-0.0793775681,52.638329575,4.4566674625,-9.937805375,-0.0017519509275,-0.0083723219425,-0.78179510775,-1.6029427525,1.0830866275,0.01592544155,0.429874013,0.25209777675,0.48985456325,46.613753175,6.071997605,7.927146535,0.37425117875,68.78898255,18.23153605,2.3020083475,0.1147357245,0.332325177,0.18109620575,0.28280353325,1.41826802,0.06934512165,0.9888814495,0.72938897225,0.5473925165
45.560900686,5.6523722801,6.3780603152,-0.17058219913641,63.737665281,14.5652687989,-0.8884103319825,0.0758722568913,0.094910178955355,-0.069890164584884,-0.6940702622426,1.3768055324,0.048486354473,0.9210255783,0.43970925522,0.48109415434,0.89719432119326,0.207033964381405,0.720288487241838,0.123081804241124,4.37069735137033,3.63613754450665,2.9296014367684,0.0220550697229266,0.0766482647777973,0.230468196217426,0.399769636452051,0.0848847387471326,0.00981816860327465,0.0632536812212768,0.112026463840938,0.0154611949279831,43.800602775,5.2555577025,5.1114436475,-0.41248515875,54.4592748,7.214025905,-6.98577406,0.027071223725,-0.0495518771,-0.54956237875,-1.5499991125,1.214703425,0.03002430035,0.769292328,0.2390138455,0.45182188,47.293360875,6.0695912425,8.0326772825,0.0618709855,71.720020875,21.1781669,4.7336465125,0.11834255775,0.25285015425,0.372390237,0.0460742551749998,1.550816035,0.06845084235,0.99605081375,0.660820994,0.51164875875
46.758167978,5.635228154,7.185279111,0.005433016609559,61.928442341,12.6283736057,3.3254294159983,0.111047130722,-0.02976289036907,0.26160750387994,0.152832254801354,1.3453394898,0.046556147509,0.89250583836,0.3995066206626,0.51726582214,1.09906481556986,0.224061399481412,0.781834366880913,0.127213949514435,4.79560610461713,4.13635635415968,3.14407931187627,0.0207091833317577,0.0804822176438262,0.247340911116711,0.372103837356503,0.0999712435466293,0.0097812571030184,0.0706044953107526,0.144368162678249,0.0160964214484076,44.5937326,5.2087048675,5.76937151,-0.23550498725,53.074205175,4.650990165,-2.6858316125,0.068400791975,-0.189694887,-0.211291121,-0.5986274955,1.165538045,0.029121694075,0.73251276475,0.07776493545,0.48881069575,49.06152655,6.091342005,8.8696585425,0.2578267155,71.601234375,20.419501225,9.7211517,0.1510368625,0.1242584665,0.76475123,0.90474637425,1.5530380225,0.066681990575,0.99259581575,0.66515411375,0.5492737205
46.512220464,5.2514840981,5.9241521735,-0.177753367530697,53.540647739,7.5658628996133,2.7117434134328,0.110275529762,-0.037513762332134,0.21332956934595,0.13315013497876,1.3371381717,0.049048100709,0.86992021104,0.56430906863,0.49216247596,0.879982667756516,0.182895516649094,0.671042786172694,0.133224734336502,4.6435606029252,3.69205738080878,2.70100429430963,0.0184317014328407,0.0685407757639085,0.212484735938577,0.333625523548025,0.0897546667382389,0.0111465051653419,0.0645619075913471,0.102148068508936,0.0141810705901284,44.754518975,4.891967495,4.8296159925,-0.44086903325,44.733744225,0.5017330595,-2.59657746,0.0757778367,-0.18076308425,-0.2042695975,-0.5382257565,1.174070865,0.0271533306,0.73688311625,0.3788033375,0.46522737625,48.109233575,5.609035765,7.3923327925,0.080801539425,62.79420395,14.983724075,8.0156536525,0.14549482475,0.0946912027,0.63058176575,0.75864337025,1.51427205,0.070133411275,0.9783735555,0.77704213275,0.5198009445
45.510452381,5.7648626374,7.4188935102,-0.04138686522025,51.944097181,10.557826017296,1.83320019061371,0.086385170049,0.001025243595182,0.144215638316786,-0.0440706786876,1.554036523,0.064385833463,0.8971113937,0.26912984012043,0.50640660828,1.07680192058735,0.223470001159542,0.773543986133244,0.115197665907589,4.49011550222329,3.84116956438761,3.10401389692873,0.0226490742928725,0.0815707501540838,0.244189013041566,0.419638053493905,0.0943813796628286,0.0111713548789014,0.0440129448721015,0.130955781474871,0.0155353792034731,43.457620225,5.3528814225,5.98094828,-0.25171367925,43.211800275,2.49403734,-4.37923749,0.040692988725,-0.15717597875,-0.34450931325,-0.8893325875,1.3795390075,0.0434254251,0.7989458995,0.014937836425,0.4781344575,47.622120475,6.1991011575,8.94468481,0.18223232975,60.717866175,18.00081215,7.6714795725,0.1304890835,0.159495826,0.60350600525,0.75107449375,1.7502273275,0.08569153125,0.97233189525,0.52357370325,0.53832304175
46.281173273,5.6849091002,8.440316793,0.12764270203051,63.190201662,11.7997270022,-4.1400125074126,0.0638087575919,0.1704630295915,-0.32568976874556,-0.6673809015379,1.2839906305,0.053438593981,0.81530621011,0.48271052741,0.50703380091,1.19664257376325,0.202045218580237,0.872917927913078,0.116971699489083,3.92979053471532,3.56592507185358,2.67146399688364,0.0189303835250717,0.0689163089866291,0.210160836612397,0.351597581449572,0.104829586938503,0.00973329557547999,0.0743759696144821,0.110895282410537,0.0147600175381851,43.89656665,5.3138429825,6.9030745575,-0.0962922628,55.605496875,5.23716974,-9.4718156225,0.0237061959,0.038527228525,-0.7451362605,-1.35606556,1.10697713,0.03397546145,0.653253784,0.28462199825,0.4809427765,48.774572175,6.12251227,10.3123953,0.35161266325,70.786094425,18.8346088,1.030162535,0.1000203645,0.31229324175,0.081041642,-0.0174099704,1.5100744975,0.07225434695,0.94017136825,0.7134461245,0.5362978405
45.875364576,6.0442590886,6.3758075553,0.23743485817831,60.948775125,21.394603745,2.0901976022027,0.05940754751038,0.04652512735813,0.16443331311318,-0.325766799108244,1.3527145815,0.045715997543,0.85772097221,0.53151041692,0.50630850589,0.91999456318936,0.213839329267793,0.696907707728559,0.118711426235819,4.29316162463107,3.58071490805733,2.96199065255928,0.0233336151108358,0.0791549402200883,0.233016216077181,0.412099895972444,0.091538111083203,0.0122946329898195,0.078335295637788,0.129426490875944,0.0147723736522844,44.0376244,5.6680943475,5.172063095,0.000994071849500002,52.9004805,14.031873775,-3.727750225,0.01616377335,-0.10271746,-0.29325759775,-1.1279340325,1.1869515475,0.024441995525,0.6778378955,0.28699233325,0.47825529625,47.747462375,6.4887552225,7.89439248,0.48013647,69.209550875,27.6471599,7.58804652,0.107577193,0.197916882,0.59694242575,0.5003376255,1.53700202,0.072386120625,0.98939216575,0.7858980575,0.5369837395
45.971540047,5.6118920566,6.4660982213,0.1691093131445,63.04437838,18.1106822154,7.96253515191,0.121946095498,-0.13005150131334,0.6264029938846,0.6120478455796,1.2737992956,0.036601098665,0.82432804379,0.4019511346718,0.50039392866,1.02802198673885,0.22400641955725,0.781159167641002,0.119326664505183,4.17715062352806,3.69121008131268,2.88045120842034,0.0224599460545723,0.076235210168611,0.226601606415399,0.390121300735631,0.0893308809297254,0.0127230989916605,0.123121505129343,0.138579216579869,0.0149574442769258,44.012161725,5.213975995,5.1039124525,-0.061435207375,55.057213625,10.8216714,2.4701546975,0.078297983875,-0.28250284325,0.19432407975,-0.12062370225,1.1040317825,0.012411182675,0.53775514425,0.103355975175,0.47282857875,47.9119206,6.096856145,8.1365678475,0.40299505375,70.733668625,25.116939725,13.6463779,0.1662135715,0.01219875645,1.0735440775,1.416582675,1.4567204125,0.0624094908,0.9848134005,0.66093474125,0.53129424475
45.936785449,5.6774581285,6.3096641607,0.1299852517314,51.792381028,1.6166370856518,-1.56785660441371,0.1026328844947,0.05073068833267,-0.123341379619105,0.21714076018006,1.4338734542,0.062015458296,0.92658776049,0.6505471897,0.48441716864,0.883927504300849,0.227162929605594,0.694238521351031,0.145736323825846,4.71650259189848,4.1282094473222,3.5645174095941,0.030708290766525,0.0977989508072396,0.280416266301232,0.512936920939357,0.099138385700116,0.0104953640809195,0.0504471819029139,0.123266741059852,0.0158722770261473,44.26196015,5.233916395,5.125947675,-0.14734359,43.144919125,-6.27066681,-8.91443009,0.0422553146,-0.13556652575,-0.70128742,-0.82078239775,1.245285935,0.04076360415,0.81027692,0.4119291255,0.45457393875,47.78657385,6.132530975,7.7857977975,0.4319592065,61.8975453,9.8917767725,5.2314345075,0.1619143395,0.254924462,0.41155061075,1.2324227775,1.632440315,0.08408119275,0.99408633625,0.90109609725,0.51640110175
46.847787189,5.3120839094,6.4241665945,0.2086121714565,65.173102353,14.2927854593,2.746763866448,0.106795799339,-0.0058633278226959,0.21608458596019,0.20114861199658,1.4014228529,0.059058338337,0.92483965184,0.45462772134,0.52915481731,0.867704634209867,0.193640955638855,0.689028840057764,0.122251348590835,4.42411157310028,3.68477211362882,3.00298345194908,0.02412963032005,0.0808613722650066,0.236241070461346,0.424776948109098,0.084857098806261,0.00837373153686267,0.0553448308409529,0.0967803668078826,0.0152220163952705,45.282242775,4.9436505925,5.21307161,-0.03814715485,57.035682425,6.8071457125,-4.3312803125,0.0539284745,-0.14616643925,-0.3407365795,-0.75014154925,1.2367718425,0.042569931975,0.795077901,0.283580848,0.5024205445,48.589128775,5.73953071,8.024402025,0.45429396425,73.934656325,21.660586625,8.0821845925,0.1495343795,0.1808070605,0.63581567475,0.96143513025,1.56337669,0.076003232075,0.99751546675,0.6549662275,0.5584987
46.092509007,5.4628688111,7.4731378352,-0.15888259971196,52.748049103,2.661601887354,-1.2621346444469,0.102269068896,0.047432049077677,-0.09929060348147,-0.0873670948866,1.4420038067,0.055802704306,0.90524260642,0.53681999482,0.50708090799,1.06548808754951,0.193154447909565,0.751290640489859,0.127169403210407,4.11534759422772,3.29702846460119,2.76243255901479,0.0206257684916718,0.0738705053214165,0.21731722299482,0.395798548453677,0.0901584170881307,0.00933254830743245,0.0552916442583892,0.127049055261254,0.014887509478642,43.974855925,5.1008952425,6.13820745,-0.39411314075,44.62476205,-3.8698293225,-6.4324518875,0.062454258525,-0.0951514305,-0.506033196,-0.8533276345,1.2762410775,0.038214948175,0.78348126025,0.29854038525,0.4786243855,48.1445467,5.843362655,9.0579095075,0.10440871825,60.81118015,9.43976237,4.4792357575,0.14235453075,0.1903802745,0.35237605225,0.66689738875,1.6262404225,0.074075409825,0.98565610725,0.8064086165,0.535062893
45.079249438,5.7723271134,7.0217931858,0.233281686745425,69.758679849,12.4491528454,-3.0775039339183,0.083903130555,0.14454253560465,-0.24210350619525,-0.4084768194578,1.20344262049,0.045941510897,0.89779912237,0.56075307176,0.47776744396,1.01602587378527,0.208376056979586,0.744609676744365,0.115309887571536,3.78093351177826,3.38408288470086,2.48865781595271,0.0210560933411857,0.0663999865643257,0.19577969540966,0.366330362906033,0.0765547747101392,0.00908743799718919,0.0608019454408119,0.0994821089680703,0.0132078526123698,43.095365175,5.405398485,5.7068873025,-0.0049850206125,61.6716984,5.9177837525,-7.996874145,0.0441387829,0.0102255633975,-0.629104395,-1.09328166,1.0643024425,0.0268652891,0.761449836,0.3891695335,0.4519277755,47.100105425,6.1717309125,8.661119645,0.441704613,76.820022,19.400751325,1.6512661975,0.12597324175,0.271357831,0.129903113,0.3376109585,1.36204701,0.063650051925,0.99048484475,0.76183029,0.50426862975
46.652321544,5.432013479,5.4912065934,-0.10912462845522,63.606356326,20.7816118047,2.75475200712875,0.0732720716976,0.02537250470591,0.216713003308301,-0.5251294943521,1.2518768236,0.068492314429,0.87432565431,0.5714539751,0.49025395614,0.886355228473867,0.211310337923836,0.652210914069119,0.132437989380963,4.74852030205341,4.19635937990772,2.85023534884389,0.023272455268411,0.073494012126452,0.224224562005396,0.384449787098946,0.0964455755368542,0.00954473702129983,0.0523625759902431,0.12937667992282,0.0151357879327771,45.0435448,5.03714175,4.3763371625,-0.357725542,55.111038325,12.6051684,-2.7957694725,0.02564656775,-0.110878123,-0.219939796,-1.291550445,1.0927949775,0.048695304,0.75037937475,0.33718097975,0.461862625,48.49175385,5.859697835,7.001879605,0.163906133,73.264803525,28.822444725,8.0770584775,0.1201441205,0.16824867625,0.63541240925,0.23840278375,1.462005875,0.08675665185,0.95736803025,0.84132297425,0.51957326925
46.205461863,5.4148346634,7.8806931504,0.07406610386269,55.28706978,12.7593709875,0.4020110453965,0.0737201746816,0.05085224708283,0.031625722090869,-0.230164020617693,1.3567607804,0.047417606552,0.86776889878,0.44725226084,0.49322731092,1.23310623059334,0.200112065329878,0.854210367313764,0.10790065483274,3.70482243075613,3.31362520449643,2.82283789807656,0.0190507710037796,0.0734547619652698,0.222069237676625,0.364039277390316,0.0875887035269709,0.00852561658721741,0.0692487831747692,0.112818127155674,0.0137346334796567,43.738178175,5.040857375,6.4439463975,-0.15073668525,47.879035075,6.185684445,-4.8450898525,0.0375240067,-0.097900381575,-0.38115735525,-0.92476055225,1.18341135,0.03166856655,0.70243599475,0.22432250025,0.4674324575,48.661736325,5.854462395,9.8253815525,0.2842255555,62.23150215,18.803796525,5.9310494375,0.11188978175,0.190949253,0.466588478,0.50575845075,1.5349570025,0.064228815625,0.9765350375,0.667411038,0.52085562175
46.299590225,5.4407652784,6.4841006713,-0.080316566956913,58.697198998,13.7397622985,2.02619672559388,0.0889482389661,0.01116949481022,0.15939844196666,-0.2003085502606,1.3321264619,0.047468405037,0.86045566042,0.3989902818512,0.50390008732,0.956515031991486,0.196314596452755,0.728969017213874,0.113432394656642,4.24840409493221,3.57373009457861,3.0531299468724,0.0257792284951166,0.0826559618273812,0.240186034246747,0.42708352051009,0.0991845654056058,0.0107286711077596,0.0857851615364316,0.1307077991347,0.0143960158201104,44.3583648,5.07286978,5.22959894,-0.29075527775,50.61449905,7.010613285,-4.138547155,0.040391549025,-0.13952192475,-0.3255744915,-1.011375945,1.167311155,0.026348015975,0.6630021905,0.0900778761,0.47751059675,48.146580625,5.85441373,7.975051855,0.157267538,66.621995175,21.370859725,7.623469275,0.140340891,0.18315856375,0.59972908775,0.62321936225,1.5507936775,0.070402745675,0.987672799,0.62685849375,0.53243706175
47.806520701,5.9677861838,7.357550232,0.026864597539469,55.174610248,8.901324769852,-1.1717920390391,0.079851783366,0.07520727188238,-0.092183460200296,-0.25323728583456,1.26093557063,0.04794307882,0.91563926628,0.43588651929,0.52021008151,1.01118446517428,0.213511525453651,0.795241653692454,0.119607654062346,4.31610883736951,3.79320852454544,2.63331216246763,0.0161337537895689,0.065528569353639,0.207159477898971,0.310422522865396,0.0896360557594474,0.00911222749791301,0.0493722863069982,0.0972207558877391,0.0151223492631655,45.81451165,5.5555415925,6.013379865,-0.1921331595,46.794971175,1.00636799325,-5.94457956,0.0482172199,-0.05702822725,-0.46765287025,-0.836310072,1.09915332,0.032429649525,0.80512302925,0.25311159,0.4913455145,49.79033085,6.3913765975,8.88304985,0.2661520395,63.907786575,15.9123455,4.217918515,0.11209305925,0.192382647,0.33181854375,0.37113003575,1.449088985,0.0668909311,0.993937562,0.62492041025,0.549305874
45.691258557,5.8607227458,6.6508434668,-0.09060587572236,57.981858908,13.2163923926,-6.115234399873,0.0307763301435834,0.231369235476,-0.4810780820834,-1.27768412708,1.2955673864,0.0382726617519,0.84963324108,0.3988518253182,0.498018689,1.01974639247976,0.220256126803625,0.766147063507918,0.114285987306242,4.1031780592764,3.77951559562114,2.92606313628588,0.0210955101914014,0.0756337963657285,0.230189842318235,0.385350408760432,0.0889338716449823,0.0111182958204182,0.0922438786369643,0.139571685108953,0.0162657559445393,43.84652455,5.4423774875,5.3857422775,-0.308553832,50.502488575,5.7365770375,-11.8023285,-0.008819997645,0.07966927365,-0.92847490825,-2.01970236,1.131031645,0.020518925075,0.62902664025,0.03350858155,0.46632843275,47.840824375,6.3213156025,8.249973115,0.129665872,66.0862504,20.95604905,-0.172989129,0.07387443315,0.379067487,-0.013608845325,-0.52499808675,1.48506329,0.062293364675,0.991572819,0.662581872,0.532614004
45.607948523,5.6034823334,6.1274721381,-0.111381284067096,51.684666776,8.371204904411,0.2973153296598,0.0847426372906,0.032445064493502,0.023389436716918,-0.188387632618684,1.3343506876,0.048875638293,0.91555345514,0.56550841866,0.5068478332,0.883391846964862,0.212373842822963,0.71078353023294,0.130469885206036,4.4904643275114,3.96701802095437,3.158363446659,0.0238430416857913,0.0816317025689859,0.248464626091605,0.416715577838741,0.0861523114458488,0.00963567638971559,0.0584930506786454,0.116435996217326,0.0143954230718364,43.81239515,5.21396154,4.909864265,-0.3742003795,42.7151511,-0.0832573391999998,-6.095884975,0.0335009327,-0.114421797,-0.47955588225,-1.056652405,1.1917471925,0.03175493425,0.7819297115,0.3493370265,0.4800041825,47.413677275,6.0206225875,7.6580926275,0.14417892625,60.283422975,15.88025745,6.2119759225,0.124682545,0.20104537975,0.488688623,0.5457062915,1.5164030375,0.070885572775,0.99462974475,0.81686167,0.53651896325
44.498616171,5.7000557151,7.0243388148,-0.05378609594272,56.861949968,5.780018575232,-0.7415603688253,0.101307422436,0.04830637868157,-0.05833765556447,-0.0719031200837,1.1736012828,0.05362164209,0.82871011342,0.4931351397,0.50523060539,1.08436603659205,0.200323081298549,0.769870125281204,0.108474533874765,3.7171704502189,3.02844185633074,2.91491963957822,0.0250759772272497,0.0796719297454605,0.22931319655386,0.427254817455934,0.0787514401440889,0.0114232143002346,0.0832314108479543,0.113274703609934,0.0147058368997998,42.2489184,5.31184843,5.6711730825,-0.26222118225,49.627391675,-0.0746859875249999,-6.7373880975,0.05031637975,-0.096258485575,-0.5300221585,-0.927160959,1.0292332425,0.033372242025,0.66972941975,0.2901777885,0.47775537925,46.5563472,6.11478442,8.69211939,0.15851318025,64.218614125,11.693623,4.5030292825,0.146534558,0.212461214,0.35424785275,0.71982161325,1.33937078,0.07575290655,0.983338003,0.7257591585,0.53627994225
45.333532974,5.6555953571,7.5379738917,-0.09922153383546,59.510010145,11.9501189099,-1.368037407247,0.0745438224626,0.095355167472214,-0.1076218454456,-0.55928625505977,1.3258701806,0.055277464634,0.91174402004,0.359082739964,0.50820524548,1.04781927330766,0.197565273981137,0.788291545849828,0.101243765520309,3.3624554453671,3.0865971901327,2.56119874759212,0.0206441877627063,0.0687319853533574,0.20148640270224,0.372448688314314,0.0747136606686104,0.0099440784172436,0.0482052447905836,0.100854357294957,0.013651124199159,43.227395925,5.31020682,6.18106362,-0.290147766,53.03904955,5.57719221,-6.29321145,0.033595153525,-0.04103346795,-0.4950793185,-1.275362185,1.19530148,0.036155971175,0.8061993465,0.15067887575,0.48277932075,47.2653328,6.0686912075,9.221059645,0.10748396375,65.896156625,18.0355149,3.4345985675,0.11431072775,0.229549759,0.270195704,0.1389958875,1.48631769,0.0743101215,0.99031094375,0.57090201125,0.53561563325
45.434346371,5.426492754,7.4736659476,0.0219039976323733,59.05062759,11.62691209364,0.808952535452,0.090708059703,0.0342294098101435,0.06363931619407,-0.1294307304278,1.450635311,0.067344806896,0.9423408003,0.297982395441,0.49419479721,1.13742607260005,0.196813128723762,0.765877368242842,0.116410154613935,4.21008886441299,3.41201822981542,2.81891373145679,0.0229244989659855,0.0763834980197873,0.221760528335935,0.400718886593638,0.0921173345486835,0.00784595232368867,0.0417052546719952,0.138386578880366,0.0145368950012959,42.9132718,5.06092045,6.12317271,-0.22081602875,50.053723325,4.9072458475,-5.124875515,0.0422968651,-0.1106117045,-0.403167744,-0.98580654625,1.2778342875,0.05247150785,0.84748487975,0.02438278805,0.467212379,47.5856462,5.7989208025,9.062256935,0.23795762625,66.433085375,18.001755525,6.07948443,0.1335165355,0.19636677575,0.47826567075,0.58319194425,1.6387485275,0.0834203627,0.99715513275,0.5435005745,0.52285706975
46.910816249,5.4097652396,6.1438259365,-0.20276849519304,56.457800922,16.5412410612,6.809194242817,0.10539260171,-0.10610572199348,0.5356710622263,0.13093929277557,1.3792224227,0.050919997089,0.9486218739,0.617200315,0.5209484513,0.968390785796954,0.194622718170934,0.724072406762239,0.128349234898119,4.74437390833748,4.32552688925181,3.16383459301155,0.0192321928122868,0.0777275049912991,0.248895034769063,0.353352311682134,0.0957437862252998,0.00930549077107,0.0379887143905831,0.111203993539103,0.0153827802475119,44.967262425,5.045024735,4.9343429025,-0.462934002,47.018701275,8.4056350375,0.0421467589250003,0.0658805891,-0.24996114625,0.00331563440750002,-0.616099937,1.2124477325,0.033621198425,0.8576426695,0.414620983,0.4910100295,48.7216037,5.781016625,7.7292759625,0.04344421575,66.05663875,24.482332875,12.7203949,0.139585435,0.0600928553499999,1.0006980825,0.76414159675,1.60352381,0.069777715975,0.99724162525,0.8538937345,0.55102446975
46.972689285,5.6273941867,7.6966521247,0.084700559679888,60.50256524,12.2317917157,-1.4915700862889,0.074678789757,0.10010022713959,-0.11734001178393,-0.401613705638,1.3722299429,0.04796238246,0.86973152501,0.437075417894,0.50877124688,1.09269602636384,0.220337409637251,0.758491246760011,0.132846018809331,4.86538465238933,3.9845204510999,3.29717996291635,0.0239764003771765,0.0857327453036745,0.259385153436246,0.441821322976487,0.0946479103103913,0.0104701579982835,0.0708470915395313,0.112472153841028,0.016949854655762,44.8636528,5.2161308375,6.3617019375,-0.17219077275,50.8638059,4.0363955425,-8.47602738,0.026238179825,-0.07220189735,-0.66679881075,-1.2469194175,1.2085326625,0.02844532885,0.7027437205,0.202847903,0.47703586275,49.16080775,6.1039834375,9.4002628025,0.35295883975,70.168038725,19.671373025,4.90334358,0.12103517825,0.27375128775,0.38574010375,0.45607039425,1.576833235,0.069130001125,0.98059443475,0.65578741575,0.54553650475
45.80166069,5.7846780377,6.9939085473,0.123143655424655,61.251765754,11.4243490181,4.7223995184419,0.125117965048,-0.07381826675429,0.37150544930739,0.5267974476392,1.4306669694,0.04652858425,0.89598107084,0.404268043228,0.48371745446,0.968962009240878,0.206330052115969,0.774734639651563,0.104173960227514,4.10653782406937,3.29263869673144,2.73056739564113,0.0198267038095061,0.0715620485368154,0.214810429287136,0.362927707420738,0.0856987205678738,0.00995097973620983,0.0771411947438724,0.121352017311178,0.0136532423685264,44.045782375,5.4042071975,5.7010908175,-0.0727078789,53.62794895,4.807293485,-1.0893200825,0.08397960375,-0.21513398325,-0.0856954901,-0.18423620025,1.267535285,0.03014547325,0.72341174175,0.15537707775,0.45774852625,47.644405225,6.20444395,8.6749234275,0.3327869125,69.7667265,17.8840599,9.7925223875,0.1630968635,0.0786850797,0.77036587675,1.180660015,1.605477025,0.069571376025,0.99551974175,0.64303106525,0.51207027725
47.439646119,5.6784177211,7.3347486612,-0.07867491849088,52.000180321,2.065437860291,-2.8674786524757,0.091648087659,0.088461852074888,-0.225581071892308,-0.19201213536826,1.2795072261,0.05200775342,0.89892950841,0.54273621152,0.51922636191,1.15632929160244,0.202820912079481,0.803458616104854,0.139582786646046,5.19580397874803,4.49886697199138,3.07757889216148,0.019822751758987,0.0765002087582408,0.242109403178816,0.370740431455348,0.0920143880784275,0.0114886243350313,0.0583069979610401,0.0992521573774978,0.0149157610938966,45.36716545,5.3214239875,5.9106285975,-0.3293699105,42.518219675,-6.111227795,-8.95611458,0.050635574225,-0.049308390725,-0.704566678,-0.96852675325,1.11850775,0.032246666975,0.771590287,0.3723451935,0.490255446,49.793029975,6.100025195,9.02624524,0.2045680015,62.18835725,10.231726825,2.61140701,0.12769124275,0.23395246025,0.2054362275,0.47595558325,1.4779548825,0.07375887245,0.989211206,0.7401280635,0.54889437975
47.557775004,5.2813437441,7.5695245848,-0.162841879002026,61.816841959,9.560156854534,0.2213222233407,0.102467805962,0.0402875223568624,0.01741115121201,-0.24527818011045,1.377577948,0.055556514882,0.90343501144,0.48123438541,0.49663753288,1.10013231083333,0.187451544021389,0.740164810946014,0.123759246365993,4.33660580911187,4.06323533270394,2.8463462457055,0.0193771588187696,0.0716337723071433,0.223918610745019,0.359296196492589,0.094841031152116,0.00949473335084748,0.0515672872473599,0.0993800617327871,0.013234867171085,45.48974185,4.927468045,6.2184477325,-0.39711575475,53.913649075,1.841028725,-5.1830583075,0.062538396675,-0.0948139594,-0.4077449125,-0.96557777825,1.195615235,0.0359960729,0.783826143,0.305181524,0.47196655075,49.776948525,5.64795059,9.11143487,0.0834926700749999,70.2322201,17.21302625,6.0977259025,0.1403583325,0.18162360125,0.4797007095,0.4351355495,1.56939707,0.074436937375,0.98694667125,0.688538483,0.52169709525
46.640609398,5.6114785951,7.4696469509,0.06141991531419,56.269443726,12.3323183643,2.26280876042479,0.091455489682,-0.0021263773840197,0.178012423938089,0.04085427449735,1.19931398113,0.035229482838,0.8314508024,0.59410532195,0.50525303032,1.07898114723216,0.214528943561025,0.823982553264292,0.129035107068395,4.15799143002462,3.32466213641086,2.76301822694832,0.0193966611805894,0.0718492642445663,0.217363296846866,0.370939885365511,0.0877226927180801,0.0100244266131381,0.10424346972949,0.107540373017941,0.0145487334119884,44.62821755,5.2024034,6.09040666,-0.19285425825,48.626837125,5.62766458,-3.1862593725,0.0546369063,-0.1408595625,-0.25065916675,-0.65304427325,1.044945605,0.017756326,0.5858587695,0.40380627025,0.47762848525,48.86322205,6.03136916,9.3794547625,0.31869141075,64.296071975,19.063743025,7.71823705,0.12920130075,0.13781494525,0.60718436475,0.75606864975,1.38224586,0.05414488755,0.989460588,0.82232787875,0.5345393635
45.341643428,5.8370189301,6.4187723868,-0.089052749001035,54.429546651,14.1492853568,0.2959298097134,0.06453576031949,0.0604920278349659,0.02328043955232,-0.49927213035174,1.2902327281,0.0456974328,0.91439149939,0.49385761762,0.51572026776,1.01178379800436,0.189628849093252,0.66104246154407,0.115603726806232,3.98073307653206,3.37433343224984,2.81163108931537,0.0222170198145619,0.0745219093284999,0.221187611697419,0.395339200434413,0.0756396819047912,0.00788035165391371,0.0605621863014445,0.0940321428238531,0.0141764125756504,43.414975175,5.4707842325,5.2431283975,-0.32139522,46.89928195,7.65718444,-5.021645565,0.01487228245,-0.080063148275,-0.39504677275,-1.3385515225,1.140659425,0.03099262645,0.77562140425,0.33068058225,0.48862734075,47.29030515,6.21263988,7.732165835,0.13493423125,62.48585075,20.7432838,5.826962625,0.1060029535,0.20623927875,0.45840009175,0.221395238,1.43829217,0.06279699485,0.99642223175,0.68953225975,0.54250555125
47.279583061,5.796741139,6.9152513228,-0.05393699189902,51.956470525,5.1040819137528,1.2830648960918,0.107571050245,-0.0103607672315485,0.10093716104757,0.203755984808729,1.25218544341,0.049337615651,0.94391682976,0.70848378824,0.48044577653,1.02539251145224,0.229697957124359,0.702005882154474,0.157668400470425,4.96871108751416,3.92721496105822,2.7609072842062,0.0183253686498437,0.0707631527836759,0.217197231294628,0.358997801440922,0.0948626279978447,0.00866258561854484,0.0534773180235014,0.125161871858307,0.0152414494026861,45.28668765,5.3734789275,5.6086040675,-0.3561953925,42.288436975,-2.3716788925,-3.8926575725,0.070811271,-0.14500868475,-0.3062306555,-0.5115753825,1.079303535,0.03162094895,0.80571408675,0.498535501,0.4513165835,49.23582315,6.2657712725,8.3395590025,0.26818484825,61.6409338,13.2436998,6.6801930475,0.14407655625,0.1220133105,0.52552269375,0.865576279999999,1.442665205,0.0666215614,0.99798968425,0.9768957085,0.51021338575
47.228602564,5.9817315437,6.2723422246,-0.03270263794589,59.404793954,9.040992369886,2.0387022006832,0.112355232176,-0.01194977037975,0.160382232398,0.14232918517249,1.4629039535,0.057438680551,0.94468968884,0.3123960058836,0.48033505712,0.983137070960611,0.222415777865457,0.730857309200118,0.122841691021256,4.48188388712961,3.56098281852797,2.71055636514558,0.0198835380173936,0.0720230354046957,0.213236185642382,0.361186678116668,0.0932097178553806,0.0103117391617046,0.0414603594286206,0.135248954598694,0.0140939917281321,45.333715525,5.5552198375,4.994262295,-0.278940974,50.864904725,2.1563195175,-3.37127356,0.073530076875,-0.148766065,-0.26521401275,-0.5559494015,1.29566808,0.03857549845,0.84845476025,0.027569006325,0.454367525,49.218020075,6.447218065,7.915407275,0.20059107025,68.022886175,16.1584025,7.40272552,0.15324177675,0.132473072,0.58236345475,0.86490971325,1.6529699725,0.0773377051,0.9979339045,0.5656817455,0.508486109
45.850020445,5.6085306273,6.8518812171,0.032442868717114,53.940302408,3.3432163864297,1.3848624616598,0.121074913198,-0.02168152715912,0.10894545225378,0.42690989242321,1.2951371706,0.054501242587,0.88473314577,0.445447079738,0.50641427646,1.07163356473121,0.20637680543933,0.75198056095268,0.115892079708809,4.36913867972599,3.37441592069832,2.98419187245313,0.0241097324011073,0.0807149340655698,0.234762759549111,0.420771769261114,0.0842039338479726,0.0100245699269962,0.0771735749732738,0.112089422415295,0.0155026003797934,43.88280875,5.217675065,5.61414875,-0.20965685975,44.7077487,-3.5842684475,-4.72801259,0.0764340747,-0.178900409,-0.37194702275,-0.38439653525,1.1403269825,0.0349111131,0.70646709075,0.224426757,0.47722365725,47.975903225,6.0365346725,8.482230195,0.253287864,61.821251975,10.122338975,7.0357639375,0.16572408475,0.141415848,0.5534950255,1.223895545,1.46059503,0.073452751775,0.99377461425,0.661636998,0.539423319
47.698821302,5.9364848213,6.5536876548,-0.33216919783457,54.568105455,13.5653763652,5.18667026699997,0.102938775234,-0.07614142392707,0.408029066470631,-0.0485519182877,1.4980213291,0.058662491163,0.90302014401,0.5072081391,0.50507375762,0.876631092868108,0.228521694079289,0.78027964538929,0.134872148566929,4.87839903920087,4.14066430996202,3.15789944773692,0.0228120824705794,0.080545370356301,0.248428123307637,0.40324037132053,0.100466083374431,0.0118523060787983,0.0571608075957999,0.1123625025497,0.0160413988968022,45.970627325,5.5071629275,5.2501307,-0.5855118075,44.413990275,5.0551964225,-0.81670158025,0.058527715075,-0.24259984825,-0.0642489241,-0.83457965725,1.309271945,0.034640382075,0.77513503625,0.29759660525,0.47288239125,49.336619025,6.406771955,8.15892489,-0.0571638152250001,63.555600725,21.4126257,11.601554825,0.1480849015,0.068405764825,0.9126802555,0.7780749045,1.7037916025,0.080536229725,0.98641162375,0.7445551895,0.53683903875
45.01073408,5.5809950051,6.3807458713,-0.1731368317891,61.117456441,12.2639146673,0.5851576538802,0.0909984593195,0.04343993538588,0.04603364361682,-0.377731900705645,1.2191297372,0.038998285446,0.90414979176,0.60702917473,0.49457279122,0.971555706649754,0.188749422746724,0.665394525819495,0.120145884297819,3.86948537855992,3.36042051769273,2.90778866851315,0.0267638995788824,0.080967306903064,0.228752211885868,0.446229081654774,0.0752496931749891,0.00899294657009719,0.0812822013367809,0.115986932263878,0.0140615191552696,43.241078125,5.2260864575,5.14762484,-0.413327442,53.547068275,5.6808344325,-4.8387161925,0.043314785125,-0.120628823,-0.38065594175,-1.184555205,1.07451251,0.0220801109,0.7058974935,0.3938199665,0.469299835,47.07761965,5.9909456125,7.730192815,0.065664954075,68.691294775,18.97862305,6.3329359775,0.148203764,0.19247880325,0.49820440725,0.54924552125,1.373257195,0.058038848975,0.99672417075,0.84910450025,0.52414309475
44.896570408,5.6657273479,8.0941625888,-0.041931147065738,56.147714559,12.3520098569,1.8681536923993,0.0882238155842,0.00876621886775,0.14696538783331,-0.11765190238504,1.2651806537,0.057163948026,0.86956425633,0.60370850465,0.49686100466,1.12260533831206,0.181688800455167,0.82199458011308,0.114541574115555,3.51468122928531,2.93057617394121,2.82713002384277,0.0245671887394524,0.0788745030604451,0.222406894173362,0.426103446559739,0.0734667039774965,0.0100159174016506,0.0656456282905961,0.0993257554822699,0.01309323180954,42.707976875,5.3182826275,6.59130077,-0.26475535325,49.5758572,6.5294022075,-3.950188625,0.04097039615,-0.14158262175,-0.3107565545,-0.917308567,1.128589405,0.0380997975,0.7306208975,0.419381299,0.47322914525,47.14127385,6.02955364,9.8287531625,0.17674747475,62.95909785,17.934749325,7.3293384225,0.137094888,0.167876127,0.57659017525,0.7747204845,1.4131908825,0.0769759968,0.9866598245,0.80866468675,0.52389976025
46.665826658,5.6988851158,6.3919371805,-0.154618837879007,52.021786456,6.841512753396,0.1223086555035,0.091317412891,0.029817838849458,0.00962187383404,-0.1588180448014,1.3533547025,0.050395638592,0.94512049732,0.57670016317,0.50964723273,0.96245518564388,0.21143523416866,0.708395215145367,0.135470724140396,4.6204823878496,4.01309413507739,3.01117671076654,0.0202645267972565,0.0769322733679151,0.236885624017196,0.380719497885737,0.0990334157411884,0.00894696205112446,0.0444506068319907,0.107882185468378,0.0150391046538624,44.811569775,5.3071173275,5.1847690025,-0.43638672825,43.21071545,-1.22141156,-6.178244815,0.0511293863,-0.11294958675,-0.48603503975,-0.9265996395,1.179075815,0.034142659125,0.83845432925,0.3706260015,0.48087367625,48.66934005,6.15898052,8.08389966,0.0966281757499999,60.9339496,14.8047508,5.76452999,0.1317555445,0.18362789075,0.45348859675,0.529736128,1.56009608,0.068123029075,0.997447677,0.8019131045,0.54060287175
46.589868308,5.8160379565,6.6777944663,0.05936197853229,54.615393541,10.156868965115,1.365044939905,0.091108851851,0.011889609115509,0.10738643179225,0.0388253421542,1.4034102298,0.051284072545,0.89836368325,0.1986069747677,0.4795437855,0.959035926292235,0.227715860229775,0.741489138883272,0.107796698349877,4.48369131166579,3.64320701973422,2.78613211924153,0.0204943747292539,0.0727682323371244,0.219181638635972,0.367086918808879,0.0836856899455138,0.00907170349122274,0.058154408419982,0.1188971982629,0.014118117484041,44.6791418,5.387374315,5.3579468825,-0.14545599625,45.320500025,3.263886445,-4.430276355,0.048672578125,-0.12093251025,-0.348524476,-0.69158325925,1.2463811875,0.035138416,0.764776566,0.01033730145,0.4548168555,48.545493225,6.2821449275,8.267187705,0.259872869,63.104749225,17.429212075,6.567990685,0.1279369895,0.16758367375,0.51669586525,0.69446405875,1.585687015,0.069217327025,0.984235459,0.43172753725,0.50828805525
46.932061741,6.0242556902,7.6123393992,0.17523029170646,60.44405978,15.989609284,3.768443686134,0.095279794085,-0.02558958322153,0.29645889961426,0.16480487830433,1.4146887111,0.054969860488,0.9027408972,0.67792215694,0.50664533908,1.16275914979773,0.218475302920186,0.866281138585808,0.141732094196016,3.95149487132107,3.81088715527349,2.72389918671741,0.0223559153749774,0.0727121934226443,0.214285849295564,0.404323100008083,0.0915366112719492,0.0112951877174489,0.0577100053499835,0.118699422422107,0.0152841352611076,44.815169,5.6336754075,6.1056860925,-0.11122859525,51.997679425,8.241079305,-1.793862935,0.045399222125,-0.165687929,-0.14112102375,-0.71443517475,1.2508532025,0.033370231925,0.77319188675,0.467996927,0.475553722,49.19941795,6.4863435625,9.5769952575,0.4553518385,67.8984186,23.345646725,9.1006746375,0.1349752355,0.12343054525,0.71593904975,0.89179901625,1.609845595,0.076036777075,0.99005783025,0.91352881925,0.536435225
45.155655551,5.6021302278,8.0203667434,-0.0757763028477,60.117774818,14.2489512762,3.4356446474468,0.10012988202,-0.02492250805036,0.27027800218582,-0.026747390180948,1.3341227651,0.047389018175,0.92891999145,0.428810636155,0.51301227441,1.07251027904693,0.214307552625736,0.827297290468958,0.1154053725986,3.99240216187445,3.31305904672315,2.67446724363688,0.0187014911658608,0.0692354037137274,0.210397098157382,0.361417414956191,0.0791553858964319,0.00702748404785237,0.0568911110312625,0.132234574826445,0.014931399143047,43.074727525,5.19376059,6.5683454425,-0.293414667,52.592435375,7.695009915,-1.7826842675,0.064397950925,-0.1623905955,-0.1402416045,-0.73382163675,1.1901918825,0.0336908965,0.78272861275,0.1540313695,0.48375227725,47.3129118,6.039137715,9.67091632,0.1529150405,68.347275175,20.842500925,8.7535384975,0.138152973,0.1144547695,0.68863026275,0.68524960825,1.4916097125,0.061832598075,0.9976028035,0.69563399,0.54299519975
46.8135202,5.4875662802,6.8288198407,0.10227961249872,57.812899471,10.71283081894,2.91134011741485,0.107231118458,-0.02771958942886,0.229031599957889,0.27989598988966,1.3729891885,0.048047987474,0.93856871993,0.53619168603,0.49449437889,0.944561220970145,0.192558661350724,0.729298669258154,0.12662778653177,4.2508530891688,3.78377363917926,2.63760118436268,0.0173970652070752,0.0658516465455887,0.207496889688392,0.335187385936545,0.0821222207613288,0.0079508533109347,0.0432573959933428,0.10618679968856,0.0139658944034731,45.0163093,5.1261638925,5.6202309975,-0.159731857,48.722704675,2.73486375,-1.91088678,0.075041789025,-0.15685234825,-0.15032714775,-0.36724997375,1.2216713075,0.03349921595,0.8386320905,0.33083094675,0.46885026075,48.643577125,5.8561194625,8.4682020425,0.3444486855,65.829926625,17.981747325,8.0861262275,0.14223517525,0.0971590418749999,0.636125756,0.92874354475,1.5341671575,0.064676949675,0.99756776475,0.76160996075,0.52228896925
46.96369625,6.085067371,6.2131941363,0.09881027032556,54.60182102,7.999868800067,-5.6495573234,0.0502651084742,0.19334211349169,-0.4444438304747,-0.731961158037,1.3205190367,0.046100511547,0.92248498633,0.41837447684,0.50335902135,0.927326714545053,0.229454297405695,0.704964712011406,0.106891985221511,3.87989036068644,3.35546128359694,2.68111629763462,0.0221861935694852,0.0724212084025897,0.210920170939397,0.383451020982397,0.0877350320876353,0.00877886849927521,0.0564159590685126,0.107329178294289,0.0133968142029985,45.109136525,5.662980455,5.0148885875,-0.10480546375,47.29980475,1.0758661525,-11.02918685,0.0064397211,0.0582300417,-0.8676527305,-1.5141030925,1.1610103525,0.030510381625,0.78416651625,0.21592748225,0.47555068575,48.645883225,6.55002609,7.710905515,0.30269692725,62.591055875,14.348967125,-0.35428258,0.09238441565,0.33270453925,-0.0278709812,-0.00907435762250014,1.4927433425,0.065250044125,0.99705492275,0.646485184,0.52939267275
45.756429917,5.9344375815,7.6699084887,-0.11991063966004,59.768821382,14.3453694903,2.6371797979552,0.0930900729626,-0.00261038060119,0.20746373987148,-0.1867249520762,1.4549298982,0.068309087235,0.91838244075,0.245419530065882,0.51407919271,1.14901075857226,0.214621689844456,0.854433650472591,0.109836804447814,3.99997917725311,3.53189868741887,2.97475601774659,0.0237420020579776,0.0805461250427061,0.234020452037688,0.411796188154092,0.0902430146446772,0.00970798429293732,0.0443786871377187,0.139199735261807,0.0152715767483449,43.429234625,5.5425137075,6.2537888475,-0.32734115125,52.029955875,7.5442110725,-3.23991834,0.046108727975,-0.1528364505,-0.2548804485,-1.0129177825,1.2869132025,0.05144199605,0.826573093,0.01562735545,0.48469957225,47.8567313,6.3790068425,9.61653963,0.09859187965,67.588522575,21.083619275,8.1635133475,0.13701490425,0.1528620735,0.6422137065,0.5755336205,1.6368883075,0.08838609355,0.99427805275,0.526608576,0.545673644
44.428299548,6.0149981318,7.2884803993,-0.10307904277634,62.711636431,13.9027363394,-1.7915033083289,0.0699861448395,0.11640577874388,-0.14093539486524,-0.7151477287283,1.3558079994,0.054835315409,0.91986371533,0.49892834297,0.51696475577,1.02328900481319,0.204279882743775,0.801248768932521,0.119708707974686,3.71444610128998,3.50029928059053,2.9655730162468,0.0254561076589985,0.0819556183204097,0.233298036556546,0.439224867843718,0.0788710424413855,0.00949253365673299,0.0516904079588893,0.10959035511596,0.0146999736414596,42.53106375,5.6390851975,5.86704257,-0.34522786725,55.661079975,7.082392055,-7.704199185,0.01810012295,-0.03750723285,-0.6060800215,-1.59253166,1.21268669,0.038150844975,0.799695786,0.304922895,0.4886957775,46.3969979,6.4252602175,8.9274531225,0.12904299925,69.623895325,20.553109475,3.7701369975,0.11526007225,0.28144874575,0.296592108,0.10962988375,1.518916675,0.074575722,0.99733106525,0.725356719,0.54590311675
44.684052452,5.5955310404,6.6191226648,0.17924280404244,58.862486162,10.55125531002,1.3926409226508,0.099448127791,0.013046401563759,0.10955737426531,0.170788092281388,1.311565453,0.038590866362,0.8899880294,0.57367170334,0.46870718362,0.944552207310653,0.199243253902901,0.703614788622896,0.132846309833946,3.94829966638347,3.30839517755587,2.88800296671236,0.0253156017374927,0.0797741813301925,0.227195694680875,0.442866621666434,0.0753626324609849,0.00987156628713966,0.0896350863491071,0.132702765601536,0.0139035014854258,42.85780175,5.2250798975,5.4134752375,-0.084963034825,51.268329875,4.5788433,-4.2098592175,0.05233379685,-0.14777067025,-0.331184527,-0.635509746,1.1714034375,0.020702108,0.670947335,0.30853313975,0.44309602375,46.594772,6.008264075,8.116919315,0.43964627225,66.4884666,17.56607635,7.28055724,0.14942007875,0.16965549425,0.5727526185,1.0273323425,1.46410167,0.0593973431,0.99515276975,0.84025500875,0.49635364325
45.961867494,5.4226969891,6.6098533846,-0.2592830479292,49.661948348,3.91743607333163,2.76500246534352,0.118383485021,-0.056656477256198,0.217519394524938,0.25261769023826,1.4682994362,0.064956500693,0.93146034206,0.60576390877,0.50322480653,0.964307911527985,0.212543957642741,0.701829874377341,0.137022293234147,4.76004488271877,3.8738943183561,3.19894675237671,0.0244810460734189,0.0839575955346728,0.251657265869658,0.423888662505699,0.100129796994618,0.0100494476412496,0.052764799756104,0.111402286795787,0.0150530350372404,43.964024675,5.033425515,5.4746418025,-0.525867953,40.59261205,-3.06929847,-3.3947134925,0.065411682225,-0.221885851,-0.26705799575,-0.65505490675,1.29444256,0.047075775025,0.80338820775,0.40284337925,0.4764845425,47.8929028,5.8694496675,8.1249960725,0.00634353458749999,58.939912575,11.939731375,9.13748031,0.1639150605,0.1155058125,0.7188345035,1.0774917375,1.6887440225,0.085688655325,0.997946093,0.8271967915,0.5340906775
46.338366057,5.7341694401,5.5932871341,-0.2270089112477,50.977960459,2.653544799215,4.005510656784,0.136270086641,-0.09672150357999,0.31510867098304,0.53906455120891,1.2914049035,0.055371133147,0.94536815389,0.54880435839,0.51110501742,0.886432260511418,0.186928630965697,0.654388646734531,0.127509409065141,4.77756967302988,4.31998355801078,2.75015986402637,0.018413134008555,0.0671807488849976,0.216351744877285,0.323754252341116,0.0853839438025348,0.00953943172546897,0.041258029485528,0.106393418672288,0.0148759898939884,44.73378505,5.370170545,4.49877803,-0.4785505615,41.982858375,-5.822308975,-1.3424261825,0.10078935625,-0.22806967475,-0.10560704475,-0.100223016,1.1317801525,0.034788621325,0.84303891175,0.359439338,0.48306176475,48.201226475,6.10946479,6.9574121175,0.0238175358749999,60.0043207,11.609425475,9.4024200325,0.169776342,0.029270569075,0.73967699575,1.171900795,1.465214645,0.0730211012,0.99715384375,0.774397518,0.5406623345
46.85461308,5.6931655968,7.2151320299,0.02796812344593,68.481714563,19.1340142754,-0.789168680114,0.06665462287968,0.11434192892124,-0.06208294386601,-0.72579427534908,1.4022149385,0.04664772432,0.95019220335,0.57123648972,0.50904714407,1.05100792421114,0.217153172702073,0.725300566616607,0.141369904160923,4.9365067613888,4.27508889344739,3.16522574904904,0.022012706773619,0.0810734033028722,0.249004475290299,0.397046597643333,0.0987199669432984,0.00901007752913586,0.0403262013346003,0.11846831304764,0.0158866214753866,44.88552735,5.28839807,5.9120863525,-0.247911983,58.732740025,10.2687821,-6.96917125,0.024463438525,-0.05051715315,-0.54825626325,-1.51669716,1.2211166825,0.029397307225,0.84937519075,0.359624314,0.4779515145,48.92417475,6.1410725425,8.711893605,0.30703431025,77.98067545,27.138374375,5.6303785475,0.10760526775,0.26661181175,0.442935064,0.0535615555999998,1.60956541,0.06499803985,0.9987123215,0.83209998525,0.5409229955
44.480682487,5.5602661116,7.5332490717,0.12122184132943,58.81448645,7.690305365001,-3.47985196236021,0.0772674799527,0.13248178639988,-0.273755738337997,-0.3668368751077,1.5158214253,0.056069118283,0.93024026909,0.53764197943,0.49905916022,1.05928401743743,0.191410570538365,0.754324946851931,0.12771664217266,4.36281298469982,3.46600430549645,2.83705409426077,0.0252413267645619,0.0781247300806174,0.2231876088754,0.448477005670913,0.0871350736410183,0.010403420420311,0.054110967838462,0.118742389424839,0.014329601342714,42.307253325,5.202229265,6.2440364875,-0.13934415525,50.391083275,1.01037725475,-8.68760315,0.03078098755,-0.01724676285,-0.6834432175,-1.227327415,1.3529633675,0.0370267468,0.79360697725,0.301635092,0.469784796,46.514262975,5.9156507575,9.1369714075,0.36291447725,67.67686765,14.257663675,2.1822007,0.126291202,0.27516052225,0.171671082,0.475676768749999,1.69854236,0.077909262325,0.9976848695,0.7865979385,0.52774592775
46.168353784,5.995301712,7.9012012538,0.034574479307252,51.670563559,7.853782279946,3.57074868741,0.11077930528,-0.0596191166337766,0.28090647368463,0.4289008692132,1.3651228118,0.056909528934,0.93479020308,0.48883069754,0.5013110567,1.16536044400347,0.212278411940491,0.832995525383042,0.119037339686594,3.88697536983555,3.21754391650378,2.75289202906968,0.0204021026700377,0.0731977536660398,0.216566681086232,0.372378703041135,0.0842562959790323,0.00926969273395976,0.0425778780832041,0.104780320740152,0.0146745565001996,44.0791848,5.592604115,6.4299154925,-0.206189741,43.857403175,1.2199098775,-1.951615885,0.0673891362,-0.19832597125,-0.15353126075,-0.34063617375,1.20929141,0.03948662185,0.830501624,0.285179825,0.4742979905,48.70068785,6.4107856775,9.53050881,0.25462296525,58.986663475,14.2133777,8.927310015,0.1483411015,0.09312901385,0.702300662,1.1024595275,1.5367586675,0.075218902975,0.99358745725,0.70834595125,0.529510145
46.867487599,5.6784481332,7.172606526,0.10634697808559,59.064165664,10.079140118085,2.180071436353,0.107794470875,-0.01078502279554,0.17150357902322,0.234146029820653,1.30298313128,0.060961466089,0.8663153431,0.62433687756,0.47945032072,1.05441132788162,0.23214206637526,0.75795332509587,0.144748391105765,4.57682558676204,3.98823910446057,3.04698625902365,0.0228555219117749,0.0789769105816334,0.239702717858243,0.399894416371485,0.104744283149857,0.00977365743562327,0.0687107764386911,0.122853221780596,0.0150814788843762,44.7626701,5.2369724975,5.8845786875,-0.17914039525,50.182814475,2.7074959775,-3.7500967225,0.06133305305,-0.171551947,-0.29501556875,-0.57652079275,1.119924275,0.0422055846,0.71920542325,0.38836393475,0.45144742525,49.02978025,6.1296867625,8.78451575,0.3919028395,68.030203925,18.30773915,8.40282867,0.14980984475,0.1459511855,0.66104034525,1.0177528425,1.51605093,0.08083292645,0.99302786725,0.876024252,0.51146428325
45.182184373,5.7914776398,7.9638655944,-0.060331730239811,55.548867698,11.57522656865,-0.21610697274818,0.075319541036,0.062022882980571,-0.01700087376956,-0.3730308044243,1.3712609741,0.04688903627,0.96318479197,0.68420875988,0.50989751513,1.20045214383788,0.222919975758522,0.87720319938019,0.146072087371514,4.07173871707477,3.48467607566932,2.69624083598655,0.0183556502313432,0.0686079341458031,0.212110000303405,0.358505559547547,0.0892646390436292,0.00734838257690749,0.0317984677234354,0.121606199025979,0.01610822083729,42.9100635,5.3688519725,6.44734554,-0.339177129,47.660985375,5.2422457425,-5.354815875,0.03978112435,-0.069254827075,-0.421256873,-1.043184555,1.20825324,0.03299230445,0.87914056125,0.45940767025,0.47812637925,47.580691275,6.2266753475,9.82959325,0.23437520225,63.53670905,18.6532424,5.2184585275,0.111351789,0.19766651975,0.41052980825,0.33164092575,1.55596378,0.060649028575,0.998402269,0.931666908,0.540553566
45.41195663,5.5255929555,6.9508868241,-0.2124241096462,58.213423203,12.13899812666,2.809204757028,0.100857678171,-0.01801202667737,0.22099673507898,-0.13284918631052,1.310591029,0.050090217845,0.92075034396,0.54592923584,0.51569939768,0.979448157891596,0.193061275865755,0.728982248614347,0.117125391396917,3.66796346875582,3.27891439033052,2.54603983456392,0.0180738418133805,0.0652133474164664,0.200293869603705,0.34119965507473,0.0788609084668737,0.00781455004756972,0.0535064455807303,0.104994415433755,0.0147213671849355,43.4274218,5.1732923625,5.6693811475,-0.45423603775,50.264915575,6.1229418525,-2.1384783675,0.064806613025,-0.143277475,-0.16823150625,-0.813058449,1.1734416,0.036166740825,0.79018323125,0.353194737,0.4876241005,47.25898155,5.92180078,8.500229405,0.0187666544999999,64.864735225,18.631265525,7.8173621275,0.1372012845,0.10677676375,0.6149824035,0.5508137215,1.4808487175,0.066281139575,0.99342154725,0.76524260025,0.544852321
44.612600347,5.9435523044,5.906038841,0.09817134484024,54.388047254,3.3292644088627,-1.336271575229,0.10250028218243,0.0526967913188091,-0.1051228661393,0.1313816360107,1.24545514814,0.056679844455,0.90980464068,0.56427012694,0.49221915198,0.941353781261721,0.215515917070212,0.711925662186863,0.127946566071287,4.62744456026621,3.90386949329349,3.10736489077345,0.0281318268556673,0.0843422052318491,0.244452631571754,0.457517962613081,0.0882516229102439,0.0109420627479007,0.0588007299897026,0.112532800250749,0.0148953991453714,42.775618725,5.552563215,4.63431749,-0.15637281,45.421521775,-5.212207395,-7.7170791,0.045083852525,-0.1123776915,-0.60709326525,-0.80147656075,1.0930635575,0.035997124525,0.76750421325,0.3591757355,0.46607991725,46.559799025,6.3926977925,7.409000405,0.33903604725,63.73835975,10.68681225,4.41023273,0.15726417425,0.2196842255,0.34694766775,1.0146169,1.433679995,0.0785042017,0.9914486085,0.80054196075,0.523214401
46.707607533,5.4897560592,7.3931510343,0.034500237772824,54.488921577,9.5929546237724,-1.0631147382554,0.0758426460925,0.07558668499529,-0.083633948403131,-0.2786366663589,1.3369628259,0.053692806657,0.91221184514,0.61893318571,0.48494922818,1.10746253013375,0.203155684316034,0.829876478104734,0.136874703128814,4.49312417225814,4.04920573831866,2.84111663629882,0.0215426368002293,0.0722928872234138,0.223507203866265,0.37833329760076,0.084724517156823,0.0104628038805295,0.0561449588336909,0.117682097726862,0.0142485881311363,44.4362067,5.10571773,6.044362405,-0.22531991375,45.5230867,1.5775326725,-6.86944852,0.03295429235,-0.058692368075,-0.54041119375,-1.0073008725,1.1839785425,0.035736135675,0.784762655,0.4127017525,0.45672979775,48.772369825,5.897059045,9.1909884575,0.28945670125,62.696985625,17.5447276,4.2186607175,0.11728407425,0.22519190425,0.331876922,0.466762746,1.50895415,0.075615767325,0.9939015955,0.86997443475,0.513540997
46.593704991,5.5803987605,6.5878851142,-0.2791002234626,48.013933446,5.354408916284,0.69718666403,0.092934768831,0.006881392515113,0.05484683025835,-0.1456577698164,1.17783457252,0.053320544887,0.82929022115,0.3622113833658,0.4965442748,0.877117609819672,0.212671537482034,0.681519546037006,0.116535021856219,4.42816251300498,4.01940527701242,3.09609267298766,0.0233344433279735,0.0821585091724742,0.243565859875503,0.422508150505406,0.0920357386151909,0.0103398153377657,0.0868413482351392,0.145370247840948,0.0163086300439472,44.9086405,5.160849925,5.4027312225,-0.52304676675,39.47163595,-2.285513495,-5.4867063925,0.043887994975,-0.147428557,-0.4316325435,-1.0052878,1.011904595,0.033787557825,0.632139567,0.0669870255,0.46732982275,48.332666775,5.9985178025,8.0666303375,-0.051904096975,56.037831875,12.8979408,6.69692489,0.13377743875,0.172807817,0.52683897,0.63610743875,1.365261075,0.07531932835,0.97225857875,0.64269639925,0.53003380075
45.477528567,5.8087412812,7.5996412256,-0.06402983266894,55.993311527,13.9235029373,2.145625003548,0.08262613478,0.008792801644265,0.168793719768982,-0.19995461054561,1.3763872805,0.042515386155,0.86746884903,0.62167935864,0.5022893739,1.03436717950869,0.220176139873944,0.859380906754558,0.130481885232877,4.20581826082374,3.58151578359384,2.96591293093381,0.0219965403219692,0.0781063568564604,0.233324777363579,0.407521141816743,0.0818034142453819,0.0101301356550526,0.0839847938460068,0.124246558122767,0.0144949928762639,43.58476535,5.39872174,6.0888412225,-0.31963500025,47.6809498,6.8258836725,-3.7371707175,0.039975693525,-0.13835499125,-0.293998693,-1.00126014,1.2214831175,0.024198531425,0.6580760605,0.395562812,0.47344083925,47.4968947,6.28416516,9.3905161825,0.2072303535,64.19693655,20.9151774,7.95495589,0.12499281375,0.17193445625,0.625806747,0.58028960625,1.539136455,0.0634481824,0.9860380135,0.88605424425,0.53113573575
45.738241356,5.5871151214,7.116334862,-0.03672599886028,61.776247657,10.31266239234,-0.5594271041664,0.093255099179,0.06529534306109,-0.044009452475632,-0.27046553771349,1.2254087135,0.056514764332,0.94026485746,0.43158351071,0.49473515578,1.02267897518879,0.196033438772161,0.830752381618131,0.110866440969392,3.9290812736595,3.53143571767192,2.65909239146571,0.0179271031325021,0.0678517891291743,0.209187577357501,0.327098471935975,0.081825278064677,0.00860132669835323,0.0406927769425805,0.113026277325872,0.0144797581816064,43.86947865,5.21107262,5.6558712575,-0.26112152875,54.626345725,3.7319219825,-5.82938484,0.0550384234,-0.06575898475,-0.45859064625,-0.95233046625,1.0770154125,0.040129097675,0.842322343,0.21407145625,0.4662760865,47.80050015,5.9648534525,8.99000209,0.1818234365,70.325094275,17.231839225,4.5143962025,0.1266880675,0.2000674435,0.35514208625,0.3281709815,1.4064883625,0.072912800925,0.9950350875,0.66407336975,0.52217342925
46.156726209,5.2656040145,7.2568383269,-0.02810412307216,54.592731204,7.920672785295,5.0953838251911,0.128353538482,-0.10100648823892,0.40084767286617,0.5893243271837,1.3766475704,0.043817829699,0.91152869566,0.3118751069678,0.50755797064,1.05278289652439,0.201089352438843,0.796626996013401,0.117782748749386,4.36726920244121,3.81496149951953,2.74066221242924,0.0197795451347377,0.0692392927358289,0.215604576406688,0.35039378872365,0.0902125930810126,0.00931529791224078,0.074820407426991,0.155121951846671,0.0148936536622477,44.132131075,4.904721125,5.90527985,-0.27655084925,45.88782315,0.4824339975,-0.0020646691699998,0.0892204982,-0.23556824175,-0.000162425030749984,-0.1148122785,1.2190429525,0.0265811183,0.71898797875,0.023949869625,0.47918410025,48.220815275,5.6820808675,8.9685472175,0.19037924325,63.205884125,15.117542375,10.37403605,0.168070302,0.028824281925,0.8161128345,1.2878439425,1.5737970425,0.06387700525,0.996816565,0.60084445375,0.5365364525
46.098526089,5.933114767,6.5856551235,-0.09340750194389,61.129821457,6.7655744305574,-0.4803545932023,0.108660877308,0.04593764955971,-0.03778891399197,-0.104126090595,1.21625302085,0.061785208813,0.87309581278,0.349224526002,0.50081877662,1.01235420574909,0.232791208710117,0.693188935520883,0.113588838305962,4.5589320575934,4.03790842875656,3.42005630019172,0.027480911714468,0.091438861655336,0.269051685686088,0.458344159769233,0.0900228576690961,0.0114930073641531,0.0655941432948844,0.124153475990803,0.0159607471330472,44.019781675,5.489308885,5.3383537225,-0.30706855775,52.43703255,-1.1148002575,-6.9006864,0.0491352592,-0.1225379855,-0.54286863825,-1.03958418,1.0435904,0.04083377855,0.72593404325,0.1058169845,0.47078270875,48.154187275,6.413413705,8.017174665,0.13388881975,70.07029075,15.210117225,5.7662706075,0.16404822025,0.226907725,0.45362552425,0.78852511425,1.3946133525,0.085532747275,0.98524431425,0.598893171,0.53329915825
47.419967162,5.6304145199,7.3606334197,-0.16898785246753,56.387556391,9.264520813122,5.732260062863,0.130975593276,-0.111916161248189,0.4509499550713,0.46540128630099,1.3694751069,0.053650028086,0.93842926562,0.53527000278,0.49823738357,1.07918081475451,0.190284201824148,0.780534549271958,0.135824264001035,5.0206269700154,4.30210256431442,2.97717162114726,0.0179838196593751,0.0730754295482737,0.234210485131245,0.342134185831655,0.0947528280140543,0.00982159420792904,0.0458078272263805,0.107195634220285,0.0148679468966167,45.255552925,5.276337945,5.9559424875,-0.417913619,47.088637325,0.97831421125,0.0950078019250001,0.0946077284,-0.25393847475,0.00747414867250001,-0.19726719725,1.19795647,0.03591917945,0.83659847325,0.334919507,0.47125373425,49.62391385,5.9992687675,8.95705708,0.10767225775,67.213860875,17.793469825,11.618509675,0.16577465175,0.0284949531999999,0.9140140725,1.1284517425,1.5671507475,0.07372126465,0.99623834775,0.746746477,0.5288246025
46.515435534,5.4979054779,7.103006511,0.012467159636032,63.291609107,8.2652446241721,-5.404222190083,0.0711904683272,0.1879165304652,-0.4251436128177,-0.7350271937624,1.18781992683,0.051791621821,0.86175777231,0.67983238192,0.47506591838,1.07579874721825,0.210541760344093,0.729965189549365,0.130658466102946,4.453803813057,3.70017781641596,2.91152248739383,0.0228420455813526,0.0761891028227189,0.22904594719716,0.40771838909715,0.0994922753281914,0.0120268506664671,0.0634576542113756,0.108161372416402,0.015122579364316,44.280226875,5.1159081575,5.864909205,-0.22570010375,54.532117325,1.126591295,-11.2236978,0.027204752825,0.036536414925,-0.88295471425,-1.5638200825,1.021538085,0.028774929075,0.72203481475,0.48126985425,0.446362309,48.4814641,5.9407046775,8.7304778975,0.28230745875,71.96771975,15.57945585,0.676868131749999,0.118055534,0.33974155725,0.0532483958999999,0.0768551825999997,1.415802635,0.0745023441,0.96786687725,0.91173429,0.50641488875
45.400434598,5.8884238557,6.5910573286,-0.03578654752414,56.207163317,6.4851199891954,-0.5090906267521,0.0982043392906,0.0453643283957684,-0.04004954275674,-0.07089770543632,1.2912768583,0.054486186102,0.91775524072,0.50481832098,0.53449600809,0.961684952982197,0.218761040637465,0.72872652147838,0.123616765323348,4.7291137792649,4.17878820977191,3.08928561944115,0.0254021202407499,0.0812131719109928,0.243030357327657,0.43321286366152,0.0864664155670536,0.0118095749853976,0.055078447247548,0.104930461591754,0.0155568023736056,43.60878195,5.46484124,5.2498896125,-0.2665322435,47.29052425,-1.715640895,-6.7068627775,0.046174118025,-0.105550146,-0.527620765,-0.99545115625,1.13611475,0.034146164525,0.79804711925,0.3025758585,0.5056508675,47.4387617,6.3131811875,8.042260755,0.2026421495,65.59817905,14.547540775,5.0287514975,0.145513033,0.20898994075,0.395605784,0.70601141525,1.4664687725,0.080627534425,0.99475606525,0.71501585,0.5647376265
45.829911098,5.9385708162,7.9510100068,-0.156886343767556,54.198873584,8.344907152535,-4.433177699172,0.0565311200126,0.1617364412348,-0.3487527191661,-0.8484859711917,1.4149257825,0.057846034669,0.92166764595,0.20480157348997,0.49060966397,1.11149203309812,0.212234402454559,0.852733411776656,0.0998158764603616,3.78341310538457,3.41978482064219,2.63872663456884,0.0194269749636612,0.0691820571717441,0.207585427694985,0.3558588735994,0.0863017118945357,0.00862239059018846,0.0334185254487056,0.113099121875768,0.0146004461475391,43.72528525,5.5380942775,6.5032514625,-0.3487739075,46.544241575,1.914559445,-9.56080516,0.018156173925,0.0343996232,-0.752136958,-1.5830014225,1.2663498925,0.04124108415,0.8494500875,0.0102424326075,0.46233897675,48.0275972,6.3626391175,9.7116374125,0.042900220025,61.330710225,15.268374975,0.462454831249998,0.09224538235,0.30044083525,0.0363807613749999,-0.1807761555,1.5908603925,0.0751124093,0.97723029025,0.413243345,0.51739234225
45.600852706,5.2869936822,6.1788095158,-0.12409757691848,61.017773801,13.7775095013,-1.0849443960384,0.07170432526848,0.0964684044578,-0.08535126125248,-0.64655598712257,1.4683116964,0.064200884519,0.93825568473,0.420765123177,0.50389020098,0.903732827280685,0.213043444590928,0.69469524925647,0.13240826946089,5.10059710166723,4.12468369828161,3.07886788083429,0.0242181992508785,0.0811151042025256,0.242210806235229,0.419890690093073,0.0920123011994734,0.0107196602090307,0.0398991224087491,0.118098473160384,0.0154697412404235,43.72907115,4.891757135,5.04109232,-0.376663026,50.9570698,6.0410122175,-7.33135363,0.0255530632,-0.053686293975,-0.57674871,-1.470434565,1.29956546,0.0449825244,0.846362376,0.18413944925,0.474614026,47.2907195,5.740416045,7.7160996025,0.14427098475,71.435179325,21.545738275,4.518998655,0.1171685585,0.25864829525,0.355504145,0.1228017495,1.66385123,0.08575089985,0.9949440795,0.6502287385,0.53645110125
46.278608155,5.5600430003,6.59837542,-0.03315228311996,62.010176879,14.3034372784,3.482701968764,0.104656008403,-0.025945803149008,0.273979944945,0.03335897516967,1.2549899916,0.042448515291,0.91435402379,0.390855957711,0.48451355479,0.951699737552279,0.198909636724043,0.669087766911116,0.108312736690967,4.05837971192055,3.55628164054275,2.5574315249612,0.0172229275952771,0.0638050803557394,0.201190040205539,0.304569303644094,0.0798156550716867,0.00916716598124244,0.0595219853119862,0.113757513856804,0.0135107755245778,44.4760305,5.2095827,5.425693365,-0.250550999,54.076806675,7.619385,-1.835362225,0.068821402025,-0.14666017375,-0.144385722,-0.58210806025,1.10632773,0.0250061914,0.7683285185,0.16343416675,0.45853461025,48.19686725,5.9801595775,8.1008239225,0.17634317725,70.2873291,21.33634625,8.30886779,0.13755895925,0.110244329,0.65364856375,0.600817134,1.4133333275,0.06013391205,0.996670254,0.613029422,0.51294571825
47.19326463,5.5667264853,6.8079651213,0.0594208805099,58.795108964,9.235950963197,-0.3614572816244,0.092660924873,0.05465987622801,-0.02843540637923,-0.10458932909447,1.2526479682,0.048271948284,0.82270009808,0.53477713826,0.49851471637,0.97872941805316,0.210681709470724,0.724287702544039,0.130866485012616,4.70387237066342,4.22154885616736,3.45383007870464,0.0240407378118262,0.0884546839906184,0.271708628105366,0.447368621636858,0.104716637528417,0.0140163726053454,0.0893510007488379,0.128751850516872,0.0164767092593495,45.113505225,5.169974665,5.56720398,-0.2179626095,49.70859985,1.1752249925,-7.12904307,0.044420627425,-0.115003952,-0.56083318675,-0.977684048,1.0617880975,0.02109765115,0.624194807,0.29638341675,0.467702441,49.0682994,5.97581997,8.3504981,0.30551597,67.67167245,17.054877325,6.28856196,0.13954456725,0.225310569,0.49471354725,0.73765632825,1.47583097,0.074319426875,0.96290981225,0.799027103,0.5312813045
44.99795836,5.8413564159,7.9382422177,0.14170850834048,61.54379579,16.2973763719,0.8393862456316,0.075246482497,0.05603671559419,0.06603349908288,-0.27262305487438,1.4041986444,0.043492141286,0.94634257251,0.57876467705,0.50933250841,1.18917057760842,0.204297888073249,0.871713993463857,0.115224169754207,3.72593130394087,2.83229934991218,2.65792296060251,0.0196415741778545,0.0707859479095224,0.209095579723462,0.367080456618395,0.0782659758342438,0.00710875336095584,0.048677600641277,0.111730325999579,0.0149634579490199,42.7354479,5.456593375,6.4007807,-0.081088897225,54.39778965,10.552914675,-4.553118435,0.03365579015,-0.080321432675,-0.358188316,-1.0965219175,1.2677296975,0.0304558134,0.81523603475,0.37076383575,0.48237090425,47.38053055,6.2519669525,9.878565685,0.36359191875,68.63377455,21.821148725,5.7518096175,0.112393704,0.20071939975,0.4524878875,0.41574789325,1.5665953125,0.058436182375,0.99910230375,0.812951149,0.54060053575
45.938503372,5.4637034957,7.2466088791,0.13420106461966,58.717691013,10.051409075937,-2.6525023296891,0.07214402256102,0.12129217467972,-0.20866914509587,-0.38813689105759,1.270735898,0.0452555687136,0.79886753834,0.45496187003,0.51266107009,0.957175001496648,0.207701781752084,0.782690604058836,0.116374073037557,3.95413085156654,3.55900560417873,3.04785019254237,0.0272463761844246,0.0841060785494935,0.23977068288064,0.454057271379482,0.0760598322890562,0.0133299096357822,0.101485822570987,0.109271298989641,0.01418777149641,44.064208575,5.08500008,5.879114065,-0.0857663117,51.0946854,2.873525995,-8.85659084,0.0150487127,-0.032343921,-0.69673727525,-1.2999756475,1.136502565,0.01790634175,0.5855002455,0.252047419,0.485032516,47.8100921,5.88930016,9.0369916275,0.35608437575,66.63109915,16.920949025,3.1246715025,0.12025430175,0.2975318035,0.24581412625,0.447011974,1.4336494075,0.07128194075,0.990893584,0.68015664575,0.5412338365
45.539584291,5.8401205793,7.4445885889,-0.094605183953183,57.820024484,10.35029573246,1.7053977990762,0.10019325668,0.003515719838088,0.13416157890669,-0.05671918178441,1.3140123727,0.045610759213,0.87133589292,0.2889421258345,0.51407390232,1.21813190067076,0.21932420585703,0.778846228502269,0.106896519508897,4.55270056778126,3.85349693011728,2.99720540530578,0.0221854217808211,0.0779715724668258,0.235786518397323,0.386252933617433,0.0896443105372868,0.00988846390217276,0.0819931770564314,0.153364123766831,0.0165158325448731,43.0591874,5.4327946475,6.1074739375,-0.31449283075,48.4504799,2.8629837775,-4.1363715625,0.05557162835,-0.1492958645,-0.3254033405,-0.85592892275,1.1547039525,0.02588730495,0.68681646425,0.011760398125,0.484013508,47.8290426,6.296826445,9.17892817,0.097399988725,66.815337875,17.779407925,7.748121565,0.1417165935,0.15835736,0.6095353375,0.6513550025,1.4932660525,0.0666864664,0.990445497,0.5558053255,0.54679021325
44.879531137,6.0308645495,6.4781623202,-0.18205961711304,61.021420292,14.6997009103,-2.6245671144494,0.0563224207312,0.143060355187519,-0.2064715153457,-0.9678228832019,1.3430437845,0.040085717288,0.88637154183,0.368351029505,0.49701718624,0.97182387809044,0.200446756645931,0.734992127378952,0.100807686548671,3.56041478411047,3.2322721660512,3.03601277255724,0.0248411774410713,0.0827372718992621,0.238839446755954,0.425246772922281,0.0820199782780757,0.00925982385569556,0.0833150925366296,0.123415026724622,0.0141115774068115,43.018239475,5.664894095,5.2163852725,-0.37420366225,53.890558525,8.5716813775,-8.48955045,0.0082361989075,-0.0133308096,-0.667862651,-1.81362367,1.1863213375,0.02442487565,0.6850314645,0.078101268175,0.47227491,46.804620775,6.4344105425,7.95247405,0.022193683975,67.50154975,21.22262065,3.043560755,0.103132304,0.30300738175,0.23943323525,-0.15331249425,1.515763975,0.060830272125,0.99377080575,0.6048690505,0.524759441
46.108352638,5.6017835655,6.4573109936,-0.11695732597552,55.437493596,10.82072400816,-0.3696082495816,0.0774254156845,0.06256500982588,-0.02907663310291,-0.404897300329978,1.23071723079,0.048529876728,0.85866693386,0.46589445995,0.51403205049,0.987292468462827,0.206898226982835,0.748612693017855,0.117717669915542,4.31377717987723,3.70779950903303,3.10929819967363,0.0241296806354978,0.0821304625835715,0.244604722842394,0.4111877882907,0.0882753078197673,0.0108647349254284,0.0725673004661082,0.0964530724417707,0.0151255941738244,44.053043,5.2247674525,5.205353875,-0.33486588125,46.9115363,3.667836535,-6.6118574575,0.025596375625,-0.09369412425,-0.520146819,-1.2348873425,1.0613592075,0.02872858515,0.6938386975,0.28953029625,0.482018789,47.93742395,6.0548355625,8.1866282,0.12085671575,64.676644575,18.2826094,5.6145226425,0.124016789,0.23018470225,0.4416876905,0.43122759175,1.40950643,0.07261451765,0.978635554,0.653184254,0.54189099275
45.752747963,5.7463171177,5.9146521968,0.04912848545809,57.415730521,11.41621955469,1.1417474582977,0.0902540555014,0.02410333844278,0.08981988933773,-0.05711657954876,1.21939144017,0.056387022865,0.86683454534,0.5153200378,0.49793642487,0.886919603680381,0.20352840249977,0.656125370229909,0.113902653267097,4.17861710147711,3.87747292084812,3.36443441904039,0.0274160758762995,0.0899677944134342,0.264675979915946,0.464725496544222,0.0921561251191656,0.0112691773565559,0.0716931915795392,0.110500607312909,0.0147776972616254,44.191448,5.3512702725,4.71013328,-0.1816328805,48.5013362,3.8621509875,-6.3030041225,0.03452045025,-0.14032909325,-0.495849697,-1.0139926475,1.04453104,0.03258039015,0.70347683975,0.30403481975,0.4687894785,47.53109425,6.1671648175,7.20853097,0.26158396825,65.609847925,18.929740125,7.3404577075,0.140008009,0.22571105175,0.577464912,0.82260455175,1.4190444025,0.077451755875,0.984519747,0.735012565,0.5270448085
45.848334456,5.6176668165,7.2415938198,0.00519259268208,55.62527584,10.9803839379,4.537915237969,0.112638016824,-0.07092317309872,0.3569922943735,0.3681579709747,1.3695865522,0.048935518506,0.9596026783,0.43797657709,0.48640366083,1.09720580646167,0.196788522020473,0.802962115232289,0.114263989287356,3.93803560850896,3.02075716582508,2.3890105859795,0.0163847023107107,0.0625347516924535,0.187940568582927,0.317905287431966,0.0809775317237843,0.00707684074797725,0.0312978338287461,0.10587011308575,0.0129911376490451,43.625696925,5.256070205,5.88200023,-0.200480716,47.888369175,5.4126569125,-0.2801619435,0.080189774825,-0.190861566,-0.022040001225,-0.2702305595,1.219669105,0.03600005485,0.88006431475,0.2359260415,0.4616159665,47.965102525,6.0160608875,9.0058564275,0.24595579125,63.61465155,16.972185125,9.1585271675,0.1437296515,0.0566411431749999,0.720490238,0.989080899,1.5330094525,0.0636988601,0.998646149,0.648737938,0.5133038935
48.151594867,5.5625566625,8.0125176638,-0.152948965329272,54.388782939,12.7219027038,-2.02195510701898,0.05424828142476,0.11698652490919,-0.159064758561366,-0.78738823927989,1.15961216002,0.034690851703,0.74821789818,0.55523360979,0.51767278331,1.17263197651722,0.219359010192901,0.924170359826891,0.125679998968397,3.81288349669842,3.3897529425402,2.79914094008215,0.0195399381843311,0.0726422317213476,0.220205026573059,0.376047440155922,0.0813885480735728,0.0111113176505804,0.107761531372886,0.108755833242864,0.0144456623774305,45.806498925,5.1593917075,6.301613485,-0.38075096425,46.555217675,6.22676506,-7.3678801175,0.014492554775,-0.019201002625,-0.5796222055,-1.5682737425,1.00400304,0.01514469095,0.51503897575,0.3457938455,0.4896783025,50.249264675,6.02567446,10.17435675,0.1026447485,61.305978475,19.422225,3.37638553,0.092283111975,0.25754185525,0.2656161605,-0.0574957726,1.3241503525,0.059260499875,0.96626049825,0.76806338725,0.546751614
45.691932583,5.480729775,7.7313348237,0.00028883489038,54.568646709,7.581591357277,1.95628390477766,0.107147096641,-0.016769334501871,0.153898485068216,0.21662079919399,1.2747897777,0.048379039542,0.92689001309,0.3144909863884,0.48876695821,1.1691479627245,0.19911793976716,0.844600245955377,0.100726408386487,3.83574594131796,3.6878361602275,2.67739555293004,0.0227184175944533,0.0715626397513116,0.210627464783654,0.389396588067838,0.081883701830932,0.0093168973576059,0.0528705150342629,0.13047503372309,0.0145507547410804,43.251659075,5.109546025,6.271874095,-0.18471190675,47.2337617,0.13256866495,-3.33203539,0.0648945912,-0.16698139025,-0.26212718975,-0.4946133545,1.12167049,0.0319296303,0.794377984,0.04837056775,0.46192683025,47.98010835,5.8845323425,9.47572265,0.199380671,62.092045375,14.277397625,7.3832619975,0.15431084425,0.1190749555,0.580832276,0.983338531,1.4400005425,0.068153227075,0.995956299,0.56347047625,0.51933637725
44.773076402,5.7072016247,7.1903742335,-0.0764177697932,51.521781118,8.720259174797,0.0959601185865,0.081294989686,0.039645855781502,0.00754906636715,-0.20310979304218,1.4212194869,0.049530697813,0.9422808781,0.61853842242,0.49517580239,1.00165671381521,0.213186831316869,0.764984780181969,0.132426558441388,4.12043064054125,3.44666462457657,2.88036155132188,0.0222063564637584,0.0773292376323052,0.226594553819318,0.410687181996409,0.091395535481659,0.00917167900619024,0.0433719621478091,0.105030731495736,0.0144011780645965,42.9125217,5.31974078,5.7479166075,-0.34219186325,42.81766065,2.1743235,-5.5821344375,0.03565464945,-0.1146992375,-0.43913975575,-1.0067233775,1.2609573675,0.033284980425,0.837994999,0.44286201725,0.468770776,46.859505775,6.145607615,8.6886926825,0.17653449925,58.9719181,15.72882335,5.8947674375,0.1233918035,0.198102894,0.463734214,0.602558482,1.61815343,0.0686092635,0.99804067625,0.8359639355,0.52596835475
46.752907772,5.5458423739,7.1749308534,0.0729699186891,62.498260581,8.969847614644,-2.30215440073074,0.0885277148838,0.10646437173137,-0.18110769804572,-0.30706356227879,1.3180906128,0.048025383888,0.88448296483,0.458033303638,0.5089558964,1.04502859522055,0.210149531276224,0.76138838638566,0.13296993002355,4.69874242148962,4.20741997341473,2.97658634637977,0.0208973569675655,0.075868121885966,0.23416444185983,0.376264018772836,0.0912129412124743,0.0108229219149821,0.068446236916382,0.120143508650665,0.0157568193042643,44.71879475,5.143134735,5.7963645925,-0.1942415765,53.32095635,0.376321828,-8.5103518675,0.044470391675,-0.041177981125,-0.66949907375,-1.081164425,1.1478863325,0.02820716225,0.73512698225,0.19178266725,0.479625514,48.81003545,6.0137849075,8.7836626975,0.32841730075,71.215327625,16.541984425,3.686320455,0.126624145,0.2735647865,0.289998361,0.38846164475,1.5132668175,0.069211446225,0.98974531875,0.6878500905,0.53884093825
44.947859892,5.6329039887,6.8997484904,-0.101940212014998,62.227271714,11.4037678731,-3.1524342697157,0.07052179142908,0.14152504204666,-0.24799818499734,-0.7474131035234,1.356528683,0.053764812082,0.92506410936,0.3369301166607,0.47011726921,0.99919926237162,0.197817963097871,0.785081598624043,0.110780149867545,3.99409821084074,3.14062808532483,2.75059175946359,0.021895194762465,0.0749603041199409,0.21638572169317,0.389572707772245,0.0880039424635268,0.00944063424343253,0.0515146276006529,0.161945050090073,0.0143611803696937,43.036716725,5.25091644,5.518078485,-0.322843566,54.568164425,5.05228698,-8.7620704825,0.0237064002,0.000376093375500001,-0.68930147025,-1.5984634975,1.1948396875,0.0372540544,0.80501339675,0.028635469425,0.44441231975,46.919518675,6.04082609,8.551327755,0.11825108475,70.327170975,17.423513875,2.215787795,0.11163967975,0.2940727145,0.1743133465,-0.0244250482500001,1.548819825,0.075089810875,0.99619992925,0.64404387425,0.49850263575
43.852252657,5.5901011024,6.0129010243,-0.13879299674921,61.519415936,12.106214218232,0.01785358103154,0.0885630225235,0.05819603527709,0.001404519673112,-0.40685350731999,1.2820161287,0.054444054647,0.86856957183,0.43614032957,0.48286423609,0.909230640666368,0.212710247704939,0.676012537976681,0.113553899027343,3.96494221535545,3.57194375953393,3.14181894966792,0.0299436303703431,0.0879707703799185,0.247163090557825,0.489938408380082,0.0795776835957113,0.0106297999513795,0.080603483518249,0.123978955392704,0.0141372859666957,42.021125025,5.2012407825,4.82001109,-0.36203851375,53.25616425,5.07453162,-6.634132285,0.02625682475,-0.096858323875,-0.52189915525,-1.4137360525,1.1507580875,0.0353876562,0.686174032,0.2004573035,0.45651502575,45.709068475,5.995780545,7.637345565,0.0930532387499999,69.865487275,18.91869985,5.632533205,0.1442554305,0.24027266575,0.44310455925,0.45512897125,1.4449881925,0.076253057175,0.98974084325,0.69936724775,0.51052218825
45.848103715,5.9203338309,7.4953689623,-0.16542445342768,53.442738734,7.94959094821,0.698309277369,0.093709158683,0.019430740266373,0.05493514494089,-0.1492582319589,1.3397041494,0.045378463179,0.91460444561,0.58916011931,0.50439752355,1.07958355176793,0.217977554609475,0.812626609463688,0.13020677606971,4.11703189390352,3.34924434944355,2.71045851981245,0.0198112222355696,0.0708658422418557,0.213228488040448,0.358735556095873,0.0857608163621512,0.0092056054814695,0.0576791385146492,0.121620438935493,0.0146790111012154,43.7180322,5.5140943525,6.147672355,-0.44101050225,45.201955475,1.7051723925,-4.6635002,0.05548857625,-0.12029456775,-0.36687190825,-0.8541734645,1.1795453125,0.028635802675,0.78068846175,0.3727052395,0.47626831725,47.85807705,6.358107795,9.2299020775,0.0824005652499999,61.5129101,14.212453775,5.81700903,0.13342250325,0.1667065965,0.4576170525,0.5681601715,1.52490785,0.063428971825,0.993202696,0.84762839275,0.5347998025
43.067034499,5.8477501406,6.7245385893,0.04286542373894,58.950634696,11.7863429437,3.091428978295,0.106253569061,-0.027442722399017,0.2431989727795,0.1876106669686,1.4027408792,0.059888927817,0.93635208409,0.46752293189,0.49629303855,1.03723277536086,0.217486963382554,0.733534953309954,0.114200040751042,3.91036260334222,3.13549566165861,2.95179830286598,0.0278445589188927,0.0837665824123985,0.232214396705574,0.457679292329572,0.0782798369380285,0.00970212372662242,0.0471195089273731,0.0994406321064195,0.014461790933988,41.03653545,5.4281669625,5.526048755,-0.18483048325,51.3195707,5.4912391775,-2.9735884475,0.051614378425,-0.19381539975,-0.2339286035,-0.68695306225,1.25770738,0.0429212166,0.81864189675,0.28842790475,0.46872709225,45.155056325,6.2957198775,8.423100445,0.2632057465,67.266763975,17.706586375,8.8844626025,0.160069511,0.144183084,0.698929908,1.0715916325,1.5554266475,0.08088192075,0.99747444425,0.6761050625,0.5260698145
44.655166999,5.7801383684,7.5102883837,-0.07907952837993,58.522182761,13.8766211448,0.2160834565505,0.0748100780752,0.061354767799404,0.01699902378972,-0.45195939445148,1.4310603158,0.04670039569,0.94130235998,0.48682779353,0.50142891009,1.12277996962585,0.209914749945987,0.847798920156179,0.120677309897673,3.96815065989882,3.26095124092465,3.09649295924212,0.0205845679717383,0.0810032357376072,0.24359735005279,0.39394938787237,0.0893115208265171,0.00877804749526604,0.0509949813171672,0.101138099927205,0.0150981016869527,42.518978675,5.3889308625,6.07941781,-0.298018604,51.123268225,7.8013338425,-5.6492408675,0.035811138525,-0.10159030975,-0.44441893175,-1.1701447,1.2743147,0.030405303775,0.806198064,0.3094036495,0.47355562975,46.873166475,6.227657605,9.4128536775,0.16010725975,66.619691775,20.5291276,6.5779384275,0.1149796335,0.2165204295,0.517478453,0.29287038525,1.6055943925,0.06480732085,0.9977782855,0.699267214,0.53291358225
48.295536046,5.6245831466,6.8710620856,0.18169718992597,60.785683168,12.75493162427,0.7695876646199,0.089291855274,0.040774408879683,0.06054252933536,-0.0307522122951,1.2550947241,0.035379089427,0.90922482988,0.5547452548,0.48892920054,1.05705893758482,0.213513276732381,0.761911063895756,0.126410445894198,4.14834421280218,3.43000748121113,2.51788713354077,0.0168434018242717,0.0649612079905851,0.198079130616559,0.318868355702918,0.0874028035313111,0.00842665139735536,0.0736813799969926,0.0945532796779208,0.0130838952728809,46.145574725,5.210393715,5.5792356975,-0.07684917655,52.7422084,5.814481165,-4.2778725075,0.056858435,-0.08643787,-0.33653505275,-0.65399703175,1.10296178,0.0201409072,0.72184045125,0.391277647,0.46412405225,50.339546375,6.051208385,8.4665163925,0.42365695575,68.5273614,19.126996775,5.871659515,0.12159362175,0.1700757195,0.46191634225,0.55850016025,1.4428499575,0.0526046266,0.996381677,0.76460524725,0.514129422
46.538260441,5.734660727,5.6488323209,-0.19894397639225,60.697971778,13.35121565893,-0.1153496922375,0.079934886984,0.067875371712755,-0.00907442053081,-0.5674810347367,1.26858135022,0.051662252092,0.88937337715,0.62442517831,0.48537478771,0.909665366244282,0.213356106944721,0.628449202656371,0.147295561422668,4.90948677511065,4.06315450362495,2.92522399935711,0.022557611272142,0.0767096812723689,0.230123828397222,0.406920306784164,0.0994857391005382,0.0118414230218357,0.0585330805909532,0.113210293458295,0.0147640954457414,44.837172125,5.35224185,4.6482976875,-0.4996790855,51.272160975,5.3805760225,-5.6278598925,0.034929345925,-0.079896842675,-0.4427369195,-1.3478427175,1.10116693,0.030238905225,0.752317392,0.41149219925,0.457452405,48.45357095,6.1816386275,7.00954418,0.0846350179499999,70.49108715,20.902097675,5.570603575,0.12514034475,0.22060065375,0.438232634,0.2246402725,1.49002605,0.075169359725,0.9823265085,0.86696836075,0.513966335
45.570325707,5.8883681182,6.9446906331,-0.09374187240113,53.742700117,10.49502764727,2.97091907339,0.099123418716,-0.03040536974886,0.2337186044457,0.07403821538495,1.3421003868,0.054587508589,0.88317104698,0.5447992701,0.48515256488,1.0816323285266,0.187842222600574,0.730975414877304,0.123791620158251,3.79644077891036,3.08499685955204,2.75526841866584,0.0232013840279711,0.0754577256389163,0.216753629065372,0.406475912486525,0.0755504874373116,0.0112841649347694,0.072080549378103,0.106778976455779,0.0138113062551191,43.507379125,5.523497905,5.5947489475,-0.32554405875,46.487607575,4.45498184,-2.60091541,0.0525307859,-0.17272028625,-0.2046108625,-0.757915619,1.2058295575,0.0363801638,0.7261828015,0.3359947565,0.4600521875,47.703938075,6.2614960775,8.5295457475,0.134109552,61.78031055,16.610798875,8.4497003925,0.14082876825,0.11992562875,0.66472769225,0.81034033,1.492149305,0.080738024725,0.989114545,0.76492308075,0.51275651725
45.920881127,5.7286079371,6.6677252767,-0.0676446060864,65.73864901,13.17901344194,2.5768408926754,0.112025854105,-0.006613476111255,0.202716951564122,-0.02535386044991,1.3367713102,0.046343225086,0.89648247828,0.50017877668,0.4983157867,0.987155607600804,0.2130975494304,0.698960551958977,0.127575139713736,4.44437363375588,3.65370015680706,2.72356443050278,0.0215359798410569,0.0712793349333357,0.214259514492146,0.381972938281678,0.08857837023307,0.00957390615885641,0.0734469343838661,0.113662996731632,0.0146494956902766,43.908353375,5.3443444725,5.434548705,-0.301473761,57.32190365,5.95314702,-2.93019091,0.069779062725,-0.15243438725,-0.23051457225,-0.783049435,1.1767820025,0.026451471575,0.71840950875,0.28875492975,0.4701504325,47.8239292,6.15640364,8.068590945,0.189839789,74.447825775,20.270676675,7.9719340475,0.1534533805,0.134469916,0.62714239275,0.73707833925,1.5223955825,0.064644504225,0.995043455,0.72784664275,0.528493859
47.28326126,5.9881397899,7.0054918167,0.144455941246212,63.860680912,13.48872785224,-0.0701988943428,0.0870428001947,0.067306702670357,-0.00552246192498,-0.2022092901087,1.437292635,0.065138699797,0.90863783329,0.75053613359,0.49740408695,1.0730230888019,0.217602120225012,0.777068882205537,0.14647194083033,4.81506137027334,3.78211697242625,3.07008211956049,0.0228467697794046,0.0803806045012269,0.241519641207425,0.417788571183555,0.0945864369012079,0.00945387563975055,0.0453923780194167,0.118047933523014,0.0146656367660383,45.11000365,5.60146201,5.598497955,-0.13121642125,54.690729675,6.079536295,-6.40135085,0.041607363,-0.096659114975,-0.503586513,-0.956990782,1.263161255,0.04663642525,0.80708861125,0.53739377475,0.469706759,49.364068975,6.436552755,8.755683225,0.430968623,73.62907645,21.085043125,6.26360453,0.13395673675,0.23089591375,0.49275018025,0.61241021075,1.63132721,0.08297565845,0.982437082,1.0076623175,0.52701711725
46.134697543,5.6223866023,6.5243509237,-0.010563481559106,59.896697273,11.95175195881,1.7901475449478,0.098293848383,0.00896010725914457,0.140828738843,-0.0435121532227,1.24979152054,0.0333116050404,0.87107239078,0.59245520842,0.5154331107,0.950454996829249,0.213221340303397,0.722999164125151,0.124513357354928,4.02944871903809,3.2692090302067,2.64140103521252,0.0218279333822874,0.0700328539259167,0.207795819633896,0.381187357762393,0.0842527840857448,0.0088798942606406,0.100116723606958,0.133328409934053,0.0158837873366007,44.3657457,5.2133587825,5.3590388825,-0.25468326625,51.683890725,5.69975316,-3.261188315,0.0534305255,-0.12220389275,-0.25655373575,-0.809295854,1.0906387125,0.01764935925,0.6321215665,0.34158530625,0.48630427475,48.026482675,6.061239045,8.157726045,0.23584493275,68.046954575,18.3840763,6.67169088,0.1412766695,0.1436314225,0.52485384275,0.73777076325,1.4233443975,0.05211555115,0.9942604165,0.88570181125,0.54636339475
43.752282538,5.6323758612,7.1364362545,-0.22444508608477,59.20988531,13.7761053746,5.458795480966,0.1148192011718,-0.08256484004867,0.4294368277816,0.11838074577197,1.2668654881,0.062360099524,0.78743165387,0.53559098522,0.47344165707,1.04314481110075,0.212587040217194,0.737738236542053,0.107390364540231,4.04197795166774,3.3712744548449,3.22231156366552,0.0331759614678907,0.0936144739954782,0.253495347457853,0.521233587641295,0.0872875281737433,0.0111147062903261,0.0984654360618584,0.124786397791142,0.0141678390342633,41.7031449,5.2383223425,5.7737348925,-0.430726302,51.060260675,7.12249276,-0.8543880955,0.04723697455,-0.2578648835,-0.06721367605,-0.90859544375,1.1014794575,0.041805796225,0.575584457,0.3107534215,0.44632816,45.7201984,6.0790356425,8.7202404575,-0.0265286127,66.922808425,20.392640275,11.676116375,0.1777344885,0.1050789285,0.9185459575,1.06679893,1.446728025,0.0839207874,0.96047451175,0.793575304,0.50157578275
45.872200662,5.6609729724,7.9813685754,-0.14019858775662,59.430779716,13.0644193417,4.0523184544283,0.108440867361,-0.04753571428405,0.31879098383676,0.0589906416765,1.4038632048,0.050918902069,0.89541430992,0.337365146676,0.50160858757,1.05497863201261,0.200965489733288,0.841903845346074,0.102529971743887,3.55143989546132,3.04528065232889,2.77434089312382,0.0209608621254835,0.0741081837463952,0.218254037286658,0.374397614663369,0.0823401667448263,0.00874487490054272,0.0624680427622058,0.128321698390694,0.0131612610299326,43.660174625,5.294345615,6.4959533125,-0.34970053175,52.393677025,7.272855205,-1.5503640675,0.0638342866,-0.1814561165,-0.1219652605,-0.734558453,1.2442847325,0.034825299125,0.7553949075,0.070252012125,0.4766862115,47.9302629,6.0540484625,9.773712075,0.0745371893,66.31236945,18.96344935,9.27169458,0.14896074825,0.1140033295,0.72939297525,0.739978389,1.573845745,0.06901478795,0.9927048525,0.58876995275,0.52921812
46.275061477,5.5849276454,6.1773284162,-0.08734445636366,57.526341037,5.4340438273132,-2.8536642038258,0.089177700849,0.10441311884723,-0.22449430603899,-0.36289941657984,1.421902612,0.052572636834,0.89764473539,0.21940428147291,0.48869407489,0.990667174784821,0.192375106958774,0.683564555823548,0.120731039460401,4.4576731129598,4.1437649530096,3.33414922174056,0.0244263549949715,0.085755960070785,0.262293480486136,0.411581480944976,0.0988358949167363,0.0110220877793466,0.0851302066645135,0.137017537637815,0.0150068327173789,44.405715825,5.22054095,4.9627806225,-0.30274055,49.2419665,-2.8052492,-9.722786055,0.038659099675,-0.0534884908,-0.76487980475,-1.1920985825,1.2506741925,0.03211643245,0.6785777445,0.0164908767,0.46072799675,48.222682975,5.968863745,7.69911168,0.1469019485,66.524827025,13.8595174,3.1904263175,0.13650416275,0.28006221125,0.250986978,0.4308890765,1.638914775,0.076327283525,0.9975049245,0.55924601,0.52058556
46.261112512,5.5617235137,7.4484459167,0.16486331333295,59.350175345,9.6044339674898,-0.5678081160948,0.090770836335,0.06209152003674,-0.04466877669767,-0.045193213116654,1.3357401591,0.058592978671,0.90110798518,0.54517570299,0.48882041491,1.09286532922515,0.200938750622393,0.789757650834831,0.130814626499508,4.18700788792403,3.61743616804027,2.64624675394842,0.0214328745779828,0.0693577116846058,0.20817702642972,0.390907636728025,0.083270731931547,0.0109975582163573,0.0497540761156888,0.110632613537034,0.0143655632460988,44.14360445,5.2030183125,6.004901575,-0.074422411125,51.194235075,2.2350882025,-5.844065785,0.05044398685,-0.063977098125,-0.4597455745,-0.8014778355,1.18133149,0.038558469125,0.78653228375,0.34087486675,0.46051451525,48.455904575,5.95584961,9.093243285,0.43623426625,68.0696381,16.804060625,4.375176625,0.132428412,0.19929795775,0.34418984675,0.66976743,1.5115229575,0.081290306125,0.98069831825,0.77097679625,0.51702234075
45.596516323,5.4594648693,7.4974661751,0.07917678256741,59.461457317,11.343504483812,9.012714019879,0.152335619512,-0.19158641966029,0.7090192938315,1.0504044581226,1.3313063036,0.0409379849563,0.87693201819,0.5705480893,0.49579467894,1.19675028812515,0.216239017537866,0.779077547131722,0.138252167691994,4.75405605245627,4.11119735396704,3.18353790475466,0.0248701317126342,0.0844087232727001,0.250445070656372,0.432248004579971,0.10248222660879,0.0112825065180962,0.0984718769589152,0.122449153933947,0.0146546378061662,43.217709,5.0408638,6.0868442825,-0.196477701,50.461301375,3.442362745,2.7279892875,0.099566151775,-0.35325959175,0.2146076085,0.202063088,1.14792848,0.0214452356,0.623532752,0.32999285275,0.4672309045,47.972693375,5.8946482,9.08903028,0.3540878665,68.9387127,19.229652125,14.7470996,0.200637695,-0.0188600208,1.1601364675,1.9002430325,1.560664,0.0649247379,0.994703043,0.8316877765,0.52432886725
45.525907146,5.3346724141,6.2122178728,-0.08122959556567,54.908740673,2.17257453500971,-4.158243573346,0.088634170049,0.12429449327487,-0.3271239845479,-0.3522406051216,1.3006332175,0.049123299375,0.8612068473,0.444627534544,0.46562502622,0.942699350389581,0.211769982290168,0.674703344773682,0.121848287285302,4.49435802316319,3.94394094460586,3.09539178745175,0.0252323783099276,0.0815916405963997,0.243510721959193,0.419674372684328,0.0885636716454771,0.0118032091312466,0.0886834690451834,0.120652324973428,0.0142495440418975,43.676961,4.9295833325,5.021953385,-0.3099535375,46.838343675,-5.4818200125,-10.2383409,0.0386089567,-0.035339483125,-0.80543789825,-1.18803142,1.1376576925,0.027036637425,0.669363263,0.19644170225,0.438828628,47.3117391,5.7449558725,7.683644685,0.17728453675,63.3852839,9.7909760575,1.90886812,0.13760423825,0.282895091,0.150168338,0.494052710999999,1.48056188,0.072822431375,0.98707499425,0.65818928925,0.49548782925
44.819292864,6.0754624894,7.2368221665,-0.102534756850158,60.481058342,12.1450226305,-1.365261998566,0.0759422003343,0.09622402613229,-0.10740350754739,-0.5667293979161,1.3153358978,0.054795632733,0.90670125223,0.48507038998,0.48810691563,1.09963409032085,0.207005526731229,0.803943107876205,0.11648622137867,3.70275454172466,3.29354780632745,2.88844019286256,0.0239203131496243,0.0778540597126451,0.227230090594815,0.413499210425474,0.0773885293957488,0.0105814545060338,0.053865388154789,0.114348197518033,0.0143109574021579,42.5370446,5.6690064325,5.7469994225,-0.3271159075,53.110346,5.773825995,-7.0098113925,0.0287824441,-0.062168075025,-0.5514533655,-1.39664979,1.165202595,0.0341777107,0.78138268975,0.276246149,0.46041762225,46.78655835,6.4925549275,8.812597755,0.13308784625,67.68095385,18.3886109,4.5371738175,0.121949062,0.2452828845,0.35693396625,0.25539435775,1.472284085,0.076103780125,0.988399994,0.725594235,0.516475142
45.110972004,5.4872856211,7.0563127893,-0.05390802625248,63.625558381,9.96746845713,-1.27684578308934,0.093991055118,0.08324947402274,-0.100447910896388,-0.3487000866234,1.3291203417,0.051029864999,0.92829220528,0.56242397989,0.50540231488,1.07736331778641,0.191452120422256,0.811264649894234,0.127368979478818,4.03522998828478,3.23556908188044,2.75088156046722,0.0225077903742687,0.0744430356890092,0.216408519877857,0.39386090330589,0.0857468285730934,0.00882785149959499,0.0549336412195042,0.105387773689075,0.0149376702496881,43.0724388,5.1281250125,5.6446831075,-0.29861259125,55.9162096,3.585435075,-6.8633854625,0.04986588355,-0.064175287025,-0.53993421375,-1.16061741,1.1703813125,0.033914383475,0.79013047575,0.37312446975,0.476956414,47.185546875,5.87303897,8.85051455,0.2015427225,71.623730675,16.145921875,4.1858860525,0.13671707,0.23545747575,0.329298586,0.390813367,1.513120665,0.069020161175,0.996542931,0.77583009625,0.53572887575
47.26928179,5.6521768454,6.8834583411,-0.30210399802333,49.669448547,5.785533892777,1.3714846180308,0.099707888055,-0.009476475481354,0.107893033509953,-0.0918131144792,1.3951185603,0.050205768064,0.87599794465,0.3325742964166,0.49703316841,0.968236657925482,0.201312850890436,0.78479121771299,0.111728617228794,4.57120840892816,4.02060341698488,2.96224322450408,0.0196950908482004,0.0752518789766567,0.233036085674655,0.359777990272107,0.0903900757959696,0.00967773214900258,0.0709545848061159,0.116288339212528,0.0139825834560209,45.353439,5.2855371175,5.485528745,-0.51398035875,40.679214325,-2.316203175,-4.4203357125,0.0606469214,-0.1504993425,-0.3477424535,-0.78644676075,1.243776545,0.031730265525,0.7317560045,0.093702566875,0.47018172775,49.215842,6.056211,8.5186701725,-0.083876530425,58.60055895,13.14933395,7.16288559,0.13673818275,0.1405004675,0.56349554,0.5915409695,1.5851316875,0.070243178275,0.99332398725,0.55620296425,0.52584404475
45.980383798,5.6579629777,5.2348188939,0.29176327487566,67.729441499,23.8202393427,1.23376217612641,0.057928043331918,0.08171404457486,0.097058575676925,-0.483167155284,1.3053853583,0.0449362459637,0.80054646986,0.74591098365,0.4973709431,0.775656664164898,0.198901509045454,0.607917248920051,0.142719132881696,4.95794996723487,4.48875763840837,3.54559625322657,0.0280748775127459,0.0925597136841332,0.278927762057638,0.470891732393313,0.0874549289773408,0.0132142624754514,0.0867721220659317,0.116197086912892,0.0141039700531037,44.48437175,5.30431939,4.1701318025,0.01213136125,57.606327125,14.812734925,-5.6866840625,0.002997872045,-0.10926011925,-0.447364545,-1.3448214275,1.1517905375,0.02138349865,0.61203800725,0.544719637,0.4690276545,47.5235024,6.0797662225,6.5384537875,0.55986971125,77.21638455,32.78997575,8.5279909225,0.11613922475,0.26122213425,0.670886715,0.544511027,1.4859655525,0.07114939505,0.946812949,0.98891093325,0.5255985335
46.121258914,5.7313785702,7.7171173272,-0.009236155766527,58.285375383,11.48930736058,-2.3177412909537,0.0669250515937,0.11910380383754,-0.182333899641074,-0.57802534645317,1.22276109987,0.047478694232,0.92181768009,0.6350493728,0.49971508174,1.05834489885438,0.206550607109901,0.779004214350643,0.126803985125396,3.72687706046503,3.1274532659674,2.53619642655736,0.0198609730962608,0.0676443268954191,0.19951950046823,0.366231037965228,0.0777507256249697,0.00892070115131888,0.052312751811103,0.105390742124595,0.0135827988241701,43.956012775,5.327249575,6.2544173475,-0.247089506,51.124545725,5.3545518625,-7.3486342775,0.02603315645,-0.01400803475,-0.5781081565,-1.3185976425,1.080805455,0.031511099775,0.80217381325,0.43610990575,0.47321734275,48.045211625,6.1405115275,9.34349209,0.2514399175,65.4158381,17.812630225,2.6957432025,0.10697629375,0.25098603625,0.212070849,0.13848686275,1.3852329725,0.06583255905,0.99605468225,0.86022097,0.527270247
45.548055604,5.6416844932,6.8737466097,-0.067290108894305,58.795368698,13.9420101812,-1.01146273569008,0.06626730317237,0.09525547328137,-0.07957054804809,-0.60698545534533,1.15000352111,0.0362807919493,0.8680307179,0.5284124292,0.52703326681,0.978067960604807,0.2128152134672,0.781075342550237,0.122555980754319,3.97787997845404,3.59205893754012,2.72266999082191,0.0201424162806731,0.070563081122396,0.214189149875121,0.364284303471206,0.0904496677385075,0.00958428378703935,0.104109904915959,0.108658717883031,0.0156975999807199,43.709217825,5.229029485,5.5114577225,-0.30285108925,50.35557075,6.893761415,-6.4518462975,0.026150234175,-0.0365027678,-0.50755893075,-1.3290681075,0.9908687465,0.0181988047,0.62575321825,0.316437927,0.49818859225,47.4087577,6.0731774225,8.4251600775,0.17345970825,66.6384469,20.887010025,4.3292876425,0.1045299385,0.23825502825,0.34057981675,0.0699629524249999,1.3383978225,0.055651694375,0.9922395235,0.7410407775,0.55839599025
46.79551708,5.5592951712,6.1966085362,-0.199889982365011,59.262605459,16.2456805671,6.39268122134,0.110317159568,-0.09614330049255,0.5029044877181,0.117466971853793,1.3370494586,0.043584995191,0.88974757662,0.53121652808,0.5093781737,0.938569829719577,0.221708419097543,0.657925601888183,0.130125636398615,4.68886950851842,4.00185534642836,2.97253504947177,0.0236994756719961,0.077580586403873,0.233845731786049,0.412748440602218,0.0917882674176291,0.0105971511334334,0.0931562755780772,0.148045719679744,0.0159192950669021,45.08620275,5.1530035525,5.0120632275,-0.43953565525,50.19434875,8.0309226175,0.4887327625,0.0658063891,-0.24222628975,0.0384480143,-0.7161792755,1.16773641,0.025622150525,0.65259648225,0.27227805,0.48107025825,48.5601286,6.00907474,7.580854785,0.0740361098,68.115382075,23.7111315,12.2225882,0.15674553875,0.061570596225,0.96153622875,0.91682024675,1.52331225,0.065836179375,0.9975810785,0.84868805875,0.542204236
44.58780596,5.5312626369,6.7614505324,-0.25801911544827,55.355242804,11.5176640562,5.737124398111,0.118205333461,-0.101127202752175,0.451332626012,0.23105004389626,1.385823477,0.053345233073,0.91109688525,0.331916759886,0.51590978206,1.03391678077414,0.193845410908453,0.755147957892231,0.110324465940882,3.78972152542563,3.44837690744403,3.03869350966474,0.0262953694638925,0.0839279830048383,0.23905033682578,0.438788084914013,0.0829112480076095,0.00897686152817619,0.0700491528343864,0.111323429326052,0.0151169419315827,42.5541409,5.178563665,5.455737525,-0.45693772475,47.582171275,4.719736205,-0.44387379025,0.066420254775,-0.27456931425,-0.034919013425,-0.6397562155,1.24412646,0.03691810615,0.74241445175,0.11512984725,0.4873698905,46.575016475,5.926414605,8.3118321025,-0.03629526255,62.819075925,18.13181085,12.0513376,0.170370822,0.0680282896999999,0.94806413475,1.0865982875,1.5642301975,0.07196342545,0.9950712385,0.55962788525,0.5464528135
47.348701441,6.066629577,6.2684912954,-0.1663370704005,58.793619492,12.729058454,3.854559844168,0.107061896699,-0.0437510004271394,0.3032335533244,0.02195402307296,1.3097097879,0.0416861921,0.85865405443,0.334430503591,0.50484747246,0.895953220719463,0.209624031660508,0.721698242106189,0.104513674188865,4.04281012583207,3.69383310619032,2.96529522995609,0.0233422694385884,0.0785421253036562,0.23327618316167,0.404040731943592,0.0838310717310219,0.0108543035517367,0.100242525778607,0.104926265360412,0.014150650762078,45.499900075,5.6759228475,5.050923705,-0.37094133725,50.66999795,5.5695479825,-2.0053349625,0.06073278655,-0.200777734,-0.157757266,-0.8373570825,1.159827795,0.022303117125,0.626643003,0.128166158,0.47787747725,48.99327225,6.47945563,7.929497725,0.0159867222,66.5678087,20.092905625,9.7586188825,0.152292995,0.117459307,0.76769872,0.78499428025,1.4718795825,0.0651469537,0.99471616525,0.54819490675,0.5332527275
47.108648597,5.4138955804,7.3892469633,-0.11480772774708,59.230889239,13.6577023672,-4.695519192448,0.04194293669099,0.1946672948755,-0.3693908066984,-1.1286408578684,1.3131415917,0.054614910326,0.82513356187,0.40517894672,0.48339723093,1.04226119264871,0.196463762673572,0.765863385049234,0.114061846981017,3.94522335102306,3.39025015768793,2.65572200797757,0.0205940986403155,0.0712192621189742,0.208922433426001,0.369457280776603,0.0807618468812572,0.0107476399277181,0.0648634566097086,0.0874924539961543,0.0138011435127375,45.166539025,5.0456019575,6.05453184,-0.331183593,52.099183825,7.235554555,-9.60908714,0.00187805033,0.053983096,-0.75593523825,-1.8158781525,1.1604985875,0.0342844416,0.6851920105,0.2359964025,0.4594896835,49.2027123,5.808562115,8.9934489125,0.106927125,67.542872275,20.30195315,0.662278447999998,0.081598047775,0.3208923165,0.0521006428249998,-0.42022440425,1.482473155,0.07467767125,0.953029527,0.59259347875,0.51149293875
46.446396994,5.7257117409,6.4862277981,-0.09822392214202,55.538351059,13.9678526527,7.30017159104,0.118650626031,-0.13201250745192,0.574295654819,0.45208144215002,1.3665070552,0.049272120183,0.900988879,0.382928142743,0.49767729129,0.973380111210856,0.206292895616018,0.716268805745741,0.107138241577146,3.90905657618346,3.39520863962709,2.57023611968433,0.0195506043671657,0.0673014418983322,0.202197361180819,0.353201353826544,0.0920787184321996,0.00903350151973537,0.0657144376374588,0.116038439415538,0.0135800265098216,44.562985475,5.3465461525,5.2935345025,-0.30331522025,48.062981125,7.8090173225,2.1677559425,0.081066225525,-0.26185211375,0.17053473525,-0.23169080825,1.186931585,0.03336103535,0.737273318,0.13008571375,0.4729757105,48.37399215,6.149194705,8.024559065,0.11110902725,63.36965765,20.61426095,12.276372275,0.15681442975,0.00510869717,0.96576730675,1.1460486675,1.5607559875,0.069271854875,0.99570497175,0.61104147275,0.52625569575
46.374610089,5.8546060387,7.6347332877,-0.2376221942448,49.897650649,5.366668697193,-1.34486406455189,0.082519481283,0.062808119705815,-0.105798826835792,-0.36481584221811,1.5405825317,0.056608067399,0.93977659278,0.3179109361575,0.48689724078,1.08842681510064,0.209995810931373,0.801231402080706,0.115176739694767,4.23825501238578,3.83605036390509,2.52648945576799,0.019249518812154,0.0665070083802016,0.198755864891964,0.348492398063784,0.0938056450592635,0.010103780017282,0.0381398738466382,0.149241264743947,0.0139269572320133,44.36940105,5.4595132275,6.2787267725,-0.4658994435,41.479815425,-2.1400308525,-6.3569413125,0.04572306155,-0.063902186025,-0.500092872,-1.058417995,1.3608156275,0.040133099225,0.85318719925,0.033220440825,0.459978059,48.67686335,6.2915680125,9.3980341275,-0.00981954934250025,58.48638235,13.3200932,3.7138473525,0.1203998255,0.200012175,0.292163879,0.301016773,1.7150490975,0.081340053825,0.99353705275,0.58903105425,0.5155171335
47.888326186,5.877450121,6.7549696702,-0.02550658008058,60.103313439,14.5092183699,3.705935224681,0.100852035203,-0.03105559696138,0.2915414345404,0.043772735824,1.3184807346,0.049743883081,0.93442776522,0.54638118361,0.49089228422,0.948716118727413,0.219810119571769,0.775163304687136,0.122527099361198,4.83427254052045,4.24525391924169,3.07306105006734,0.0178293837508831,0.0745402573212237,0.241753989559956,0.340103757142178,0.0963545475452088,0.00897643237820785,0.0478610029886882,0.0997381361402983,0.0147709564390186,46.198455875,5.464195675,5.434923905,-0.26931895075,50.26864345,6.334591085,-2.4377994975,0.066566138075,-0.17053947275,-0.1917787405,-0.65445437425,1.1284518925,0.03190462655,0.82301448625,0.37286463,0.4633562735,49.96930615,6.34358016,8.4107184425,0.2120592835,68.986045225,22.5848432,9.4165946925,0.13483596525,0.11998958175,0.7407920975,0.6854453905,1.508642455,0.0656834678,0.996197647,0.76747978325,0.520446259
45.609638245,5.8378420718,6.8376174633,0.12998761507839,57.995695999,15.4001419864,4.95801324019978,0.100863611966,-0.06099176014646,0.390040895419213,0.2967233332103,1.4492142771,0.050187906672,0.89535602041,0.3226731626324,0.51744231689,0.953702182939154,0.219085372218661,0.750491651829058,0.118332903701311,4.74646805325968,4.28888421284725,3.28509549930469,0.0263868002112105,0.0867266848647233,0.258434482988094,0.447633884058957,0.0970533125033747,0.0107460580908256,0.0807709474857519,0.152657502666846,0.0157621233251129,43.784044425,5.43686364,5.47969246,-0.086995506525,49.06109465,7.1718218225,-1.510035575,0.047105996475,-0.23007332375,-0.11879266925,-0.6138064825,1.2894575925,0.030160160925,0.69769661325,0.022192307775,0.48783477675,47.58413455,6.2783264125,8.36071832,0.359482526,67.439563925,24.114924425,11.433515025,0.1525070905,0.10771311,0.89946074025,1.1657242325,1.65722867,0.0751896843,0.99645023575,0.592261729,0.54976174
46.824139317,5.8564567262,7.063606616,0.081829136116934,62.269123657,14.13453844198,-0.853054028102,0.074670365247,0.09185493452314,-0.06710872694921,-0.42176786660513,1.3305403913,0.045849777672,0.91974129326,0.357727097043,0.4962694906,1.03095606494178,0.211366833113386,0.82535264478799,0.1031772620165,3.87648182097092,3.52022407286569,2.65696773034978,0.0185023133966127,0.0677283326590782,0.209020432702818,0.344569542486699,0.0845799906705959,0.00800751211677321,0.0571297539307583,0.128934981213615,0.0150624669299315,44.97129475,5.4448931325,5.70061129,-0.1212504305,54.156019775,7.148203545,-6.071809085,0.03796539965,-0.035468342675,-0.47766186375,-1.1169799575,1.179020645,0.031626951625,0.784637936,0.0985263951,0.46825573425,49.072772325,6.2993579125,8.8302960125,0.28064113,69.62888395,21.135925075,4.235040435,0.11030733025,0.22527668925,0.33316550025,0.238451236,1.5085689725,0.061694401775,0.99732107175,0.62056322825,0.52677758075
45.008469621,5.6654695536,7.5008415148,0.0894828323217,60.432002788,15.1992760676,3.4730838069366,0.096757256472,-0.02134011572624,0.27322329569526,0.08771653979478,1.2183625579,0.041289596634,0.91380110895,0.52893485968,0.50706158086,1.11550791958363,0.197429233851454,0.739683279570641,0.113921088925085,3.55998748456061,3.06169344570647,2.36917154298061,0.0176798681453615,0.0614014020072678,0.186379855450365,0.321422703111101,0.0699146050764994,0.00902891332368064,0.0602406893144247,0.0932940230369228,0.0136637183673172,42.963378575,5.2918410625,6.197522175,-0.1239810445,53.580367825,9.016732665,-1.13857025,0.06246880995,-0.14214518875,-0.089569941775,-0.521134307,1.086458625,0.02468241865,0.7760099,0.36558510675,0.481981241,47.287828125,6.05974364,9.06802245,0.317619009,67.719828125,21.253411825,8.005324225,0.134398709,0.0948537538499999,0.6297691555,0.743649273,1.37296283,0.0602557089,0.9967876575,0.73021016925,0.534960572
45.976119202,5.949841559,6.7928694458,0.04299369800553,51.449116618,12.50789734287,-4.292760181059,0.0319122118253026,0.17807479863744,-0.33770624330408,-0.9059034817375,1.26049853142,0.073015990765,0.85135371451,0.6496309881,0.47983241478,1.08844720564604,0.231860917888904,0.731313719210263,0.145773258209029,5.424411259316,4.6811535890245,3.64441670309177,0.0290860843598526,0.0952331053616908,0.286701846994874,0.486148443393805,0.0916867109875261,0.0122073739200894,0.0581837745120907,0.112573580304241,0.0162377903952061,43.8807608,5.5397684125,5.5489739325,-0.23127570875,41.05272885,2.94526166,-11.2717587,-0.0222534625,-0.007683663125,-0.88673556525,-1.823677095,1.08147266,0.048400218025,0.720501071,0.45371460825,0.4505421035,48.178296125,6.43154421,8.3833918475,0.3240699745,62.38498395,21.329397125,2.8901127625,0.08759215505,0.3617103485,0.2273616695,-0.0147609907125001,1.43989529,0.09605707925,0.94016596575,0.8877392715,0.514229935
44.863316042,5.7640512803,7.1041774346,0.001454334413053,60.617334013,13.1420171692,-1.1601105739385,0.07315072886907,0.095444304397653,-0.09126449347067,-0.4952291745816,1.2759069386,0.045602569789,0.84530736923,0.65626590967,0.47478959342,1.03648525483614,0.197311769163796,0.761196298602539,0.132352544008412,3.87169595522214,3.46462386941606,3.18764491997854,0.0298069494133166,0.0899734333080989,0.250768164398087,0.506863473163937,0.0781604438477622,0.011741761347715,0.0917019078695011,0.125941757708339,0.0135127126021721,43.0196144,5.3856116725,5.7868729325,-0.26156910275,52.984126725,6.2113871025,-7.463295875,0.012670853575,-0.081831926525,-0.58712845125,-1.48032711,1.1365556025,0.023505544175,0.6470350245,0.42724609375,0.449200297,47.01973245,6.1709150675,8.7696137175,0.25202575375,68.520049225,20.3135664,5.2694048075,0.13180053225,0.2732843275,0.4145376955,0.5106215385,1.4392476625,0.0689166356,0.98905453975,0.93316008025,0.502110165
43.869784865,5.7465988192,7.5493344565,0.15403806930689,53.43022707,14.5115228237,0.7507935900095,0.06381436330134,0.049803604201196,0.05906402230962,-0.224930697283652,1.20057241315,0.048226844983,0.87231242228,0.52358643515,0.49034649095,1.167722193846,0.203264287389111,0.8658780670861,0.1085675010373,3.51613879769078,2.85908056465052,2.71160296341471,0.0222523534507386,0.0737456137708801,0.213318520284625,0.401375649257544,0.0716912160440854,0.00929764828689885,0.0716225860608659,0.118857586735349,0.014718922299535,41.62474175,5.3495177175,6.0904408875,-0.0580806135,46.8280703,8.802979725,-4.393619145,0.02211274935,-0.10323584075,-0.34564069775,-0.98320434425,1.065623205,0.031121021725,0.71377219025,0.2901793055,0.462961707,46.175768025,6.1569076925,9.4938043,0.3706383625,60.4330138,20.0947985,6.347295595,0.1093051995,0.1907124255,0.49933406075,0.59295339725,1.3494944375,0.0671844991,0.98479384625,0.7679651115,0.51930111325
44.124464896,5.5668252095,7.6861482723,0.048477249038137,54.682128935,9.04380632322,1.195559805938,0.0951693303109,0.01113092097405,0.09405324159726,0.0738883681844,1.376809743,0.051694713346,0.88073312073,0.469101651789,0.52971739964,1.14477924252483,0.202496427806743,0.774119790505101,0.116833330231361,3.77019100858551,3.26142969063278,2.91211682476997,0.0239575001998832,0.0791919312833194,0.229092702868583,0.412919102054457,0.0777225525676602,0.00958804079905767,0.0684154074864774,0.124737327972284,0.0154972330962574,41.896893775,5.2021341775,6.305576035,-0.1692310785,47.531811625,2.74355839,-4.66849117,0.0463658857,-0.13703263475,-0.3672645415,-0.7530957895,1.23314244,0.034502008725,0.715002847,0.24131251275,0.50084355575,46.3127473,5.9576276325,9.31316894,0.2931493545,62.208763925,15.299602125,6.736665555,0.13991989325,0.166045357,0.5299653235,0.84498628625,1.53884272,0.0734391268,0.98458044525,0.7046253055,0.56099618725
44.461153108,5.8848862801,6.3502708105,0.082479551799988,58.388226961,8.55769018085,-0.7509038772661,0.092015385665,0.062026675684132,-0.0590726984594,-0.09540314791255,1.3441160001,0.046391848768,0.9005042918,0.464386330274,0.48556998672,0.89805500118677,0.196845388388413,0.67547030361037,0.111749812357516,3.73612677662296,3.17700801761322,2.77311800713423,0.0218315308666232,0.0730707795010911,0.218157834118801,0.378807937271646,0.0832539241139946,0.00982713460747954,0.0626119418172521,0.138404057320385,0.0134890713113819,42.70928225,5.5114145925,5.117529675,-0.13729707375,51.4297514,2.4072726625,-6.3434290425,0.048698524425,-0.075921507,-0.4990298755,-0.865318212,1.1961140025,0.02930363995,0.761504823,0.154675618,0.45918119325,46.1585292,6.2789847425,7.81625161,0.309878914,65.544662925,14.885686125,4.391179965,0.13370641775,0.2136825475,0.34544880675,0.653033074,1.5297683225,0.067888937125,0.99310324375,0.7402782525,0.5136403965
46.130025169,5.6234828417,5.4549634372,-0.2415732187644,49.236548531,8.1040317563926,3.0718898271028,0.100309772584,-0.044758046057061,0.24166185132285,0.05175542484273,1.3586849491,0.052735471936,0.84642962848,0.57890916256,0.48887115464,0.907991597430194,0.206368363717969,0.627812073833756,0.133820338923597,4.78665167097339,4.30405292254196,2.89150816019083,0.0240553327907201,0.0753518381891647,0.227471444510519,0.412505465978381,0.0912649143634315,0.0139334007569411,0.0766084707831113,0.124622146333269,0.0134990892121409,44.432049975,5.229055405,4.420186995,-0.49251515425,39.978910725,-0.32131208175,-2.5820270375,0.055815252325,-0.198172769,-0.203124942,-0.690281356,1.2036875275,0.027025410425,0.687568789,0.35471941625,0.463788904,48.01299955,6.05095452,6.8849101475,0.01776193055,59.2356317,16.183516375,8.587652075,0.14591762675,0.10236689775,0.67558018925,0.841114402,1.5455301375,0.08029167835,0.986724628,0.83610224975,0.51645964575
46.63219632,5.4702046323,5.2587872665,0.11692243529933,62.846867612,12.2643588369,0.62612487860992,0.09534747457,0.042321289581728,0.049256485640232,-0.06894576149226,1.288127603,0.053430044993,0.89415778695,0.51518846156,0.51880706319,0.783740943559248,0.198671955236983,0.594403120286159,0.123332208680119,4.3397104727419,3.9309500461692,2.9082470240913,0.0246564095148643,0.0780906854539797,0.228788270336845,0.422428164121256,0.0950140519217771,0.0099848011116911,0.074808366503437,0.115778106698996,0.015106389644806,45.0991949,5.0910170375,4.233333305,-0.11634741925,54.501083525,4.8562800125,-5.3729686525,0.045078939625,-0.11840004725,-0.42268493525,-0.9325826255,1.116806905,0.035210258425,0.731577938,0.28380032925,0.49042369475,48.15433125,5.847914905,6.5217710125,0.3527846165,70.98690585,19.979895275,6.3542224175,0.14244827925,0.197261944,0.49987897525,0.74533180225,1.49914551,0.0739936676,0.99426282175,0.737043358,0.55083956775
45.711682639,5.5415823456,6.8404859047,0.052073739664244,57.215480143,9.669700864193,-2.759018594422,0.06961072521666,0.12235597401122,-0.2170486502928,-0.4726934018943,1.353978227,0.053011034722,0.82408987536,0.463331816942,0.52150366175,1.06509169741041,0.203534658517,0.73695087754139,0.113598039072012,4.00040914317803,3.3620672051369,3.24410073219239,0.027371543671074,0.08919297518851,0.255209474245759,0.476981797217256,0.0873138405749519,0.010864814710137,0.0791781143900283,0.130734112035831,0.0159701858798601,43.597858275,5.1515488325,5.6087172625,-0.16019927875,49.395144,3.678799885,-9.3016633175,0.012250263975,-0.043307477,-0.73175057875,-1.474044845,1.1948015175,0.0333285482,0.65732072375,0.17049945375,0.4922026655,47.705546825,5.9704468325,8.480304685,0.285844682,65.0532611,16.70430845,3.2801034775,0.123017515,0.30447276675,0.25804176175,0.39847691475,1.539319765,0.07493579865,0.96576481125,0.70939098825,0.554388633
45.429523852,6.0694971892,7.1971203053,0.03985526042535,63.935357822,18.0709624458,-1.7454793600397,0.0539760350756,0.13535197688859,-0.13731474684024,-0.8120672772742,1.284212716,0.05145977218,0.88002985712,0.44751353884,0.5057661271,1.02671275183008,0.236095391227325,0.761965182909163,0.108999958333764,3.50798162359744,3.29595849851422,2.885503212658,0.0231060804308078,0.0780973035267803,0.226999042281736,0.413399704289171,0.0819745326321196,0.0105998599619701,0.0690973112426037,0.109833292473764,0.0151445083309488,43.41582765,5.63163979,5.83241206,-0.172992117,57.1335124,11.719198325,-7.4855674425,0.0085289839675,-0.014555750975,-0.58888052425,-1.6398938,1.133085045,0.03126021935,0.725238602,0.2265079365,0.47686323575,47.434075975,6.553740115,8.8871656225,0.2628187685,70.906531075,24.2720866,3.740437615,0.097263509975,0.29165049475,0.294255692,0.00407658944749994,1.45487016,0.073224429875,0.99158041675,0.6721352535,0.535876024
46.044778221,5.7338062924,7.5025355752,-0.05334285681395,56.863226215,9.28691816611,1.4657621609607,0.101117456136,0.004917086014756,0.1153097336327,0.01018042648874,1.20818656617,0.035867681957,0.81518347751,0.59564672621,0.48510946069,1.15235491374167,0.202873486684593,0.757906584767905,0.128724597893198,3.99413294007241,3.76310392840788,2.75534794718658,0.0231700353287162,0.0749112775945662,0.216759885341131,0.410424482348901,0.081746884619875,0.0102915471026653,0.114116214919462,0.110470381917377,0.0145450937764361,43.699581375,5.3457117475,6.2278336925,-0.3099995185,48.980410075,2.379794855,-3.883108535,0.055143992775,-0.14331807675,-0.30547944675,-0.8201909075,1.063881305,0.0183620814,0.56369564975,0.39349679175,0.459613426,48.41437895,6.1445783925,9.1335869475,0.19050206875,65.1636776,17.14321335,6.8835596525,0.14569551125,0.15248228725,0.54152129975,0.79777601,1.3731831175,0.057753761725,0.98037163825,0.8149627515,0.5144455465
43.63331878,5.7804718852,6.3361956154,0.166404784125221,57.21620457,11.2529601013,-1.9880874586352,0.06789292632542,0.10893930762321,-0.15640043186686,-0.35181007677101,1.4006717966,0.056765497065,0.93937279121,0.402872161328,0.49535022497,0.922710028810832,0.21617553534126,0.712394006763056,0.1079327000635,3.78340747606577,3.12201930929516,2.65579225217547,0.0223888748159354,0.0728430221569311,0.208927959159937,0.380764224127527,0.0820715535326678,0.00886533379539645,0.0503418091436627,0.123461929856622,0.0138774234663498,41.70438855,5.35675594,5.102983695,-0.03441160845,49.620276675,4.9530834575,-7.366431625,0.0210079952,-0.02279560625,-0.579508256,-1.13546063,1.250611295,0.0411957495,0.8112912495,0.1013799418,0.46908967275,45.3902826,6.2074553,7.830692745,0.37054557,64.870741675,17.38005855,2.882434475,0.1107383755,0.26107110075,0.2267576275,0.35361914325,1.5664343875,0.0751359345,0.9975995535,0.63612506525,0.523131903
45.888280966,5.5292428105,5.9684922263,0.008947223878016,62.257425286,14.02303099336,2.8832075628814,0.102190510411,-0.0109038389006773,0.22681844624895,0.01400230269451,1.17285228462,0.0358331652515,0.849524116863,0.54313689943,0.51004417982,0.879865889438745,0.218355162885369,0.681387816892856,0.136000237290487,5.02095915856877,4.67417063722167,3.46853596219431,0.0238103045275006,0.0861556993236546,0.27286552222427,0.422652074228254,0.094079935740023,0.0124134702591847,0.125244158339583,0.116510996310397,0.01740239817036,44.140706025,5.1238128725,4.80889475,-0.2374859005,53.2338145,4.4518172725,-3.746209555,0.0558913778,-0.1865447295,-0.294709768,-0.82650870775,0.99801223875,0.01334651075,0.57182778575,0.319313826,0.47803470775,47.512797375,5.997523525,7.46062156,0.2866749255,72.3613022,22.860701725,9.69401045,0.148866264,0.15110437375,0.762616057,0.883643442,1.3555458775,0.059756505175,0.99064842775,0.77880723075,0.5465310825
46.922831732,5.9781161229,6.5064664734,0.11589329125939,61.207699201,10.81355151381,3.110595424967,0.116167771271,-0.03268266111251,0.24470677384707,0.3401157737563,1.2800133632,0.046356237845,0.93947172554,0.51518679528,0.49351420144,0.949219810225338,0.215823018040172,0.725236999576702,0.126317337054885,4.08047909469084,3.56889426084328,2.89546185810485,0.0206169574422638,0.0757715962729025,0.227782477207476,0.384647332590306,0.0859213295051389,0.008580662141099,0.0491585412736411,0.106333865978512,0.0147160200529613,45.059957575,5.560194165,5.266592525,-0.145168826,52.9965325,4.0327534125,-2.50951543,0.075724558275,-0.17042998175,-0.1974205335,-0.403409326,1.124751415,0.030717199925,0.81027523575,0.3185538765,0.465139064,48.830399925,6.4067257775,8.100812,0.35011119925,68.851572275,17.740281725,8.3510328,0.15854468375,0.11680546725,0.65696563275,1.1046902975,1.4634552475,0.06411917155,0.998066561,0.729134588,0.52374431025
47.844525501,5.7598472044,7.9614703908,0.063955887885872,54.354502011,7.426112937571,-1.3072945066804,0.0837481320081,0.071763364667529,-0.10284327507249,-0.15023711393017,1.4118482164,0.05958126128,0.94456910187,0.5402383422,0.48034064165,1.08401138058338,0.211762382902655,0.891591039490781,0.139750727523544,4.92498216651334,4.04075123490313,3.13498884080697,0.0193686145662469,0.0793530273736743,0.246625774150143,0.382512275639609,0.108058824951306,0.00849600419679392,0.0392446943808451,0.115012375188072,0.0151042940782523,45.868592275,5.355934925,6.37976253,-0.19937552725,44.609362725,-0.58787899475,-7.3389415625,0.0472430096,-0.083684439725,-0.577345637,-0.8977173025,1.2146663725,0.04414266925,0.8451521505,0.3417822525,0.4530355195,50.09380775,6.183899445,9.867984565,0.365489787,63.9962269,14.872875625,5.0502407425,0.1210902425,0.22690258475,0.397296322,0.58135283775,1.6288458875,0.077384756875,0.997355881,0.78901549125,0.51160668025
45.431498552,6.0241537105,7.7021560111,0.00153733253245,63.314599267,18.5276331976,-0.4650954347691,0.05967994936223,0.102536381750359,-0.03658849448861,-0.711124685326002,1.3659713306,0.05976696134,0.82544432628,0.5936794979,0.50299452035,1.07217174523978,0.211000602568079,0.845059602436821,0.125644356030696,3.85313875961193,3.30331114930839,3.47493288879865,0.0311437988623015,0.0968220360428045,0.273368760980194,0.532432977948109,0.0843577638438345,0.0125302401093465,0.0686984981866096,0.122710139728911,0.0146394084789685,43.291454925,5.6312368275,6.2436850125,-0.2454229125,55.75338365,12.4287652,-7.3214644325,-0.0035543337075,-0.078726231475,-0.5759707335,-1.7526093325,1.2098354325,0.036899017775,0.6755102095,0.36813409625,0.4756602285,47.3308181,6.43440926,9.49631484,0.23984529825,71.47860445,24.923259375,5.9184120425,0.12102071425,0.2977524185,0.46559429875,0.31779471475,1.5369047675,0.0850358884,0.9509539135,0.85155770125,0.53341601575
45.114027484,5.6728079561,5.8532538836,0.087168894757248,63.833843532,14.8544213176,-2.93188515017,0.059979486330497,0.15221809560857,-0.2306478530141,-0.72780963144883,1.3547213055,0.047386549989,0.83641787749,0.3050069924727,0.46670035509,0.889294986472105,0.19806273742699,0.664009514449004,0.0906415693107712,3.64774247478453,3.35063929279838,3.11619057939869,0.0293430571791509,0.0884020160188581,0.245146937951414,0.478351882916262,0.0836516211632322,0.0101512150366125,0.0812072884520285,0.114561513505272,0.0134750367274959,43.30105065,5.3037871875,4.6863033525,-0.08929544455,55.854306125,8.5154385225,-8.991569045,0.000974058094500001,-0.015284344125,-0.7073558375,-1.6892621575,1.2008433525,0.02974900865,0.66401089825,0.0866710913,0.44288044575,46.79990845,6.066983415,7.40751531,0.2542558965,71.036145925,21.513381725,2.9535584375,0.11409635625,0.3185167965,0.23235286025,0.1552944715,1.515959905,0.069271504725,0.97853689425,0.5491230415,0.49302042575
46.832463128,5.7576298413,6.602901167,0.0888037138664,56.819289862,8.057030390165,0.9066699454151,0.102637940916,0.01425112908932,0.07132662629152,0.15224768543125,1.361256144,0.052962981651,0.93465230375,0.5273970152,0.46128447685,0.990174300661316,0.202185121818168,0.720291112505852,0.12785427791649,4.10323579724163,3.78861558479017,2.77649539134472,0.0199637062421308,0.0702876860151618,0.218423528906036,0.356436820228359,0.0849598079160192,0.00987212657892776,0.0470733147231588,0.115900743693187,0.0134138359982739,45.0231263,5.3601521775,5.3667771225,-0.175430459,48.557566025,0.997224717,-4.2641760775,0.063360668425,-0.1192084915,-0.335457572,-0.54398219025,1.2030346875,0.032633843275,0.824885426,0.312907043,0.4374392675,48.883696575,6.161414075,8.1643196225,0.3417968855,64.771959975,15.481828175,6.286232605,0.13901438325,0.15260461375,0.494530307,0.80264851825,1.5322007075,0.0710471494,0.99621492925,0.76780749775,0.48949287025
47.455669019,5.6438256957,7.2950432023,0.2003852332644,60.706381819,13.8948580703,0.6860896449851,0.083247643031,0.048584539879797,0.05397384133642,-0.0937386892447,1.4614398652,0.053197069471,0.9488062236,0.64827993906,0.49589629971,1.09037840888734,0.220252663806136,0.781479211349181,0.149426541170711,4.88675716364447,3.87425127362167,2.93045609687428,0.0190197141638465,0.0755691189238727,0.230535431343235,0.366222289136745,0.101006844571147,0.0104435477355215,0.0456369989011564,0.122048825145723,0.0150809314792757,45.212577625,5.233479,5.90877882,-0.095417212325,50.886466325,6.1833993,-5.1369069875,0.0474096142,-0.10067321375,-0.404114249,-0.77768747475,1.2782005025,0.033218759575,0.83291730025,0.42695212925,0.466352269,49.593184375,6.0880203625,8.9520512975,0.49039190175,70.212132925,21.365430625,6.5850814725,0.11911300425,0.19612169925,0.51804037925,0.5723379465,1.675345615,0.074878912025,0.99840551675,0.90906408075,0.52589930675
45.19404107,5.6803237211,7.5323801933,0.0701987468616101,63.309680559,10.83190587014,-1.6737363868877,0.086394422862,0.098298109581821,-0.13167081411315,-0.333299041093717,1.3202428959,0.04395005217,0.8604687206,0.69656106553,0.50772411177,1.11614467963888,0.187718267706176,0.757295485539613,0.134475372844924,4.0664329054697,3.58821743626202,3.09975318162196,0.0284427066748424,0.0860621592181735,0.243853827960207,0.475443975111277,0.0787985614482507,0.0110087365521263,0.0919059137675308,0.12051092890092,0.0146722507166822,42.996539675,5.3248129875,6.172080255,-0.19586738875,55.79925195,4.0527638925,-7.5352834075,0.031103362225,-0.0751560091,-0.59279161475,-1.236274555,1.1792551625,0.0244949167,0.6395815165,0.47593499325,0.48010590275,47.309558925,6.03854384,9.0627556875,0.315005611,71.20474525,17.9553562,4.8626617625,0.140248357,0.266315401,0.3825397115,0.597326826,1.489825675,0.066687500875,0.9904131645,0.9603165185,0.53846761125
44.699214074,5.8889585894,5.7342763935,-0.00414422305352,57.031702215,9.25449056669,-4.091236610554,0.06145441305398,0.15679064639292,-0.3218526278855,-0.6838398969679,1.3916357745,0.054157879468,0.94343958548,0.52544605193,0.51580816458,0.909488379704247,0.208674069597783,0.612627309646097,0.117077809213789,4.01883093339884,3.38222164209064,2.75131496249332,0.0238114355764562,0.0738715051435996,0.216442614832356,0.394432484274,0.0778724780805696,0.00916585118055832,0.0434138273123736,0.113208486968759,0.0154336967455609,42.88938625,5.500628805,4.5693043575,-0.2428253665,49.2917512,3.1350542,-9.2376249375,0.0163028422,0.0125743844825,-0.72671276775,-1.4435094125,1.2411345125,0.036846746225,0.8411096875,0.32000573025,0.4866191725,46.475089325,6.3392460075,6.9859585725,0.2098594875,65.212207475,16.078772125,1.3785396075,0.1094892145,0.292520033,0.10844803725,0.1193833115,1.54784743,0.073782810025,0.9985398025,0.75464283825,0.54693821075
46.876836793,6.053446851,7.2704152029,-0.03144221200626,60.495151747,7.66998916686,-1.0392367981956,0.098960481266,0.06561190927958,-0.08175549983305,-0.17751983742206,1.29220880522,0.059002169052,0.96218648415,0.55713690206,0.50520916323,1.05281377660937,0.211296245536996,0.804606280732174,0.13058484675043,4.44199956498804,3.71053517476322,2.67878266905854,0.0165899811981921,0.0662295117210873,0.210736587271338,0.31415665481315,0.0881200897151644,0.00829145462901471,0.0319419865946153,0.102819104955869,0.0140517383276251,44.70368205,5.673464975,5.7968233525,-0.289629532,51.749205575,-0.13688873125,-6.217922605,0.065581153825,-0.066295705475,-0.489156435,-0.8443120925,1.1302584725,0.042776624675,0.88632933525,0.37020925,0.47945881475,48.9313467,6.475587505,8.9863894475,0.224063436,69.160602825,14.379415925,4.004630345,0.1304943285,0.1973362225,0.3150394195,0.41522936575,1.4847545275,0.0756048577,0.9983065675,0.7805072095,0.53392653425
45.077424648,5.0957592104,6.8236624831,0.17095034700189,56.673626695,9.312188788949,0.7641020061121,0.0954796166157,0.0242359033960554,0.06011097932094,0.1372152384473,1.426730377,0.064476756059,0.87335674874,0.51326404961,0.5072438955,0.968140094560728,0.190409559183599,0.76269162188585,0.135256609640647,5.16134264029617,4.30711079618021,3.39417743899244,0.0281732994458543,0.0899239972276192,0.267015827087037,0.480375703466151,0.0878972159145733,0.0126321260911428,0.0628627474110046,0.113936704106336,0.0151917974000819,43.189600225,4.76683884,5.3991418125,-0.09913787375,46.40335095,0.96821086,-5.8621862925,0.038785290275,-0.149557042,-0.46117109175,-0.835287258,1.2690028975,0.039993741025,0.73508102525,0.30544145575,0.47840210575,46.99803585,5.5139894975,8.4049022725,0.43987564,66.4223572,18.170004225,7.4142298375,0.1494433955,0.2011941625,0.58326847925,1.09677407,1.604402335,0.088906098375,0.99298581925,0.73978424925,0.53759113075
44.563412478,5.6487714386,7.2887122234,0.027142166616663,57.72822468,15.2700783493,5.2441720303558,0.10290650135,-0.06945109409601,0.4125526605249,0.23823931659616,1.437360558,0.052131736941,0.93947044159,0.506907893742,0.49614749931,1.08659087663045,0.19590732768871,0.7678357277291,0.121210576663362,3.96328395215267,3.38748455988807,2.70127722448313,0.0198196695001315,0.0712246906931344,0.212506206684519,0.367676939139375,0.0824596536865399,0.00809520066912581,0.0499380646466755,0.116127859066864,0.0142164891715804,42.42555015,5.2808229125,5.9517981825,-0.22127260925,49.973789925,8.69237568,-0.0607198545499998,0.063571276575,-0.20782416125,-0.00477675744249999,-0.5077675145,1.2941203975,0.0369992813,0.817559637,0.24835732575,0.46953683025,46.77752635,6.03583896,8.9425375325,0.26272887725,64.76213425,21.558093225,10.597284825,0.14211712775,0.0667036883999999,0.833675547,0.906895356,1.620853175,0.07007321085,0.9982549885,0.71562421025,0.52496495425
45.510412367,5.3065869455,7.1591237478,-0.12713908325903,54.958024009,7.334513205559,2.0465632388874,0.109852045354,-0.02043693850715,0.16100065093156,0.11944391323421,1.2836529843,0.03995812926,0.91594341227,0.45680749858,0.49903247823,1.03982039810318,0.189219305494759,0.704402536241483,0.114399945930978,4.0816041756522,3.34242336071504,2.73992242818938,0.0214615753336407,0.0723086010209664,0.215546378404485,0.369653653107246,0.0761114079784673,0.00856466314702045,0.074869413704835,0.10768365794614,0.0150710804597447,43.40545225,4.9570222325,5.8966754625,-0.35702927775,47.265640125,0.89634812025,-3.6147304325,0.06574132935,-0.15288525025,-0.28436646225,-0.62507261925,1.14866435,0.0245238324,0.714570971,0.25514889025,0.4697591315,47.451875775,5.717725125,8.7033890175,0.0937226769749999,63.10995935,13.83316555,7.241837,0.149820502,0.1301716335,0.56970654025,0.79216116,1.446758375,0.056810359375,0.997147637,0.673888457,0.5292861665
44.969527104,5.7309619789,7.2400473473,-0.059785539383227,54.98816485,5.1824917015864,4.021552019143,0.134131767861,-0.0849013817603523,0.3163706256436,0.5842050815222,1.2989842174,0.063024605705,0.89597632268,0.3368322455961,0.5124753519,1.03653778668647,0.206976003845192,0.778612359463868,0.108627883406886,3.86935991131638,3.40356023932942,2.8171570149665,0.0258206100500919,0.0782393287552046,0.22162232971704,0.422783412764762,0.0827667946312113,0.00974094117834536,0.0636872932635497,0.114936757461417,0.0148438438621319,42.9900393,5.35351547,5.9419055475,-0.28918279525,46.600296575,-1.474273765,-1.7264015375,0.081801141075,-0.23543887775,-0.135813924,-0.2684214785,1.147800755,0.043027982475,0.742559351,0.042927773475,0.4843118625,46.9693352,6.1411635575,8.9404271775,0.16061159625,62.112713775,12.037394275,9.7705676375,0.182668832,0.074780150225,0.768638722,1.358474015,1.4746277625,0.0816760536,0.9923103295,0.54637215,0.54248344625
46.198968712,5.7344155105,7.0987823666,-0.087433823337896,63.201951047,19.1458858266,7.723298011528,0.115813081661,-0.118488233123009,0.6075824973046,0.2611409850064,1.4074167735,0.055138423502,0.9354938383,0.444172416942,0.51458641659,0.990825302103838,0.191264038074699,0.826507520790674,0.122345764598356,4.43980673676122,4.01895393994656,3.11559801498536,0.0206594002008939,0.078874199545969,0.245100319389188,0.372456448839823,0.0907274881760093,0.00900746152267044,0.0474650037768871,0.113708368055428,0.0145906811296165,44.25343875,5.378775245,5.7174016975,-0.32497751775,54.86340175,10.8799142,1.47588679,0.078714396925,-0.27442218925,0.116106225,-0.42212622425,1.233053155,0.037620181525,0.82445372075,0.24374341375,0.48860466325,48.1626493,6.13081439,9.05497418,0.14434040175,72.0869912,26.685927725,13.8402182,0.1576884935,0.0306522204999999,1.0887931325,0.99905006525,1.5967037825,0.0717111214,0.9960079215,0.68827684675,0.54447799475
46.139934322,5.9163129179,6.5491360848,-0.0035524576363847,62.277465843,10.196380161439,1.6691494828583,0.111090985825,0.00376131611418,0.13130996773113,0.07304847216415,1.1596609364,0.038883489365,0.88560300928,0.62859551022,0.50070098167,0.969234185394303,0.22712654490301,0.732445090107114,0.136900195092577,4.45055482478653,3.91567727174604,3.00328060134006,0.0196870215757232,0.075016997241583,0.236264446906461,0.374092720706714,0.0954401315774151,0.00986507188333135,0.081270755941032,0.13052422186971,0.0157360213563395,44.2682573,5.4893195325,5.2863145425,-0.27712928075,53.49949455,2.340810185,-4.29691044,0.07050965685,-0.1392472035,-0.3380327385,-0.6873015305,0.9921327105,0.020879807675,0.68903466875,0.40214813275,0.47199540025,48.0853836,6.370234885,8.0814295225,0.25508112125,71.353994775,18.637921175,7.527800615,0.148523534,0.154354504,0.59220295225,0.77392112425,1.368121755,0.05725205905,0.99577084025,0.902022782,0.5332199835
44.85433559,5.5465918668,6.8157402672,0.06540156901169,56.959578006,7.623184165072,-1.62243196891374,0.086667286663,0.081340326930793,-0.127634757731852,-0.1832409023546,1.480404036,0.067939760007,0.89652274186,0.53706824636,0.52249187681,1.01137946319617,0.207178124216334,0.756258804703047,0.133750300362095,4.63233038808844,3.90356638543577,3.50783753184441,0.0282172369950195,0.0954600260728849,0.275957329264042,0.490377727045033,0.09376242556172,0.0111356553359612,0.0605254769558967,0.109950067990209,0.0146177702503653,42.863191175,5.1495532725,5.5334118275,-0.20705110125,48.50204385,0.164931662,-8.1270697625,0.030326517625,-0.1019327165,-0.63934673975,-1.111970715,1.3012944325,0.047876887825,0.76105213675,0.3351643545,0.4941430825,46.82058265,5.9484764925,8.426780325,0.3249412255,66.729420875,16.0882581,5.3588429,0.140625043,0.2686497595,0.42157367775,0.744786645,1.6773836375,0.089662108275,0.98970820175,0.77142351525,0.55267335625
46.227894474,5.6446531,7.1896645968,-0.192937727923524,54.406700221,13.9186190993,3.1807963112639,0.086418749944,-0.01955153249739,0.25022939245998,-0.20166062352295,1.4210065697,0.047655144297,0.92219139439,0.52491186752,0.49364887502,1.13847783963047,0.21536024048121,0.749466224678764,0.132440008991582,4.16132110665109,3.33309129684747,2.85466080395577,0.020342573230908,0.0749645894273308,0.224572707103997,0.367339872329743,0.0890673832083966,0.00887651338858655,0.0504504593085562,0.119348495577004,0.0136039517195598,43.980858075,5.2263660225,5.8619646225,-0.41993305275,46.5150514,7.2708628475,-2.2495707525,0.04744064185,-0.1665600155,-0.17697100575,-0.91985643325,1.26075831,0.030425002675,0.803864017,0.3158419125,0.46776428325,48.41423245,6.09654832,8.7842183625,0.066138208925,62.69435855,20.692880925,9.0319914625,0.1256880725,0.1227911845,0.71053582875,0.5104587875,1.598218355,0.0657023358,0.99410136125,0.76657412525,0.5194615895
45.765666209,5.6647770215,7.995193074,-0.1212184552148,56.10806757,16.0504016574,-1.2442402571156,0.04856462415186,0.11184425976143,-0.0978828736341,-0.8419680071217,1.3354879791,0.0377773214561,0.79817795011,0.333395756825,0.48438558546,1.17725413635413,0.232605226139869,0.881367732658529,0.106332536850997,3.85332916851635,3.75713690218162,3.21608208430501,0.0243447817991744,0.0859567687819405,0.253005281453286,0.456834162286113,0.0958659563643455,0.0116592932314877,0.119681808222685,0.163052964628582,0.0169722557281086,43.452746425,5.237673545,6.486955285,-0.3256739045,48.887146925,8.9762426925,-7.692581935,-0.0053058287625,-0.041710591775,-0.60516610725,-1.854173165,1.1635594525,0.016081614775,0.545926891,0.028893617475,0.4541060185,47.986789575,6.1304775025,9.8362391875,0.0866149012,63.522421375,23.4457613,4.597027145,0.09199175955,0.289992615,0.36164255825,-0.029309810425,1.530750275,0.061613901025,0.9815707575,0.64814373425,0.5187610105
46.417656428,5.76794778,6.278318272,-0.03176980024718,57.429104366,6.418356487349,-1.2496458517348,0.096018668742,0.0653011215663733,-0.09830812534656,-0.15290956459673,1.3768211903,0.044056392544,0.90694874615,0.396475572181,0.50054597929,0.981054153255342,0.204561440501045,0.674260798381146,0.115594662271731,4.31320734131024,3.54280836578388,3.02189245402484,0.0222153870685433,0.0786079342943908,0.237728618735642,0.395551319924514,0.0905130826910879,0.0094307854900185,0.072227790580612,0.124166498404281,0.0153683533078993,44.437483025,5.351519225,5.0470072425,-0.255001549,49.708925975,-0.367194381,-7.0390001375,0.05164722325,-0.085993505775,-0.553749612,-0.95177065275,1.21965811,0.02776139065,0.72454140625,0.112909196,0.46976116475,48.270123825,6.153874185,7.6553888375,0.18299435375,65.953736975,13.330355775,4.744969275,0.14045825375,0.21644383525,0.37328098075,0.58281665475,1.5547229775,0.06481604405,0.994886208,0.6224303415,0.53088814975
46.104566454,5.3054475624,6.8855804294,0.10241518466253,66.378360995,16.6067256846,0.3448335277531,0.0815770619327,0.07106646133235,0.02712763587007,-0.36026509499487,1.2928873067,0.053512318441,0.87435910941,0.394267225986,0.49746868577,1.09005076054324,0.197108761562125,0.740082772065075,0.111840778065821,4.27672816976639,3.97089189677329,2.91183369647802,0.0228548593418493,0.0760324566311478,0.229070429332966,0.390007319364608,0.084985525581966,0.0122914232392223,0.0623714539528493,0.105735044846336,0.0147298297373153,43.868671175,4.921723175,5.5572783075,-0.1117605905,57.848114925,9.020073095,-5.061558415,0.036421279075,-0.081936191675,-0.3981866665,-1.1266579575,1.1430765025,0.0333160278,0.7468169865,0.18528471025,0.468754946,48.430087175,5.72475489,8.4508004725,0.31879959975,74.754295275,24.774707225,6.39019683,0.12754405,0.21737328775,0.50270904975,0.4268511965,1.482042085,0.080622682675,0.982742182,0.599254397,0.52698768425
45.627875116,5.4037400335,6.1908480101,-0.01707935058676,60.355017272,11.96928949734,-2.162542101682,0.070687984811,0.11718449594703,-0.1701245673757,-0.578573734671,1.5658841097,0.053688987516,0.91906430358,0.358052185012,0.4741708004,0.911270290915033,0.186698594453938,0.647298675256392,0.115586255270094,4.00370975531756,3.24769369408813,2.87977545012283,0.0219892285671896,0.077083721933743,0.226548445923483,0.392391902573076,0.0911991459902126,0.0091987395010788,0.0480115849850796,0.130914385476547,0.0127644065617337,43.8135891,5.06889772,5.0826552225,-0.22756777225,52.391922075,5.8784171675,-7.3908062175,0.02719340595,-0.04280093535,-0.58142577725,-1.367107935,1.4040104475,0.03700877255,0.8024400165,0.086354008225,0.450062052,47.36820245,5.7489327725,7.6399079175,0.2076126835,67.9344306,18.5149025,3.94549338,0.11412950925,0.25760220475,0.31038718375,0.19481997,1.77075771,0.071908730025,0.9920565385,0.6086097015,0.50019992625
45.683407295,5.6744236023,6.245653254,-0.07501260815028,57.02101701,9.11247257298,2.0037840450707,0.106184295606,-0.01064796646202,0.15763526311224,0.072683936968767,1.4657161702,0.052599304755,0.86355173763,0.51070266416,0.51317707152,0.984123204194172,0.208276008929152,0.742849408214678,0.134704415420598,4.61936104394559,3.82394231284524,3.24962254050309,0.0267064898911684,0.0875375886979773,0.255643868397161,0.450606647093231,0.0889473434461026,0.0124447975569205,0.0857222822464719,0.118728046529151,0.0144980650635116,43.482720175,5.28613434,4.9783441125,-0.33106025725,48.142951875,1.49070068,-3.9823959075,0.0544408116,-0.17857785675,-0.3132902635,-0.7957940375,1.29702421,0.031721144075,0.6722969305,0.308400736,0.485707362,47.577034025,6.12112723,7.8767415375,0.19233371725,66.652504725,16.788396075,8.3643734375,0.15937525075,0.15895159075,0.6580151275,0.995573308,1.64842072,0.079081989525,0.99056835325,0.74788369425,0.54254908275
46.407410844,5.3263528486,7.3589908094,-0.204792313914,58.684604991,11.1857537974,1.46793105567212,0.096651314894,0.014062292511425,0.115480358029667,-0.2433754785925,1.358516603,0.039899502843,0.89236133119,0.46125783739,0.50755859059,0.992995699044547,0.179488523771889,0.763399459714161,0.119506528673797,3.79150222396238,3.05439381746309,2.50039694215297,0.0190682831116824,0.0660252224949647,0.196703198644707,0.345945041186451,0.0909540344265725,0.0100287240455973,0.081201277368122,0.102423438155431,0.0144761312494506,44.549599525,4.9882008625,6.1075670325,-0.44244144525,51.115638525,5.3615895475,-3.1697950925,0.0591614421,-0.116737198,-0.24936393575,-0.923886909,1.189147025,0.022546103075,0.7002187015,0.2763561405,0.48105323275,48.392317175,5.6825751475,9.0244073825,0.0210302924,66.175128675,17.27475185,6.48758865,0.13437766125,0.1358492605,0.5103707405,0.44663519975,1.5425190075,0.060901337575,0.9973446605,0.69318054025,0.5372892145
45.160573405,5.805913194,6.6756380328,0.172704248114,61.148546484,9.07275805192,3.7248408273649,0.128497094241,-0.05792588980995,0.2930287157006,0.5856569050678,1.2845167531,0.049661372804,0.88393960205,0.2512167409317,0.493251637,0.963826069721874,0.199983229919115,0.733583129660602,0.0897051224030682,3.54437603174612,3.17193115013229,2.68528239747784,0.0190974830862777,0.0698582899226255,0.21124791333759,0.348938616237957,0.073162236640177,0.00781894168979362,0.0755009570862142,0.132001550199195,0.0137295694374072,43.176514575,5.429632835,5.464150115,0.009120921535,54.60468405,2.702447945,-1.3272541375,0.08821808255,-0.195840253,-0.10441347225,-0.1537591735,1.1514806525,0.034710165575,0.705381445,0.01585340035,0.46528485375,47.0423457,6.2034596475,8.3369871975,0.35054896175,68.497418075,15.284074,9.169987165,0.16423399425,0.07923057175,0.7213917895,1.263215195,1.43780536,0.064917969225,0.99202868,0.499249354,0.52080382025
46.298548539,5.5909039983,6.1423286082,-0.09971480275705,56.2259591,10.261939127199,-1.709562830697,0.0721543363117,0.09651536954078,-0.134489237012,-0.5273755646376,1.2956318989,0.046814291578,0.83546083435,0.65843354851,0.50316971103,0.927288700877507,0.209976671697631,0.724040049149094,0.138995360330743,4.71065535644992,3.98489931585329,3.19581650210802,0.0261165526431725,0.0851469093888963,0.251411012654653,0.449793896933981,0.083817368666595,0.0129223341355971,0.100400257396438,0.109759201039907,0.015053811163171,44.5708651,5.20018506,4.8450415225,-0.377691301,46.526029575,2.3382502525,-8.288791435,0.02050005065,-0.0615633005,-0.65206917725,-1.45132106,1.1352304925,0.02477754475,0.60759381475,0.4630497025,0.474155463,48.20552265,6.04201662,7.7418278125,0.1726845635,64.91767255,17.85263635,4.32770896,0.12133810475,0.2737280285,0.34045562225,0.297560784,1.4676371075,0.0735619107,0.98558501175,0.887660132,0.53316851175
45.766151524,5.645400292,6.8279517305,-0.26304325470927,53.017175248,11.08095509602,1.5563300638753,0.084486538203,0.011135826353348,0.12243460072912,-0.32675365694787,1.10692789839,0.0317593609429,0.84612591533,0.3820526710967,0.52405077824,1.03842520596427,0.228088778222044,0.784129243937588,0.102415574812873,3.68371820635127,3.21685596391519,2.82296280825076,0.0223318190993689,0.0755220148355217,0.2220790644007,0.392266342727337,0.0813688284881719,0.0115583409420672,0.113503992675746,0.129274177133924,0.0160726057169577,43.65973125,5.210075585,5.4902641475,-0.46204231625,45.92652585,4.802050605,-4.0822078525,0.039475281925,-0.138285133,-0.3211423455,-1.15244066,0.95395641725,0.0108231041,0.569246768,0.097537514975,0.495122175,47.82701725,6.0913241525,8.417861985,-0.05855003995,60.26469615,17.061222275,7.33038426,0.1266060185,0.1694760405,0.576672448,0.43721096,1.2691349825,0.0553160959,0.9909107085,0.63989489775,0.55590968925
46.804121078,6.0248796677,7.6863196438,-0.00106741203665,55.970143989,10.0566260436,-0.508744204956,0.081189387868,0.062667610929345,-0.04002229044561,-0.25679603428923,1.4046774516,0.053845069375,0.96437080652,0.460215173116,0.47719294889,1.14168827579415,0.220043124523891,0.808588287182779,0.116763089969428,3.97350590213941,3.20758344506602,2.4732032893812,0.0173258414726894,0.063853861791525,0.194563906794924,0.32408914499375,0.0837567436065831,0.00740360369077982,0.0267653420498037,0.119864649630241,0.0133106276444234,44.575406075,5.601052075,6.27481398,-0.24563917075,48.4552976,3.6930574375,-5.24409167,0.047941663525,-0.0780417252,-0.41254633975,-0.85618714975,1.25137384,0.0394407902,0.898401149,0.20063315825,0.45209069375,49.040841725,6.4522768575,9.312613295,0.22229475325,63.63463745,16.3238346,4.579529365,0.115161481,0.18462818975,0.36026602725,0.396943216,1.5789484925,0.068267113675,0.9978171965,0.69971190625,0.50258194925
45.996326213,5.6877087637,6.5577291842,0.03203897335064,64.148428051,17.1923886013,0.134135618388,0.072124999522,0.07966980702612,0.0105522866839,-0.5119182313554,1.3947541741,0.046166054985,0.94100861445,0.70019272203,0.50883253394,0.996182891265051,0.212417976175936,0.686001846874968,0.149178161172481,4.30843362615581,3.34256619091579,2.70435306287047,0.0217982747550987,0.0733022069197538,0.212748179370416,0.400379717924835,0.103387338020653,0.00842131644150187,0.0556821795642488,0.132605816322164,0.0150176989469119,44.036761125,5.3084227925,5.37736423,-0.268344608,56.2858805,10.391477625,-5.16354801,0.03020794915,-0.061476753925,-0.40621006225,-1.30083765,1.211911535,0.031106181175,0.78636430425,0.453787679,0.47777650525,47.94306905,6.14009377,8.06404465,0.339524536,72.592061925,23.9302789,5.401233435,0.11290086975,0.2214517185,0.42490849475,0.2562077435,1.602272995,0.063165339075,0.99874967925,0.9646747995,0.5385154125
46.01381143,5.9234663127,6.6266641749,-0.010738550006148,62.332544352,16.6305019609,2.6576053800998,0.088715953977,0.0079079133603817,0.20907059568103,-0.19518971867635,1.4177091997,0.045759578157,0.91360888655,0.48249651743,0.47319103108,0.976177393087583,0.203105382282346,0.742333078894895,0.117945798954906,3.85072666985646,3.4284223657528,2.55040630460572,0.0190696679974561,0.0656679126276914,0.200637374376012,0.347517387063322,0.0795040969293651,0.00803966080247875,0.0667704764012581,0.104519589696142,0.0128669715041182,44.0488714,5.5257445025,5.3271080025,-0.237173638,54.734645,9.91629101,-2.2611840575,0.0519246342,-0.1295253135,-0.177884608,-0.91327055925,1.25095759,0.032075407675,0.74941149125,0.28351813675,0.44963567175,47.8692535,6.318807905,8.273095075,0.21491762575,69.6134473,23.1602907,8.1641886425,0.12714617525,0.13891933,0.64226682325,0.48299803925,1.585896505,0.062313094975,0.994473567,0.70423142325,0.4994876285
47.326817981,5.8310917007,7.3371362065,-0.06589082765273,58.630910517,12.1335689109,-0.5404360008557,0.0776252822699,0.073602561602998,-0.042515445511426,-0.43275687197816,1.28495245713,0.047466877563,0.92257026918,0.57394639533,0.49704314584,1.16960638162348,0.214704196175916,0.774532118672626,0.134964108456875,4.33690023608846,3.41296955770541,2.64880944537923,0.0191308656820356,0.0690680819079075,0.208378630164627,0.347755816455986,0.0918426478549536,0.00934397405336412,0.0621823739220235,0.10140764790081,0.01493877896681,44.958570575,5.4228835475,5.9826898475,-0.35201046275,49.563384325,5.715943935,-5.7494353725,0.041598306175,-0.06133901395,-0.452301115,-1.1310606575,1.126547645,0.03036093355,0.76872682175,0.37276937525,0.46849390825,49.464953,6.2626046725,8.8882064275,0.17946274475,66.983134075,18.908641425,4.77768363,0.11547423875,0.2086811275,0.37585458275,0.20434184,1.491893045,0.067514625475,0.997046259,0.77575147825,0.5269242585
45.725531145,5.3347991403,6.9976076701,0.01694649180905,60.686922719,9.2347479494856,0.871318742434,0.106021587141,0.020927230155201,0.06854559008612,0.0331095014448,1.3236735798,0.039242898157,0.89093480822,0.4104504927318,0.5175396401,0.919650310011587,0.203473014277386,0.738814740474444,0.111033514347684,3.89776453990837,3.73278803369232,2.87556946395626,0.0241880459903689,0.0767315144655248,0.22621756662491,0.413776766824628,0.0819151839983051,0.00917907883722794,0.0833258481341757,0.141428407554799,0.0153030757852751,43.933290775,4.9322873025,5.78195722,-0.207531375,53.093006925,1.73706761,-4.9158580025,0.06077514775,-0.131665198,-0.386724593,-0.761261519,1.1612849425,0.023188498675,0.69838070775,0.042956788,0.4898595885,47.39702265,5.733729105,8.60880337,0.230566787,68.87520835,16.867045525,6.676620145,0.154619823,0.1768193345,0.52524162075,0.8294551195,1.4813336125,0.05893949025,0.997382644,0.6617217775,0.5501026445
47.193583228,5.8640603208,5.9749152472,-0.192635865157046,51.966650114,7.641504667964,1.4904365640765,0.097399877251,-0.003734055495148,0.11725083894275,-0.06249107952785,1.3068814798,0.050483222999,0.83674103759,0.42919880813,0.52761119778,0.867645885935655,0.217157512442775,0.669266856256722,0.107505591132799,3.97401175550635,3.47965325249219,2.93805049936951,0.0217522862326275,0.0759877403518807,0.231132873742881,0.38022801878331,0.0826944113439125,0.0112537008800039,0.0804410137318256,0.101452237557887,0.0148401972613849,45.533635425,5.46829154,4.8190442475,-0.39911155575,44.123382625,0.34912592375,-4.3597748475,0.0542866824,-0.15406933025,-0.3429782105,-0.80248012925,1.1532590175,0.029315121875,0.6603772015,0.23625642,0.5005473215,48.95853115,6.33845309,7.4526483275,0.023968739975,59.881197825,14.013344225,7.3698911975,0.14030381625,0.15449992625,0.57978041325,0.67159311375,1.468480685,0.07239802155,0.9716012775,0.639594207,0.55762201525
46.388969717,5.8825792784,7.8907728517,-0.156163131643799,56.303497066,13.22691036131,6.826612223304,0.120433249661,-0.1226483612747,0.5370413133415,0.38179146582103,1.5121491072,0.0487531575,0.96627300914,0.2947100145619,0.49677289248,1.12078625454834,0.214781825374648,0.837139567771964,0.116111540051308,4.39139640952283,3.69161228607064,2.54562307129202,0.0166852040372375,0.0641359252363276,0.200261082405976,0.313622740237115,0.0870858115782882,0.00780040682138142,0.03334301148201,0.11947885651668,0.0134602473359015,44.2366952,5.4838503975,6.40098894,-0.37531413775,47.716136875,6.326807075,1.798485115,0.08531789075,-0.2455121635,0.1414846395,-0.29153298525,1.3481986075,0.034665004725,0.86777690475,0.029098290425,0.47210669125,48.578342925,6.32847713,9.7103349925,0.05933881875,65.112832575,20.685175325,11.79251035,0.15182498825,0.00179852539249994,0.9277025435,0.99448516675,1.6944589,0.06406527615,0.998668946,0.520611306,0.524070355
45.580614526,5.8400957145,7.552680902,-0.2823273820513,53.583819853,12.2837228125,2.5074776377103,0.0871532621456,-0.009055698682722,0.19726022810293,-0.28762508674521,1.3997511223,0.04930634287,0.92026870885,0.53550717968,0.49809124803,1.06199981253052,0.204930321304785,0.826007217729227,0.11880105323191,3.83023896386314,3.15062823081698,2.88375516381776,0.0220673012554382,0.0776279339286574,0.226861525325386,0.402482051085194,0.0823762846223446,0.00902934299886939,0.0545581507713485,0.102181050659401,0.0134080994479154,43.39603825,5.483599975,6.1463977275,-0.5129641545,46.493647825,5.8548121625,-2.7935052425,0.043645944025,-0.159621733,-0.2197616795,-1.0650998325,1.2495368625,0.033137889075,0.789973864,0.3559310435,0.472921556,47.641067725,6.2693882525,9.3944696275,-0.0466924175500001,61.0764228,18.671859125,8.3415887675,0.12982956275,0.13680401825,0.65622268025,0.502821747,1.56189109,0.0681994865,0.9946805385,0.7535510405,0.52399597575
45.72250699,5.8876055692,6.4696795282,-0.2453203436018,53.012139249,9.10941374217,-0.3056330406861,0.0800897652857,0.0525192275389883,-0.02404378096034,-0.4383869237435,1.412013126,0.060723608103,0.93944501157,0.65279130478,0.48864451696,0.926679933502954,0.222630228514984,0.708134638682487,0.136101614385474,4.46328516402052,4.18634242275875,3.3659712452553,0.0272530454147736,0.0894591830133613,0.264796880575596,0.465819014455641,0.0940509187073998,0.0119965547385748,0.0423142250111776,0.114999246638927,0.0160374092847815,43.900154325,5.4467618275,5.2706522825,-0.51317488075,44.5294802,0.8256201455,-6.62029746,0.02667734605,-0.12034967075,-0.5208107745,-1.3427245025,1.24618444,0.03898458695,0.83911861,0.4379583645,0.4591291935,47.5297628,6.3116868775,7.963132005,0.023613272925,61.3420702,17.47810235,6.6836507925,0.1333578115,0.221312445,0.525794711,0.4679830035,1.616109225,0.086389241275,0.996442242,0.8919556905,0.52105604525
44.405316833,5.7120231072,5.6431270282,-0.090227283528521,62.452884508,12.34553905389,-4.830306532856,0.05456974469967,0.1919941951901,-0.3799943631587,-1.01707578237238,1.3180233184,0.048048668785,0.88755662827,0.44756776134,0.51714195162,0.835210811614519,0.191754096191903,0.620661670784531,0.10856536707472,4.28601104379657,3.90510114144566,3.13060916397181,0.0248704291829629,0.0819832355173413,0.246281229803724,0.427151006051617,0.0836329435195553,0.0104780889817113,0.0717871578653476,0.11452439067272,0.0152645042142242,42.8138704,5.3483485475,4.589289765,-0.3107396,53.881735575,4.6329587125,-10.9868768,0.0077540504375,0.038902144175,-0.864324292,-1.830087725,1.1648682675,0.0289039997,0.70939878275,0.22878302825,0.488517439,46.117972025,6.1079274725,7.030442805,0.12050148675,70.981128675,19.830320675,1.3310882975,0.1033552575,0.35167628025,0.10471510775,-0.232375147,1.4936559675,0.069900195275,0.9919750035,0.67690022625,0.54820658
46.382472345,5.5179203858,6.4671971281,-0.07058067919444,58.946299083,14.3701534811,4.907396283433,0.107473501658,-0.06459979570755,0.3860589206378,0.15975264448535,1.2741636447,0.042997506861,0.88984566457,0.4826113255,0.50067200835,0.987864478332226,0.218545480340142,0.720684413646094,0.126444992438997,4.7689456641446,4.02885678797517,2.91892681899507,0.0235111615041266,0.077184642134025,0.229628436606498,0.41024074746738,0.0833561311562422,0.0105011142876366,0.0760445523892089,0.115806891196859,0.0158856507467695,44.4258452,5.1253648175,5.189811035,-0.33529431975,49.697957425,6.773612715,-0.39076970125,0.06447712315,-0.224051832,-0.030741379325,-0.60339589725,1.1259016825,0.024109002775,0.712763707,0.2579546985,0.4708249665,48.4086058,5.965086305,8.038007725,0.1611915985,68.306722725,22.255483725,10.78894845,0.15247085575,0.0785429789,0.8487535315,0.968522068999999,1.4541565475,0.06509954775,0.993288454,0.71923699225,0.53431673
45.546076678,5.8048323447,6.5635335507,-0.063651790952199,58.881033649,12.9408150414,-0.2612209332568,0.076511201225,0.0698767757967127,-0.02054993440945,-0.4405580541286,1.4552354049,0.047867293896,0.95297030808,0.69984684432,0.50811929345,1.0815806454036,0.204226555105315,0.753437208227077,0.140924417231574,4.22573449802022,3.37815206436483,2.55124733093787,0.0174467687385851,0.0642733570720928,0.200703536852569,0.329080955881238,0.0840586397398813,0.00786586862196374,0.0484600739362871,0.115446378341876,0.0140915524252529,43.44068815,5.422514055,5.272602625,-0.330914027,50.80863085,5.92653231,-5.3888273425,0.0431264632,-0.060945150275,-0.42393251925,-1.0444246975,1.2978682175,0.033271565075,0.80870817575,0.4961429715,0.4819320515,47.6227137,6.22886085,8.10765242,0.22774093175,66.97497045,19.32764665,5.1254242025,0.10959747625,0.19452254925,0.403210908,0.201674193,1.62581989,0.065199453225,0.9984748665,0.942333742,0.53606625025
46.00784264,5.7760659159,7.4925415956,0.00327376164505,59.133212757,6.382696881295,-1.15368466170857,0.100872677468,0.06250291539077,-0.0907589746814565,-0.089733114856,1.3656486369,0.053908805531,0.94685509644,0.66942907438,0.49721692708,1.16870129414167,0.199187121158509,0.813860173654235,0.126205125448422,3.88255174788789,3.20172386981455,2.38647180331084,0.0179784888923643,0.0627229185945069,0.187740845529116,0.3323058757513,0.0791639735462874,0.00817796417431445,0.0430868960338839,0.108699266965068,0.0122948398190985,43.430946425,5.3821673025,6.0708943575,-0.24841590425,51.6695019,-0.0386200880499996,-5.8467120425,0.063665984975,-0.05385139295,-0.459953754,-0.7625548015,1.21650243,0.039717156875,0.8450894445,0.475133466,0.47332566075,48.042044,6.1979549575,9.3328691425,0.23875525025,66.96583615,12.6578488,3.2734841525,0.13448699125,0.183485141,0.25752103525,0.500024287,1.51319995,0.071021269525,0.99900933025,0.908423615,0.5214881365
46.926015568,6.1031384266,6.2935557225,-0.000668578554633,58.020167655,13.0054014712,5.603882128646,0.116631973287,-0.0902701448922,0.4408506185064,0.399757494402715,1.3208353228,0.047724467936,0.91706457465,0.54755524065,0.49491667398,0.941803568019439,0.221814704903286,0.703289877421816,0.129945523941228,4.26118268643915,3.52606161762035,2.61217710528081,0.0181767650545559,0.0664849021006579,0.205496808856034,0.333874935530823,0.083648219978994,0.00948485361110382,0.0614332174192149,0.108096942499317,0.0131388585874447,45.036380975,5.66762989,5.0734792625,-0.25907854425,49.808804525,6.0955811325,0.631622032,0.07991387705,-0.22446399,0.0496889407,-0.26355324525,1.17092207,0.031260035925,0.7802196385,0.34986965825,0.47024134,48.74593635,6.5241482275,7.8465351025,0.26148412225,66.471159175,20.04526625,11.047242175,0.152266717,0.03555690135,0.8690731305,1.0699331375,1.4910472775,0.0667514406,0.99642616525,0.76858369975,0.52258541475
45.010648943,5.7847541178,7.4728380272,-0.12418185685289,59.290001142,14.0812864045,-2.4751646291877,0.056194456773142,0.13597519353385,-0.194718202935782,-0.865247344451,1.25517172366,0.054590879212,0.89602208529,0.53000713602,0.51396599838,1.04245070415987,0.206985553875185,0.761894058762509,0.11706147448929,3.76342251744871,3.27630207462108,3.09958628503547,0.0246382402631921,0.0832262416375487,0.243840697903671,0.422984626899034,0.0829374718309057,0.00990494246431731,0.0559755820299846,0.105600948108455,0.0162000267112304,43.01702115,5.40571041,6.1170459925,-0.344447383,51.970198625,8.13486949,-8.246159985,0.0053366392775,-0.032957738375,-0.64871541525,-1.74549181,1.0978799675,0.0364576459,0.770807862,0.3353201265,0.48419221425,47.059973025,6.2168959175,9.0951988325,0.121335928,66.416929225,20.720519875,3.766957995,0.10145426175,0.2976346455,0.296342017,-0.0612799293500001,1.4278488775,0.07623369075,0.9877738945,0.7454077505,0.54635214375
46.113913832,5.5329291805,5.8351938292,-0.15306676441658,55.128851214,14.0770137817,0.8663514034975,0.07063567896167,0.04453585548603,0.0681548153068,-0.47687222235836,1.372330336,0.054557224827,0.89951148045,0.65677399103,0.48634272499,0.853767709477074,0.189985152900142,0.633196389127311,0.145339107291168,4.83966952632809,3.74128201949486,3.05500277010095,0.0243831893211916,0.0816898382036,0.240333366959084,0.428674506226007,0.087624238730361,0.0110846345067274,0.0547832440787998,0.115359404999268,0.0146422408147405,44.500991075,5.17163011,4.63462743,-0.43166381525,45.7514892,6.7838193025,-5.06707791,0.023575088325,-0.12506910275,-0.39862087975,-1.3091938075,1.21397668,0.032916800425,0.77947572325,0.4466756465,0.4583987925,47.847663225,5.919889845,7.176803405,0.1095453255,64.119800025,22.026823625,7.0774344375,0.12153022175,0.20735960025,0.5567731965,0.402210445,1.5465621775,0.077568852675,0.98500662575,0.89169638425,0.51626182525
46.654494428,5.8186502356,6.1778711503,0.120382806070027,57.697634249,5.8335037319935,-3.4972729855718,0.083081301311,0.123957612381023,-0.27512622897137,-0.2647959355642,1.18709934677,0.0357404011639,0.896209839003,0.55113300881,0.52228661463,0.928251710366948,0.209877103719061,0.700819533586471,0.12973676114472,4.56097609481172,4.0367121760484,3.17265549159482,0.0216697490618569,0.0806614774397724,0.249588964083719,0.381889202567037,0.0952267159865909,0.00963121841736379,0.086478378322185,0.110193376942935,0.0152005018809193,44.81256955,5.42937902,5.0139098425,-0.13909654,49.0099268,-2.1105786775,-9.4797847875,0.03952248645,-0.035075135,-0.7457631785,-1.02238383,1.0062352,0.01655507065,0.69549076625,0.35392659325,0.49483142125,48.450237575,6.26387003,7.6630665125,0.36505655975,66.463657,13.717950775,2.963242235,0.1234300165,0.284830931,0.233114676,0.4969327705,1.3792338025,0.0544325271,0.99327554625,0.76967714575,0.554655805
46.208436957,5.6073488975,6.663133519,-0.018271290736959,52.283124855,12.2144030661,4.2529444844675,0.097052535127,-0.057144953539247,0.33457399052343,0.2051891850864,1.4212115594,0.050061090533,0.90716075847,0.2344293642153,0.50150021383,0.957918965718486,0.191963733257692,0.663790066625823,0.102315686739418,4.04064606861847,3.29567895891559,3.24303300052947,0.023773797816154,0.0869930694671308,0.255125477690761,0.424046725479236,0.0923186811108427,0.0104785072098492,0.0698684079157497,0.121907206612053,0.0147139910479405,44.144563975,5.2649155625,5.5319251725,-0.21123597825,44.480678275,5.7177053625,-1.929798815,0.05087450415,-0.2205801285,-0.1518149355,-0.56806122975,1.26680011,0.032307776075,0.7348442205,0.020099086925,0.4751294585,48.018792775,5.990560785,8.0642702325,0.187271211,59.847405675,18.529899525,10.380031125,0.141517013,0.1083112955,0.81658444325,1.01105111,1.6187805575,0.072001959075,0.9961743365,0.48325144075,0.530928342
45.809032318,5.7767497844,6.6239198375,-0.06964561887409,65.769451907,15.6414212992,-0.4250029049711,0.0790286050371,0.08744869451571,-0.03343446374863,-0.5812569049467,1.2645390346,0.035239163488,0.85783567906,0.285657658958656,0.49546380437,0.962902141247083,0.207855458219943,0.730874081509832,0.10305347013074,3.89956066047343,3.21624539267345,2.7938908560664,0.023592555138749,0.0757118656312265,0.219792009082893,0.400541401908277,0.0867800353806941,0.00928426067171364,0.113939129150009,0.14066712621505,0.0140227426514706,44.02048395,5.39854204,5.36277808,-0.26790626475,58.231436025,9.31980344,-6.038739085,0.03098862195,-0.05694696425,-0.475060283,-1.3590562275,1.1072653375,0.018403443925,0.58715290675,0.02422526845,0.46941678025,47.70614955,6.1944111725,8.253177585,0.126427807,73.2103568,21.44794815,5.046415505,0.125031982,0.2499429545,0.3969954,0.20431234325,1.4445051025,0.0555462053,0.9948950785,0.568777293,0.52272072525
46.025488262,5.6436838517,6.7802805652,-0.03845754454537,55.560159736,11.65658262776,0.1658317055972,0.077734536062,0.051968011744982,0.013045779463497,-0.30474772389757,1.5092959562,0.052341447435,0.8918432004,0.42970740924,0.48470963214,1.03363884184321,0.214879933646338,0.764074264010438,0.129761915512982,4.53610667837838,4.02680434779653,3.20134464122806,0.0237691941519156,0.0836437039611742,0.251845904754529,0.425420410442159,0.0918806429687258,0.0106211112280329,0.0683471723310762,0.118738498316581,0.0143723475122951,43.944990025,5.2340705575,5.4977085,-0.296587012,46.13675195,3.7916284325,-5.840358595,0.0314235209,-0.1178749895,-0.45945393275,-1.122379735,1.3324364925,0.033128956925,0.73590352,0.1629146665,0.4571600365,48.14484965,6.0845220725,8.39709998,0.2103070695,63.662482575,19.39665835,6.5974267275,0.12369568425,0.205656569,0.5190115685,0.5016073165,1.7047880675,0.074837441125,0.99690890625,0.64682741775,0.51344794575
44.796719956,5.7450065077,6.5929756693,-0.19069764566394,51.179740616,10.02979479348,-0.4663119332065,0.07038886215738,0.061376666880883,-0.03668419475839,-0.475786176452,1.22335090266,0.060034891195,0.8756476496,0.417576760455,0.47807981477,0.9413362379119,0.212673473760169,0.779421839470922,0.103129002486308,4.12943511428072,3.81479129535801,3.34440920939138,0.0348436225911046,0.0965341916992756,0.26310062107929,0.552350811655812,0.0838492063077499,0.0111172601397566,0.0773111502313343,0.121595948749904,0.0150920882747786,42.999769825,5.3446201075,5.2754601025,-0.3854055385,43.16615625,2.7237515975,-7.3082781375,-0.0045054468775,-0.11113049625,-0.57493338775,-1.631693775,1.0711527075,0.0389919704,0.70604885725,0.18228727675,0.450464932,46.619784525,6.1679142525,8.3773822075,0.016379383425,59.062039825,17.64651295,5.803907015,0.134224478,0.26112552625,0.4565863335,0.5180736045,1.3994385375,0.083629616325,0.991373274,0.658659499,0.5086346185
46.534915421,6.1704661959,8.6271922295,-0.1571187096765,56.726672426,10.4178301696,0.33772077583733,0.087422800005,0.04126058460264,0.02656808429993,-0.31547449642208,1.339443632,0.060244874435,0.88609132442,0.5668985871,0.46314141285,1.35582533993598,0.203705093066407,0.900731116141896,0.131369348410396,3.72122606625808,2.99404001379171,2.7020714233545,0.0198095010596575,0.072282997851068,0.212568685474686,0.373277845509078,0.0886786377223846,0.00989112423563853,0.0470974846870854,0.109172315340481,0.0135038095040331,43.870083225,5.7769990275,7.1105032025,-0.415873087,49.56839345,4.5222801625,-4.97270009,0.0471771821,-0.1027192705,-0.391196286,-1.0294641125,1.18254719,0.040670101775,0.782727285,0.38227471275,0.4375655195,49.21940105,6.5679883975,10.6293429,0.0934883801499998,63.6872665,16.27303975,5.8523631275,0.12631450925,0.18704770225,0.46039831275,0.44371313425,1.52376699,0.0800445675,0.96691069075,0.79928904675,0.491020224
45.895428913,5.9924041508,6.0689779666,-0.06669686248129,58.661430129,11.889338035607,-2.4268706848776,0.065173299648882,0.124028548477546,-0.1909189768568,-0.67177688142289,1.4875902493,0.056448929567,0.92729533742,0.407286546834,0.51581908186,0.927183559736544,0.226642330879858,0.648897944571027,0.12696445529493,5.03191782277001,4.07878776203818,3.25041079957272,0.0266492629859943,0.0875598460068913,0.255705879939983,0.444868324656049,0.0984135432914873,0.0109671821847188,0.0537965474090209,0.131235788586649,0.0163373303020987,43.99392275,5.56769631,4.90699194,-0.315745505,48.89364425,4.0521577625,-8.5162208375,0.010399051,-0.03572651215,-0.6699607745,-1.565362515,1.3002614525,0.0355617492,0.802299631,0.12937049925,0.48233233825,47.70214525,6.4524315975,7.427972995,0.17714043675,68.944672725,19.689705625,3.670547095,0.11482514425,0.29415744175,0.28875749325,0.154467008,1.6830486725,0.077699025,0.997044405,0.67181758125,0.547002269
46.374141466,5.5510422218,7.107778318,0.02488979589915,59.945202845,14.679473752,2.1467248410426,0.088414979563,0.01242725596426,0.168880242562207,-0.12693072577989,1.0936295327,0.035591851416,0.69385379837,0.56949503451,0.52034889523,1.07869995906365,0.206890072418904,0.75115942570718,0.121214596752567,4.0656937050799,3.51441419859701,3.24695621566289,0.0257883370453881,0.0867283555393284,0.25543411188185,0.456557057783434,0.0772176579718297,0.0132023230665054,0.164033755445128,0.103102717803276,0.0151560488025242,44.3448141,5.172611505,5.82556685,-0.21991127525,52.0163339,8.095248535,-3.98889567,0.040803662675,-0.16619270725,-0.3138015915,-0.999643261,0.9559850075,0.0100053004625,0.3848155685,0.3726433525,0.492152782,48.542592375,5.980333575,8.8175066425,0.25835473925,68.004430325,21.5574999,8.70719439,0.1421936675,0.16995833975,0.6849844335,0.792672855,1.268931015,0.060461099075,0.9772144875,0.77305029025,0.55139635425
46.001378998,5.9158068408,6.3483417942,0.04568285999114,52.585162995,4.99079629494215,-0.66707683950689,0.095456995657,0.042442897230966,-0.052478126864075,0.05316320001281,1.3555742828,0.051231339167,0.92934449711,0.428127133995,0.53219493978,0.943797332022438,0.216006094892387,0.688407570467899,0.122323300934889,5.08918999661208,4.53110371608682,3.53258996835634,0.0264779394860936,0.0911317385657392,0.277904573322395,0.458295900533758,0.0911658727265392,0.0112615572733068,0.0514049371773776,0.106937180943714,0.0157007080956101,44.0826903,5.488798565,5.155590435,-0.1963922485,42.45926765,-3.9377105125,-7.570385195,0.046204374875,-0.13962083275,-0.595553035,-0.79448743125,1.182637785,0.03126764725,0.804886873,0.218077306,0.502858466,47.75621675,6.3598293,7.814175165,0.2820925595,62.728734775,13.911631625,6.5748113775,0.150218077,0.21196760925,0.51723245075,1.004075495,1.5424233025,0.0741585996,0.996456397,0.6438579305,0.56386485
46.044180568,5.916889873,7.0753001959,0.07986946564583,54.504854446,8.72103471629,0.90099191294887,0.094110085126,0.0176252106395943,0.070879942452384,0.08412984828887,1.4737232819,0.069763076444,0.94056564437,0.46887441364,0.49143214475,1.07700886900887,0.226396635410086,0.748911393025142,0.127222076491014,4.47470480326456,3.66212800331375,2.81488415536129,0.0224204615812097,0.0761914198682387,0.221443526512087,0.399425627389797,0.0910000704153428,0.00866429190146633,0.0420342009202154,0.105196819449517,0.0134033995968673,43.91058,5.4860921425,5.75875874,-0.16849172275,45.428312075,1.734749965,-4.8716796275,0.047699184275,-0.12823162375,-0.383249138,-0.7612559855,1.3020208275,0.052039713525,0.84043184025,0.264180795,0.46663791175,47.914880225,6.3817789675,8.7346587725,0.3257929555,62.9986412,15.9289818,6.224757555,0.136722948,0.1712728775,0.48969413275,0.78374987075,1.656293835,0.0865839018,0.9952457575,0.672857351,0.51873188225
46.337306235,6.0438210683,6.7136305604,-0.17332960609236,56.400807819,17.0369696922,-1.08648262268332,0.04584512905635,0.112310615540531,-0.085472271682966,-0.9310969177717,1.2783927752,0.038497747411,0.80295714676,0.57695438688,0.50269607864,1.04237491125233,0.216572094814877,0.750012519473817,0.141710647106598,4.68039352243566,3.94536631438161,3.22028184871773,0.0225609385065274,0.0835953954676367,0.253335671952348,0.410833515614516,0.0945086117216428,0.010752532729748,0.107253622874045,0.118845349006253,0.0144546736525322,44.348578575,5.6441816725,5.3377400625,-0.45180331575,47.3111388,8.905773125,-7.2610676675,0.000192731402575,-0.041589196325,-0.5712193905,-1.76168352,1.111932685,0.020167868125,0.56083499575,0.35927602725,0.473948479,48.457192025,6.4915669,8.39278583,0.10735057125,65.119391975,24.454889975,5.040630255,0.0876442164,0.2742532485,0.3965402775,-0.13808922875,1.4776025825,0.0600141657,0.98149714675,0.8177607465,0.531355206
46.135177663,5.8574544338,7.0570400837,-0.19745678887535,52.949875189,12.1653655443,3.7753791758325,0.095386360193,-0.044317224883494,0.297004506214372,-0.0300363509382,1.4155559038,0.057787970867,0.9318772738,0.52970641222,0.51877300627,1.07475148650439,0.216520704002609,0.76565367856787,0.125454995691665,4.00403815553937,3.18040055693085,2.68979443562626,0.0178296509061745,0.0694071728638533,0.211602869613517,0.334105371998684,0.0786849219064851,0.00957983225156366,0.0436562469892877,0.101107155074093,0.0137063667258829,43.875516825,5.449649365,5.7025778225,-0.45638890375,45.299019775,5.317279835,-1.829000035,0.0607609645,-0.17449696425,-0.14388522325,-0.69616478225,1.2570150025,0.039758111225,0.82849155725,0.3452806325,0.493830273,48.2911667,6.26997038,8.7747978975,0.0622190955249999,60.783763925,17.72941495,8.793132735,0.12888832875,0.103289369,0.69174510075,0.630823058,1.567137465,0.0769913732,0.99516666425,0.73260582675,0.545674248
47.452705456,6.0369170013,7.1969134453,-0.073511509371123,55.553468382,8.402945338177,2.7516147830234,0.111424848796,-0.03454685037447,0.216466201462,0.20687721257609,1.4947202395,0.063098006017,0.94764958926,0.449766906758,0.48755126469,1.04305007076497,0.203723361117283,0.715470948036322,0.127823345630366,4.43283169374631,3.52643786818783,2.68233269108689,0.0167037916316761,0.0685391461445007,0.211015863478559,0.326047724723949,0.089299088405574,0.00808663207034394,0.0344006478435714,0.118077305337006,0.0139129494454104,45.40739335,5.66080718,5.8742575975,-0.32495825775,46.2756721,1.3506695975,-2.7685564075,0.078241884075,-0.16621672725,-0.217798984,-0.44638946125,1.3324484725,0.04796346725,0.87020853775,0.20302197125,0.461489426,49.568196275,6.455720375,8.7270156125,0.168647617,63.76655195,15.073524725,7.5969947,0.14595120775,0.11382744225,0.59764636875,0.85151244,1.6825501025,0.079365650325,0.99398364825,0.68075219075,0.51468845725
44.869625458,5.7123201673,6.7372405175,0.107377612172499,62.311505366,16.229800069,7.737410771284,0.127268325228,-0.133009967358948,0.6086927320009,0.6297119998086,1.3263110501,0.051426201466,0.88472318431,0.503583985445,0.47876780044,1.01214628364533,0.209852487377486,0.711900558827022,0.123995065844974,4.53809257336494,3.4404950779432,3.13829808514271,0.0267219800252757,0.0858921095004913,0.246886109177071,0.453580010333881,0.0884629372060492,0.0111724574373303,0.0847430372395587,0.131923108491049,0.0145454413716919,42.741811075,5.3239348675,5.4430637975,-0.13667584575,53.6799185,9.1358825525,1.8398476125,0.0708288449,-0.302092818,0.1447385815,-0.31972338525,1.1545193725,0.02940784135,0.6775184585,0.2516360695,0.4514498815,46.6982739,6.1360957175,8.2667151,0.36442061525,71.314356525,23.0299619,13.8757772,0.176163332,0.0345120195499999,1.091590525,1.44013616,1.5086854075,0.07312200165,0.99359682725,0.7658534235,0.50688352175
46.949394813,5.968873894,7.0543952116,-0.00046103267622273,55.577175405,8.407565759022,-5.290446682309,0.05327103052641,0.185493708704093,-0.41619303176382,-0.800500398971513,1.2234222589,0.04352575125,0.78417222017,0.3329022704471,0.51234792201,1.07397906766695,0.215736100093022,0.811929668910185,0.104970349980116,3.94804635641524,3.41565906961306,3.06100128427556,0.0246905801193319,0.0826646673000221,0.240805263409691,0.432400729638851,0.0814850006568063,0.0126635008065488,0.101345323297121,0.126850259031931,0.0159690428393999,44.857285775,5.559786665,5.64216958,-0.2089703755,47.7700688,1.728432405,-11.228435475,0.00373452747,0.0152418583,-0.88332738,-1.69565843,1.0791188025,0.020951983775,0.56745023725,0.0462576331,0.483673649,49.072604825,6.3885101975,8.959436985,0.20025458975,63.2582773,15.4663815,0.81486858275,0.102410075,0.35429721325,0.064104724375,0.0676428646749999,1.4000575975,0.065895502425,0.96106464225,0.560271837,0.5457762085
45.073982255,5.5538206738,7.5254220954,-0.074984316557834,55.972422252,7.233950731398,-0.0118246820886,0.09780043124,0.035389846546211,-0.00093023349546,-0.0909794994377,1.23063002265,0.037460401814,0.88372887995,0.37825731628,0.50994553358,1.07602447531534,0.202426111374082,0.838052043325581,0.103800415379484,3.97038788118191,3.47607470491153,2.64039983557115,0.0197787010279958,0.068531367320268,0.207717056429501,0.358590392349624,0.0799047164985596,0.00862297656160887,0.0901660210904957,0.145791121998104,0.0151342930260838,43.00145635,5.1976689375,6.0030950375,-0.2879019675,48.23753315,0.7202000715,-5.0600101775,0.058308257475,-0.10378107,-0.398064878,-0.7603164475,1.08413589,0.0227842655,0.66679392175,0.086602687375,0.48079175175,47.027128975,5.9559655375,9.326771915,0.122188016,63.390019675,13.784110975,5.36115082,0.1352637115,0.16971272575,0.4217552415,0.63498291725,1.3936091625,0.055787155325,0.99455758125,0.63943906675,0.5402533795
46.534148297,5.7902359931,7.8043452848,-0.03042711343524,61.6373975,12.15697588609,0.2441515164606,0.0902430349525,0.052250944932356,0.01920710400651,-0.2702944949304,1.370560995,0.066503962644,0.89985524523,0.57940069759,0.47671042073,1.2413128540941,0.208573250591881,0.821939276824164,0.139994003894085,4.29709418420269,3.38457099993918,3.13649823528185,0.0263421486557113,0.0853495148397943,0.246744516607471,0.452140764924587,0.097268801798756,0.0122585837867026,0.0553129324923929,0.114491670259218,0.0139533048968694,44.24979975,5.4020382275,6.390781765,-0.3087786915,53.273393575,5.5976661675,-5.83289525,0.03609470685,-0.11212009675,-0.4588668065,-1.1938932275,1.197464805,0.0430710231,0.78638663625,0.36267809025,0.4500859005,48.978227725,6.2079897675,9.6229715175,0.2404280425,70.0800163,18.661023275,6.30937892,0.139960605,0.22566894525,0.49635119375,0.5778104725,1.57461724,0.09222745805,0.9907684345,0.8133974025,0.5048210765
46.751802925,5.3923312713,8.0430822561,-0.13481035396097,54.657524577,7.55545987715,1.3958722710487,0.103421075796,-0.001564024441598,0.10981158045047,0.008521191088131,1.3608283886,0.056828547648,0.92331235544,0.54387532732,0.5180722422,1.20600470940805,0.185150051643575,0.790909480573795,0.11225583986363,3.66889998721625,3.31412024310757,2.4129523755212,0.0179340971670668,0.0627317736209141,0.189824040146759,0.337371462264299,0.0796160857402507,0.00888504540592494,0.0432992679020748,0.110754920689038,0.0140001993984028,44.47967975,5.0374814225,6.61533301,-0.36903510175,47.116247475,0.96624335825,-3.2499015375,0.070882260825,-0.12871543425,-0.255665818,-0.62539765475,1.2099227475,0.039670962725,0.82721645825,0.346994429,0.49022624275,49.1832028,5.76476764,9.7985560375,0.0894570228999999,61.67206815,13.8346086,6.194854155,0.1394722845,0.1200594595,0.48734167325,0.6995893295,1.50685729,0.0742938374,0.98895575825,0.77603161525,0.5459559065
47.376927946,5.1904745107,6.4042779554,0.04969361295703,61.103733764,12.31917626724,-0.5542696271655,0.082467281833,0.07488075359301,-0.0436037200108,-0.31145724966762,1.4396277139,0.061287455888,0.90795413601,0.3509695056301,0.5277054391,0.953747970158915,0.211647653529858,0.709794443359194,0.112265796288986,4.73716132049518,4.13675895640595,3.01188572465388,0.0212674523236666,0.0778203601547174,0.236941401380467,0.376365374915435,0.106018117015912,0.0104355496568329,0.0524578093207775,0.138365759308524,0.0168446834404186,45.55227955,4.8000593025,5.1724967425,-0.17662163275,51.34294245,4.297042515,-6.26714918,0.0430388273,-0.082632794475,-0.4930290325,-1.0180021725,1.24592658,0.042056594825,0.78311958725,0.08494796765,0.4943660195,49.2244899,5.6181088925,8.020721585,0.27921162425,70.668087875,20.0970364,5.6792001075,0.124231835,0.2194625245,0.446775789,0.429932266,1.6409589125,0.082740655775,0.98555674775,0.62992709675,0.561087721
45.235338391,5.5050290838,7.2521486968,-0.130198647891867,57.973653951,12.13367245959,0.0745558514729,0.0805336072547,0.056777853251221,0.00586521857275,-0.4194923014242,1.4114665884,0.053256540577,0.87263906222,0.43295131392,0.50867501873,1.08037219502071,0.194716398152562,0.769802633387616,0.121715628862951,4.73174504090843,4.1461011087822,2.98019849340337,0.0237205368763976,0.0782077272628663,0.234448605107069,0.411567907717517,0.0902239306793066,0.0122898850896013,0.0674463159368165,0.124020772852752,0.015166577412851,43.064486525,5.1334356675,5.8438067775,-0.37492115825,49.0823085,4.0565167775,-6.1463897425,0.031134960825,-0.092427560275,-0.48352903475,-1.29687655,1.2329521425,0.030773645025,0.730636633,0.1932497195,0.480431411,47.422133675,5.9012458375,8.8735531475,0.11424829925,67.0392148,20.0791265,5.8557001925,0.12547321675,0.22199206275,0.460660837,0.368509909,1.6025220725,0.0784049277,0.9918015975,0.6620175435,0.537680524
45.481880912,5.7206892384,8.0213253918,-0.22120844869124,52.646834504,6.970284116868,1.40200340841,0.10144851508,-0.00456838326878,0.11029390977654,-0.05660193098849,1.2630164353,0.038120241764,0.89643397341,0.30869251208363,0.49481951565,1.12975269621882,0.212960004248965,0.841730719679217,0.108219514123024,3.98829173044897,3.47636079848723,2.83028447757298,0.0193689490171027,0.0732990069957673,0.222655050980714,0.365271293583886,0.0898403643881285,0.00939631295531553,0.0799179818392136,0.141112382124998,0.0154190161122478,43.29746655,5.3169395175,6.465667305,-0.42031423125,44.855766175,0.52652202525,-4.2199700075,0.062442021275,-0.14314248975,-0.33197992825,-0.7786967825,1.0964948425,0.019886807775,0.698487851,0.01922822295,0.46613132075,47.7900808,6.1589789425,9.875250545,0.0066942703374999,60.997742275,14.022255675,6.904762585,0.13774372225,0.14020809225,0.543189304,0.59595916725,1.44993284,0.056859014925,0.99501443925,0.590609775,0.5265792375
46.423968449,5.8478873239,7.4357436489,-0.25217161135529,50.272004692,11.10616339384,4.5819617823533,0.099826102202,-0.07151850549298,0.36045738262627,0.067986619884288,1.418519545,0.04303494468,0.9083638438,0.407747172659,0.50797057559,1.1207669965804,0.21902173760734,0.796836309550444,0.115990839099127,4.18637506179252,3.48798496090257,2.97442534114547,0.0222132462619992,0.0790791228334981,0.233994437961679,0.403650428511579,0.0837707654123221,0.00937222486122303,0.0653287960882245,0.133162034753502,0.0154722567548589,44.390834275,5.4697983375,6.05251033,-0.46871588525,41.92479335,4.1339870875,-1.30157125,0.05633275695,-0.22266216475,-0.1023930355,-0.70962189025,1.259338155,0.026387463525,0.74232473,0.15871332725,0.47836570975,48.5848929,6.312688715,9.2049402875,-0.0321666575500001,58.33216005,17.59848515,10.432465325,0.1430605775,0.0861304088249999,0.82070941625,0.867398619,1.588570425,0.063048616075,0.9943591635,0.6921153785,0.539224883
46.318852312,5.7832002102,7.4164956,-0.18862985852369,55.181311033,13.2335305686,1.90100169591732,0.08213263144009,0.01214069215074,0.149549500378778,-0.32135874028616,1.2625879352,0.048125657694,0.83720457738,0.3662783484967,0.48874341475,1.03874192100055,0.226335496883305,0.878021117144976,0.1055419812625,4.10223307776245,3.81371623822289,3.04062563132492,0.0254293920052978,0.0817649340128855,0.239202334614509,0.441247595742489,0.0932985471692152,0.0106711716429043,0.09268326380719,0.141394126625052,0.0149697530656213,44.228757025,5.3572899325,6.0223646425,-0.39884726675,46.944665425,5.4959986975,-4.36440389,0.027990418675,-0.150680231,-0.34334236775,-1.23897284,1.0909986875,0.029872079325,0.62185324725,0.0580715287,0.45922959125,48.45361025,6.23545165,9.4451667225,0.023828168275,63.112110875,20.32748375,7.6017693975,0.1332593565,0.17372261475,0.59802198975,0.57751805325,1.457852945,0.072854841625,0.9785563755,0.62213730575,0.51845043825
44.254004244,6.0828030667,6.0481157483,-0.1525395097623,56.813051395,7.656871101046,-1.318136458845,0.0883702034094,0.073178576364758,-0.1036961983436,-0.363491477501,1.3093122093,0.039077472689,0.91520399296,0.52542384993,0.48665685605,0.859491914242719,0.231224417209865,0.66683531312685,0.11597136886014,3.39098464429833,2.98200126860369,2.66059823958579,0.0221938968778158,0.0738191975398574,0.209306040444091,0.394087077667053,0.0771292016967394,0.00816360867574682,0.0801931583118028,0.0990969178462211,0.0134348299329019,42.550138075,5.6449610875,4.89265242,-0.381207497,50.082548975,1.865872195,-6.57573601,0.0431293895,-0.072005213825,-0.5173051825,-1.1444231925,1.178465085,0.02467160505,0.70181017725,0.34853052325,0.461400279,45.9067902,6.5786316725,7.5651551425,0.0678842774499999,63.35700015,13.484677775,4.0636411625,0.13090383025,0.2181961225,0.31968172675,0.40457078875,1.4762858425,0.0565252018,0.99789079225,0.735927021,0.51290346625
47.163302884,5.6233858268,7.2073085254,-0.05094617695073,59.067254484,18.295458868,6.9182312023465,0.10421393242,-0.100585287826465,0.54424886772059,0.20991109184406,1.4179239789,0.04361085785,0.921742712,0.458012279422,0.50874641572,1.09167106396301,0.196862067657037,0.762674827206143,0.125959275596548,4.6829744667145,4.17731712118819,3.1178732578604,0.0202951492428775,0.0792986800031296,0.245279312206087,0.384482488895056,0.0957549248936368,0.00974928007141985,0.0592832597340168,0.115701203415169,0.0151976642578207,45.03292975,5.2633625625,5.9065909825,-0.29227189675,49.970467975,9.8927612225,0.633250478,0.06483263075,-0.2540878105,0.04981704765,-0.54722223625,1.242565905,0.02590892665,0.769866865,0.23764549475,0.4798169685,49.169794425,6.0284359375,8.957952365,0.20813976475,68.91056335,26.099315925,13.123493575,0.14303914325,0.06181137155,1.032409335,0.94284686025,1.6203329075,0.0634825178,0.995555892,0.69070424175,0.54001868675
46.985449445,5.6446903572,7.3512841675,-0.01188464482297,56.627089385,2.7953438389887,-2.2071711136361,0.103909343679,0.073935071212209,-0.17363547763993,-0.04579409610249,1.17841358028,0.053061005766,0.87091695711,0.51106380211,0.48772790006,1.07667368454861,0.190948905462205,0.733843192764903,0.118258030786802,3.84510858963857,3.36378220532837,2.69799908396827,0.0218000916474638,0.0723592086294048,0.212248319576582,0.380852120530855,0.0786593562910404,0.0102392466427021,0.0654805960911108,0.0981563465464192,0.0133360715596625,44.98143175,5.28947368,6.02509371,-0.255710716,49.6606133,-3.4141522775,-7.9169543875,0.0614927163,-0.07040945385,-0.62281721325,-0.7951430165,1.03083303,0.0327170437,0.71589362875,0.32661143175,0.4622070395,49.222950325,6.01243451,8.90520983,0.2080827025,64.52856915,9.322221455,3.25450631,0.1443379725,0.21781547825,0.256028072,0.66415518825,1.3415946075,0.07199795,0.9861460825,0.703663479,0.51485621875
45.906882884,5.7058860382,7.3994338805,2.02450570299997e-05,62.932383739,6.8146759897096,-2.68637461328594,0.096699114325,0.10652890823048,-0.211333836707115,-0.2962405156814,1.3523128531,0.051290256652,0.9180510731,0.61883195775,0.48078005991,1.07408346008356,0.215199288148633,0.7950083092102,0.131047043317481,3.95391627633417,3.38985137078889,2.74540415848225,0.0235490391631212,0.0754865955499226,0.215977619358522,0.409347894096227,0.0857825431684908,0.00929531092554966,0.0602666177402613,0.12385311131777,0.0132208771885564,43.7937017,5.290383825,6.0421416025,-0.25366197775,55.0342768,0.61625446825,-8.30361587,0.046403302325,-0.035626582875,-0.65323539675,-1.16567564,1.1972781375,0.034955349,0.7803207965,0.39837214175,0.4558066455,47.995947525,6.1261801325,9.1811321875,0.26137557925,70.89935415,13.675509975,2.6152976275,0.138255434,0.25873142725,0.2057422975,0.46419684925,1.52686093,0.071888896575,0.9967594775,0.888379127,0.508049884
46.634468655,5.9105240732,5.4818603914,-0.076021457916835,61.004617027,18.0558530127,-0.950709684327,0.0529250196165,0.11353508525138,-0.07479117926673,-0.84270851114586,1.13861906686,0.04200535059562,0.701900364458,0.3348656751886,0.48683107136,0.867917702341606,0.219012640792133,0.613401204452872,0.101206063482769,4.10544558314434,3.94437600494111,3.4236001470109,0.0279299739014516,0.0919437811898004,0.269330476317373,0.473951611594955,0.0843495934135686,0.0183935386535427,0.152319043960701,0.123367687627785,0.0158154507680649,44.783348225,5.51668621,4.4479137425,-0.27446762025,53.4287745,10.483089925,-7.912623,-0.003713646575,-0.07108351195,-0.6224764715,-1.834996955,0.97703154675,0.0079351317725,0.354103568,0.05436761055,0.45654973575,48.359378625,6.35869295,6.8642891075,0.1270669185,69.41100575,25.7630845,5.82654089,0.1064876305,0.29668328275,0.45836691775,0.0655382672999996,1.3003788675,0.07691080895,0.90761530075,0.56763075425,0.51838579775
46.443618379,5.7726691009,7.6937225412,-0.01506216414597,60.071463039,18.1737451527,1.60131995516548,0.06865896732093,0.04428704370815,0.125973901057257,-0.45329730624139,1.3403087558,0.053165547,0.83576128327,0.21221271114876,0.4987882774,1.23636003193843,0.222988712783135,0.832492894709599,0.10438255690068,3.91248454657451,3.3663967499534,2.94357245901804,0.0224983824114359,0.0786561666945926,0.231567279531399,0.400188267953312,0.0864667848018794,0.0107992192092305,0.0672690861763631,0.114180305043402,0.0150243863723379,43.867753225,5.34645762,6.33057423,-0.21174561025,52.50230645,11.359946575,-4.15108631,0.024879934075,-0.107826152,-0.3265609295,-1.228998765,1.1799525425,0.033324915975,0.69747880675,0.012742303525,0.47161846125,48.81582115,6.219326825,9.5211788075,0.18007014275,67.913727825,24.3629297,7.3669580425,0.1135576755,0.2009508845,0.5795496665,0.35297716325,1.5149452,0.074613418075,0.95572879525,0.44793575975,0.5310390535
44.145856254,5.45836278,7.100885677,-0.10210375011957,61.087013345,9.120918182404,1.43751160667621,0.11158094446,0.0048852972338929,0.113087296630597,0.0001590601104,1.23996503547,0.04166141709,0.90837892448,0.54915190067,0.51558834072,1.04957562593492,0.191053169702122,0.735154461432171,0.112863114245557,3.52622510724061,3.21625136970004,2.85748985740074,0.0218707866042281,0.0758445524795225,0.224795265690606,0.389963260687505,0.0736242884501212,0.00954283288832911,0.0742918525693437,0.101111633162506,0.0153563326518841,42.12269585,5.1081614425,5.777941955,-0.3191339345,53.8069161,2.86818581,-4.1658252325,0.0634919083,-0.15315864075,-0.3277204285,-0.7692248325,1.1094781125,0.023295454625,0.708347029,0.36799542375,0.486379181,46.1728276,5.8556627575,8.743232765,0.1070468735,67.641677775,15.115474275,7.173231535,0.15106549725,0.147428562,0.56430943525,0.815850278999999,1.4040649325,0.0616011668,0.99744091075,0.75041353475,0.548071407
45.475749849,5.8980778676,6.5351753299,-0.2001665473366,55.201991537,13.2692778697,-0.0235496636826,0.068091315171,0.064966676299851,-0.00185262339948,-0.59346114783373,1.3014606931,0.041973990445,0.9127198624,0.43015271252,0.49574683541,0.915746137984315,0.209203945442113,0.743648783289531,0.107454200358381,3.7990170769659,3.39314049977026,2.73148223308478,0.0233400935142537,0.0736296090664121,0.214882398274093,0.394812530009214,0.0732053197590081,0.00944473365662644,0.0716128603513845,0.105338032032506,0.0144369954532675,43.55602,5.4985419975,5.3067394775,-0.40782143025,47.5581135,6.4999302375,-5.19810051,0.0228996442,-0.080812646575,-0.4089282645,-1.3597336375,1.1690916775,0.02671630615,0.7359890255,0.23501755025,0.47034415675,47.1983463,6.3208928925,8.17551841,0.009271450395,62.467926975,19.58801675,5.2805471575,0.11239625125,0.20797052575,0.41541425325,0.14420107075,1.45148247,0.064068069875,0.9965790145,0.6485763455,0.52489850875
45.659430702,5.902297878,7.5941908007,-0.15058666152496,60.144911573,14.181794764,0.68705289468474,0.0806156856105,0.04994910328616,0.054049619011327,-0.4664655408845,1.21157296136,0.049520938508,0.80896119397,0.479035881289,0.48395248638,1.18850215300702,0.20888194511489,0.761989266000748,0.117700088677572,4.01350300394732,3.39205880908525,3.06583859532387,0.024540477181777,0.0817297859892701,0.241185808177634,0.422309980814057,0.0963018334836512,0.0120772012035877,0.0899559053401714,0.127210151059982,0.0158844176960637,43.257611725,5.5171668225,6.27161025,-0.380985417,51.687164775,8.1895233075,-5.0778703825,0.028352428375,-0.110495476,-0.39946991375,-1.313853015,1.03448436,0.027066503675,0.622897101,0.18889214575,0.45587155525,47.880608225,6.339159245,9.20471556,0.0708564356,68.15843035,20.8952673,6.732834775,0.12609261025,0.20424524225,0.5296639575,0.34544662925,1.4121401225,0.0740971048,0.9656990135,0.720359474,0.516759102
45.318783688,5.4575067938,7.1547103808,-0.23675846436,60.538917522,13.9603113943,4.44984969775,0.109785909269,-0.05406873658707,0.3500642852182,-0.0305732582151,1.3853174439,0.050324951517,0.94078442546,0.439326009139,0.50314652248,1.04641893623691,0.203650401609344,0.766304906128711,0.115747861688539,4.19222109246718,3.90799114750858,2.5790005228412,0.0171079161314244,0.0643881077237637,0.202886847239648,0.325230708069588,0.081686849387478,0.00844785868175827,0.0432290257163153,0.116143466502776,0.0144065581821418,43.442533475,5.0811360625,5.7630943475,-0.4495174335,51.972019825,6.6289061725,-1.0106227725,0.076576378075,-0.1842782415,-0.079504470075,-0.675724085,1.23424818,0.033265813425,0.832398667,0.207300555,0.476891443,47.36284885,5.8484085275,8.78798932,-0.00361233399000011,68.086913375,21.74113865,9.6348631,0.1439582275,0.082077726575,0.75796301075,0.606062996,1.564196005,0.06643351705,0.9974363395,0.66556316925,0.5318672715
46.377147798,5.4057440282,5.9604173468,-0.19972128344632,59.809911537,13.87070428492,-0.47605673823712,0.0728485000902,0.08026195375825,-0.037450806868947,-0.6553503217277,1.2863933417,0.0420692168517,0.79231863195,0.370721582724,0.5189923978,0.890589664958884,0.205089066947954,0.673456649195024,0.109399254278136,4.0483567493047,3.73030094246665,3.44142042070585,0.0277053172070875,0.0923224810362458,0.270732375369033,0.478284108754764,0.0822763978463689,0.0140780753954144,0.121078500014152,0.133908189029527,0.0160620713341938,44.5912543,5.023754335,4.80495309,-0.41522959475,52.368576525,6.5106544575,-7.4335971075,0.01646413955,-0.092676857975,-0.584792081,-1.6255875875,1.133522425,0.0185392067,0.532033952,0.1000887668,0.48636904675,48.09914595,5.803852135,7.4667392225,0.0230988648,68.40059315,21.20138785,6.079497745,0.1237798305,0.261490379,0.47826672475,0.2495980295,1.4611865675,0.0700980164,0.9914514785,0.62736681525,0.55205715275
47.593270577,5.8180905572,7.323768564,0.031489765560748,57.523512102,2.4071089280101,-2.9484258266253,0.10243715053,0.092332678912,-0.23194908802643,-0.07133787001187,1.20212846465,0.042905220455,0.84904854405,0.55118707197,0.50649453071,1.0772151733995,0.232450709390171,0.839351446066934,0.131669420086601,4.00154080180065,3.51236252380022,2.88546806231584,0.020286223608723,0.0751459966172972,0.226996277191279,0.376054639877607,0.100817616257178,0.00934153857450113,0.0893713652313225,0.105117371863623,0.0163996959228546,45.637169575,5.395526235,5.8332800325,-0.24986288175,50.0138097,-4.607706,-8.4897262675,0.062910344,-0.0509658712,-0.66787648375,-0.82251446075,1.023354485,0.026188209825,0.653886633,0.3589811385,0.4741757535,49.7694611,6.30582883,9.18469762,0.29222120325,65.326766475,9.206470725,2.488560215,0.14356961375,0.2432897675,0.19577201025,0.67436729525,1.4179186725,0.0631927623,0.9829725075,0.76817641125,0.53963682525
45.500732963,5.574994328,7.4020884675,0.2037125939571,66.579617092,9.93156357979,-1.32858395512698,0.100708057802,0.084490901424088,-0.104518090335005,-0.07319553646856,1.3330471921,0.05185433016,0.77472688924,0.4382937473924,0.49762473303,1.14020712730213,0.22909203091514,0.797984088609951,0.132468916332957,4.54209413461896,3.87389110679204,3.27248874505174,0.0272320457307203,0.0888230641625359,0.25744272474575,0.471708446606182,0.0934670268501911,0.0144792491260372,0.103941398774615,0.164595687120505,0.015758279201385,43.295628,5.14429331,6.0655266275,-0.044582542525,57.876182425,2.74646762,-7.732516775,0.0504211458,-0.083555720475,-0.60830773375,-0.9484135,1.143213835,0.0239454578,0.5647737075,0.066402790175,0.4681106695,47.698057575,6.0345863675,9.156630855,0.460989995,75.738941425,17.97163705,4.6215503625,0.156533959,0.257633208,0.36357176475,0.86824440325,1.53293946,0.080937563,0.95067576375,0.73527336,0.5287400965
47.694461556,5.5461691333,6.7050578776,-0.17931207377562,55.282545189,6.966196784845,-2.2968131129899,0.080884160089,0.096605610073858,-0.18068750533926,-0.49113905293761,1.3095843125,0.050283900227,0.78507708747,0.63725298858,0.51201385543,0.970193196668956,0.205827023689944,0.774025750780881,0.137392655721337,4.35688523667156,3.93673027128531,2.92388268727533,0.0211785913517598,0.0754923297939588,0.230018309187035,0.402895939817688,0.0989814766323315,0.00961942722036671,0.0863743657968958,0.108140864404191,0.0153663317788005,45.880846775,5.17187979,5.40107709,-0.45112063825,46.451846175,-0.618351308,-8.2123425325,0.040471411975,-0.055985419,-0.6460550385,-1.2894295825,1.1345786275,0.031814449675,0.602245994,0.45170556975,0.4830092305,49.735848375,5.95941305,8.475394975,0.0850040101499999,63.691280325,14.886133225,3.479934355,0.12214963475,0.2443934365,0.273762222,0.265096931,1.508575895,0.0683338809,0.934239293,0.86263009575,0.54413658775
46.319495653,5.6503200427,7.4394799725,0.08073067016458,54.010773498,10.13581294179,-1.1366707825176,0.07168726523802,0.080230550952207,-0.08942051342535,-0.27921516813555,1.3739723542,0.067700917363,0.82096512633,0.2684097992814,0.49716176826,1.09939377305504,0.214776929359664,0.781152375837842,0.109723101976489,4.17247662869732,3.54599629036641,3.08580334652665,0.0248485702629661,0.0834114542833444,0.242756410801196,0.429034032453953,0.0915102790295739,0.0105492259629087,0.0632147817793473,0.126087511645029,0.0151809043086183,44.041997275,5.2465852625,6.09986344,-0.141194754,45.52031905,2.70440361,-6.94724342,0.0199368963,-0.083509836725,-0.5465312195,-1.1069281525,1.2034008,0.047294589225,0.666331369,0.0279164295,0.46775214275,48.380333175,6.105005635,9.1372903375,0.29110484025,61.68009185,17.5048784,4.86828049,0.11718728275,0.24642357875,0.38298173325,0.541137944499999,1.5593121325,0.088534977125,0.92538614925,0.5158716715,0.526422578
46.389728584,5.8246416459,7.1496690284,0.05759112155177,64.547717429,13.862706941,6.199953358341,0.132297337252,-0.10242195621547,0.4877428195628,0.5355719992186,1.2940883756,0.043919003042,0.91985454334,0.447965353292,0.50332902674,1.06040165544055,0.205284329015202,0.791116830367899,0.113223853094762,4.08041053533852,3.55994306530776,2.61141857354383,0.0190947429953717,0.067597404629437,0.205437135101936,0.352009536730697,0.0804694823678297,0.00910549825343059,0.0636480675629888,0.130083653112576,0.0153647820213977,44.379610725,5.439868,5.8217616075,-0.161981378,56.40054855,6.4963953425,1.3123313125,0.09629039295,-0.2407474595,0.10323951575,-0.14359491625,1.1561882675,0.026643692,0.76464082225,0.14544043375,0.47571948075,48.56425835,6.2477248525,8.8428068125,0.29076647175,72.13125355,20.7507019,11.36598855,0.16962452575,0.02822452115,0.89414852025,1.2413913,1.46164467,0.0619910452,0.99643796375,0.690670004,0.5335273735
45.509940129,6.0558924414,6.2235123354,-0.2646801445268,58.992921187,11.9491289786,1.784257917546,0.0961443996764,0.00910852334368,0.14036540907356,-0.30518401536553,1.3733750721,0.05292402033,0.93157687053,0.5354066181,0.49821887637,0.906566021780869,0.222477193230006,0.66215348116731,0.127174218065206,4.2799698202709,3.73369780246304,2.90754727019173,0.0218161774775864,0.07546325343464,0.228733221511428,0.384823476566138,0.0890930554732978,0.00947849829795146,0.0512067126806183,0.109158794382723,0.0146844380986748,43.6749936,5.6483023575,5.0018069275,-0.508619672,50.6730625,4.6849968925,-3.8651374025,0.04879252425,-0.13672200275,-0.30406567125,-1.1784458525,1.2196550475,0.0354498341,0.807114369,0.3408081165,0.4700385125,47.37242945,6.492434385,7.6173188025,-0.0233316975,67.3379689,19.654583675,7.618711725,0.13628660925,0.168954553,0.599354825,0.415528173,1.5585653725,0.072055863625,0.9961547565,0.7750840645,0.52913290425
46.928289179,5.5114386337,8.1205269635,-0.183021805653704,53.71588579,11.25386024815,6.094928147462,0.118166623556,-0.11219493164083,0.4794806142266,0.3577168448048,1.2348027116,0.04039881887,0.88047204671,0.380047290831,0.51488197219,1.29642060983279,0.203330391277891,0.797331055539267,0.109989972252532,4.52169387525712,3.98235608085073,2.62069801301161,0.0156320673741036,0.0653674745600229,0.206167138128072,0.312914590166889,0.0794292400818233,0.00887472072325658,0.0705092168552016,0.10917023640391,0.0144394998415309,44.358466275,5.1454568925,6.8505182525,-0.40007701225,45.502411125,3.8695098675,0.82595297275,0.086716188425,-0.245417135,0.06497672035,-0.2644731845,1.093082385,0.023237857425,0.722389854,0.1647094375,0.4870586905,49.38903315,5.9214436775,9.903475415,0.0208623437749999,62.72503465,19.38519885,11.189969225,0.14825709375,0.014900514325,0.88030134775,0.978330511,1.413390825,0.0573635074,0.98914655975,0.604395194,0.541805656
45.868123648,5.465181366,7.1486482163,-0.115965917536786,56.684729877,10.54207168804,3.1000789406131,0.106738774337,-0.0337109362526685,0.24387945495093,0.0888240029556,1.27283923441,0.051960358735,0.84574258921,0.50647506719,0.47995096952,1.06044320296248,0.194329508303087,0.782118123714468,0.111641453674216,4.11797678575165,3.3685062494863,2.58595364220799,0.02118621895723,0.0686698942819782,0.203433840463455,0.367278307773022,0.0825819513541828,0.0104228787634911,0.0710065981794834,0.100558856749505,0.0133152838950434,43.962778925,5.09914347,5.8378469425,-0.322170334,49.03269025,3.888410305,-2.13838843,0.065354027875,-0.165629222,-0.1682244285,-0.61725252525,1.1320378125,0.032645600325,0.69926556025,0.32150159275,0.45510312775,48.0847278,5.8501719475,8.80988994,0.11304600375,64.712964,17.184804875,8.0694227325,0.147853986,0.10170647075,0.63481170475,0.76393629225,1.457260885,0.07360541525,0.97581094775,0.719115524,0.506427176
46.533187807,5.9153872678,6.6333823568,-0.12715997179494,54.514011356,6.766004782212,-2.7281620850464,0.0768840248571,0.107436215784702,-0.21462120638329,-0.4905535489991,1.23704010136,0.046061079571,0.82754991076,0.390445090814,0.50012597548,0.927315529522465,0.224814235732264,0.711645994782066,0.105737973348005,4.2196113368528,4.01475044676266,2.95258876529298,0.0230782377029865,0.0765678626177638,0.232276581401967,0.396791305926393,0.0814435016385842,0.0121007289936795,0.0886745976345452,0.118235114029273,0.0148973475111995,44.61408165,5.4697316425,5.43281251,-0.3423522415,46.23687155,-1.2252328075,-8.8222344025,0.028997861575,-0.032150829075,-0.694034497,-1.3107823825,1.082448335,0.0213117615,0.6162489525,0.14704859175,0.47188545,48.29209445,6.3634291325,8.13747994,0.06907954875,62.852028675,14.9449456,2.78225254,0.1203238895,0.267403784,0.218876433,0.215670662,1.407506205,0.069266421525,0.97001062275,0.6132631705,0.52978140125
47.235025551,6.0238970719,6.0272382958,-0.108818064799802,54.257594444,9.92521530401,-1.1058880378918,0.07345935554599,0.07836751817599,-0.08699887238434,-0.44983297029725,1.3399681825,0.062704490485,0.8962411529,0.58813058128,0.49052587469,0.94465170895954,0.237259910991889,0.678833460368244,0.135071197058452,4.54324104868234,3.61660346845474,3.30926420843527,0.0245432987211015,0.0893466193613123,0.260335806350254,0.451156927659401,0.104071796650185,0.0110157439937187,0.0522839298082771,0.119676662435953,0.0140903281592982,45.3877239,5.581751255,4.83946362,-0.36208165525,45.234078,2.89270569,-7.17527341,0.027196546525,-0.10388776375,-0.56447006525,-1.349581645,1.1488592375,0.04333104895,0.78185669975,0.36467992025,0.4632607865,49.055080675,6.4854867975,7.596996175,0.153943354,63.394499825,16.981713725,5.6173187225,0.12268429625,0.250584997,0.441907661,0.461674208,1.55809838,0.083959991,0.99457047875,0.8377202465,0.5186335435
44.248900512,5.7714757291,7.8011640529,-0.11242685865218,54.839954174,15.3647302905,5.5445487072833,0.097871980654,-0.077210105681368,0.43618293001068,0.11109137827077,1.4092358657,0.05318800828,0.94025240804,0.57944627592,0.48777588966,1.0936282044172,0.205561278606653,0.791462585753118,0.122651539959274,3.91335624797036,2.99932052380584,2.53956424566129,0.0188075264604777,0.0672771520105903,0.199784442730232,0.345620294762155,0.0781566199163269,0.007788938866704,0.0434464594776987,0.10214985166584,0.0132540610181889,42.2360974,5.397244775,6.4038107575,-0.3374012525,47.267535925,9.79616641,0.63671144275,0.057942723375,-0.20532965325,0.050089317925,-0.62262955925,1.2681912125,0.039284022275,0.8388754935,0.39270157025,0.4634846365,46.5555308,6.1744893,9.476484755,0.1366901255,62.659983675,21.2163,10.81977615,0.13410942925,0.05771832615,0.851178657,0.7556250125,1.5751422075,0.0693564097,0.9976633665,0.815292717,0.51434113575
46.228449826,5.8494793251,6.1182309042,-0.15835332310833,56.796482209,17.01315456065,-0.5351490925882,0.050871723262284,0.097111553629186,-0.04209953090646,-0.8375665381061,1.305149467,0.049361018649,0.80854891348,0.438648659611,0.50448898755,0.927534786163549,0.223703259850505,0.685738962200471,0.122810850943962,4.54277481217744,4.05486748025191,3.39197742634873,0.0284226890194334,0.0910559017233865,0.266842755191624,0.477494084282838,0.0975001101067509,0.0142429655138359,0.104977923887492,0.126806781769549,0.0146347661285739,44.363846325,5.438691465,4.92664305,-0.39348657475,47.900543,8.3519594175,-7.1365963375,-0.008478924415,-0.0787814801,-0.561427395,-1.7858716,1.1266046475,0.024237394825,0.57885081425,0.1804946565,0.47653191875,47.911723025,6.28899263,7.5276063025,0.0919987398,65.641384325,25.026945225,6.0857912775,0.10636333575,0.277916352,0.47876181975,0.0740751710499999,1.50484118,0.078795511975,0.97429251575,0.67855747175,0.5332247615
45.468480436,5.5160013648,7.8966816942,0.17957178777962,54.29256388,14.4071158679,3.636489556537,0.087196734066,-0.02965061125867,0.2860782280481,0.20125654372924,1.2980917101,0.048585658192,0.88573602879,0.627395614,0.48550305239,1.05538746761852,0.203142354438092,0.873171289729375,0.133791228243444,4.1380687064437,3.6955517589186,2.74746182871259,0.0218740357163466,0.0722125435197363,0.216139493540994,0.388377100368046,0.076460344296031,0.00922392037677253,0.0733404084090032,0.105397331373902,0.0149237982488886,43.30047055,5.1297439925,6.3225502425,-0.083087127275,46.462138725,7.2746666125,-2.1018430475,0.0461367365,-0.17393107725,-0.16534944325,-0.536475881,1.15522427,0.0318211956,0.72067259425,0.44527145025,0.45795161375,47.48255445,5.9163255075,9.851658315,0.440564581,62.31051205,21.544795625,8.98922316,0.12954270975,0.11765580375,0.70717129525,0.97341030875,1.4473610225,0.0668238349,0.98880433025,0.84663305225,0.5159401725
47.087622955,5.688145822,8.0507927446,-0.1730576160951,61.021145306,12.8966631783,2.329846638641,0.100479842432,-0.001224785194279,0.18328621282851,-0.182790993712924,1.16204283705,0.0333870053701,0.89520899819,0.52086870641,0.49636053828,1.23954491731325,0.204194551246961,0.943149032916166,0.111303688347951,4.04824093696304,3.40224368358734,2.66738960674178,0.0191052141597839,0.068561012544185,0.209840309243969,0.352011602333178,0.0908535942218694,0.0094952645960783,0.096142274626073,0.115748867634693,0.0146891902280089,44.5477831,5.30429125,6.49947078,-0.3768993885,53.351119125,6.3403326975,-2.676359555,0.0631568268,-0.13962746475,-0.2105459705,-0.87338956175,0.9930697455,0.01652234475,0.663664278,0.318148923,0.46765767375,49.49834295,6.090522065,10.168097525,0.041281655,69.3116665,19.587272375,7.60967842,0.1393779675,0.12812390675,0.59864418525,0.52711425925,1.34308574,0.05333771735,0.99788555425,0.770784612,0.5266920045
45.237572825,5.4531262037,7.6484096347,-0.072537143386308,51.593233121,8.40822351378,-2.7699918822656,0.06216423021049,0.11654121522756,-0.21791190569126,-0.5645577096851,1.266370241,0.0385368006976,0.746994441834,0.60094936927,0.52459638269,1.05524221561317,0.200974453182666,0.796812846558112,0.121336945385231,3.86158091405397,3.35306661145601,2.90910001979617,0.0268089071217418,0.081955635428018,0.228855374082799,0.459006703131554,0.0778689479183649,0.0131775356138342,0.131729738336016,0.121429057682843,0.0142877685974582,43.22252065,5.084584895,6.25470086,-0.31376342975,44.183273325,1.8452970675,-8.4024617975,0.01210877895,-0.049092877875,-0.6610114835,-1.475479155,1.12906762,0.015291931875,0.46675130225,0.3732420465,0.49923890975,47.3449035,5.890242655,9.3726556875,0.1695808585,59.004598225,15.16613055,3.08526686,0.11494065475,0.27497237275,0.2427142115,0.35210781575,1.4353493425,0.0660244977,0.968171532,0.85272251525,0.5543560985
48.164931497,5.8234531952,6.5179941386,-0.11789843276314,58.002898126,11.428134931506,-3.728133631279,0.0563398795094,0.1573933905369,-0.2932877563044,-0.8745679636756,1.2854229228,0.047553844001,0.75746487459,0.50875329872,0.51073286553,0.963251048839661,0.230130336091037,0.695157933593497,0.12608582965495,4.82708108612466,4.25987785247275,3.50343445281468,0.0230862481911445,0.0890560588550042,0.275610944302304,0.433769242161163,0.0985689668785205,0.0108564353820908,0.0990074173370493,0.100404786717414,0.0162189291898326,46.21478495,5.39042078,5.306596825,-0.36479216,49.068346875,3.7225625575,-9.84793662,0.014060201225,-0.038984108325,-0.7747252445,-1.6684602775,1.0907869075,0.027615004,0.527139222,0.3213290065,0.480634338,50.013149075,6.31313184,8.01422642,0.128141184,67.811144825,20.7086458,4.02646968499999,0.10372401525,0.3107947225,0.316757496249999,0.00687394699999962,1.491320165,0.068906086475,0.9220859605,0.71575198675,0.54270661125
45.802247525,5.4730407131,6.7450895982,-0.02259719948494,72.508076035,15.5512812942,2.3896285165688,0.115608125266,0.010007851786272,0.18798918066247,-0.098951405115,1.10341841621,0.042041518159,0.937934672,0.63591697538,0.50926926742,1.0276157907071,0.208828029153233,0.767259603651649,0.126455525631352,4.22689286750197,3.52634377920518,2.55012937333922,0.0192328004834378,0.0657233144249472,0.20061558844943,0.33405547987339,0.0792452315449468,0.00928157358724636,0.0522397250508507,0.112083280207764,0.0149933417156618,43.6152606,5.078067775,5.448299405,-0.27757251,64.1811681,8.29364039,-3.0909239575,0.0771731021,-0.11866247025,-0.24315924775,-0.769154238,0.967121537,0.02580723895,0.8081604845,0.43972498775,0.4812521445,47.8015103,5.8922249925,8.45126048,0.202011634,80.636876375,22.301965875,7.196745185,0.1526814475,0.15413131125,0.566159219,0.559272203,1.2636328225,0.061616832275,0.997712378,0.8793459145,0.53991233775
47.309857602,5.7563885672,5.7869505211,-0.01053936778499,59.681402459,16.4985547192,4.9577420234862,0.099751031924,-0.05565981997659,0.39001955937058,0.10176937820148,1.5176016269,0.060470738044,0.94689057528,0.58508869463,0.49336023481,0.897329488419048,0.211222754591554,0.63683188118027,0.139514965792283,4.8545010353225,4.36865816190331,2.99915320703995,0.0205113908411108,0.0755938415326789,0.235939749997781,0.375079717398242,0.0995421441544236,0.0100734344338955,0.0419267932900246,0.107057575880777,0.0141176424794373,45.479044425,5.3735940525,4.666554065,-0.3032688395,50.36574305,7.55581461,-0.7961746075,0.0593053715,-0.202709529,-0.06263409155,-0.62626118225,1.337824325,0.041343551075,0.84412083525,0.4024529555,0.4678114745,49.029671025,6.2230200125,7.1751970925,0.25301412875,69.088432525,25.29186075,10.6541289,0.1386690335,0.0948502503749999,0.8381474375,0.81281494175,1.7165078025,0.081764340275,0.997782209,0.8197041185,0.521230002
45.923001239,5.4783360329,6.8236182459,-0.24528589609417,54.527123012,7.961985269759,5.285544627467,0.129385204289,-0.10600872786181,0.4158073925095,0.394653558651994,1.3338987272,0.052530553242,0.95683533393,0.49102566035,0.51096913869,1.04921060936156,0.206981425348734,0.707678767086344,0.111030662837591,3.95244453810813,3.41365845471908,2.80668590407245,0.0206611673629349,0.0739466197072778,0.220798580025679,0.36324004949246,0.0830459354656106,0.00881756711456646,0.0426425511844229,0.119810056849623,0.015888819617942,43.654759625,5.110423745,5.5715078175,-0.44909797,46.660637425,1.5579462875,-0.45219050625,0.0884690201,-0.24312066,-0.03557327905,-0.35629488875,1.17813045,0.036027177775,0.83794743575,0.27076396675,0.48097386775,47.80762945,5.91829145,8.2646456025,-0.0209227314,62.33278885,14.829116275,10.6434249,0.1691441725,0.04951939715,0.83730536625,1.09079684,1.501745075,0.0698458034,0.9991641595,0.7417014225,0.5439735815
44.232675312,5.644950101,7.4116597974,0.14041703874398,62.609618945,8.690838602078,1.6307307360359,0.118531080414,-0.00248567125883,0.12828761145148,0.30665567673981,1.284703981,0.045157370633,0.84989305419,0.54226233386,0.48361404388,1.15925363673721,0.19348835292427,0.751391802710744,0.112649567191304,3.6428232120753,2.939034076969,2.50008881827661,0.0216231982991717,0.067950836916509,0.196678958740636,0.368064143060509,0.0711789956512175,0.00846373104547577,0.0857103641095826,0.107010452937185,0.01289451232079,42.089260375,5.2832699775,6.0585312175,-0.09423065145,55.3330436,3.0355436125,-3.1246591,0.0769685071,-0.13126348125,-0.24581314825,-0.39453982775,1.1492868925,0.02949713385,0.66412485925,0.3590551785,0.45845672375,46.780063,6.032936915,8.994966225,0.3484885405,69.8147273,14.358918725,6.561012305,0.1585713205,0.12786012075,0.51614689175,0.98967234125,1.4313647125,0.061816170275,0.984705707,0.76391603175,0.509685482
47.08147216,5.67532435,6.3506734615,0.0562956917229,67.102268714,13.8095370516,2.5603242805613,0.112197182146,-0.00310516469462,0.2014176094664,0.068179733970167,1.3212831423,0.053911150309,0.93705814878,0.441675043061,0.50629645009,0.953909376638996,0.208247145314649,0.756612949705693,0.12639579161825,4.67602085759671,4.15590760981512,2.92579203597799,0.0209328697953728,0.075667492740064,0.230168515163064,0.365463219331196,0.0951480116108548,0.00951125542601542,0.048219095630201,0.130225485799852,0.0148977862451443,45.227098025,5.2946523875,5.029380315,-0.18665495125,57.473541625,5.8036545875,-3.20323466,0.069403148775,-0.1535470665,-0.25199458225,-0.70130398375,1.1572908425,0.03546365245,0.8222202575,0.103145983,0.47722199225,49.064071425,6.102479755,7.98246657,0.3033275975,76.05309965,21.374011275,8.4306428325,0.1525219925,0.159779,0.6632284595,0.76524978725,1.51149267,0.072960681575,0.99805166175,0.68041713375,0.53625963975
44.498920102,5.5315478466,7.2709092266,-0.24323241163726,53.62759723,10.68312535279,-0.40495210617259,0.0735605602761,0.062864957186125,-0.031857091412844,-0.54135623149448,1.3722184197,0.05179449183,0.91792288498,0.49670936342,0.50776420998,1.04940312018763,0.196755910831374,0.746011040695094,0.114545631855895,3.96906241253763,3.26877876137384,2.83927103444898,0.0230359258092533,0.0773812332160712,0.223362012618899,0.409366669346902,0.0786535680416904,0.00893014447922958,0.0565771891962929,0.11049720882003,0.0145058187179215,42.5036865,5.18367562,5.9647073875,-0.4714383275,45.781578225,3.9248031775,-5.8248860725,0.027106388,-0.08884418365,-0.4582367285,-1.346166635,1.2218030875,0.035584264475,0.78139840875,0.276158611,0.479857873,46.588982875,5.9373480025,8.8471618975,-0.0187749352750001,61.51377355,17.024669575,5.4488825775,0.117643003,0.22027956225,0.42865698875,0.2790138545,1.5312536825,0.06974131665,0.995045424,0.719998793,0.536723655
46.506074736,5.7526626888,6.5117910366,0.04816941447503,59.705362665,10.12254888236,0.44166798080873,0.096519524906,0.036985386034515,0.034745485096353,-0.05530621740541,1.390795391,0.038412124197,0.90058550999,0.488080088069,0.48353848414,0.889047045268533,0.212378914235144,0.702682801108403,0.125218369568884,3.80364706057255,3.28245279377906,2.52281062496216,0.0210885938642796,0.0677721345540254,0.198466455775287,0.374575257346779,0.0878970644111464,0.00806266354645313,0.0753409699519466,0.134051196403683,0.0137952302838439,44.845463775,5.346407855,5.24013736,-0.19320683875,52.340310225,3.41055974,-4.4737368575,0.05557699825,-0.091626731475,-0.3519434595,-0.80818987125,1.22548758,0.024659011225,0.72206575925,0.24220162025,0.4581557275,48.306272175,6.2201131025,7.945693135,0.302632584,67.24227775,16.0557634,5.3181340125,0.1374078675,0.17161492825,0.4183711585,0.658220298,1.5778342125,0.05490794765,0.99669574725,0.763054693,0.510680351
44.014388954,5.8255623624,7.3414603382,-0.16629363704111,51.154761939,18.6193670358,0.3548799389567,0.0366810133721,0.08054782106376,0.02791797493884,-0.8675945921458,1.3679983836,0.040380574046,0.9023843832,0.460925800031,0.46481330782,1.04824619055158,0.223775960781427,0.749832793697137,0.11844851214682,3.47185087212952,2.84708958692371,2.82848270729447,0.0225444436192837,0.0762790414069426,0.222513308252843,0.398050745968393,0.0817154608413242,0.00838528378796874,0.0713861594391262,0.131607611427005,0.0145839162131216,42.044686575,5.4342585775,5.917523635,-0.39772057775,44.424578325,13.0278711,-5.06716941,-0.00676733108,-0.07075238805,-0.39862808725,-1.6336668475,1.2169132425,0.02499231805,0.7285458205,0.1997800885,0.43564869825,46.227007225,6.2930860975,8.924973475,0.0712825299749999,57.7590108,24.216189225,5.9009310925,0.082912285525,0.2300078515,0.464219098,-0.0742428113500005,1.5267259275,0.0577535106,0.99704166775,0.72229816525,0.49432967525
45.362033573,5.7892082451,6.6987214408,0.09393300640407,64.642390035,11.138497203027,-0.6984504227975,0.095162506446,0.0731020100370913,-0.05494624865983,-0.18712567263649,1.2757643788,0.059661549666,0.92689489781,0.43992525891,0.51472750392,1.05575328425268,0.199917682867634,0.790956687917756,0.111432214969843,3.95276957150781,3.63964551848782,2.66012669710234,0.0221615484860455,0.071175441929976,0.209268944796363,0.385205374256152,0.0841606047181783,0.00913443397025447,0.0460041044782177,0.103868355826688,0.013965704338534,43.510720575,5.3985158175,5.3918816425,-0.11816249775,56.9697029,3.497373415,-6.0600860525,0.0523238895,-0.057019950525,-0.47673962725,-0.96148587825,1.10449357,0.04222534255,0.816794787,0.238460455,0.488796828,47.74205105,6.1798906725,8.49327645,0.31596535175,71.8538754,17.4715463,4.423052645,0.1367055645,0.21071871175,0.3479561915,0.4939460775,1.43909729,0.077741429975,0.9941109365,0.6620913915,0.54187654525
46.614998551,5.8834072949,6.8399860881,0.22509252729724,64.407890956,14.7424542459,1.0501627111044,0.090653424375,0.0427327681318,0.08261502823773,-0.043700174708978,1.4010523893,0.051811147575,0.86798042132,0.3762076737096,0.50503785857,1.0124588813634,0.208643900985639,0.771746798381655,0.111178733941916,4.03170628443575,3.27168695211635,3.08932536519784,0.0249589650441012,0.0838867053955108,0.243033484005175,0.426531243925952,0.0945690486240513,0.0105064335562391,0.0771989735950655,0.129283323679287,0.0149044155629212,44.474545075,5.5072991275,5.6324757875,0.0097680037025,56.94301235,8.4281340125,-5.0195846725,0.041845560925,-0.1112675945,-0.394884642,-0.89612627275,1.233606255,0.03290318525,0.68511438475,0.099449200175,0.476941956,48.48996195,6.2928472075,8.57025915,0.4516654085,72.126423325,21.1674112,7.0044761725,0.13833839575,0.21109538675,0.55103365925,0.778330075,1.60634778,0.074399316875,0.98563707475,0.61950341925,0.535998719
44.778048576,5.7157630186,6.721736442,-0.00634231160062,55.878594534,10.8597594353,-0.0737416379674,0.08042039982,0.054659787322467,-0.0058011654087,-0.253549397072448,1.334035736,0.041704332135,0.93067282525,0.55028385855,0.50774712841,1.01712977475238,0.197247385027386,0.765759380000844,0.123438069099839,3.71083250120753,3.06982298813337,2.63965175002215,0.0217731356030786,0.0718463695220368,0.207658205605468,0.383156896104813,0.0747400408182165,0.00850423186983127,0.0615141174297034,0.11173484711802,0.0140281815204984,42.707846075,5.36168085,5.3729972525,-0.2446942565,48.458526875,4.8883716225,-4.9937685475,0.037580767725,-0.083980339525,-0.3928537195,-0.9817920565,1.1929764275,0.026976489875,0.7837128885,0.34528287125,0.480644462,46.743444125,6.1105097225,8.3096522775,0.2424386205,63.0616068,17.065603375,5.128519025,0.12281229675,0.18958028625,0.4034543735,0.46171683075,1.481999135,0.05895244285,0.997245036,0.76273704625,0.5343487345
45.016518819,5.7596382635,6.9743009051,0.02447064622594,54.31623905,15.8060271556,7.213689269517,0.106687114049,-0.120735995605165,0.5674921957015,0.4411584453305,1.306495003,0.043989594715,0.82386046821,0.471403612462,0.49150210806,1.05703800813366,0.207061912634822,0.791133925554562,0.117988096840322,4.04620900623586,3.34787938008569,3.47623867832719,0.027771903953233,0.0942092659089774,0.273471484878546,0.482347661224227,0.0787893021014699,0.010154131553563,0.106712504254978,0.120236571109518,0.0139176766510568,43.02303995,5.3814272175,5.614419015,-0.21502490175,46.306529175,9.2524812475,0.4427701105,0.050166208325,-0.30547631375,0.0348321881,-0.56739472425,1.1633634625,0.025941633525,0.59346319975,0.2460785835,0.46569406325,47.04369895,6.168882605,8.7690012075,0.2523313725,62.1185757,22.40880355,14.12564955,0.159315663,0.07199810775,1.111247725,1.352922945,1.464278865,0.065623132125,0.98769645525,0.72364639375,0.52031471425
46.832042518,5.6072004284,7.477882788,0.09686197640271,54.177903136,11.7154643364,-1.0038344598672,0.06575931997887,0.084253666791484,-0.07897044093592,-0.34075368003592,1.4745857024,0.053029850124,0.89223430504,0.54593889294,0.50247377979,1.11862934749134,0.214910812359624,0.789864458144145,0.128961654651288,4.35365581203632,3.28813650131985,2.91434869097538,0.0210368088966482,0.0771868532765684,0.229268281208999,0.384531371040278,0.0981965439782234,0.0105269712736872,0.0558330285977645,0.12394496799233,0.0153328721716664,44.53216485,5.20328105,6.0864245175,-0.161492074,45.68927385,5.19095501,-6.465152395,0.0230324299,-0.068411004825,-0.50860570525,-1.1202192375,1.2983299775,0.034654176025,0.76338951475,0.32631926675,0.47560465825,48.901573875,6.06814413,9.09687629,0.36309451025,62.658313625,18.135753475,4.88251975,0.10627499625,0.2365179635,0.38410191525,0.43903590175,1.68662137,0.0740813027,0.98457366425,0.811278675,0.53383307225
44.784446304,5.6792054425,7.1993675561,-0.037227799915464,60.857660372,11.73184278416,2.227130905498,0.10472223348,-0.004061073325814,0.17520569046659,0.00936357746513,1.3412791869,0.055422671746,0.8741612011,0.3038175882084,0.50839320071,1.04621520756057,0.189636315835288,0.735717826281401,0.0933187363539683,3.68351628314155,3.02597467439904,2.61836456280028,0.0211651051851829,0.0708294444532698,0.205983568344273,0.364703620889314,0.0768170715832102,0.00905705494739015,0.0619006159683638,0.120548877414009,0.0142373333646103,42.87919935,5.3040014125,5.8968449475,-0.22345921,54.125885975,5.7336666575,-2.6761071,0.06381414695,-0.143708166,-0.2105261,-0.697344461,1.217820415,0.0377586526,0.7331825995,0.05632873795,0.4822119475,46.948042,6.0535148675,8.78185669,0.14693528125,68.445804625,17.621106175,7.364652705,0.1449343495,0.12975647125,0.57936831225,0.67890228925,1.5049674275,0.073768224675,0.972684554,0.52056623825,0.5365257705
46.240763603,5.5285516406,7.9790629581,-0.21162400795207,54.570293344,22.012809079,7.343205819277,0.079611608357,-0.094192190917314,0.5776811060865,-0.15591846991071,1.3550258487,0.053388554351,0.9378509743,0.59793575946,0.48002821836,1.12540757594625,0.185947724325256,0.798269043754583,0.119710855329825,3.88043137167659,3.22530256248901,2.7720259592025,0.0210089600490625,0.0744754931725216,0.218071923756775,0.383085365027094,0.0873484908897738,0.00908166157105568,0.0438585177469463,0.105388067736426,0.0145073879870214,43.99953215,5.1504938325,6.548648695,-0.45457799025,46.923509525,15.6019945,1.859246495,0.036522165925,-0.2346626435,0.14626466825,-0.91562583475,1.195118195,0.035953041325,0.8353062465,0.41273353975,0.4535652265,48.40364585,5.9016834675,9.6710633375,0.0261007870249999,61.9537331,27.9840117,12.5680454,0.11938191825,0.061738112825,0.988712926,0.56365215725,1.5458243175,0.072008064575,0.99628374075,0.82341407025,0.51075390875
46.916197177,5.9045139905,7.4507775713,-0.04645563214763,61.021543599,11.07435931897,1.75796974304706,0.104742327692,0.00558730880709,0.138297350149862,-0.02134510543438,1.3129168294,0.042791689716,0.90481122918,0.515762893414,0.49079162799,1.03899133580719,0.213208479588089,0.865672265626894,0.129265384472612,4.63910093932485,4.15082456457356,2.91156795626584,0.020406778425216,0.0743178350877395,0.229049523871563,0.383716251037987,0.0830231986733418,0.00958358034796039,0.0629133632121743,0.121389850802413,0.0144644079131509,44.85644985,5.4904721475,5.87222165,-0.30764061525,51.47225205,3.315170095,-3.8141232725,0.063288783075,-0.13705281525,-0.30005245525,-0.80217391975,1.16164035,0.024779855975,0.768642899,0.27234267275,0.46367518025,48.84157985,6.324415615,9.217079325,0.20586405275,70.345598275,19.086019925,7.4218423275,0.144180933,0.146198149,0.58386734425,0.69056605375,1.4818302725,0.06251224735,0.9948501225,0.75390956875,0.5193436305
44.961599301,5.8601920023,6.1518856061,-0.07396017726781,54.191813888,8.861479462822,-2.5449827591118,0.0677955669001,0.112582462653168,-0.20021071066764,-0.54361763720065,1.3476460192,0.050389109784,0.92975316289,0.68472393634,0.5027983059,0.902920726658765,0.215794150219117,0.639531733132573,0.152163229318373,4.31939051629717,3.85527255525432,2.88691104664546,0.0243372470024055,0.0771502895134876,0.227109794995461,0.422394537979081,0.0907407910392608,0.0105434043631381,0.054477043078147,0.108864176622899,0.0154769703045959,43.11924095,5.465078565,4.9898265325,-0.40254105925,46.20597255,0.946412911,-8.0723443325,0.019950329525,-0.0322660549,-0.635041549,-1.41214124,1.17505377,0.031709146975,0.79625265475,0.49067400225,0.4741082475,46.721883575,6.294324315,7.5139485925,0.2332062145,63.079248275,16.267164475,3.029132925,0.11625628975,0.2628177475,0.23829822175,0.25703157375,1.5400237875,0.072275950025,0.99674142125,0.91594339025,0.533505043
47.101479981,5.7654928644,8.4018845111,-0.111646932872737,56.106250096,2.3075048047883,-1.6330609182625,0.109090725644,0.055863534726188,-0.12847092423475,-0.0425313632042,1.2892096779,0.068499033151,0.95099828051,0.494605045012,0.48500398658,1.22799848005399,0.220977433591219,0.850347727001323,0.130793402300583,4.9378039912945,4.01547626939824,2.76906802859815,0.0194590434021987,0.0705282270587607,0.217839227260037,0.348777342142992,0.102443032777112,0.00882222101124381,0.0309614245155636,0.127892505492168,0.0151146677271186,44.726669775,5.3658257675,6.9376968625,-0.36160254875,46.214507225,-6.0030593325,-7.257277775,0.072673801625,-0.07847940205,-0.5709212475,-0.71650894625,1.1050216225,0.04975703,0.88422897675,0.24093139725,0.45657450025,49.4836044,6.211598355,10.204486675,0.16037040475,65.4421833,9.8947579925,3.5881885625,0.148293245,0.19644884925,0.2822784425,0.65638636375,1.4924484725,0.085698974475,0.99669396725,0.74455033575,0.514525161
47.09416349,5.648889106,6.2582457099,-0.09998032329209,61.962529361,16.5429008029,5.246282845386,0.106982516893,-0.063338877155672,0.4127187159647,0.06585009510772,1.3032563134,0.046388852597,0.96556195743,0.42543317582,0.49652041852,0.957922676876784,0.205698029682814,0.694305341862322,0.118548887341505,4.37150985175379,3.80565510407956,2.47334735959634,0.0133092590205215,0.0581850390679211,0.19457524078087,0.251479122662968,0.0815332635662907,0.00674116976863978,0.0285576937248702,0.105926135705604,0.0146852976867615,45.169047575,5.26386408,4.9826630575,-0.3202440725,52.95144945,9.3707041225,0.4859302345,0.081416386875,-0.18258836675,0.03822754265,-0.41907212375,1.143182195,0.033490559575,0.88656736625,0.22012134525,0.4699762405,48.78560535,6.072224605,7.86018272,0.1465268255,70.4601705,24.6706102,10.38421145,0.133544006,0.0481981277,0.81691334175,0.54164857475,1.4627600175,0.0600479041,0.99899475325,0.64735049775,0.52800478775
46.594078984,5.8361096383,6.366333162,-0.11300790746729,54.034258177,6.87126090759511,1.82898263055467,0.1082471755087,-0.016729875575085,0.143883847961949,0.1256548837547,1.3331537225,0.057252483088,0.92491806699,0.45788912557,0.50298749175,1.00897268300394,0.204384613593011,0.677745698300194,0.121125720870158,4.11895480484109,3.82518236977264,3.29423034366515,0.0252715324658186,0.0867902569573586,0.259153110657714,0.433565387734411,0.0972747071011952,0.0119533752470265,0.0566567546380122,0.112771834873212,0.0145445395932837,44.534896925,5.4542794,5.228912945,-0.36242042925,46.08356,-0.96615388225,-5.0611621425,0.053643442175,-0.17477754275,-0.39815549675,-0.812517218,1.1519027925,0.036228349375,0.784416853,0.254147511,0.4758832615,48.5032119,6.234282605,7.889366235,0.11351104875,62.59498385,14.19564325,8.0683716475,0.15304632175,0.1574707805,0.63472902075,0.88029206375,1.531874755,0.083571841425,0.9977607185,0.68147401425,0.53139314675
46.244848286,5.3666012667,8.6255288157,0.166960857999148,62.678019961,6.765120859617,1.420716365451,0.126047899919,-0.00607486255705,0.1117660354808,0.4235118714534,1.3965259773,0.05175479726,0.93333562168,0.50520036883,0.48458970103,1.19456514551156,0.192243993313428,0.907276418355141,0.13287820283923,4.15818327232334,3.2300468401896,2.55055831770702,0.0180699268510106,0.0664641804460847,0.200649333281742,0.34189374724604,0.0897328527515462,0.00840723426921311,0.0465617372748053,0.116240559221002,0.0139865935623729,43.81633305,5.01241497,7.040888155,-0.0913452771,54.990830675,0.35740402,-3.6426290575,0.0913093133,-0.13573764175,-0.286561212,-0.2485540885,1.230168465,0.03363612085,0.82181812,0.2851242475,0.45984132175,48.600419875,5.771428025,10.447692625,0.41233392,70.969912575,12.978585075,6.1565424,0.163838232,0.12363964,0.48432773725,1.105990735,1.579058005,0.068385497025,0.9958127085,0.7540398695,0.51376909325
46.128992281,5.7301831876,6.3402477756,-0.234964876207932,52.063040271,8.390781037153,4.655088980345,0.117070058084,-0.086681878737409,0.3662102107205,0.2751278394079,1.3740348503,0.062113262751,0.93614138308,0.63028317903,0.50161610672,0.957280535371952,0.212639400176244,0.736177489735037,0.133817517429594,4.36750434765428,3.59729791867391,3.07703311967016,0.0242792445758039,0.0809785425556201,0.24206646791373,0.406854254740224,0.085065823681068,0.00925531201752718,0.0483672882993394,0.119970417120494,0.0152683370328735,44.2565907,5.3348010425,5.0596506575,-0.49413176325,43.440251975,1.37109477,-1.5086070525,0.068656381825,-0.2378804345,-0.118680283,-0.52329023275,1.2238851525,0.045667450275,0.8146724775,0.39628124225,0.472601646,47.98478635,6.1713399175,7.979471645,0.023824187625,60.706856775,15.49189735,10.1713858,0.1626578805,0.0823761928,0.8001705625,1.02815178,1.55045317,0.080326134,0.997260895,0.8898531565,0.53252376625
46.089334439,5.7129127634,7.7239695075,-0.000802975941466,62.913232474,20.5377000267,-4.308044184121,0.02166860487472,0.21741715335314,-0.3389086170877,-1.35595006765622,1.5316240602,0.085374249187,0.8188511307,0.3825359613205,0.48727874437,1.11631469114449,0.223670734927829,0.835446285269365,0.134173530870853,4.88500189201863,4.35189969952531,4.11656400600578,0.0402112694022297,0.11895827044908,0.323845103593768,0.671121735383399,0.119757110531962,0.0150910969966908,0.0742824577546248,0.147149253206277,0.0145573057579373,43.843414625,5.3062840325,6.2309650975,-0.25901631225,53.3367166,12.160463225,-11.407182425,-0.049403641225,-0.040556459575,-0.897389203,-2.487660615,1.30398035,0.058470525625,0.66218562325,0.037857104425,0.46060327275,48.10092775,6.2032199025,9.54062128,0.267696936,72.38924655,29.3269836,4.550404935,0.105030878,0.41770724625,0.35797484625,0.0390977973,1.784001225,0.1169211495,0.9432818595,0.670986357,0.51752593375
45.887562431,5.6312940657,6.5324628445,-0.094012809990245,59.391394698,13.0096970267,1.864149264043,0.092768319008,0.012063890897119,0.1466503642709,-0.1857188752875,1.2996179132,0.043014925173,0.91391610971,0.47227094312,0.52243069261,1.01712651935605,0.191504253611101,0.676171601404997,0.110122090235281,3.78135278985915,3.23523834957493,2.50691919107755,0.0189910147647929,0.0669989313596721,0.197216295676639,0.343053764770687,0.0751351957912805,0.00901342098188939,0.0582825842453465,0.0994305984753196,0.0129315824810017,43.8480864,5.2801120425,5.28323827,-0.30879179175,52.251005325,6.8399864525,-2.9461381375,0.054537500175,-0.1149997555,-0.2317691135,-0.837672016,1.1603433975,0.027281586475,0.7696932935,0.30004959875,0.49861352675,47.854207125,6.0556659,7.914919045,0.11768148975,66.867557925,19.468117775,6.7603244475,0.130587582,0.1464903965,0.53182653975,0.496999589,1.4516057825,0.06323327145,0.99667518025,0.6787441675,0.546863896
44.400984032,6.2961354156,6.8585322909,0.0194031416888,57.481977655,9.674611936461,-6.3528643200216,0.044209731848997,0.2207017503703,-0.49977213968781,-0.986400627233,1.3621217745,0.05422345887,0.85748430427,0.63908197328,0.51966490458,1.01735685050511,0.219764335732984,0.792004711189723,0.138749863427068,3.95527581772046,3.33472892022996,3.00766851594722,0.0276432978121271,0.0847269124027284,0.236609637815815,0.481402176187255,0.078162112865063,0.00984795773406616,0.0634644325982102,0.113593705242514,0.01545824505518,42.3482373,5.8996047075,5.448115075,-0.2410404305,49.770707025,3.2745950675,-11.7605088,-0.01091526945,0.050571087525,-0.92518496425,-1.915299815,1.2237438925,0.034390388375,0.724022777,0.44370925025,0.490302224,46.366783625,6.7535090825,8.71134231,0.29982535575,65.018004425,16.35404185,-0.2379772045,0.098359183075,0.378449804,-0.01872137775,-0.0175880460000001,1.5283606825,0.072632490775,0.96501314175,0.88108536525,0.548440677
45.856944032,5.6751045648,6.927658219,-0.052555720300216,51.449950243,9.8320545307258,0.3605741729776,0.077916708596,0.03779582305021,0.02836593347446,-0.21237778700582,1.4016192263,0.044825623521,0.89788142188,0.57548349117,0.49759777586,1.11968970139823,0.210009412031757,0.708082815859135,0.134742425374282,4.50850303202076,4.01273494622748,3.15774920528754,0.0225424594556407,0.0828050486494076,0.248416304739755,0.408087587827004,0.09614270308966,0.0108590208610889,0.0686912973922928,0.123560656423402,0.0154503270066402,43.606225975,5.2900647325,5.677107485,-0.303041447,43.2066742,1.50884351,-5.59642187,0.0347079036,-0.1277530165,-0.44026372775,-0.992009467,1.2224565875,0.024442176775,0.72869186725,0.3507740385,0.4705931985,48.0438776,6.1143376775,8.4471191175,0.2067854105,60.73822795,17.51089035,6.813158225,0.12361984125,0.19989793975,0.535982899,0.62415208875,1.60926751,0.06780273865,0.9908666275,0.83303106925,0.5310144225
45.413417408,5.3755992536,7.2041863345,-0.143493256420261,58.566326907,15.4668804099,-1.8019821860756,0.052982107506462,0.124274602078464,-0.1417597556865,-0.8845756868027,1.2329723061,0.048356646637,0.80499345611,0.53664001221,0.48760230784,0.988207138957542,0.197910374808384,0.765058237718908,0.115641476995233,3.69508843298027,3.16954270890089,2.88122423187046,0.0240791390244995,0.0780574801474657,0.226662419993292,0.421606070897859,0.0710878658982088,0.00947413321344312,0.0769035102779315,0.106537827470371,0.0147832379775032,43.412380975,4.9869815875,5.83775845,-0.353816502,51.0757353,9.082544955,-7.446909555,0.002957191115,-0.0174135578,-0.585839349,-1.72162527,1.0911859125,0.0300267493,0.6343273885,0.333683243,0.460618267,47.3463004,5.7912023425,8.803902045,0.10131965475,65.862407675,21.498979575,3.7478678725,0.09664381715,0.27654669675,0.294840221,-0.13398212325,1.377487565,0.0670345436,0.9277539865,0.7535024295,0.518203825
45.300248128,5.6491631573,7.1978191528,-0.06336079277748,56.643586745,12.39372813724,0.5131685869,0.079390156273,0.046038709787528,0.04037035106177,-0.3198598003268,1.3567267509,0.045154208976,0.86835003929,0.47465780209,0.4751282864,1.00083334723777,0.216280934232753,0.740465757427956,0.124732437139326,4.38151019208585,3.45972885039186,2.8911210374285,0.0228514529269025,0.0779633635966405,0.227440989589684,0.418477679504884,0.0803073657790876,0.0103924192320994,0.077101075084483,0.127946193119139,0.0154414101374807,43.35913165,5.2495750475,5.8283725925,-0.31875257175,47.3969536,5.7183649675,-5.1510712425,0.036102569525,-0.1094941085,-0.4052285365,-1.1009246175,1.21342414,0.026089618675,0.69404003375,0.2253224565,0.4465725955,47.23434535,6.09646038,8.85877691,0.1990009535,65.14823435,19.628939425,6.13044075,0.1270046125,0.19461901075,0.48227434375,0.5097029965,1.527249395,0.06576695815,0.9859853775,0.752826923,0.5076068625
44.640748209,5.8132162846,8.1978790482,-0.047135364070964,65.85275016,8.32957053927,-2.067431508301,0.101041886036,0.09693899997124,-0.1626423323209,-0.33070162318412,1.21485016708,0.053978465599,0.82873376896,0.26283120154855,0.49466452361,1.18730910857644,0.213278105492517,0.925483085727525,0.100990431294082,3.53011731564675,2.98609012897951,2.78009108944389,0.0226135807128557,0.0750812700035792,0.21870639808128,0.387477726520776,0.0892092308056325,0.00972017537471512,0.0742406897950981,0.133719558252887,0.0148630667082977,42.13244355,5.4056311225,6.6509356925,-0.26414308575,58.441740975,2.7933378275,-7.5221995,0.056711185475,-0.041252331,-0.5917623265,-1.09580017,1.056434445,0.035589229525,0.66488686425,0.0216090252,0.467651029,46.79800025,6.2669626175,10.15365915,0.14634410825,72.67627995,14.76986045,3.0055056175,0.142892298,0.245281445,0.236439488,0.358200729,1.4068004125,0.075210842925,0.95355075375,0.53016178475,0.52543896775
44.868518062,5.420284253,6.878010622,-0.2887770329109,54.684292474,10.15910322409,0.1270025408492,0.08230226890137,0.045771333699176,0.00999113612878,-0.47523452382575,1.422754294,0.059512587711,0.92645203297,0.612259372,0.50526642877,1.01177295088911,0.187509025797197,0.717765573900218,0.129271689910524,4.19373072649062,3.73483312926808,3.23589820220021,0.0267381264056246,0.0863009175317529,0.254564191366815,0.453708632799141,0.087386832704057,0.00946065402575482,0.051567098338831,0.105515443110804,0.0146445989884023,43.02203985,5.07513685,5.6521332875,-0.53904010375,46.6728728,3.6033741525,-6.2058379825,0.0301758314,-0.12139595675,-0.4882057595,-1.3555403325,1.262440135,0.04180941135,0.8050713175,0.4177193635,0.4785528705,46.918723475,5.802144725,8.35454553,-0.0220275720000001,63.0706342,17.8799706,6.1658693675,0.13250297675,0.21073080075,0.4850614675,0.3877837545,1.59741696,0.079212199675,0.99609276625,0.8385617275,0.53536637475
46.475652822,6.0941962535,6.0473732422,0.00663173254805,66.753912864,21.3644841093,-0.09065170644636,0.057377184800073,0.10604373254952,-0.007131459935103,-0.8032086403349,1.3075465999,0.0490740113,0.80749427785,0.4071360168946,0.48206434295,0.916431684917641,0.248154662180949,0.706231566854034,0.124016569032263,4.15609055425513,3.84799762659063,3.66095263176949,0.0300529799852574,0.0991349262437634,0.288002708765457,0.524778632709924,0.095891106764848,0.0122888929009054,0.0969777954667096,0.152995877235691,0.0152193934893976,44.7033214,5.6432163,4.7446597475,-0.23993256675,58.909122775,13.8258463,-7.2815436975,0.000413921110325001,-0.0925913981,-0.57283022425,-1.8109979175,1.136420475,0.0275849664,0.6144526385,0.068081569175,0.453568735,48.19269085,6.5956375775,7.5443696825,0.2566340445,75.373985825,28.816840375,7.27257182,0.1147100125,0.30362836325,0.57212441925,0.2171866965,1.4933863225,0.07382395855,0.97858091975,0.6851965685,0.51249725825
45.599085274,5.490093925,7.0219955031,0.16347781936957,62.780326687,12.29701046895,-0.5211525059121,0.0867398776303,0.07386727326018,-0.04099843649517,-0.17901995673117,1.3516845337,0.041167543212,0.81934050246,0.572987709153,0.50126904193,1.00708819465811,0.210962271819829,0.786285247309916,0.134272827460604,4.55862584822641,4.04241046440265,3.55464264318094,0.0272769349077774,0.0944655475350429,0.279639430745828,0.488018749811631,0.0953931503782665,0.0142328092022367,0.107151659016544,0.128998986154905,0.0160858177616295,43.69960125,5.09778232,5.6873207425,-0.11403458025,53.9353022,4.453845245,-7.6838043925,0.0351640289,-0.10361037975,-0.60447558325,-1.1068737825,1.1846766675,0.017789933775,0.5757023935,0.31927191225,0.47110474525,47.60434515,5.9199878,8.7272338,0.4291338585,71.440540925,20.40967165,6.0876742175,0.1376918945,0.26580406225,0.478909957,0.71122760775,1.5584217575,0.0730110011,0.9887148725,0.82046041175,0.5346757555
47.473239516,5.6509292156,7.866362167,0.07349912712718,62.540067199,18.7356595765,2.4832745965454,0.078238053296,0.022882012869691,0.19535620434578,-0.26177648583895,1.3607508831,0.038844638516,0.91900964812,0.67563100324,0.51076811291,1.16697036040117,0.220881961728205,0.79076774699507,0.141673209849167,4.21204454016048,3.55025654236171,2.93630772504412,0.0190765144378328,0.0744142958713466,0.230995771978483,0.373242276611306,0.0976390997761045,0.00839651565561486,0.0662255083947703,0.14171177928294,0.0161794480062482,45.13606655,5.25997258,6.4494324925,-0.22370498925,54.00747625,12.079266375,-3.0859117375,0.040767755475,-0.11891457175,-0.242764944,-1.0319953575,1.173116825,0.024363698875,0.74529263675,0.413847526,0.47990662975,49.8708984,6.0932641775,9.5124292,0.33532468075,69.845685175,26.084088575,8.38135131,0.114289135,0.1666283495,0.65935075225,0.436378406,1.5608348625,0.056602607775,0.99677586725,0.95604465425,0.5433785055
46.174706995,5.5155755793,7.1384311203,0.04238054539359,61.82416852,13.7599262287,-3.828991850037,0.05382150520521,0.171455995504,-0.3012221505511,-0.8414421679805,1.23002195447,0.037388015165,0.82713746605,0.47947718669,0.49597321515,1.10527495837212,0.220149539552657,0.771555569677935,0.119870914092436,4.25958035785693,3.59991888996594,2.94503554049767,0.0224680522240301,0.0779146135742365,0.231682378589963,0.400213239395249,0.0814017043644288,0.0103194924599293,0.105114720927974,0.106357408853751,0.0153964509838373,44.05706605,5.103320995,5.829071035,-0.19251740275,53.29891045,6.821335275,-9.5616304425,0.00807565217,0.022149671025,-0.75220188575,-1.6658237525,1.0839237475,0.019676766225,0.595876502,0.289687709,0.468020029,48.315736625,5.9581826675,8.898566315,0.2733852375,70.231862125,20.496153125,1.930820065,0.096858914925,0.32891703575,0.15189528225,-0.071166656525,1.3980323525,0.059170863875,0.99271514025,0.716757233,0.52890820825
47.028356856,5.3911363336,6.9229300396,0.04896076157619,64.299696502,15.5731431839,0.41080074165963,0.0819448690964,0.06425144429054,0.032317196656662,-0.3574506995201,1.2915031484,0.047694109921,0.88464159777,0.72064894455,0.50957276392,1.02339677032204,0.215139010797754,0.726430582837724,0.142274109217529,4.32301175833274,3.81801231139015,3.04651468640614,0.0239534264520037,0.0794759171140453,0.2396656198484,0.431057829850485,0.0851254846498905,0.0102268451366062,0.0721685652711849,0.135328479830855,0.0155402533115988,45.0556431,4.9999168275,5.563645175,-0.23918370925,56.323703175,8.05484054,-5.8353504725,0.0356931093,-0.08742563755,-0.45905995725,-1.2169125625,1.142050155,0.029650687975,0.70746940925,0.483333014,0.48035088975,48.94677575,5.8374352475,8.37695789,0.3128239035,73.386162725,23.03449515,6.506725625,0.12780625075,0.22234670475,0.511876217,0.480496891,1.47456982,0.06930163845,0.991207946,1.02669828,0.54015335075
46.652254808,5.3764126298,7.0459911528,-0.00627709216842,60.529016615,8.39858406818,-1.0934635559144,0.095289287474,0.07062730851536,-0.086021453307328,-0.20402522416433,1.2781841528,0.056911962749,0.90858781696,0.61905359252,0.50674895725,1.06007551972979,0.177443787635473,0.754811517903589,0.127940308609751,3.6634279053754,3.34478636686076,2.4865351914945,0.0195083433930713,0.0652033694149416,0.195612711330024,0.344810873407009,0.0888871913736228,0.0102496430989862,0.0461544043384917,0.0996253243810098,0.0130896816092827,44.496885675,5.0353713425,5.7382022975,-0.2613946105,53.516550975,1.4138231,-6.06946337,0.058019817875,-0.053169001275,-0.47747733275,-0.872045281,1.09285732,0.036892527325,0.799413099,0.43410135925,0.48249992475,48.6028265,5.73344501,8.67675349,0.24710173975,67.87655005,14.639924325,3.6516961625,0.13123877375,0.20117439475,0.28727451025,0.47024883325,1.4518063625,0.077336803875,0.9868885375,0.82782426425,0.53129707825
44.085341275,5.9871242821,7.2359218852,0.18132148010927,57.630012733,15.8782409096,1.222236457387,0.0707725037131,0.04353078996337,0.09615186153876,-0.18588455653555,1.19106093129,0.047220692798,0.93074610652,0.68369008773,0.52162427989,1.06387665132559,0.211573958750912,0.781290177570883,0.13310379682773,3.68028047114948,3.35819476959917,3.08750388006026,0.0282626143424797,0.0871288361851987,0.242890190130627,0.484884863077503,0.0732769918527807,0.0084433618379718,0.0649214810923129,0.114530880348047,0.0166034396975064,42.0396449,5.591884565,5.8236983225,-0.07346648245,50.6619825,9.5154792425,-5.21054541,0.012043091275,-0.1226741735,-0.4099072975,-1.19698757,1.056811635,0.031507739175,0.7485411445,0.4845390195,0.49050397125,46.189769425,6.4128292925,8.805502885,0.45248006175,65.13602805,22.79497775,7.2312061575,0.12357041,0.22439679375,0.56887022825,0.72920573175,1.34688553,0.064335100825,0.99836331125,0.935082847,0.55538739325
45.538503332,5.6116766154,7.5915522794,-0.12540943920542,63.955568773,15.0013341654,4.074125628951,0.110279513141,-0.03874319244925,0.320506527771,-0.00730833089819,1.4129408054,0.050754223013,0.92309109745,0.43641211624,0.51586432032,1.07848293613468,0.200578657083261,0.832311611948015,0.119408066008851,3.76095657557773,3.24145159418075,2.80440718405914,0.0204033332604498,0.0738779064027418,0.220619315906789,0.371324288760727,0.089277692707666,0.00890729371257084,0.0566006873392542,0.117867706611315,0.0140329085043745,43.4553111,5.2177626225,6.1142597425,-0.3497396615,56.56207935,8.65552523,-1.360280005,0.067976696425,-0.18514044225,-0.1070115855,-0.74425701825,1.248381845,0.03397891985,0.7829440715,0.213611657,0.48904206475,47.762759275,5.994471235,9.4207349925,0.1011308135,71.382770525,21.21902055,9.4953339,0.1500040355,0.10259653325,0.746986418,0.67684084125,1.600042875,0.068617941975,0.99626191825,0.6654109495,0.54280580375
46.189271314,5.9966702637,6.5107646319,-0.2549921040562,57.146194174,4.2475712382767,-4.314207346995,0.083187400896,0.13861989614125,-0.3393934657717,-0.6569587331438,1.2744413955,0.058284430676,0.94514282883,0.44203761137,0.49092981074,0.974928637417114,0.205283347500569,0.703672516550483,0.117088973428625,4.21580912045421,3.45021576451418,2.39057734326101,0.0195934335475746,0.0640719963855975,0.188063823505173,0.343356798475524,0.0889850737981376,0.00926942539855769,0.0382883131443012,0.0915871398224089,0.0123223832840342,44.25153035,5.6097965725,5.2434316275,-0.4965993905,48.8654818,-2.314679115,-8.902443315,0.0438550732,0.013588634475,-0.70034443075,-1.326588035,1.1128155475,0.039843891925,0.85703507575,0.26219388175,0.46677890525,47.982643775,6.3877470975,7.9824856325,-0.018589383125,65.358883825,11.10178015,0.177354301749999,0.12072203475,0.266369675,0.0139522482749999,0.033683954875,1.4600951975,0.074993512925,0.9971202405,0.6438346725,0.51615548925
47.95627333,5.9572775156,5.7798135422,-0.02214106096747,53.06087516,7.94484366402,3.2090219586896,0.111001940856,-0.04928142479438,0.25244987010567,0.32866563775383,1.21716094835,0.0349993864572,0.8535968003,0.42441936487,0.48842433403,0.877542989143974,0.228771815121658,0.626436784396633,0.115088064464246,4.17919727461339,3.56519900128381,2.62865487520681,0.0188724508019064,0.0682013053196465,0.206793094602577,0.338684186698527,0.0841944663422035,0.00994210102369761,0.102298238068623,0.117164959047512,0.013247948350738,46.2074568,5.531155175,4.649516485,-0.24993911925,44.96298,0.67643534075,-2.621440235,0.072361889225,-0.17644305775,-0.20622552975,-0.388413799,1.0546160825,0.015662195175,0.61005556925,0.19758965625,0.4632743335,49.664744625,6.4275719575,7.095778025,0.20891685,61.445260175,14.931057025,8.1342825425,0.14853186025,0.099690577625,0.639914153,0.9672618935,1.392772655,0.0554048691,0.99416102675,0.6458113675,0.51515583525
44.738091071,5.8918006485,7.0322508377,-0.16314231379239,51.954608698,8.66048464876,6.1224536313688,0.126189796322,-0.125519289840118,0.48164601069496,0.52671096498904,1.3956640669,0.051328273024,0.92752885947,0.50687657553,0.51603231262,1.00386152523252,0.197553268591543,0.788347136326852,0.117283489487405,4.13506418463698,3.76599484412782,2.8867604823328,0.0234384528156363,0.0759045827518002,0.227097951259265,0.401437913930625,0.081875394946226,0.00978804962894365,0.0577098588449435,0.11708690736357,0.0148451650554256,42.798225175,5.518973495,5.68943426,-0.39355775925,44.430927225,1.8224823575,0.576708099,0.0785626365,-0.27584679725,0.045368928275,-0.250986457,1.260429345,0.031806303775,0.77968035625,0.274212088,0.48744192025,46.705883875,6.290515555,8.746783045,0.0690406002,59.860584125,16.22722045,11.979591425,0.16989192225,0.015178448675,0.94241994,1.3302748075,1.5681155975,0.06988298055,0.997186116,0.74293730975,0.54442728225
44.521400379,5.696323565,7.1867011654,-0.05187617712862,58.848450166,5.322343716184,1.206713960004,0.122171013193,-0.0072139085404969,0.09493072532845,0.23499245291966,1.2940783559,0.044945340571,0.87588646067,0.5895324103,0.50505015387,1.0750617375087,0.196988028149405,0.75330240725771,0.124399099914415,3.9602693643765,3.15201891347353,2.93390680756609,0.0246937497268196,0.0808087161345141,0.230806894226636,0.428889881158225,0.0837654398956491,0.00881734807234761,0.0959477546211054,0.131559140945081,0.0146068915087188,42.4468562,5.3141428225,5.8894118875,-0.300442452,51.50085675,-0.7743472755,-4.715512285,0.071344166925,-0.15027631425,-0.370963637,-0.61736463725,1.14106718,0.028786989775,0.64160425675,0.3551073645,0.47642227475,46.7366865,6.09562612,8.82466061,0.1928071465,67.1561458,11.728834675,6.575301275,0.1663230915,0.15875743525,0.5172709785,1.019353685,1.4637059975,0.062731679125,0.994525201,0.85657884025,0.53246371425
47.194446015,5.7150712281,6.482313774,-0.127859177074617,60.47492777,15.8547300145,2.4581206212866,0.086493044431,0.00960497339218,0.19337737151886,-0.3058048478555,1.2588684305,0.044923498721,0.80058106947,0.375418644149,0.51686465132,0.952944945748371,0.210479049736006,0.707520452459579,0.112689968169368,4.36135069231855,3.86709115371283,3.07775430428069,0.0229003949874071,0.0817180642724972,0.242123202698287,0.407407853216664,0.0951097064112729,0.0113289249792916,0.100308090303552,0.126234900151612,0.0155707192077801,45.4049962,5.3267021675,5.253059975,-0.34202009925,51.5047901,8.349627975,-3.70341318,0.039631269,-0.14409734175,-0.291343028,-1.12589433,1.0819598025,0.023285609175,0.574142428,0.1169109165,0.4874739315,49.186100575,6.13911012,7.983188875,0.0839022012999999,68.87489985,23.428576225,8.0302756425,0.13168454775,0.16849374875,0.63173205875,0.49636564225,1.46521815,0.066604399425,0.97557067875,0.62150482925,0.54884218375
45.883352211,5.5225412166,7.8752309668,-0.024571944991246,55.223884764,6.2434414470742,1.2632282009118,0.109836524343,-0.004295058003876,0.09937663228892,0.185675749737352,1.4542889762,0.064859934438,0.90124593283,0.11020679909388,0.50199639931,1.20856303957603,0.191228568467089,0.789221775029153,0.104619152806392,3.84911371406221,3.19726734945194,2.68511326675286,0.0192184326557962,0.070478397855228,0.211234607905209,0.356264578560917,0.0851260770277645,0.0105755267822625,0.0466529214157689,0.0764511942033353,0.0142746783028179,43.57033485,5.1502211625,6.4518341975,-0.2281674605,47.825231175,-0.0089309388549999,-3.74886253,0.075688230825,-0.1439020395,-0.29491847825,-0.43940749275,1.2939963975,0.04391834305,0.7928525495,0.0056197620025,0.474920434,48.2223901,5.8844274375,9.5964727525,0.18593715725,62.654593175,12.23248005,6.5709341425,0.148666795,0.12587156925,0.51692742525,0.868613877,1.6303169025,0.08599544235,0.98022723675,0.293191313,0.53085808125
44.929688414,5.9082309799,6.4496368389,-0.0611916592509,60.470464238,8.218150666523,-2.5634851293446,0.08534736387019,0.10997014312678,-0.20166626951055,-0.4458068323604,1.22860632969,0.038090657172,0.80742690295,0.24646940194456,0.49181500414,0.987571064054591,0.212493312711845,0.688159167931988,0.0993084438423869,3.75309707482949,3.08519763093117,2.90008259553996,0.0247790996545646,0.0799505374208616,0.228145984324323,0.418493222477437,0.0801449244421056,0.0101625381847835,0.107790230532373,0.142916359332965,0.0152137979181144,42.994643025,5.5176694775,5.2702454475,-0.25908617925,53.73480755,1.970948935,-8.09893031,0.034580828225,-0.04360300925,-0.637133034,-1.3182110675,1.0859109525,0.018742301475,0.571066171,0.01108874628,0.46124095825,47.0849836,6.33987332,8.02699772,0.13048244475,67.759234325,13.791756025,3.295464865,0.13270320075,0.26534642575,0.25925023075,0.32271801175,1.39235598,0.057389089725,0.983423658,0.5285745075,0.52252205025
44.497683509,5.6792533806,7.2011416434,-0.04630881108095,61.789479001,18.8884915097,1.82545528274301,0.071014217010435,0.04161976320692,0.143606355672492,-0.4850682404006,1.2738751289,0.04237149001,0.85730420658,0.60226063454,0.48881536085,1.06204384655162,0.197625778986908,0.828311579650962,0.125382131065253,3.49894334340447,3.05821781874683,2.93096235708418,0.0246138914692718,0.0805932179611652,0.230575258134323,0.443548050764491,0.0713601496650075,0.0115958199689619,0.0864682295786907,0.106344269697738,0.0128865382175861,42.3347746,5.3231677375,5.8130670075,-0.2890004625,54.48442635,13.133064375,-3.8498378275,0.022811347775,-0.12007998975,-0.30286207875,-1.3876206675,1.133915565,0.021797788575,0.66233105175,0.4032820885,0.46364621975,46.535206875,6.1322867675,9.0870191,0.20711732625,68.4699026,24.540122325,7.8647578975,0.11795765875,0.19956394075,0.618710979,0.364554378,1.42035056,0.068713380625,0.98574616825,0.82341942325,0.5149437565
47.241260842,5.8561169589,6.7481746337,0.00191955575378,52.500347561,3.7714986051695,-3.924059353985,0.0773123192254,0.1256383136862,-0.3087009958427,-0.35406139794217,1.2522531182,0.042256778746,0.84890790154,0.55111979917,0.52817767221,1.02491296105325,0.208028617190278,0.742657463005222,0.130685442028237,4.20093773539435,3.63811087598173,2.62952961385355,0.021196736527299,0.0700762124914154,0.206861909590436,0.382851648870366,0.0901756503544466,0.00946418270220573,0.096566171564406,0.112987651215274,0.0156014768495526,45.3205454,5.46258639,5.43377821,-0.24888439675,44.314643025,-3.075364655,-9.1513987025,0.03396980535,-0.01148803995,-0.7199294545,-1.09843429,1.0897466575,0.02561126955,0.6379733225,0.3424768095,0.49834654175,49.2207704,6.249313995,8.3634327475,0.277142222,60.7412933,11.068017725,1.43775476,0.11572928775,0.2604262875,0.11310642,0.360608854,1.45067713,0.061008873475,0.99221643675,0.783576723,0.55994632925
44.921636589,5.8150297842,6.5795401685,0.05363849754102,63.415983848,11.1610329978,0.2652615886331,0.099156206662,0.04684560570333,0.02086780785236,-0.10873802381791,1.19031852116,0.042709848219,0.84591806553,0.17096876202948,0.50032905895,0.977404286077386,0.199088961334374,0.715579411347013,0.077931077238838,3.23269694716011,2.75024437363556,2.26538595027185,0.0194480115566761,0.0614619050793138,0.178215168352053,0.323457270787249,0.0645136501579741,0.00873104768164978,0.0816257299697761,0.105257564644282,0.0133918068338413,43.017578825,5.449950195,5.3728828575,-0.102423372,57.268821775,5.65698726,-4.2524528675,0.0627204461,-0.0722481839,-0.3345353155,-0.73111241025,1.0712234025,0.0249500041,0.6509279205,0.00830807985,0.47532004775,46.879786225,6.2204551575,8.1257065075,0.20880236975,69.644958525,16.759528875,4.707426265,0.13584502175,0.16980685475,0.370327522,0.49417576,1.322594855,0.060338097875,0.97723708325,0.3873141455,0.5278510255
46.793549842,5.6930702896,6.3896919612,-0.323468176456,52.943866652,9.60196462192,-2.5153084697577,0.0616713937361,0.11536009869314,-0.19787627021002,-0.8440751863355,1.2408121107,0.03667761635,0.79839069924,0.52272016861,0.49969148913,1.01071226226736,0.199144981595927,0.724351198540691,0.113577086984144,4.15449004966161,3.60738298303524,3.13557437643256,0.0230464129648638,0.0817466236885197,0.24667183753166,0.421447111926147,0.0818260336430107,0.0120338983572217,0.115043012588761,0.102362798843082,0.0149211252365664,44.691486825,5.3367925475,5.081194855,-0.56230704,44.70821285,2.4964861375,-8.604528655,0.013655246675,-0.03844069,-0.67690784375,-1.7161259925,1.09463708,0.01649338075,0.53901367575,0.3402550615,0.47185816325,48.76246175,6.12459565,7.8314738,-0.1106121945,61.22098085,16.502406125,3.3032278925,0.1048249515,0.27753879025,0.25986093325,-0.0599468076250002,1.4169954725,0.06281071955,0.98132480025,0.73394950375,0.52925722775
48.251918625,5.6684415615,6.4077082959,-0.13778389105325,53.232174032,8.6970067017406,2.8613693197475,0.105421259843,-0.03612410905511,0.22510045806653,0.12154393031571,1.249863621,0.050853959909,0.93673222191,0.49305396531,0.52226537507,0.917224424698177,0.225546935691568,0.712252819290991,0.130865596033093,4.82866613678873,4.25701086227369,2.77078652166667,0.0190289657619512,0.0682723124437347,0.217974419185472,0.338138369853835,0.0853693963663423,0.00902523139248214,0.043584985384399,0.105785154220684,0.0160102478811111,46.4857634,5.2538148325,5.1167310725,-0.4122037645,44.317089675,0.51040168425,-2.609216875,0.0644454325,-0.1634148275,-0.2052639235,-0.63939344575,1.09616933,0.033515063,0.830469202,0.2943410115,0.4921885145,50.157301725,6.140399765,7.84424934,0.12036693675,63.587237075,17.36473205,7.92670462,0.1404250825,0.09957261195,0.62358425025,0.734293436,1.424604405,0.068627640125,0.995638516,0.6924570865,0.55508276275
46.001042577,6.0045527004,7.8273436283,0.16657204361519,56.235051443,7.195495172329,0.65361042281367,0.10340815725,0.0169981758505,0.051418740281556,0.24433645322805,1.39370295,0.047103472693,0.91075479429,0.2581669976968,0.48543058809,1.18920545508551,0.209399429372391,0.860125472765895,0.0978961496744684,3.48826660939233,2.99229684135841,2.43045807052555,0.0180373101094057,0.0641279206898022,0.191201192218126,0.332149186369734,0.082251155975708,0.0083795943758057,0.0599688341644565,0.124343229309231,0.014411717214011,43.533485675,5.625456855,6.3370813625,-0.025502158425,49.4810588,1.16428188,-4.24265347,0.067760403975,-0.10309982475,-0.3337644065,-0.44289933875,1.236941965,0.031500864675,0.780029609,0.021217491275,0.45761145025,48.351640175,6.4400550475,9.5977698875,0.3621441435,63.13606315,12.7312961,5.2892811775,0.138564951,0.14592791,0.416101349,0.8869971465,1.55496318,0.064520495375,0.9933971215,0.4911692425,0.51479065625
45.499843529,6.027733402,6.2700902881,-0.0561012289421565,52.757761766,4.926421916282,-1.1289789635292,0.0928162920343,0.054767760646098,-0.088815407463943,-0.10540323219216,1.2848849727,0.047510822324,0.89650236443,0.52648805449,0.50329764862,0.923913763999742,0.226205558341527,0.689830004889654,0.123083935763451,4.19964276472471,4.00845005116668,2.9421761782771,0.0259519716095833,0.0798055970297622,0.231457435553805,0.435959482901295,0.078768880926952,0.0100483981777637,0.0773602272633347,0.122925487755983,0.015396668882207,43.66387695,5.6128485475,5.0583840675,-0.30394249,45.01823905,-2.9121108575,-6.79156585,0.04120840285,-0.0977405792,-0.5342842525,-0.97227195325,1.13266811,0.029967810175,0.70783308425,0.286484797,0.47425143725,47.35005005,6.50169161,7.7108803475,0.19111551825,61.226817,12.7251213,4.2957602225,0.1417699445,0.20369991275,0.33794225025,0.7194168165,1.4486210175,0.069392022925,0.99615756725,0.78650007175,0.536265425
46.074856972,6.0317509263,6.984371975,0.068667980000749,65.604511284,14.0993857127,0.0137222286248,0.0889238206324,0.06797089677199,0.00107951123595,-0.29078122171605,1.415636532,0.046828812556,0.93273935237,0.428370254351,0.48277162461,1.05946377347991,0.211910518841547,0.798028865461409,0.113951008982255,4.21557898515086,3.78160191288133,2.68034728039799,0.0192059837347835,0.0681959427836053,0.210859673542768,0.3423228011409,0.0953186573177554,0.00925355537504837,0.0512279161951236,0.128589627816489,0.0144732029436145,44.175331425,5.63634141,5.6343414225,-0.1459802995,56.884894025,6.9928840225,-5.0943419575,0.05300725455,-0.061678338025,-0.40076571425,-0.95316261525,1.2428946725,0.0294775535,0.80919482675,0.17883235825,0.4554237925,48.2917305,6.4559362575,8.788525295,0.298759084,74.17643175,21.555612225,5.053180015,0.125300582,0.201741858,0.39752754675,0.3598787745,1.61624831,0.0649851877,0.997372271,0.67862886075,0.51277623
45.761314636,5.6618507362,8.4310443581,-0.03911556425881,56.075328704,10.38535998892,2.5668336883833,0.10217405284,-0.019881839226966,0.20192969680499,0.098974541965644,1.3822191392,0.05095113342,0.93521150727,0.65303598128,0.49365839301,1.22301771372454,0.214064744687359,0.874818054232245,0.143674610359,4.10910878398052,3.37977184580316,2.66442309952974,0.0180463362857719,0.0685367952134138,0.209606937350126,0.345609819448259,0.087839920762604,0.00760722302677438,0.045017376219715,0.124080947808461,0.0142332813123337,43.4064092,5.2629876775,6.8944605525,-0.3249627885,47.857347375,3.865808215,-2.6385196875,0.068630086275,-0.15950312625,-0.207569147,-0.5574215585,1.209174245,0.037079043975,0.8263620375,0.439188042,0.467750404,48.1135607,6.1038418275,10.4179816,0.24776123575,64.0001812,16.9982931,7.5830125225,0.1375352155,0.1103696205,0.5965464115,0.80840179775,1.56068363,0.0663261045,0.99594749025,0.91683612975,0.5231019805
47.060734757,5.6111525114,8.2408753936,-0.15972828780722,57.557204584,12.1560592132,2.990027866283,0.100548860694,-0.022876359639028,0.23522186982624,-0.061935970144707,1.3738343802,0.05551138846,0.92518919977,0.61605682476,0.49629025593,1.33898233344524,0.23021546030114,0.883432258400873,0.132665061957387,4.27398893867068,3.48956163902319,2.90987998933129,0.0193298999947266,0.0756614263046908,0.228916733695585,0.3707412909026,0.0843651754758654,0.00950264853979136,0.0469982654463876,0.129116811820856,0.0146867804545662,44.257159525,5.1618395675,6.7321540225,-0.4121604935,49.763741525,5.4005612425,-3.2243726825,0.059797487375,-0.160116485,-0.25365748725,-0.87482399725,1.2168025225,0.0363685703,0.81335575475,0.39914914225,0.469493485,49.617186825,6.0789840325,10.14706825,0.0950559206249999,67.159099,19.04251385,8.3943178875,0.1359765155,0.1354290295,0.66037082075,0.6320617975,1.53943181,0.07514703675,0.99222255925,0.90366720575,0.52525341325
44.737683676,5.5406582882,6.6057157103,-0.3260688576036,56.588821518,10.3353504101,3.244014404977,0.1085081742054,-0.03865085915813,0.2552026834127,-0.090011210698836,1.233379464,0.065734202059,0.942899552,0.65900475326,0.51086047116,0.969829069323389,0.189954086807165,0.741560616605997,0.141206455363688,4.35587602082709,3.78372599525101,2.95825613407985,0.024183529227182,0.0783309821882459,0.232722426349646,0.412443965029945,0.0841862383794483,0.0100038410002656,0.0420155005412989,0.118808404355254,0.0152250400462251,42.74167425,5.2111897325,5.26990543,-0.597372098,47.929678175,2.8107699825,-2.623985265,0.05760192395,-0.18613657425,-0.206425742,-0.9690505285,1.077956315,0.048383753375,0.83205046025,0.448182893,0.482435684,46.6297173,5.93159466,8.22076903,-0.023953902275,64.812352925,18.29551035,8.59479427249999,0.15263759575,0.12442732625,0.676142050499999,0.639165402,1.4017668525,0.08617431255,0.9939071965,0.91270815375,0.540040803
45.88208843,5.5537983295,6.7805873428,0.10281551561452,60.301548748,10.28924935971,1.9539501928124,0.108091016927,-0.0035802032329764,0.15371489453752,0.1968448475842,1.431020257,0.045557656362,0.88597352821,0.69543390359,0.50395420308,1.05195413843001,0.212707019670166,0.762927420814194,0.138579965096319,4.47075557218661,3.82080928051287,3.12602474802526,0.0249433599572069,0.08246394863458,0.245920580119643,0.448447774544671,0.0955260207104497,0.0117591247164314,0.0830416797615325,0.127454606538433,0.0148819397648797,43.93763045,5.1588799725,5.42275408,-0.165824321,51.373855675,2.94617355,-4.14629264,0.058473933525,-0.15774474325,-0.326183815,-0.676658221,1.2570764575,0.0239194871,0.69635070975,0.47434918075,0.4754088555,48.077574,6.0002746425,8.4410885225,0.38252137875,68.97482615,17.79098555,7.5995213525,0.15650973875,0.152942614,0.59784514625,1.0678545125,1.6234537475,0.070196601875,0.99573871325,0.97528429025,0.5338879415
47.728821573,5.3732319079,6.7624711866,-0.05451121100779,59.087219689,11.28948202361,-0.73686372734849,0.0811644220581,0.07488483177763,-0.057968176861699,-0.39254568492434,1.4441195113,0.058180605022,0.89941394133,0.420419941474,0.52392796293,0.971841980092362,0.199870927867609,0.739403482864779,0.128152010166089,4.55852659002207,4.09003008744424,3.08532712605759,0.0206847540847678,0.0791544432436179,0.242718947343045,0.378775369574569,0.0998454121159329,0.0101480265978871,0.0538512710525895,0.112210884397722,0.0152081947837848,45.745270025,5.0096130425,5.483191115,-0.308854395,50.3301526,3.5556594325,-6.5047251375,0.040456157025,-0.088065178425,-0.51171885275,-1.1140328,1.2679656575,0.03951273005,0.789065505,0.20680626175,0.49459670225,49.53367075,5.7913723625,8.4499106175,0.20212421025,68.04542315,19.77144615,5.37869723,0.120845451,0.2213346635,0.4231355925,0.379750702,1.651157545,0.0778326854,0.9890828855,0.6663122085,0.5538586795
46.985446228,5.8218670506,6.6005552426,0.16241307381628,61.561160568,14.9375646347,3.79735563308442,0.102957131388,-0.031480320996201,0.298733367347111,0.22889596741473,1.3045699096,0.050752906144,0.92616435943,0.375111241564,0.51788536636,1.04249186155197,0.200582349211706,0.697616360233821,0.11401218729897,4.63709399351721,3.8628474997203,2.9226186971999,0.0200071033252122,0.075022129838394,0.229918872085383,0.363764732092367,0.0938154220078774,0.00914210049138716,0.0505589370364827,0.112012901619704,0.0147985302947011,44.886535125,5.43861588,5.2913557475,-0.059678001525,52.096191275,7.3059201575,-2.14264617,0.062278913375,-0.1773557385,-0.168559376,-0.5242954095,1.1425985025,0.03344684575,0.80083816875,0.156643405,0.489470349,48.96279975,6.2145286525,8.19156381,0.39718462475,70.512895375,22.56275385,9.482690675,0.14150244375,0.11720686125,0.74599179275,0.91952751225,1.5097853325,0.068256513275,0.9957532615,0.58648686,0.54656050825
46.509796619,5.4685419644,6.7096770577,-0.0258196669966115,58.815032862,6.445446042959,4.3303484535041,0.13951703745,-0.087227436752372,0.34066326704051,0.61158558690568,1.4363129405,0.062710138793,0.96517799036,0.428865669241,0.4956164334,1.08228647713546,0.199727863457569,0.725792765086041,0.124147223507361,4.86911296843067,4.18843074288278,3.08560822442142,0.0237027541206214,0.0814138848411105,0.242741060966637,0.400499125532138,0.105583596329832,0.0105974421937713,0.0318628924131643,0.122991717736473,0.0149668028598219,44.396526925,5.08373677,5.457581805,-0.25291099625,49.7084762,-1.5321274625,-1.4374565875,0.092316185425,-0.25071024225,-0.11308297175,-0.19462566625,1.247053055,0.041634009625,0.88381302775,0.149453659,0.4675951315,48.624527325,5.883092875,8.3371417925,0.2288733075,68.7932399,14.847041125,10.48321465,0.190162865,0.071041165725,0.824701832,1.4538162625,1.6662730475,0.0830012848,0.9991612265,0.65919521275,0.52580578825
47.365796803,5.6624730336,7.1889065842,-0.038201843945958,64.517128732,10.39804645371,-0.091788912009,0.102671190455,0.052915393677395,-0.00722092260803,-0.19335275191565,1.22822368346,0.045362307001,0.91404207043,0.63375601912,0.52740508836,1.12641421468166,0.215572096036587,0.785587685161343,0.140534957565117,4.35715972533305,4.13930122613569,2.84449941087903,0.0197713730340067,0.0721312063695718,0.223773322819155,0.36849072464637,0.0893992216667151,0.0107229213240356,0.0601836554818681,0.122513206432145,0.0164942370379436,45.16045285,5.2623217,5.7580560275,-0.3093288915,55.4944131,2.0951282025,-5.6139634825,0.062055815575,-0.088490206575,-0.4416437085,-0.95421606675,1.0583172425,0.02653148635,0.7696230815,0.41717867775,0.49486641675,49.608294675,6.10696138,8.8445037075,0.22983515325,73.191411375,18.27993725,5.510066865,0.139910601,0.19459438675,0.43347028725,0.506896975,1.4099831225,0.069574940675,0.99674099225,0.8964332535,0.56231177575
44.434245972,5.908321756,6.7963198424,-0.07106656968322,58.787413345,9.65611577323,-0.2784989051992,0.091306504468,0.05442700064831,-0.02190917142964,-0.2497376284168,1.3848718787,0.047995112945,0.89992651915,0.505167069387,0.51441476921,1.01875185811948,0.215346825886782,0.787360609811775,0.122332652512083,4.17621998047361,3.47381382038335,2.94979197731101,0.0241033816245538,0.0785173992131406,0.232056561349337,0.413691516356762,0.0849832621665428,0.0106280100710582,0.0790013612680537,0.129618141279121,0.0162373214262321,42.4024147,5.51461481,5.4023779525,-0.305439742,51.4377255,2.57272495,-6.04641749,0.04345155565,-0.103793383,-0.47566433725,-1.0763034825,1.2170464825,0.02861405045,0.70555025,0.256403735,0.48236354825,46.4382413,6.356999485,8.4493422725,0.1699657975,67.14164335,16.678852025,5.7102029475,0.138882256,0.2097314045,0.4492147415,0.555518165,1.5546743125,0.07101195535,0.9956143005,0.77101930075,0.5465779835
46.60883208,5.7038282126,5.3412545847,0.020185919622746,59.322766711,8.38615093691,-5.7399289029004,0.05889914699838,0.19768702809321,-0.45155325299619,-0.8102234391572,1.368260734,0.062449557606,0.88897049375,0.54445239255,0.50920647877,0.773765241316601,0.204436226777466,0.591563962597534,0.122859233338863,4.36738932289723,3.71007481549097,3.33061206751383,0.0289991246396297,0.0906917358503263,0.26201521572669,0.491700776402885,0.0859036714030648,0.0110855196939723,0.0540884516801552,0.10085515969293,0.0140421873402203,45.1513481,5.3194351275,4.264846875,-0.21595788425,50.69209455,1.3643176325,-12.625183875,-0.000904063281249997,0.0296759021,-0.9932079205,-1.8127944725,1.2076678,0.040163211875,0.7762147025,0.36257359575,0.4828098075,48.1169147,6.144663985,6.5060280275,0.2638802685,67.477097275,15.9724193,0.414391369999999,0.11120714825,0.387291845,0.0325996664749999,0.060923668675,1.5420459325,0.08560190735,0.99016836175,0.745669476,0.535892593
45.611257211,5.7181057401,7.2589777031,-0.087957625051204,59.956953194,18.9907713176,2.8481991181535,0.0736464231741,0.01413489735542,0.22406437412567,-0.40963538259765,1.2596527416,0.0410046993,0.86946393414,0.53096393437,0.4901252648,1.15065251752042,0.220262605057611,0.818700160447444,0.115168103067354,3.63603449421913,3.07831369085698,2.81062980313456,0.0227236040255713,0.0767238804139764,0.221108841674816,0.40680839472263,0.0755298430496782,0.0108468648076365,0.0828828808374906,0.102163938508062,0.0144669621602843,43.37154495,5.31548281,5.8480493075,-0.3098537135,53.135274475,13.20357325,-2.9163776425,0.02903123645,-0.1273821025,-0.22942789025,-1.1945385075,1.1234013975,0.022007477875,0.69164866625,0.3575429515,0.4626139425,47.75215375,6.1794481775,8.9750421025,0.14375186175,67.0387223,25.190324225,8.0795500675,0.1144024355,0.171323828,0.63560842025,0.389822639,1.4131366575,0.064344051675,0.99390445775,0.7553730125,0.51949703875
45.62024099,5.4982761002,6.4183852736,-0.0943975709531,55.661047278,6.063886008255,-5.3400664412175,0.06391111999128,0.175490315506,-0.42009655742054,-0.756848405277,1.5207327,0.061265217813,0.89806081444,0.513054905756,0.49396523624,0.911753525339869,0.204334414270579,0.716539909341389,0.128548183302025,4.62036976991562,3.90397200564845,3.27705266504713,0.0263211394401964,0.0893906748866541,0.257801762663259,0.459187057586825,0.0956160061395179,0.0109263853654323,0.0561262586111455,0.127343867285439,0.014689421161539,43.9183964,5.12026007,5.0817399,-0.3483650435,46.479796825,-1.5568235375,-11.715319325,0.010348783375,0.011859625525,-0.92162998025,-1.676066705,1.3459645575,0.03943385605,0.769687529,0.250940387,0.4640349785,47.44949955,5.9175417325,7.9496897375,0.15507390475,64.221550925,13.804942075,1.0711926075,0.11247604125,0.34938491225,0.084269425925,0.046683437975,1.73338453,0.08198941945,0.9869818505,0.76997067475,0.52120870275
46.656494956,5.7951462475,7.7891647127,-0.06198961005848,57.878984153,12.6144131261,2.87433500120844,0.098353546454,-0.017489329021018,0.226120452611313,-0.00535949848791,1.2975894187,0.055682129832,0.82347446949,0.46535681365,0.50992071942,1.03693308199388,0.220126120682143,0.84270382068061,0.111088296235252,4.01208390089524,3.62816301849335,2.94765477376365,0.023498750234245,0.0781224836787899,0.231888430596514,0.412438106169497,0.0867567544010449,0.0098325153550743,0.0781213033135508,0.120795860767702,0.014901743206514,44.725347325,5.3842348975,6.2092803725,-0.27218213275,49.7236356,5.5108351075,-2.87878293,0.050018182125,-0.165826929,-0.226470365,-0.861688118,1.144272765,0.036119448475,0.65867442575,0.2350180195,0.48134524475,48.713128925,6.24324728,9.5319322075,0.151835799,65.080954875,19.6895076,8.5685659775,0.14303633075,0.1368842045,0.6740787075,0.751759988,1.4731530875,0.074517156675,0.95654383425,0.7079132465,0.53833927525
48.35973347,5.6780230406,6.8336238388,0.0566147973352,54.266821175,14.09647060724,3.191441653011,0.085348072403,-0.018980642966768,0.2510668486976,0.03735213709812,1.3533136704,0.046964164195,0.88177434088,0.68921580177,0.50180351366,1.02388491922874,0.231330388082162,0.738347948158728,0.158605199953269,5.76585442522158,5.21652737074171,3.48073870603063,0.0210619235365736,0.0839134455209132,0.273825497732931,0.400984296142191,0.109612016625937,0.0112636354338484,0.0730005262411186,0.114936487764445,0.0158081558876791,46.329981775,5.241691525,5.5122719875,-0.24190210425,43.562764925,3.37989485,-3.277659525,0.0436318536,-0.1946319355,-0.2578495045,-0.73072098775,1.163271845,0.025905111325,0.70708140025,0.48267656525,0.47261787975,50.49168945,6.124662335,8.3765051975,0.378089672,66.347714225,23.9153686,10.090889525,0.1276578855,0.14921839,0.79383803675,0.8298109795,1.5770304275,0.070062810875,0.99043034875,0.9175795095,0.53637371225
47.41037125,5.8941716358,8.1884558946,-0.0486544724315,59.02889184,15.4934259296,3.208243945229,0.090195595136,-0.01266863160202,0.252388664814,-0.114772918031923,1.18110831348,0.040009941599,0.90289859773,0.58113874245,0.50117459079,1.18372080469477,0.215665279163545,0.86206642658828,0.121498457728679,3.72549960314321,3.10505698933355,2.61579947433102,0.0167018938876639,0.0670651555479907,0.205781775944826,0.32857286246516,0.075854907320766,0.0087928306421906,0.0662378702791556,0.0990649823729407,0.0133466019657799,45.030451125,5.4794681325,6.68724511,-0.27651641875,52.141759575,9.502737965,-2.0605621975,0.056168794275,-0.14427152825,-0.162101939,-0.77957903375,1.03393536,0.0260321482,0.760588901,0.4053412355,0.477289085,49.75877895,6.32180387,10.06294475,0.19172506475,66.26870925,22.041818275,8.225298915,0.12292646375,0.1255407865,0.6470743065,0.50018689625,1.3324819225,0.058611640625,0.994094092,0.7900002225,0.5275535435
45.125332726,6.0327252755,7.2126409931,0.11860037525837,66.437088979,8.595055530923,-1.5710373114865,0.1047798564817,0.08464536468118,-0.12359160207509,-0.11007366998493,1.3135848021,0.071958279204,0.94664643554,0.308529565842,0.50773896565,1.01249100624638,0.201663249334217,0.808639092629675,0.0983343959030798,3.84177983722083,3.62353103158655,2.98576753093539,0.0247071090857302,0.0785659999420135,0.234886714421916,0.413365948642064,0.0827748378465426,0.0100634683663007,0.0426421502927934,0.123611271868429,0.0153217755879964,43.2377089,5.6217301225,5.785095765,-0.0698451437,59.0911565,1.25183356,-7.7624241325,0.05396259615,-0.05992629225,-0.61066051,-0.96845508975,1.1466944025,0.05323138585,0.844005993,0.0747046274,0.478228784,47.097373075,6.4357276025,9.028308105,0.31062387125,74.56900685,15.89608985,3.9687000025,0.14956366275,0.24632735175,0.31221282375,0.63736222225,1.4778248775,0.09126145515,0.9989899845,0.5574212465,0.53827008175
44.635542509,5.3506026094,6.9663376111,0.15440825493471,65.768770694,16.466082248,1.0242727618565,0.0857121789007,0.05179630719837,0.08057829747764,-0.2130524777499,1.2684563298,0.055336485317,0.89230436514,0.52986569938,0.46995160562,1.04242902932493,0.199529975327249,0.744627827212549,0.130838529024339,4.25898651844763,3.59280651654704,2.88231391774504,0.0248195928596629,0.078669807520002,0.226748144348384,0.415301952280834,0.0818095253117208,0.0108814836614896,0.0660273516464608,0.109461520484309,0.013976258714478,42.62207355,4.9650404075,5.6809733875,-0.10071517225,57.44010255,9.85820785,-4.57988281,0.03711003065,-0.093875821225,-0.360293835,-1.0560032725,1.124067395,0.036008041425,0.753063038,0.3276506215,0.443656931,46.63037605,5.73143583,8.4827286625,0.41306887325,74.04978075,23.318248375,6.512838665,0.13320501675,0.2115381585,0.51235713475,0.54831161725,1.43826674,0.077259527425,0.99355227175,0.760184085,0.49714549525
46.343384191,5.896109471,8.0591162605,-0.00756039041456,54.978816086,15.4232420812,-0.3589841960956,0.0552130116669,0.08458490972873,-0.02824085186754,-0.5796119289171,1.3664005203,0.0509251483,0.95974498543,0.398303596356,0.48454498578,1.16096199298318,0.233402283688012,0.861949895316979,0.115031054948321,3.86168641803782,3.48570645424708,2.64184422959753,0.0158818990355612,0.0660931352561057,0.207830685130294,0.303835858698321,0.0842862050168194,0.00737577776952724,0.0328973159473492,0.1127136198206,0.0155823332772769,44.04686695,5.4582468075,6.6138241225,-0.242559549,47.3980524,8.7030046375,-5.43847767,0.02244447175,-0.04155803295,-0.427838448,-1.2418261,1.2032799,0.036930486175,0.8801095135,0.171949573,0.45431474975,48.6202917,6.369010015,9.774269115,0.21702858725,62.9709163,22.004216475,4.844492075,0.084151287225,0.21458590875,0.3811103255,-0.00904041826500019,1.535588385,0.0657064158,0.99852466875,0.620179619,0.51549869525
46.165117546,5.9377212384,6.4023671586,0.047410485245311,66.654571033,13.1613678207,1.1990539498412,0.104285649221,0.030995072631876,0.09432812176467,-0.08728407811603,1.20212086432,0.053747762433,0.88616804556,0.4948162503,0.49656378547,0.89132017947921,0.209941269774248,0.699601847296008,0.123820805884716,4.50961681215987,3.78996520941217,3.2899553980115,0.0242203957555788,0.0856473629264951,0.258816805863159,0.42408227248772,0.0934334238719379,0.0118275439286716,0.073607313624633,0.11449048358379,0.0150641927195103,44.4137668,5.5666156925,5.224695985,-0.2009704035,58.186854425,5.9262551425,-5.1678356925,0.055886858475,-0.12976348575,-0.4065473715,-0.963373254,1.030141555,0.0303286268,0.728905716,0.2673057545,0.468418788,47.939319275,6.3893404375,7.9579202075,0.2872205545,76.0211864,20.618951225,7.41723564,0.15070406525,0.2010362415,0.583504942,0.7005001645,1.4052741225,0.0772691388,0.989841413,0.7369621305,0.525765877
45.598806113,5.7428548748,7.2592502686,-0.007348660269995,60.349253937,10.04719547926,-2.815254275433,0.0748110945826,0.12572438682309,-0.2214726434487,-0.53879057003839,1.3748448354,0.049651133893,0.90636517923,0.54820012066,0.48811137141,1.04286310619651,0.196070118281867,0.763240991734144,0.114947341819563,3.79078557762301,3.16876765072148,2.4719586696673,0.0199627276947331,0.0671874821093302,0.194465994094969,0.359882218263011,0.0882755221804499,0.00805646256515157,0.0608531772455771,0.102575236734568,0.013830532057739,43.5624745,5.382128575,5.90743946,-0.23379581675,52.736494275,3.5864949625,-7.45273978,0.036034059025,-0.0096821145525,-0.58629801475,-1.2479912625,1.212811275,0.035205661375,0.76368642025,0.35270506375,0.4600680195,47.513156225,6.13370348,8.849539545,0.21454676,67.6200781,16.187466,2.09610756,0.11448460625,0.25633946525,0.16489824425,0.096531857975,1.56332042,0.0652962179,0.99039988625,0.7522302425,0.5149437615
45.300720513,5.7190032038,7.9963722155,-0.095166272679308,55.930769479,8.21069402423,-1.6062836511093,0.0816641152686,0.0837464693188523,-0.12636438890854,-0.38552252568238,1.3821940978,0.052457737686,0.93504306574,0.54686499635,0.49410260262,1.20357353033782,0.213341231158599,0.909578907505516,0.12639088662791,3.85147451351493,3.13777057141223,2.79834246857562,0.0229568284556769,0.0765489014225107,0.220142211908061,0.413290223640569,0.0836505928537795,0.00963793529539029,0.0524178124273387,0.108372710011113,0.0138584294815477,42.88565255,5.30270141,6.4644298625,-0.345990264,48.77172715,2.0505605475,-7.6117927475,0.0299543024,-0.06141320345,-0.59881051075,-1.329958765,1.2333184075,0.03558990645,0.792937821,0.353262598,0.4680776005,47.674712375,6.165540915,10.1077821,0.14809312775,63.467570675,14.088902175,3.668151695,0.12444652825,0.2482960825,0.288569043,0.38134730175,1.5618038925,0.07422827425,0.99741951325,0.775257388,0.52239091025
46.595348368,5.652859386,6.7187510983,-0.04213331048087,54.386541008,6.706509016065,-2.18398169644169,0.080796796627,0.09225989169711,-0.171811194395947,-0.32975567773876,1.2507098066,0.043434418449,0.80943838133,0.408772327104,0.49692947236,1.0555398066585,0.213856559260969,0.735660191619985,0.1065155819465,3.8702545013987,3.38397711200336,2.86212334123686,0.0207286899501924,0.0746658043857091,0.225159775895107,0.371424588506121,0.0820990501991891,0.0109991890968449,0.0861702391436503,0.105747559254116,0.0136366914753363,44.741813125,5.25859499,5.50884864,-0.2412609325,46.727891125,0.49192586,-7.5912971775,0.042258719775,-0.055541212525,-0.597198155,-1.0514666375,1.1007632125,0.023059585925,0.620069203,0.20354574175,0.47181568725,48.725007175,6.077191,8.2546321575,0.1758934065,62.33496605,13.56356405,3.2824182875,0.121374749,0.23519982125,0.25822387075,0.4370495815,1.4197050475,0.0646267614,0.96420208525,0.62575935175,0.52576903225
47.332014461,5.5571713638,6.0346543906,-0.2314777691001,51.948377643,5.7446599356294,-2.3110538844986,0.0785943860304,0.0910738547745,-0.18180780939023,-0.495913206447386,1.3891167575,0.05670177253,0.89478477798,0.57419452735,0.48248855246,0.92796106870846,0.204522110123394,0.672455071163122,0.138929781763896,5.28214747911247,4.56876035046533,3.45542791551415,0.027376047410047,0.0901767267032115,0.271834328327989,0.467656349033431,0.095739769064178,0.0148883096722404,0.0587752145506832,0.111010332877224,0.0136111090492038,45.494408475,5.1837475325,4.90829682,-0.507965287,42.50909225,-4.0688546075,-9.3999897475,0.0216904738,-0.075848570375,-0.7394858035,-1.430149565,1.2179236575,0.02939831925,0.76559227975,0.3620794955,0.456288155,49.191383825,5.988545005,7.4096763775,0.03072295105,62.7427495,14.7518004,4.089823485,0.1289169995,0.27779250775,0.32174145975,0.362542839499999,1.586981895,0.0850357324,0.99186631975,0.80251309375,0.5091845235
45.729768329,5.5579274036,7.2660383093,0.05408949988342,66.185826143,13.6717019272,-1.095462438425,0.084232530397,0.0962432626554328,-0.08617870304961,-0.423700674750609,1.2717920412,0.051036662973,0.92079043403,0.42398565912,0.50946298402,1.05414030311195,0.207603145575223,0.73943526526238,0.109609439575751,4.05729790552062,3.73451244768242,3.0038687765033,0.0200717352904152,0.0780523384499779,0.236310717940149,0.378151502003872,0.0875629387171418,0.00879858841384808,0.0570444023557501,0.124928385682837,0.0160964229095601,43.6970632,5.17483593,5.940401975,-0.16279868125,58.148050175,6.2270365,-6.7955415,0.044153115825,-0.05175940995,-0.53459701475,-1.1728912025,1.115214845,0.0342730464,0.78595539425,0.16257710825,0.478216635,47.8096753,5.96157669,8.917834225,0.26293179225,74.3811131,20.80563975,4.406466775,0.12423324825,0.24531011525,0.34665140425,0.28692942675,1.4475418625,0.0687884809,0.99679032725,0.65983895,0.54170835375
46.368731993,5.3778775135,7.3032689676,-0.05869407313514,55.626382589,12.19125961176,0.26459336970524,0.0761399549343,0.0518578772926294,0.020815239797609,-0.343972669072892,1.372211894,0.067092793978,0.86899494349,0.49890126939,0.48844931362,1.09751100789708,0.197758097894109,0.735898670715023,0.11471361425366,4.27899383829268,3.69182954919178,3.09236184863143,0.0249009201624714,0.0832952037454252,0.243272360434644,0.430094142636701,0.0897409716221099,0.0110927128316661,0.0502740119710818,0.109963290293295,0.0151516451420617,44.204036975,4.98984447,5.985448675,-0.28966073425,47.233246475,5.236144475,-6.058621245,0.02626995425,-0.1019546395,-0.476624394,-1.22353973,1.204675565,0.047345879325,0.75783715725,0.29610078275,0.45899269075,48.4294349,5.80951453,8.7811382725,0.17002739425,63.96055735,19.419698,6.42022699,0.12431318575,0.226929333,0.50507148425,0.48781908625,1.558825975,0.08948575665,0.9628796175,0.7143040625,0.520775643
44.34612564,5.906502435,6.8806343718,0.02619683757753,60.627360866,8.777753674982,-0.754708556637,0.0962232440745,0.06319751645776,-0.0593720077814,-0.14852531574703,1.3238441064,0.059290570991,0.9077795285,0.7002156861,0.5306353968,0.952115126069489,0.196744271013191,0.764623832821002,0.129563651593611,3.86840933032874,3.65588024476682,3.35724090419964,0.0331031848626773,0.0966422755589495,0.264110074952054,0.526399242862934,0.0805358492705495,0.0111417363932223,0.0697155553383647,0.124112903955814,0.0158702648871031,42.4418801,5.55688485,5.5580218125,-0.22921736425,53.006359925,1.77989954,-7.26481261,0.03053265125,-0.130510523,-0.571514008,-1.1871141325,1.17074137,0.040270941375,0.7488833775,0.46148447825,0.5000886345,46.388950625,6.3118533,8.541907675,0.275111362,68.582870175,15.76387035,5.9304263825,0.15975947425,0.2584846205,0.4665394565,0.8598813645,1.48588808,0.08244852025,0.99467250725,0.95489443025,0.5633223995
46.499966972,5.3332468911,6.4341160538,-0.08028053582407,57.858100719,13.1830190779,4.295022562732,0.105963114079,-0.053600808719088,0.33788422177304,0.132195018443035,1.4296624842,0.062153866015,0.87777026245,0.50213842731,0.49134525127,0.908511024174981,0.205415574448948,0.709332065981554,0.12383619917044,4.89048665409082,4.10056479035299,3.06542820540872,0.0238517569660394,0.0797126488265362,0.241153522783993,0.420117171399267,0.094854044066227,0.00940388295193799,0.0560101592008409,0.120082898641271,0.0138452732956788,44.636243,4.96156736,5.2190369575,-0.31784024425,47.921226575,5.5099661725,-1.7779847,0.05869788295,-0.20683526425,-0.139871898,-0.68918468075,1.258448045,0.043428824625,0.755231777,0.2883889125,0.464580117,48.214804775,5.7437567575,7.97910391,0.16253221425,67.343128575,21.63014075,10.30364485,0.15281879825,0.10368123875,0.8105752585,0.962522670749999,1.62861426,0.080244170925,0.96774360375,0.7567764915,0.51706887175
44.335096048,5.5691446497,6.2901100005,-0.15167356804994,58.692547367,12.8094439444,5.0273900735934,0.114940397707,-0.075448126269621,0.39549868731117,0.18846900799298,1.4096131842,0.06147347843,0.87356158585,0.69764906208,0.49166215703,0.959054208908262,0.223041061784047,0.730649529752063,0.153563094910408,4.6911543349156,3.79918520928261,3.33685470179585,0.0310181953324206,0.0935150650407611,0.262506317850188,0.508172485849677,0.0852175808621618,0.0135020690793965,0.0744276226308873,0.129763488727743,0.0151539885837501,42.56804355,5.15399314,5.0485464375,-0.46219395075,49.47994035,5.2135701925,-1.2149991325,0.05855387155,-0.26046375625,-0.09558251005,-0.767747933,1.246631085,0.036636696175,0.7012444825,0.46088739325,0.464629275,46.28915975,6.0313586825,7.93054018,0.14933784125,68.627691975,20.490456925,11.666480025,0.174357959,0.10193928625,0.91778784475,1.1541990475,1.5767465,0.088427833875,0.985583295,0.95880037075,0.5242380565
46.41500983,5.760012751,5.4435239567,-0.10928789107064,53.789587572,8.02725269187,-2.417197822737,0.07162223422979,0.10504258056011,-0.1901580245451,-0.5137431242352,1.20589976892,0.0403638140979,0.77368345094,0.4519197166,0.50129528841,0.826678363733605,0.226768237250694,0.673730433859305,0.115511434537246,4.06085275149549,4.00932518471836,3.30208327897626,0.0296113376704276,0.0900272067140798,0.259770891266991,0.487502218648006,0.0901174607754974,0.0136621789719162,0.115115349741427,0.114572411649982,0.0156594732662115,44.797673075,5.303011135,4.337968395,-0.3292787125,45.677331925,-0.13893593825,-8.9981994375,0.0164298901,-0.066932671125,-0.7078774465,-1.4226389975,1.046751705,0.015901382375,0.52181389775,0.242662018,0.472515521,47.857510975,6.2347440775,6.9818135925,0.12415399875,61.6955415,15.645295025,3.71234648,0.1305254945,0.2792368015,0.2920458005,0.47669603575,1.4046390975,0.06553221935,0.97232610925,0.67911125725,0.53310731875
47.225427162,5.912807187,7.3680567392,-0.11266373461,58.954190871,11.27766960597,1.5589343277266,0.097518158987,0.01201814505275,0.12263947526939,-0.14258868838697,1.4225801224,0.0563508319,0.89127861778,0.343325696591,0.49981663343,1.14357793654938,0.208125391011487,0.795038831431824,0.117419782642691,4.22292513221703,3.77152920798082,2.89295414679173,0.0225999215256364,0.0773377892702331,0.227585198457587,0.402945520763297,0.0924526195883011,0.010342671330653,0.0600837283718769,0.15311352067868,0.0138098814451809,44.849255075,5.531515415,6.0043259825,-0.35417228475,50.725801525,4.1472476025,-3.8119075475,0.05138440645,-0.133404798,-0.2998781495,-0.96103925,1.2448949225,0.035983196325,0.76114221075,0.039993628725,0.4735498525,49.507107225,6.339154535,9.039583115,0.1224184475,66.9954892,18.734215225,7.0649558575,0.14027510725,0.15635716725,0.555791515,0.61323664325,1.6003099625,0.077121058125,0.98922834,0.62229940325,0.52632750975
43.63624496,5.6841474022,6.9877908381,-0.1549179012609,55.436584919,10.2269587899,0.164230847715,0.0840226412247,0.045081753405444,0.01291984186254,-0.3347681931733,1.4654793057,0.0422552196324,0.87514406152,0.420141147507,0.4935557721,0.985077598306301,0.195438846883742,0.767519673749269,0.108249612402948,3.7005479592738,3.06600158690523,2.76324223582552,0.0236990098723305,0.0760696143121798,0.217380919063287,0.414618321654198,0.0813016569750057,0.00979563459752797,0.0874910496105592,0.128229592584657,0.0141841734531175,41.6464814,5.31825603,5.6660880625,-0.37248164975,48.30453035,4.2193591175,-5.0778273575,0.037031937375,-0.10076414125,-0.3994665225,-1.1435051125,1.3179007275,0.0232546265,0.66129536275,0.11815347175,0.46687479075,45.476669725,6.0687186675,8.533119585,0.065685932125,63.219105125,15.99435405,5.45965254,0.13381841775,0.19092335675,0.42950424975,0.4927498565,1.63366256,0.062414978325,0.99200343775,0.678101365,0.521586864
47.008912394,5.6663657207,5.5720969,-0.10185631629221,51.177799047,5.644057827449,-4.12917848957957,0.064096452728779,0.140327221015452,-0.324837469750648,-0.61026836173399,1.3784080106,0.06519852194,0.82757636475,0.44872714647,0.47467492562,0.824539019203452,0.192844752807792,0.634774512094379,0.123421510433378,4.52955188814152,3.6932293525335,3.2428994694047,0.0266510318938079,0.0866419190091904,0.255114973043478,0.442193588366665,0.0946386606082141,0.0110284718770305,0.0660465234443532,0.0976347920134468,0.0128140211874926,45.558983625,5.31384343,4.44485004,-0.3513416325,42.887271825,-1.3123521325,-10.48018715,0.011077049075,-0.022101024775,-0.82446364575,-1.48813492,1.1975646975,0.044446406625,0.67579111,0.26881889025,0.45045927625,48.686065225,6.0744727375,6.9747178075,0.14719675675,59.9336988,12.9511705,1.99438063,0.11493585325,0.312861681,0.15689551275,0.240528056249999,1.57284209,0.08834876005,0.9341666075,0.64181949525,0.500775322
47.210188012,5.8272620024,5.8032948617,-0.03739648760283,66.31389271,14.196365408111,1.3912250606637,0.10010686584,0.030754690350538,0.10944599012449,-0.2123067294156,1.24718547957,0.051309697318,0.90081353834,0.52164436436,0.48389051919,0.962008624092875,0.209881375396641,0.687458844534508,0.130052396841829,4.17421744260348,3.58870607666233,2.81598244313803,0.0199728204112385,0.0730529163481834,0.221529927388183,0.368145712397627,0.0867905787295229,0.00965651914556571,0.0636370214799082,0.108048047425566,0.0146390121951577,45.292331275,5.429608665,4.652974715,-0.29751288375,58.3058617,7.032750055,-3.8482622725,0.059784430375,-0.1115757175,-0.30273812725,-0.96033944725,1.0772652925,0.033840951075,0.75112566575,0.335264866,0.45579236475,49.26571925,6.247063455,7.3734478975,0.19526816475,74.446807025,21.6701533,6.735600375,0.137638572,0.17255140375,0.52988152175,0.463429860499999,1.410684895,0.070907126125,0.9933414425,0.7399276125,0.512169691
46.474627004,5.5475856056,6.8695441861,-0.0823540756451441,60.390088331,12.602990745495,0.804724223564,0.089318928225,0.0390765993991009,0.06330667987247,-0.28380413431419,1.2475948605,0.045351665322,0.87792762607,0.3019658569955,0.51550063475,0.99860195669242,0.218263519359667,0.694817484524789,0.112239308138076,4.36685154651634,3.80259166159821,2.92876647966331,0.0205094466990408,0.075788214315612,0.230402511043801,0.374277525519155,0.0964468623453247,0.0121474627287242,0.0701777679373478,0.12038135982302,0.0157014153822986,44.5714437,5.1132096925,5.68517744,-0.2993196615,52.651264625,5.4005356125,-4.762978255,0.04975005535,-0.114476981,-0.37469773075,-1.00179345,1.07239152,0.025136255275,0.7313220275,0.035164459575,0.48500006875,48.572588825,5.97547979,8.3644558525,0.1358757065,69.428104275,20.370854325,6.6560379425,0.12847245225,0.1836121155,0.52362243825,0.42541550075,1.4379780125,0.070800852575,0.99525304625,0.53164806425,0.54789268325
43.446942584,5.6429506993,7.6962500963,0.03907158361379,55.557041336,4.880960681642,3.2744254581428,0.131449514018,-0.06592283522474,0.25759508405918,0.60553268724868,1.3272302929,0.054818419757,0.84776856474,0.52448314602,0.4980792287,1.08587296098448,0.214386911420505,0.820552881681338,0.127356971049899,4.15335177418036,3.36564281337705,3.02890028138924,0.0260942387740513,0.0826584593788901,0.238279915912074,0.438153639321586,0.0934714275333978,0.00989803346203757,0.0933651506658754,0.119638271993413,0.0151063292066711,41.4355156,5.2474247725,6.2914624525,-0.1891302025,47.27510565,-1.5731393875,-2.5226344225,0.078655064775,-0.221869735,-0.1984525995,-0.272228848,1.157744855,0.0368661734,0.63664269525,0.31251603475,0.4679816815,45.4958228,6.070152995,9.48566492,0.29658807175,63.395664875,11.2779802,8.9323149325,0.1812281225,0.09623297255,0.70269439675,1.4162739375,1.521431625,0.073858760875,0.98770888875,0.79199212925,0.527985373
47.356024817,5.6855779776,7.9046189204,0.12851682398143,70.382487583,12.46256919831,-0.3614862114889,0.10495549186,0.07030159502894,-0.0284376824656,-0.14442917495222,1.19740226193,0.039240759424,0.93205171013,0.53297031977,0.50270772523,1.0715571209776,0.198509991596985,0.84568826014446,0.127317009866662,4.25967758422545,3.78040008373737,2.50691979779228,0.0157127699624696,0.0620771226765111,0.197216343606157,0.312681919052561,0.0907137485425663,0.00810398079697265,0.0598595722935914,0.105375091275649,0.0140761604823334,45.2680832,5.3198447925,6.4443062825,-0.13695722975,62.084650525,4.8013212575,-5.44649443,0.074617528,-0.0460936898,-0.42846911375,-0.76281413875,1.040500495,0.023635338475,0.78277642125,0.3239226185,0.4758928975,49.496157225,6.0986853925,9.79224236,0.3816413215,78.099920525,19.64003495,4.3814523775,0.135212814,0.20626549075,0.344683553,0.46037008375,1.3886375575,0.0548343718,0.997720188,0.73616300375,0.531366397
47.279166182,5.3785171028,6.7001302831,0.09148064727826,66.20653357,13.3093373479,5.945799570475,0.136898135678,-0.09815114949675,0.4677488496034,0.58193809707552,1.3487351843,0.057098313943,0.94637757424,0.50362980576,0.50784618999,0.932106581273409,0.191065626414665,0.744902777272479,0.121701798962427,4.43489599477808,3.84499433845434,2.87177714486726,0.0210269974680882,0.0748783199775657,0.225919229506046,0.370786932818783,0.0890129873093147,0.00913398429452805,0.039227120857652,0.105264065256265,0.0152112979810915,45.50358745,4.984692165,5.4261222375,-0.14338116975,57.725839725,5.854941585,0.081919589575,0.09609847085,-0.24422122575,0.0064445148775,-0.179937838,1.1858687375,0.039602648925,0.85220822625,0.30389640325,0.48026208175,49.103382325,5.765237595,8.24052303,0.3313155415,74.912744925,21.205685,11.59222475,0.17496625675,0.0509743917,0.91194625,1.280843865,1.5340170625,0.076652272825,0.998488792,0.71883695175,0.5369636335
46.806982654,5.6291043656,5.7027986077,0.2614766212456,68.780066771,17.8058016689,6.647740439332,0.127285646207,-0.09555868336921,0.5229696871461,0.5904216379785,1.3901135588,0.061438665591,0.92441741538,0.3702602141617,0.50793168905,0.883435874617373,0.229479986487676,0.653481565135781,0.125089550863164,4.59196347878683,4.05865577975784,3.10577095342338,0.023924070236719,0.0816124084247143,0.244327238806047,0.412592972104521,0.097911072841292,0.0106657301340139,0.0541337425680808,0.139661482184407,0.0160257278286279,45.17987145,5.1946292525,4.562835035,0.018637273275,59.709631,9.9313750125,0.76964875025,0.079139451825,-0.25440905725,0.06054733465,-0.22748819025,1.21536922,0.039766112325,0.8038539325,0.10691389125,0.47894781175,48.471877825,6.0983685075,7.0968731175,0.519691368,77.64554795,25.78855645,12.75282865,0.170997002,0.05933826945,1.0032496,1.41048958,1.59944988,0.0803352002,0.997670463,0.6385341705,0.5390144955
46.48853456,5.8624436526,7.275270107,-0.08728544678553,62.501613562,12.5423298198,2.2466972210258,0.104982400853,-0.000667567236731,0.17674494842315,-0.07513312581454,1.2948716966,0.04796977275,0.89230611863,0.60446028633,0.49962215432,1.16085029595594,0.197724681314912,0.76468544633302,0.130622580947043,4.02339198350247,2.8624170183885,2.46386128855602,0.0178733259376972,0.0656965000310938,0.19382898253516,0.342931453875368,0.0877179888461933,0.00949976651506127,0.0651864572446423,0.116091231628415,0.0147605491160172,44.19709095,5.5071733425,5.974358625,-0.346857856,54.82538965,6.4757479475,-2.8453178125,0.069278443725,-0.1263664065,-0.2238377025,-0.728601452,1.1421781975,0.029407948975,0.747918704,0.39602946725,0.47044687975,48.827950275,6.283378775,8.9659831075,0.16680504,70.1221627,18.13400915,6.9334632425,0.13889580325,0.130742591,0.54544715725,0.5806615295,1.475639045,0.06631753125,0.990234986,0.8432218875,0.52776772825
48.094226086,6.1104752181,7.6405090302,0.08090977424495,54.80774814,13.6110359446,2.69449276583563,0.085258090898,-0.00773803125755,0.211972481692437,0.02877984667905,1.4534803801,0.046133908714,0.92606553259,0.29101914410843,0.51668907565,1.11540310379745,0.220821371927608,0.799495928631072,0.122035147695779,4.37801584021061,3.87092601795209,2.794072379838,0.0168152839987667,0.0696894844848759,0.219806289094837,0.336538960314431,0.0988268078772428,0.00887682722839041,0.0488532428568685,0.135649579515373,0.0167529114810553,45.947379375,5.6833053925,6.25116369,-0.15915362725,46.368997325,6.23491003,-2.472617085,0.05143499075,-0.14440808125,-0.19451779,-0.6031116135,1.2619145525,0.030034199775,0.806322973,0.01851873505,0.48658671,50.1962698,6.546211275,9.32513006,0.31599718025,63.2611433,21.302907875,8.31832599,0.1177082715,0.1229027105,0.65439263325,0.65241405375,1.663646985,0.06416700125,0.9935367315,0.5406550235,0.5487627755
42.829975075,5.6940972534,5.7095739421,-0.325198622417,57.211136698,6.475350359437,0.212302243281,0.105822825939704,0.02558079539839,0.01670156029071,-0.25511069860201,1.3385925236,0.072797711906,0.82860497556,0.335824799829,0.49901539018,0.808597957081916,0.192121820621827,0.630246499227406,0.100962907934645,4.76707915653166,4.20042576291025,4.11008352925559,0.0467854852421035,0.121859409959268,0.323335292294162,0.694472183997132,0.083808794332923,0.0156340898095474,0.0858786995709748,0.125453769635506,0.015230946465031,41.164879225,5.3275214775,4.5934422175,-0.52118223675,48.088997525,-1.6627800225,-8.3748246575,0.00860699411,-0.21425411925,-0.65883731225,-1.6835548825,1.16771376,0.0458982895,0.65183345975,0.07205505805,0.4706690815,44.3630998,6.0743686575,6.9650893075,-0.12123727825,66.6837273,14.681119325,7.9883477275,0.194065167,0.27960851725,0.6284336405,1.05393535,1.5069140875,0.10594513525,0.98736689225,0.58160432375,0.52996064
48.505409964,5.5728206002,7.0892303258,-0.2069898336425,56.80217474,14.490871016458,6.214470232186,0.111347436846,-0.09977411016366,0.4888848446149,0.17510325109722,1.4056674608,0.053643731378,0.94455181998,0.52333042458,0.49845568459,1.1095500015046,0.202972203288993,0.790237916945557,0.140452850229592,5.77902387893489,4.98233996389594,3.0587126785225,0.0166635735262543,0.0725311235381704,0.24062522097027,0.324978217684376,0.098956366313834,0.00908139399962905,0.0394569631374839,0.102891623217149,0.0155450434901538,46.331181375,5.15536456,5.78516335,-0.500588165,45.248173675,4.8034867275,0.153019349,0.079697589875,-0.235279902,0.012037846525,-0.4681219645,1.23193538,0.037491444125,0.85304917675,0.33811770475,0.4692854675,50.620995725,5.9766877675,8.888247275,0.0694775421749999,68.580014175,23.80732795,11.95148975,0.1448285885,0.0442201085,0.940209192,0.836605175,1.6223603875,0.073892545475,0.9964583265,0.73327079775,0.5318784085
45.762973047,5.5007682406,6.5331696374,0.08596747868655,57.577480088,9.86027179973,-5.2139190234659,0.05181870318112,0.1904419775489,-0.41017269332745,-0.7774813716654,1.256643236,0.044771483962,0.8707691636,0.49019465394,0.50766775684,0.997286786965063,0.199705634974854,0.741867014907533,0.112662107264314,3.86142535001086,3.22566905284777,2.7594832981552,0.0223532059668379,0.0739647552750937,0.217085208073043,0.39252273079736,0.080405405746276,0.0102707672780898,0.0773532104236174,0.112403608280622,0.0142373150883357,43.9073764,5.131011315,5.169548435,-0.15180553825,49.7276711,3.5141175725,-10.3480818,0.0079794867125,0.049348226,-0.81407109125,-1.5460870325,1.1026129425,0.027413256225,0.70251737025,0.29174141025,0.48145646375,47.744199925,5.9027484275,8.06394769,0.2894754165,65.258841875,16.299465,0.0278375928249979,0.095739958425,0.32709647425,0.00218994964999984,0.0267615057,1.40839679,0.0684091924,0.99389677375,0.71091100675,0.5352175695
46.262927551,5.7319359688,7.3195971075,-0.039959089398008,55.585946158,12.688074285,-1.35774873515599,0.0620168265723,0.09865090043079,-0.10681244817773,-0.5739269509496,1.2841077173,0.039958902158,0.93791938089,0.56375385468,0.4998549661,1.13021584958053,0.208662423753306,0.785715919844785,0.127206606835342,3.99853512630418,3.09679554027016,2.44990242958503,0.0179360008670938,0.064395096399339,0.192730856370255,0.331504712135745,0.0829598330664083,0.00742947346488391,0.0599220426210037,0.0983951152799348,0.0143497690056394,43.9195836,5.329403835,6.0257332,-0.272993579,47.854385675,6.6574436625,-6.32919912,0.026910843775,-0.0217953938,-0.49791042775,-1.2420170575,1.13504679,0.025348991675,0.780071976,0.39689671325,0.47334718125,48.278181825,6.145623385,9.016275145,0.2241220675,63.405937525,18.873020275,3.27343757,0.0957795466499999,0.230987269,0.2575173695,0.089472567475,1.4585972425,0.054612008575,0.99708768925,0.765828335,0.52914098175
46.204707302,5.7705093727,6.3399330473,-0.0083461541224,65.831960816,13.5197044751,1.7872485826069,0.104961242666,0.016640017240132,0.140600680972068,-0.0922861873426,1.3778297416,0.061023310427,0.92601484882,0.369968950813,0.50289630049,0.886298815566182,0.215266652744943,0.689728797930505,0.121055822496032,4.58980431717173,3.92320772206027,2.97718662437605,0.0229820011955036,0.0776847016064634,0.234211665157574,0.398189849907382,0.0937892904261221,0.00917534196881826,0.048309540499866,0.121822406950168,0.015695733035668,44.48875865,5.3544293875,5.1309917275,-0.25487402925,56.94351535,6.0910411825,-3.974423725,0.0593103744,-0.137521387,-0.3126630975,-0.8384969505,1.1906321825,0.043438425675,0.80193807725,0.08172510355,0.47276262725,47.98929725,6.2431470925,7.8541886825,0.2291862285,74.50121875,21.0931806,7.5753636975,0.1481736825,0.162079818,0.59594468525,0.6764131965,1.55759639,0.07916960855,0.99564745925,0.59963467525,0.53435054475
44.933419142,5.9694467853,6.9225595003,0.032279510471162,56.841026657,4.893150797247,-4.817464521587,0.07585502497061,0.15551764761097,-0.37898409782459,-0.47918873353823,1.3374030244,0.056058817729,0.74317671403,0.22175102089062,0.54332230701,1.08021965322508,0.220183505364305,0.738204125360943,0.1024332469982,4.26238052593685,4.18967081253024,3.79838353406069,0.0362260496013431,0.107549965324176,0.298814230835673,0.59734724349526,0.0882753505780282,0.0137421254432282,0.107057916930448,0.137447677019956,0.0168384931576506,42.77650615,5.57706916,5.5704017,-0.1688071055,48.34682685,-3.205761825,-12.53768175,0.0042529640775,-0.050101004025,-0.9863242695,-1.6793722725,1.18334039,0.028092630425,0.534354957,0.0146891173,0.5123078695,46.944204275,6.42372033,8.5205148425,0.23400632625,65.49043835,12.516428175,2.3895933725,0.14309417725,0.378159139,0.18798641675,0.665268795499999,1.5207265825,0.0833788572,0.958547194,0.5159531225,0.57994402475
46.910896008,5.63835262,7.6086239147,-0.2067942362284,46.716874935,6.1962975716833,1.8532960433894,0.094378353249,-0.020666915141941,0.14579655469524,0.02042790344388,1.2391151095,0.037914616787,0.7335543625,0.342593813792,0.51168866745,1.1280095858381,0.197858198809363,0.802500657459923,0.101022086892154,3.57596722049902,3.09533357689753,2.75331105872389,0.0224303665574564,0.0740450680985834,0.216599645398565,0.381630022538235,0.0775969539847037,0.0112149137283209,0.134742936181303,0.112860438397601,0.0146116328776442,44.779150975,5.27193835,6.2569104475,-0.4099612685,39.567342075,-0.0589796094249999,-3.3419686,0.04981054,-0.16896461525,-0.26290861925,-0.7226069935,1.0880920775,0.01845866005,0.469586949,0.12008973525,0.48396240825,49.254435775,6.06072917,9.2931583575,-0.01413581655,53.4409509,12.48676825,7.3253917275,0.13577657575,0.11815417775,0.57627969575,0.737508122,1.4021957525,0.0606438178,0.97247193675,0.565960269,0.541057365
46.001888016,5.8896419113,6.2498185079,0.025441606856768,60.837796571,17.3387344633,1.93662251502899,0.0767304516343,0.03106600543718,0.152351747246931,-0.310712965602556,1.3192767233,0.047428656093,0.90051393612,0.3017244974581,0.49712474521,0.910976428350174,0.226755306879654,0.684163286493365,0.10161519863737,3.79109464818441,3.21685184926025,2.9008603951817,0.0205542031016161,0.0758905323137775,0.228207173012129,0.370122751077589,0.0933575350116799,0.0104882394344719,0.0621765197873686,0.122737998791154,0.0149829152825422,44.2851335,5.4910540175,4.9928138975,-0.16949070275,53.608766975,10.668627425,-3.5935211825,0.03574092665,-0.11854039775,-0.28269795575,-1.03002904,1.1396494825,0.0286088952,0.7601252675,0.026891167125,0.468306369,47.79388505,6.3641727675,7.586511985,0.22994940025,68.3388059,23.2997216,7.5256054825,0.1160770655,0.17846978725,0.59203026875,0.4254557295,1.511853655,0.068772655925,0.99462073,0.51460878975,0.5265757275
46.963803362,5.2053573948,7.4004440826,-0.0795632382452,60.037643889,6.923656238081,-0.4172344665439,0.105828315762,0.04497707846853,-0.03282332987937,-0.09985753074544,1.4281357415,0.050402184778,0.93206319141,0.63942805472,0.51775065386,1.13378732080785,0.184589143037198,0.806828883348937,0.149108457698701,4.97737715501039,4.30623589935095,3.14085847647934,0.0208112568335892,0.0791475588868218,0.247087531477538,0.383406269788424,0.0993390593304934,0.010091635792823,0.051921871287983,0.117265532730347,0.0161071131838258,44.901010075,4.84855542,5.9998802475,-0.36078813825,50.4091345,-1.800543265,-6.2697162575,0.06814936955,-0.11208881125,-0.493230983,-0.80401582275,1.2553278275,0.030935102725,0.79697747125,0.41881143425,0.48632134775,49.24874495,5.5814318425,9.138353875,0.21477104325,69.63364565,15.210836375,5.5908964925,0.14674434725,0.18839769425,0.43982905475,0.679623578,1.645635385,0.070988062675,0.995763831,0.88125704925,0.54789831375
44.687550976,5.2925464485,6.1746203008,-0.16446608807493,56.290441837,8.484532223587,2.4658884959712,0.110709286423,-0.026334338482281,0.1939884607996,0.07818710076808,1.3407849065,0.05303549201,0.910604953,0.3568581019888,0.48417765348,0.829903561406168,0.18497072342247,0.649534194618572,0.0978281885346306,3.72771679914321,3.09118874664163,2.5202928266213,0.0206204119027186,0.0672504042001006,0.198268383842575,0.350103476546573,0.0755563417451577,0.00861851067316661,0.0543976580445385,0.126507844908317,0.0138283993504137,43.04254,4.95276692,5.0837456025,-0.3557060835,49.00363375,2.5644484475,-2.366052045,0.069024342825,-0.14582327525,-0.1861344525,-0.630477946,1.192722185,0.037969467,0.781737857,0.10172168175,0.45825938975,46.3439616,5.651550325,7.5782466325,0.042950683625,63.908524475,14.292115425,7.0431970125,0.1499081995,0.10314282975,0.55407977725,0.74310596025,1.4923163975,0.073755972775,0.989206696,0.5982626345,0.5107476665
44.482265799,5.6045924595,7.0996088974,-0.002235685957458,60.004500302,9.32962406031,1.52224615570343,0.108694095978,0.003578788160578,0.119753260902068,0.09032698782754,1.3337422715,0.059161905844,0.92172377951,0.26925299767177,0.53138298521,1.06513284465973,0.198745753566054,0.770532256164001,0.101406068579224,3.98869891262085,3.35893731753923,3.03453161453177,0.0247564103328182,0.081899742333081,0.238722925941894,0.417138909678166,0.0782977069365303,0.0111139249269455,0.0609375904389008,0.131069148974726,0.016571200969177,42.358860675,5.233008035,5.7831323925,-0.2135050485,52.6784273,2.78630925,-4.3827790975,0.056469808525,-0.15203997375,-0.34478792125,-0.738886171,1.1856491975,0.0381504199,0.75741449975,0.0184765722,0.50118747425,46.4910469,5.9930251425,8.7199668825,0.20656425275,67.6282425,15.7354887,7.2819687675,0.15752127875,0.16642763825,0.572863662,0.877186469,1.4893203375,0.081368099025,0.9969064705,0.518362444,0.56638166575
44.639838997,5.4361381127,8.5689370376,0.04758296866214,59.403221536,14.8645293847,4.077713502817,0.100262947462,-0.03950450774178,0.320788781363,0.13966876197587,1.4612900229,0.052816633876,0.96150742269,0.4894221531,0.4814467519,1.20547155835683,0.199100050789813,0.847216386393923,0.115012069152289,3.95999089322982,3.15338953403764,2.45298853703324,0.0172363505217451,0.0636993322659711,0.192973636528476,0.327898078858087,0.0854533679107789,0.00844397466797222,0.0297467276827954,0.103971386283304,0.0138721082494332,42.382639375,5.0706606125,7.0540857075,-0.16665303575,51.74800405,8.708423115,-0.601159221,0.067217520575,-0.162242329,-0.047292467775,-0.499808543,1.303309615,0.03739816425,0.88340191775,0.29691133725,0.4543986405,47.031583875,5.82613066,10.368921575,0.2773178895,67.13154255,21.215156075,8.85232444,0.13351875525,0.0835348783,0.696401644,0.76838871575,1.635018625,0.070089690075,0.998358069,0.70331626675,0.509890851
46.898652874,5.7295516742,7.9506328048,-0.04500800680475,58.155331075,7.903878312303,-3.6348657690555,0.07361607779722,0.13775800823051,-0.2859504865108,-0.57202780580228,1.3698375534,0.06504591239,0.86810433654,0.3857897546268,0.52242474357,1.26027800212635,0.207537876748,0.800847835514712,0.114386297215106,4.52532344666789,3.99559858136236,3.1404481043999,0.0246665522751287,0.0840726749515615,0.247055247615633,0.437368153248249,0.0964501393671495,0.0109491958016291,0.0560323976574387,0.126749402329969,0.0155571143275353,44.395241425,5.3451869125,6.6042076075,-0.25860955275,49.344790675,-0.102301409575,-9.9186712275,0.023482617475,-0.018784444475,-0.78028985075,-1.47294193,1.1993159775,0.04536271185,0.73873578625,0.082017794325,0.4928372595,49.1917483,6.1416341425,9.719976435,0.16677262875,67.11044925,15.529497475,2.498963795,0.12119313625,0.307652955,0.19659045675,0.2856608715,1.56276897,0.087228016525,0.95973329475,0.62676906925,0.55300638025
47.608123016,5.8081778252,6.3147008566,0.03709358630033,61.732849881,17.0349914881,1.7470948861934,0.078857613412,0.0347787992438962,0.13744183804507,-0.29905099724962,1.4087520272,0.043870506935,0.85231895441,0.459567346518,0.50194794258,0.921215852922054,0.209116004057815,0.707013299638478,0.125542127563663,4.41738444340645,4.07037915842994,3.35816089282198,0.021802012940131,0.085331877852485,0.264182448901832,0.409946982515522,0.0960834625858205,0.0105734634228335,0.0852657136760893,0.120058220111508,0.0152476185723586,45.8153867,5.4133106125,5.1486734775,-0.21523832375,53.142790375,8.8473821825,-4.43223633,0.03728462705,-0.13888035275,-0.34867866425,-1.0867040875,1.23396095,0.025299849625,0.647787343,0.21851569075,0.473362184,49.524147475,6.220840675,7.87017684,0.27895608325,70.3756232,24.875152725,8.3295083675,0.122259973,0.1931232565,0.65527233675,0.5431074,1.6021883775,0.0662026645,0.98244280625,0.70504309675,0.531901394
46.034487694,5.6544174559,8.3942066646,0.0583204399648,63.179847673,15.5470552182,2.4583328536999,0.094254460993,0.0081077235497855,0.1933940675539,-0.0800184727689,1.2799732677,0.038764121665,0.86659255665,0.17110290103812,0.5182467459,1.1962223756628,0.211430635591885,0.846295527579079,0.096928276837939,3.68263212647461,3.35275991354627,2.49302179920331,0.0164108624155316,0.0633662322884258,0.196123004829127,0.302842155798145,0.0752893377764648,0.00977701015496642,0.0863228766683699,0.106507662556705,0.0146754877700358,43.6001059,5.2635501725,6.9377054575,-0.12646533425,56.17086615,8.9132031875,-2.407784655,0.060479339775,-0.10558162675,-0.18941750075,-0.71075717475,1.13797863,0.022393354325,0.686279,0.0055342119775,0.4883318785,48.24167975,6.0822912775,10.275681225,0.2478782925,69.975707425,22.16173265,7.088513455,0.12474686275,0.1328744645,0.55764476725,0.50971226275,1.4337466025,0.060664575875,0.9951731275,0.38571076275,0.5476309055
45.314725229,5.8002113875,6.596290644,0.041604998684501,65.195404139,19.7824692375,1.5052430979417,0.0725620869342,0.054713793404351,0.11841565093699,-0.4688532034425,1.3834523092,0.046965953809,0.88339898037,0.53392871956,0.50586930252,1.0317572997398,0.229291502128806,0.710655022866098,0.136308770176083,4.8890592998441,3.97683793928241,3.34573929255006,0.024381709365806,0.0887991873991192,0.263205257023696,0.439046347677525,0.100476280430027,0.0110668491875904,0.0785142798979475,0.109077096190458,0.0146694582406553,43.261614875,5.3732563375,5.34277757,-0.21443238025,55.613998125,11.8177683,-4.654277435,0.02801783895,-0.122873691,-0.36614637425,-1.2977364275,1.199095455,0.0273181028,0.692775596,0.349554988,0.48042012575,47.408915525,6.2473418925,8.0977683225,0.32613242875,74.493425925,27.816262275,8.2538768025,0.1268325935,0.23220576575,0.6493224885,0.451022957,1.5836992875,0.070031116,0.99036857975,0.77838669875,0.53657728025
46.382049845,5.7154596201,6.5672966127,-0.18262182709708,57.228472976,12.58990944585,5.519724222017,0.116081987214,-0.08998180108086,0.4342300180078,0.2258926852898,1.3660261224,0.047687366264,0.95465766349,0.59865758033,0.50406766837,0.985481937562011,0.188617297126188,0.6425736524633,0.12168431507279,3.99562089293718,3.37447887058264,2.40931521775726,0.0192336478553766,0.063777090878631,0.18953790940469,0.342372927625589,0.0744123075519425,0.00685338202405282,0.0402227104166601,0.107873561630262,0.0127377204789263,44.440850675,5.369944715,5.432784815,-0.412749655,48.899094125,5.9759273025,0.6819235245,0.080036792475,-0.2103539695,0.0536460971,-0.43220296625,1.2299511225,0.03470356465,0.8492142295,0.40923478875,0.478379977,48.387113175,6.09490775,7.97152969,0.0567976892,65.1021928,19.281109925,9.997620395,0.152376228,0.032103769625,0.78650068775,0.9197597445,1.52112024,0.062179526525,0.998706328,0.8264340225,0.53005314775
45.647015775,5.4749531395,7.0680557483,-0.11931905371387,59.732474732,19.8518389065,6.63082399321,0.096520374505,-0.08517777657431,0.521638890696,0.01265753316223,1.4568086179,0.054956543556,0.92734334295,0.28373157197434,0.50521827422,1.06215871464129,0.218557791638015,0.766336510315163,0.110781410356813,4.39974623913464,3.88402056951616,2.78258105678736,0.0220295865475006,0.0725044276959748,0.218902280603086,0.376991683499851,0.0877214228602786,0.00987588210960119,0.0548547990657724,0.128592049775657,0.0146281131100311,43.4840564,5.09491667,5.706647255,-0.3239036615,51.2286794,12.095958525,1.491912055,0.0531020865,-0.22863411825,0.1173669105,-0.7305322165,1.29879801,0.03686573135,0.78955316575,0.02302654895,0.476012441,47.633909675,5.922615235,8.6394232575,0.0944675752749999,68.410503375,27.0825746,11.916665375,0.140211992,0.05276580805,0.93746964925,0.73848523475,1.633204635,0.0746439249,0.99606025025,0.52028911975,0.535586639
46.904031768,5.625090171,6.607070847,-0.058239678308557,56.294178829,13.13111680381,7.352759755759,0.124659859247,-0.137507287251703,0.57843270348474,0.55619316560783,1.25294464931,0.051967326984,0.8252839124,0.51200589978,0.49541468097,0.999317947728921,0.217148211673239,0.798650069350258,0.125266636789776,4.47928722757195,3.93176763475064,3.13168117740127,0.0237144966975201,0.080512997861385,0.246365565249037,0.405860349933072,0.0893783752794054,0.01093211005668,0.0912598600575947,0.124528620051629,0.0147779620236984,44.9446698,5.2517319575,5.28447915,-0.307147286,47.53938265,5.32524798,1.28351518,0.0775782424,-0.296487895,0.10097258645,-0.2576096855,1.1006403825,0.029811413675,0.6165885925,0.277341066,0.4686241185,48.858214225,6.070432535,8.40006026,0.173442196,65.03930385,21.05402135,13.379873475,0.1708614875,0.0176667091,1.0525784775,1.3518392925,1.438362985,0.07450067445,0.9842352805,0.763365008,0.5277368405
45.178967421,5.4974510029,6.8186308491,0.08023838707859,61.152552323,10.411560594,1.2109190513383,0.10414627847,0.0173408605627639,0.09526153490296,0.07347862238522,1.2251512487,0.040833255638,0.89949392336,0.71141663456,0.48812024208,0.987549991693874,0.199343590351919,0.732631277572572,0.133807061003777,3.63378781179115,3.18142324779313,2.65791488916859,0.0220167561308205,0.0709681374328102,0.209094944346963,0.382081947149705,0.0777246575292967,0.00837967779226233,0.0869478616582269,0.114600690344683,0.0136182930417069,43.21281805,5.126915115,5.543214105,-0.161468754,53.738798375,4.1985655525,-3.9484316075,0.05897874515,-0.1187745975,-0.31061832875,-0.7052458915,1.08791359,0.0261679481,0.6912545635,0.51024788075,0.4624482365,47.122952725,5.9031176075,8.4390606525,0.362246105,68.190789525,16.480921725,6.2025807875,0.14354315875,0.16043912175,0.487949512,0.7856210345,1.3819253725,0.05754441435,0.997088112,0.96921233575,0.5143159765
45.679994794,5.6041303895,7.5158072718,0.024678026755009,62.082817066,17.8040587153,0.8831726406207,0.06988245614302,0.062142382313903,0.069478121858377,-0.471965134359398,1.3296577097,0.054501921964,0.87810972268,0.6685250796,0.48607347386,1.08463866542216,0.217411114605858,0.843591243054669,0.132995694175211,4.70489684365018,4.12261715631095,3.60169469701623,0.0310192347191395,0.0974294971136548,0.283340958644593,0.523043181895374,0.0929574494189523,0.0144518035812342,0.081868183536469,0.133793909367813,0.0153884452965405,43.5419137,5.213059615,6.1070974775,-0.2232868255,53.3518295,9.6069821475,-6.3056734325,0.000816226762,-0.10671353725,-0.49605969525,-1.64519847,1.163811805,0.030911285275,0.687787083,0.41700787825,0.4565037225,47.894107325,6.07061476,9.41660252,0.29620170575,71.374216875,26.18887755,7.033804605,0.1245356335,0.26638192725,0.55334089025,0.40827984025,1.52457411,0.087259699975,0.99150569475,0.949979847,0.517642818
46.596909364,5.4533376793,6.652072765,0.016340762945503,63.986302619,17.2412181212,9.56626165391,0.139765703618,-0.1781416370683,0.752566215144,0.7352095600513,1.5397341722,0.071434321341,0.92899697517,0.49640069662,0.49953101952,0.947900439604319,0.200566116105745,0.770625275328278,0.135735957012993,5.16506779978857,4.09080589428285,3.17892410247037,0.0232962227899153,0.0827664246910067,0.250082107549327,0.400043457024184,0.106880896206456,0.0105248103750302,0.0455865790674421,0.104344929314158,0.0152229234035075,44.796139525,5.090097235,5.3397308975,-0.234667454,53.746234675,8.8318335175,3.64249153,0.0932744419,-0.34261441375,0.2865503915,-0.0529925081,1.339551015,0.0504922657,0.83196639875,0.3061470855,0.47131589525,48.533350375,5.856934415,8.36085918,0.2911663985,73.8678696,24.92973525,15.990792775,0.18552443,-0.019584330575,1.2579763175,1.505695495,1.74773165,0.0921686458,0.9951299135,0.707785005,0.5304229075
45.3539075,6.1618097496,5.5029303242,0.00885828279224,52.846800247,9.988846546442,1.1359234588521,0.0860789889782,0.0173435296532,0.08936172244718,-0.0457125128472,1.3178974179,0.052631761499,0.86729060851,0.47197006696,0.50810407278,0.863150814486554,0.239152569073039,0.676814009574405,0.126838379675806,4.59305220761969,4.27051040905316,3.00770500535508,0.0264905568591579,0.0798189060772826,0.236612509341898,0.439309508332934,0.0868127973016316,0.0113789953537217,0.0813619340616019,0.121863321445146,0.0156599957004367,43.660484675,5.737127715,4.26566832,-0.22112541425,43.98656445,1.3913098575,-4.685288895,0.0337988411,-0.1400213965,-0.3685860005,-0.91423888325,1.1530577625,0.0312442958,0.6903932965,0.25721102475,0.47984284775,47.073096875,6.6742075175,6.922144455,0.2578738865,62.4303956,17.9850365,6.77460965999999,0.1385765505,0.1686322675,0.53295033475,0.8148447855,1.4986517375,0.075880080925,0.99466058475,0.73309623825,0.54109309875
46.767007564,5.7392639978,7.5569011617,-0.04641891109708,49.248740063,9.21606374796,3.2396804408642,0.096426830161,-0.043957994477395,0.25486173567103,0.20140223737412,1.3183810117,0.040931358989,0.90445071734,0.56158214995,0.51324919107,1.1212871233823,0.206212887851188,0.77131305955726,0.135969471137568,4.16525084025055,3.18095766172462,2.8784050148383,0.0181286982677536,0.0737429515751572,0.2264406356049,0.355091637695586,0.0811969792368055,0.00873081664766813,0.0715400340812865,0.121348142050048,0.0157001400446709,44.6478874,5.3451399325,6.047995725,-0.320495238,41.173201,2.5518799,-2.61461209,0.06261743575,-0.1834389375,-0.20568836425,-0.50528828675,1.16040122,0.02577473475,0.73384707275,0.3472105765,0.48460245025,49.08320875,6.155422955,9.187282355,0.21430837575,57.7097008,15.034144675,8.803629295,0.13168432,0.0991618745,0.692570853,0.88603693475,1.4857038925,0.0593898943,0.99743629075,0.82828188675,0.5459906075
46.21012369,5.5868700242,6.6886444311,0.025268902096362,58.458337577,6.400684196487,0.59314264314996,0.111846628228,0.01479965880911,0.046661813237466,0.16064816792719,1.5925606155,0.062928992233,0.94547274097,0.62310021347,0.51205697974,0.993915864872778,0.208798735933777,0.703571917622667,0.142484979110281,5.0095579936181,3.93271306494544,3.20600407319416,0.0240874701073242,0.0841290788295502,0.252212456701354,0.418542885446356,0.0995758176182081,0.0109988895285373,0.0441451876238689,0.125995811081255,0.0156909840194225,44.3621746,5.2103567425,5.44525951,-0.2586448455,48.132732025,-1.739151855,-5.4621620825,0.062355469875,-0.1503015185,-0.429701676,-0.699579791,1.402781485,0.03758585085,0.8292567175,0.3946864015,0.481967757,48.178632725,5.9981980925,8.1755608975,0.3065154625,67.48719515,13.7779091,6.734954625,0.15858065325,0.1775227185,0.529830722,0.9702589915,1.78970964,0.0845267497,0.99678990825,0.88710464675,0.5446927655
45.978905937,5.9751205217,8.1454215233,0.113428677710214,61.770203775,9.39268049433,1.6444790002243,0.113427602223,0.000540353658199,0.12936917075017,0.232076439120448,1.3361143268,0.052568023768,0.90790923274,0.27019460865976,0.50544739051,1.25044764553224,0.224436777874189,0.844774425711245,0.103996500840236,3.94820822914442,3.49720153710412,2.77156027020924,0.0202259398620308,0.0721828763091685,0.218035288806707,0.373278608137495,0.0879617377146852,0.00978433041679676,0.062353961389015,0.155244720787022,0.0158551824304636,43.61236565,5.5525422125,6.6137334275,-0.095012037125,53.683585325,2.77271491,-4.1634777725,0.073277290175,-0.13751815925,-0.32753575,-0.529926381,1.1761537,0.0356517353,0.75557374325,0.00975105755,0.4757631365,48.51230835,6.418429855,10.0177149,0.31085566725,69.1613344,16.537206575,7.142188245,0.1546924735,0.15063186,0.56186729075,0.98118448975,1.504843775,0.07367217895,0.99254596175,0.571661275,0.53736756325
45.780779972,5.4451426712,6.8889233785,-0.125091337072543,56.599311406,16.0990800644,5.2558918256381,0.096523506899,-0.065753170531,0.41347464314663,0.02813244562081,1.2760316555,0.046266727114,0.85674339414,0.58645753455,0.49365949989,0.975757946510579,0.193633952746881,0.741227442070731,0.123669990956079,3.64412700526711,3.06895102017054,2.66050834877152,0.0221159647645344,0.072658397886726,0.209298969575257,0.375653098698272,0.0805365143305906,0.00979016571246302,0.0806446163388108,0.111266887120519,0.0133704715100344,43.8494962,5.09181258,5.54397616,-0.379252538,49.5094204,9.961492785,-0.0647847902249999,0.053141478725,-0.2070040235,-0.00509654098999999,-0.73269533625,1.131279455,0.02787208215,0.67199050825,0.38937093475,0.469180863,47.6702733,5.84061033,8.44709066,0.1317376775,63.40640325,22.21915215,10.3018856,0.13972522625,0.0745681877999999,0.81043688225,0.76020741475,1.4480419125,0.066163803825,0.98014705075,0.82448842825,0.52124896325
47.517977049,5.5010578342,6.0266210014,-0.1415525586036,57.114071232,10.98789730309,0.966855537203545,0.090255602691,0.026811828241684,0.0760613539007664,-0.24735705078,1.4118811194,0.054510944041,0.87607381672,0.395594459435,0.50321596306,0.934121918458785,0.220130480241549,0.658392589569691,0.133127170781498,5.68098754361188,4.853334507638,3.31995690553273,0.0217144362910582,0.0821754607475339,0.261176988188384,0.387636409301399,0.10679460376075,0.0122691894938092,0.0687202815827282,0.118548146410655,0.0157245041736627,45.59375795,5.08892214,4.8475777825,-0.396254091,45.529771675,1.47349798,-5.2657612175,0.049969738875,-0.13504431975,-0.41425106,-0.97308131,1.22046375,0.02980476735,0.72780693075,0.144504934,0.4732184665,49.24903575,5.9308485475,7.3792717375,0.1085179945,67.9962738,20.67097355,7.5795798275,0.13393302575,0.18227338225,0.59627636175,0.511583438,1.6424683175,0.0784728953,0.98224240325,0.629835298,0.534035897
47.557961573,5.6102598256,7.3845334237,-0.15942817505827,54.064705485,12.6428425081,4.5540376443884,0.101433283648,-0.063305542826955,0.35826062435504,0.0918769115783,1.3010322617,0.054004142542,0.82779703884,0.3833884090913,0.50366959062,1.1204820979088,0.192883849786801,0.764068707798213,0.110242495667099,4.22347981271862,3.74801591071099,2.88066309805977,0.020525911333227,0.0738659897933448,0.22661827572292,0.363318587087908,0.080435734455209,0.010866818564201,0.0779800210406334,0.133477773265621,0.0138091063082576,45.4471594,5.2503417825,6.035586015,-0.36530915175,46.04262505,5.6875644925,-1.1467393525,0.0600655356,-0.2007116775,-0.090212597125,-0.64682092875,1.1405054975,0.034114850825,0.6526713635,0.0614238648,0.47642355025,49.864132475,6.006265125,9.0064339175,0.0553060796749998,62.082211575,19.790986525,9.9185736625,0.14057429575,0.08506065955,0.780282171,0.75553069975,1.46769791,0.075742016325,0.95156434075,0.61749578475,0.5317817915
43.735647237,5.5574813378,6.6451220036,-0.01001515400624,60.231272309,10.9980625283,-1.9168032594458,0.076652470615,0.10575347630927,-0.15079259050775,-0.47993346170995,1.2788068659,0.049433166018,0.91315595861,0.40335654763,0.49517948849,1.06591985356175,0.194792247535135,0.697441089108034,0.100921183304479,3.30283923758603,2.81277335722331,2.3786685551138,0.0211576361320658,0.0656487868263767,0.187126973795784,0.358490978884505,0.0711360781401829,0.00802169186417825,0.0536082633903112,0.0997173855524478,0.0123156797029698,41.678554525,5.2005663325,5.467549255,-0.20453186125,53.611218375,5.3319316975,-6.66628764,0.0310948428,-0.022359628125,-0.524428779,-1.2593292325,1.15752682,0.03511882575,0.7885729515,0.2315737935,0.47115479325,45.7080127,5.94843351,8.19241292,0.19209820875,66.7565022,16.096360525,2.8625893175,0.1155266145,0.24235518475,0.22519642875,0.20269288675,1.428471585,0.065998329225,0.9925747395,0.61304203575,0.51988628575
46.137248305,5.6666550569,6.4259613126,-0.22678844659796,55.935749095,11.9906594053,4.595338858155,0.109124861165,-0.067596915544425,0.3615097409119,0.08436402021083,1.3652800068,0.055139426155,0.95293670254,0.65808507313,0.49126848847,0.933099333370269,0.204645686067446,0.74376326723577,0.154439038224143,4.66538452085441,3.8067652925122,2.99427148498482,0.021714779343843,0.0771078811308222,0.23555571023008,0.394017349587448,0.0969620940482436,0.0101972452768117,0.0398216086051306,0.113334562992444,0.0160062777310941,44.2553539,5.291360185,5.217266125,-0.53357699025,47.124783275,4.40373645,-1.36959745,0.066357367075,-0.2190479995,-0.10774457125,-0.6989864075,1.1953783025,0.03584714935,0.8510552855,0.46911561025,0.4617994625,47.994115425,6.101611675,8.107796115,0.0635732406749999,64.59955285,19.0395019,10.422045925,0.14887166125,0.084035616375,0.81988974175,0.82347830325,1.5742522725,0.075967513,0.99819703425,0.90391036175,0.523026084
45.414143874,5.6621602117,7.9509280468,0.04409748837711,54.459535557,13.0003897953,5.012298080268,0.104026697784,-0.074109629021992,0.3943114180158,0.3380788699039,1.2539517286,0.041915105281,0.93126636888,0.60923329034,0.51779717086,1.11118650943046,0.214908157313088,0.819324069767629,0.132421558015795,4.03960100256691,3.55583309336869,2.74594047362799,0.0221518383227878,0.0730059938593649,0.216019810739867,0.393216743189202,0.0780474934246533,0.00844872849611808,0.0637978273302984,0.121171626901168,0.0157009061543634,43.1485355,5.24944865,6.4897579225,-0.21721404825,46.838893125,6.29240657,-0.2612617595,0.0626677161,-0.213840455,-0.020553146425,-0.400393164,1.10894298,0.02708186705,0.7630540005,0.39189654425,0.486114919,47.415784975,6.1030335825,9.680895015,0.3075285855,62.5646621,19.630123625,10.15403055,0.15020528925,0.06343084405,0.798805272,1.12097127,1.4236326825,0.0593520756,0.9975309605,0.8810243475,0.549321198
46.141306269,6.0563264744,7.2428574453,-0.029622873034999,51.323676363,10.385815113887,2.5713874797392,0.09106454307988,-0.02000421764212,0.20228793792897,0.07264384454177,1.2681147753,0.066686661461,0.85640205416,0.438767509168,0.49643254828,1.09161828227962,0.228105530468428,0.75857573861716,0.121924808116299,4.54101964217744,3.89518518199823,3.25187482762276,0.0314103640316733,0.0907190742454376,0.255821053319421,0.518119725418483,0.0824771427137538,0.0129037315274068,0.074388615051565,0.140047341796111,0.0158520194269259,43.968150175,5.628109435,5.882732485,-0.275067123,42.582871475,2.8050097875,-3.906792295,0.029124036675,-0.20315725625,-0.3073426145,-0.94836372825,1.1157160625,0.04139447055,0.68808023175,0.12016416625,0.46808742475,48.182482775,6.5150726775,8.872585,0.2052839875,59.845222225,17.8690575,9.1368720175,0.152135803,0.1632198465,0.71878665275,1.1137610325,1.444368095,0.092494504325,0.97351622225,0.7208868555,0.52823099975
45.525066662,5.8874734899,6.3884245555,-0.18455825570593,57.306755493,11.4438835683,0.739747591483,0.0869623939335,0.035235523303019,0.05819504684356,-0.34733589832924,1.3255114104,0.048335695391,0.93347273864,0.45494533117,0.50533606159,0.938673301544101,0.199462745355989,0.685235651834671,0.108047436516936,3.8314083496802,3.35746991925719,2.51943077597111,0.0203062192197479,0.0661192923919386,0.198200567120319,0.349053218938089,0.07525156534231,0.00836871448249578,0.0571723199009036,0.0945343062835383,0.0138471965546076,43.84013665,5.5186499575,5.225489595,-0.38526620425,49.8233118,4.983399755,-4.12239673,0.046714905525,-0.09450506185,-0.32430395575,-1.0760429075,1.190334155,0.03369115335,0.77899974,0.28124706175,0.478530913,47.49653595,6.3017761225,7.9481941,0.0240745570999999,64.618014825,18.2252151,5.5397761425,0.125010955,0.162588883,0.435807471,0.3072531615,1.480477415,0.0651605604,0.997648701,0.6501681325,0.533042934
48.092762894,6.0820655961,7.8216063578,0.1740832124704,56.663683518,3.8291410862139,-4.4226719117851,0.083199976461,0.139558989577072,-0.34792624170861,-0.22051119164455,1.249617322,0.055265891329,0.8675709849,0.47130970798,0.50847699555,1.19998135909244,0.220980562160993,0.792958699490479,0.117621139652334,4.0077783755908,3.53091355767453,2.58542363959796,0.0181848472156619,0.0670032466788362,0.203392146113597,0.339977822009636,0.0889724663251071,0.00796906793919279,0.059355438567686,0.105442072342398,0.0142626659201438,45.8144059,5.6519324025,6.4777893875,-0.04542422025,48.600379725,-3.2430663925,-9.357955205,0.048189948025,0.00713929702,-0.736179003,-0.89727618875,1.084013365,0.03929871975,0.73657694475,0.2728981615,0.48186427,50.662440375,6.5259196875,9.43079273,0.401515359,64.898147525,10.65372045,0.794888473499998,0.117564736,0.26860195825,0.0625329139499998,0.42754183675,1.434531625,0.071131062775,0.963638619,0.69059594275,0.535949177
43.853567677,5.2786778431,6.8850183788,0.067414925719545,53.111702351,5.0362194341608,-2.67057905310002,0.08198583315765,0.09747575586667,-0.21009121872885,-0.1929932775258,1.3321143103,0.0451789389061,0.86612686654,0.539263435878,0.50575320909,0.985049368424068,0.187534469916633,0.704164212649409,0.117462245475523,4.06326424132279,3.89931611162217,3.37197877062437,0.0271449062501771,0.0908259703008124,0.265269484351751,0.481986575968512,0.0868797297721198,0.0119247266329397,0.0969758953261022,0.132988083090946,0.0166403686909587,41.884401875,4.91924964,5.6713910725,-0.176561133,45.806715325,-2.604432605,-9.1350577625,0.02937380775,-0.075921251675,-0.71864392375,-1.1586864675,1.178770505,0.022219688875,0.62772165475,0.27088208325,0.47367124475,45.808922825,5.66606178,8.3627768825,0.30581523725,61.194414025,12.48524195,3.7851155275,0.132925574,0.27557548575,0.29777045125,0.71530092125,1.51609072,0.06822269135,0.992213328,0.80200611575,0.53995880825
47.827911258,5.4819050452,7.6542795178,-0.20095748979693,58.027355016,13.57433054406,6.417783010137,0.119915476587,-0.109779328588108,0.50487921508048,0.27399689834,1.0630007697,0.0308329785881,0.85446275289,0.68045306131,0.48898386656,1.05086068168612,0.204086004309269,0.781360187578269,0.132825011723209,3.85667635901307,3.41419407632689,2.56224180813752,0.0176241276132014,0.0658214794210738,0.201568459046992,0.335558996992639,0.0744791675437731,0.00803593076649124,0.107594069613873,0.10313794053139,0.0136652244375432,45.807664975,5.1167449525,6.2731757025,-0.4663028395,50.6770126,7.2810362675,1.236697035,0.085584793175,-0.23285060075,0.097289456,-0.418666305,0.93224927125,0.01601921635,0.602925535,0.49454172875,0.46395462675,49.998201425,5.8954924625,9.34857784,0.0534561053249996,65.4178536,20.35383425,11.158466625,0.15399141875,0.021510222625,0.8778230665,0.9457481695,1.2189958475,0.04775062465,0.99469759975,0.9058628685,0.515988918
46.018417525,5.2065723024,8.1601354508,-0.17784062173786,55.917840462,8.8657550187193,3.902504351023,0.118473176796,-0.063789925023967,0.30700528968116,0.23158497110234,1.3243786752,0.050751027397,0.93914281399,0.55726034147,0.52751833072,1.15181229454624,0.188245892642779,0.885300711203555,0.130737948931083,4.26872128353071,3.68776220193135,2.8703110530079,0.019344894206688,0.0734553058527046,0.225803893532056,0.362203275989162,0.0919880304942056,0.00902289222035774,0.0460036022249751,0.114789079461826,0.0166053781420231,43.7886816,4.850747215,6.6183143275,-0.4162785375,46.73687995,1.38930977,-1.678513035,0.08105872175,-0.207640511,-0.1320465875,-0.50576261375,1.15197565,0.033363053775,0.82585723,0.33316944175,0.49688949925,48.4224504,5.58213227,9.944677095,0.0880096594249998,64.115641525,15.83645485,9.7660664925,0.15630632175,0.081463268525,0.768284627,0.969648118,1.5072297775,0.06992116745,0.99658146025,0.79619868925,0.56014854925
45.411101785,5.7807424587,5.9275063263,-0.010355470684889,59.067755605,11.54271158166,6.2505500378751,0.130508834749,-0.11505230433539,0.491723199502141,0.574595000538945,1.22181409431,0.049621807487,0.81056342937,0.350557185251,0.50063295116,0.926814319399848,0.200171354721433,0.679002292653624,0.10269614596915,3.79899747641708,3.56965982343424,2.88525316300998,0.0256690186812792,0.0788011707677433,0.226979371321543,0.421344250505047,0.0750552405945028,0.0102482133427258,0.0972710490290111,0.100944871440634,0.014779403090122,43.669613025,5.389984585,4.7445096075,-0.20870448975,50.980330525,3.9399289425,0.59595883725,0.078273236575,-0.26912713975,0.046883359875,-0.2683937035,1.0894466525,0.029341648925,0.608444062,0.15107468975,0.47111040075,47.313291325,6.192421875,7.3383182675,0.19109090675,66.235772725,18.2549602,12.082479975,0.17805531525,0.0359057768999998,0.9505140955,1.389893995,1.3755582625,0.0689745489,0.987639404,0.55052601075,0.5302421305
46.623680181,5.8759871563,6.1392042877,-0.02475324498574,64.102515833,14.7107509079,-1.49859926895687,0.0716420980609,0.11230920897905,-0.117892989092828,-0.6363298422739,1.3764976864,0.053432491332,0.86616708919,0.59447889096,0.49636960946,0.912407412806895,0.227650559832661,0.683968371240115,0.1467496008092,5.05944989748249,4.14183958392639,3.74663398723921,0.0314267017218234,0.103028232891207,0.294743157273372,0.547740112225235,0.101649735192357,0.0124689669470896,0.0858246239422112,0.114280662917215,0.0150737383423748,44.8299989,5.469922695,4.900662045,-0.3130981565,54.510291825,6.813959725,-8.689700445,0.0088767447425,-0.0841769714,-0.683608211,-1.6693343875,1.190920455,0.030743733325,0.68357280975,0.3769895415,0.46691815625,48.386645625,6.326761005,7.62104707,0.30394658575,74.4420415,22.71748285,5.8025264725,0.1298247065,0.310649263,0.456477728,0.44718654125,1.5925876325,0.07977053775,0.99080483325,0.8356764935,0.5254487165
46.741970463,5.7384629157,6.714156839,0.21088761036631,59.01983012,3.479145884523,0.9050849507784,0.128886044081,-0.00789665478797,0.0712019366901,0.57149413326225,1.3263071182,0.052931413529,0.89957919395,0.403571680281,0.49227465738,1.09586939124893,0.206456941519132,0.725382615518467,0.123610970346408,4.67174535571282,3.84445499397204,2.76540406700043,0.0216850529111527,0.0715845361178232,0.21755098800802,0.375358850563896,0.0900503474438955,0.011350711907898,0.0659015417464614,0.127733584867843,0.014812024202531,44.675001275,5.350937905,5.41907699,-0.033740073575,49.05618495,-4.3025843625,-4.204802495,0.08858305855,-0.150718061,-0.3307867135,-0.1378294535,1.16811735,0.0305726772,0.74104612325,0.110756018,0.46348850475,48.902866125,6.1678944675,8.36465878,0.44423805675,67.9848643,10.98074385,6.340894185,0.1718484425,0.1288331625,0.49883045725,1.314600125,1.513360705,0.0742314673,0.99444186525,0.64428847525,0.5212147995
46.257110158,5.4361097296,6.5390660599,0.037881051020273,57.497048698,4.420315995852,-6.249986964102,0.06920749615785,0.1924171582839,-0.4916789030777,-0.63202451006591,1.4166438383,0.066453650321,0.95197702349,0.47686857665,0.50101067801,1.0902675604911,0.193693243170273,0.711209263836757,0.130636081128475,4.99590603582299,4.13794110546379,3.14759946730362,0.0222971771416365,0.0804944618090394,0.247617836709755,0.402031443017128,0.0978302874995701,0.0103001165339943,0.0310433789844241,0.0927766964155176,0.0147831647002236,44.23518805,5.081335775,5.22352518,-0.2003470635,48.653594025,-3.541562755,-12.728188475,0.0233844827,0.04387957475,-1.001311205,-1.4942341825,1.2385546225,0.047248773675,0.87939762525,0.313157291,0.47363362175,48.477402475,5.82909139,8.0072429725,0.30763957975,68.4504991,12.347601525,-0.441515290750004,0.10957322425,0.36654698425,-0.0347334727500003,0.0807349907249994,1.6239821675,0.0859034563,0.994629889,0.66000470875,0.5305193815
45.595363204,5.650571169,7.139278659,-0.09422359854264,57.55817044,10.33576174116,-2.276556044731,0.0708350114205,0.11238526563633,-0.1790939061283,-0.5923672696971,1.22978807204,0.03415465635,0.90352077521,0.44450105549,0.51888606332,1.02408872811815,0.207342397547586,0.778276189024734,0.114217960824014,3.89523852729172,3.47015006014743,2.58307190653279,0.0202158099648475,0.0674444261697737,0.203207137922185,0.355610126137713,0.0819285612090257,0.00858541824151059,0.0767904855120716,0.103630102471979,0.0150179092257274,43.623388275,5.2686189875,5.849435525,-0.3144160845,50.291931625,3.6412713375,-7.3571811075,0.0280937946,-0.013739867775,-0.5787805225,-1.305095555,1.0728341075,0.018161408075,0.71018825275,0.26137107625,0.491915403,47.66778265,6.072531665,8.831220295,0.12752684125,65.2987741,17.52108605,2.621087695,0.10932225575,0.2495094505,0.206197789,0.0843070477999999,1.387591295,0.051876848,0.996091791,0.6596859565,0.5479022255
45.143236063,5.73471052,7.4114301627,-0.18094740172582,49.863054078,8.894408519052,3.592950356072,0.101905749078,-0.05518211736101,0.28265305160857,0.1387467574222,1.3713776868,0.047278669767,0.90055907815,0.52531105204,0.51693692109,1.03428371145447,0.22320436303995,0.814298528944619,0.12118480183377,4.15978965682775,3.56980967856479,3.00004431941437,0.0219517009939166,0.0786243056572534,0.236009852224747,0.390116880363132,0.0883650028603663,0.0118632864654552,0.0736064272995611,0.124493133713938,0.0159578727578218,42.974355575,5.3072495625,5.951088255,-0.41497829875,41.9548163,1.6194064325,-2.19854188,0.0573939515,-0.20635881675,-0.1729566325,-0.6219783275,1.2069082875,0.027761391825,0.7208950385,0.285182376,0.48759180875,47.10537215,6.193562065,9.0965706,0.05383631385,58.14316415,15.44844625,9.4891027475,0.14700315525,0.097188731625,0.7464962195,0.91394632,1.54603732,0.072556552975,0.99569035175,0.79707354475,0.550162466
44.950162059,5.8086714299,6.0586974503,-0.24449048271553,51.482613283,9.14725646123,2.78218318498292,0.098671136222,-0.03177512964159,0.218870980714498,-0.03679480456725,1.3144298947,0.0517674097,0.92439637946,0.66815149078,0.52638379673,0.956647749182048,0.206817564872083,0.680741239116379,0.127938321359234,4.00151342059338,3.55373954599436,3.05062858654734,0.0283139593055934,0.0836440713565227,0.239989255327229,0.447955469994893,0.0786482526611402,0.00926964164606931,0.0595278707772948,0.116905147429432,0.0150388965061104,43.009745925,5.42098685,4.93030282,-0.48253376675,43.4246503,2.3750797825,-2.9894705925,0.043400124875,-0.19846151375,-0.23517802175,-0.9579411895,1.1673712625,0.0346492105,0.767865759,0.4383182855,0.49766440675,46.850557975,6.222275565,7.5825393925,0.00753736866749991,59.133662525,16.187834425,8.590941445,0.15304915025,0.12763387725,0.675838962,0.82734746275,1.47771275,0.072401942325,0.99803068925,0.91230071275,0.556089927
45.373170435,5.7745868797,5.626901385,0.00623228173604,53.604206402,12.0748969307,-5.7052056931498,0.02874094435884,0.2146181324147,-0.44882162044591,-1.0893602052033,1.3912108504,0.045339159454,0.89481374752,0.404765136838,0.49749578388,0.900408862224735,0.207610540204095,0.674612396262351,0.113950371845582,3.86641753185581,3.64157533389518,3.17535149142225,0.0300780560256867,0.0894195460279379,0.249801054743748,0.49434286657305,0.0832608977811106,0.00977506477942514,0.0731467977594219,0.107726882047126,0.0144786043554175,43.55415585,5.3839922175,4.4953103675,-0.2186775455,46.31881365,4.6214608925,-11.98595695,-0.027245920925,0.031746533325,-0.94292073875,-2.0075022375,1.2313651625,0.02860184805,0.73119009875,0.18115293,0.46918923,47.088453975,6.1988157825,7.057109475,0.23073494225,61.37578435,19.230065525,0.485340028,0.08926126255,0.3849490955,0.038181111625,-0.0962354143750001,1.5688919325,0.06527743195,0.9952101675,0.60446998225,0.5268302665
45.671514465,5.4979430867,6.2081982432,0.17662048586895,61.307670953,8.28174669226,5.52875926039,0.145568289148,-0.111112664936881,0.4349407933659,0.88159099504362,1.3561960149,0.063660493921,0.92489372114,0.65743243686,0.51890696353,0.960745460798838,0.197480273204389,0.738474397464956,0.137505710581502,4.53195687236904,3.92276144794676,2.81894768379725,0.0229186795986106,0.0740739624176425,0.221763199873865,0.387024285991769,0.0887859750954983,0.00909630927352857,0.0506415899102172,0.115657713611267,0.0148531267502136,43.871023,5.13570259,4.9840596525,-0.110044361,51.497808525,0.69542996425,0.111150209925,0.0991050264,-0.25415331325,0.00874405249500001,0.064816550675,1.193794945,0.0446745975,0.7978518715,0.45771975275,0.48999348525,47.54768825,5.91636759,7.7977290925,0.43465549175,69.935981275,15.7896146,10.7812396,0.1928440655,0.03032109595,0.848147082,1.6230314325,1.53140719,0.0810474484,0.99318423125,0.9220604035,0.54977456725
44.461336744,5.6659387759,6.7566974696,-0.07226629379855,54.573944383,8.6804214924915,0.741901334451,0.093308166921,0.021780807501112,0.05836447924059,-0.08635928297554,1.4224593842,0.054410882991,0.94320508807,0.5280752924,0.4815318711,0.98022258800363,0.188463630796532,0.731794234930456,0.10992310882573,3.75649775366101,2.83380825397879,2.61123171311605,0.0221690382212119,0.071477620764872,0.205422435489266,0.383389965059327,0.0760376254459394,0.00892912527706129,0.0419481495543413,0.102081765646156,0.0131927990842442,42.759236275,5.3088960075,5.406277485,-0.285311974,46.960817025,3.35289003,-4.75116841,0.045883338525,-0.1217405605,-0.37376865675,-0.89382465175,1.2803310775,0.038387647275,0.84053136825,0.3528379345,0.45576608,46.476879625,6.0543271175,8.272247075,0.157389203,61.9161731,14.28313515,5.9393700975,0.13626154525,0.1756987235,0.467243053,0.6684353615,1.5763703075,0.07401802055,0.9976052875,0.7336356,0.50684563625
47.524523892,6.1080090922,7.4289820562,0.22765608662351,54.296676988,10.15245619784,-3.603128110627,0.05443487989562,0.14778962459393,-0.28345372364283,-0.46244939419144,1.3925148416,0.077388032336,0.87895256168,0.47679691699,0.50297592158,1.09712180963002,0.228449649351329,0.835040605518955,0.128821055882156,4.57914983382923,3.82535553573122,3.14249353708121,0.0250809909496096,0.0842019701707238,0.2472161600853,0.426764826392956,0.0921757991154587,0.00930144464814511,0.0415035324729813,0.0951259688187992,0.0142950786204187,45.231725825,5.6680689875,5.9650782225,-0.035335934325,45.916728125,3.07146347,-9.3551287075,0.0039923447475,-0.022839536,-0.735956642,-1.26607009,1.22463955,0.057782770925,0.789419609,0.288290853,0.477827352,49.66749535,6.57685762,9.203792955,0.474724694,63.871481225,17.785339425,2.832915015,0.10237929,0.30412817825,0.2228619865,0.3572499955,1.580237905,0.0960986814,0.94794422275,0.66857877625,0.53219168
44.108128672,5.5421019754,6.7960307015,0.1955520628738,54.158610077,12.4259494351,-4.73903203443,0.035413409786053,0.1898868552403,-0.3728139091676,-0.7875132106343,1.2791620388,0.037602278756,0.89504155845,0.310484107357,0.49733712102,0.902618157804208,0.197144795425681,0.756559528846281,0.0941014568012834,3.57859589027534,3.18665680626741,3.13641815691857,0.029373719224723,0.0882794690406645,0.246738217137691,0.468836231820312,0.0747767909494725,0.00877332328393011,0.0964058694812697,0.116388779493649,0.0141611249488505,42.382412675,5.17704929,5.5334059575,-0.0019249547275,47.500672975,6.2167297175,-11.57784115,-0.031248663775,0.03232970335,-0.910814768,-1.812402805,1.13808427,0.019952915725,0.667625224,0.068756491875,0.470511535,46.01230085,5.9298809275,8.38744272,0.37796467175,61.34947715,18.6701593,0.78676120275,0.086472953625,0.385240537,0.06189355075,0.0679495369999996,1.4372789325,0.0553247443,0.99752701925,0.53373015275,0.526654672
45.319890212,5.6721451783,7.6067644917,-0.04835986570801,47.116490583,4.827497904107,-4.178539492932,0.05798115138523,0.13771941265285,-0.32872064009208,-0.54448500192723,1.3493715378,0.047372827451,0.81678387084,0.3723227948688,0.49512925552,1.03447929389773,0.204616075191201,0.797546299826003,0.106638439931797,3.82585205603077,3.49906619361007,2.94794520931619,0.0228296285548611,0.0782667186299788,0.231911278679328,0.402696514473981,0.0844248270447627,0.0116509771792436,0.0851889496850138,0.134523146417812,0.0146943869290778,43.128994225,5.294361605,6.2201567225,-0.27011535575,39.817339125,-1.8963566925,-9.68342734,0.014319185725,-0.02691170545,-0.761783504,-1.3211327325,1.1960150275,0.025726810525,0.645399384,0.068748331225,0.4667355475,47.38848675,6.09253199,9.30928632,0.17378476075,54.6857005,11.94440115,1.955996135,0.10415005725,0.283527112,0.153875848,0.280337036,1.52276958,0.070909211725,0.96830270525,0.609166845,0.52490270025
49.006799159,5.6151983974,5.957938554,0.13339636175989,63.938399124,11.05313117559,1.0358880450269,0.106454207576,0.025239426428383,0.08149205767658,0.08515614698982,1.4181169573,0.044027555296,0.95129270327,0.48152211444,0.50146890747,0.956689082414726,0.199995770625116,0.733469107820735,0.135560627385335,4.7903790200574,3.97809571790183,2.74167883011424,0.016039415507561,0.067734460728545,0.21568455232071,0.3134587943602,0.103043055334924,0.0082111151890113,0.0413780073431349,0.108608401057728,0.0161379811737528,47.14998725,5.2513118525,4.7020078425,-0.14182379625,55.273799075,3.2177849675,-4.27114413,0.076180185575,-0.1171764625,-0.3360057335,-0.514084862,1.23549986,0.0292564597,0.84650646075,0.26606590125,0.4718125315,50.856273,6.0613179,7.429019665,0.38661552625,72.7811247,18.47675885,6.667475635,0.13909047925,0.155465303,0.524522234,0.7301757485,1.62097145,0.060943933325,0.9988394215,0.70102176725,0.534737858
46.305420427,5.7990977476,6.4631852394,-0.305398989323,53.924353856,15.7361400579,6.5735285733663,0.101458589097,-0.10356098081459,0.517131529371183,0.026572897786222,1.3035111844,0.0376945123445,0.87660829386,0.55654733993,0.50387783201,0.921495632138538,0.218534596938654,0.719078856744795,0.129455044878428,4.28842290292082,3.65957545233158,2.91876677059283,0.0200856561108523,0.0747852144010613,0.229615845642561,0.365499373060628,0.0864473437912208,0.010123916652082,0.0951613894426137,0.103261195672896,0.0146925864426274,44.397492025,5.3968003325,5.16133674,-0.573863225,45.792820625,8.9918881275,0.5516332565,0.0601729685,-0.24043433375,0.043396319725,-0.7306649575,1.1372027225,0.01764846085,0.646872297,0.35665066225,0.475892446,48.055000725,6.2380102,7.9199328425,-0.06061639015,62.294955075,23.0552965,11.98368215,0.14040528325,0.049910480775,0.942741726,0.705943507,1.4790764,0.058152049475,0.99324102275,0.77955956325,0.53444562225
47.421302621,5.6061897243,6.3495630001,0.04359380575486,61.024031323,10.7658055497,-1.57077045470802,0.08208534038999,0.0951607043546817,-0.123570608884514,-0.35953441163952,1.13844033345,0.042862164489,0.88993827032,0.60378799483,0.48650812954,0.931921489987014,0.19439455789872,0.712480903633722,0.127970418517703,3.53806909148149,3.33043490109438,2.78468518266896,0.0214944786500278,0.0736031481631387,0.219067809940522,0.390309643130142,0.0810420399340054,0.0106295510321505,0.0701757984586866,0.10906279695153,0.0142308343031394,45.591934175,5.247875045,5.11666155,-0.19954880825,54.122843325,4.52627338,-7.39234859,0.039528019175,-0.0421012216,-0.5815471075,-1.1593608475,0.98656771325,0.023915823325,0.7171900145,0.4034001785,0.4592825075,49.432692825,5.99277577,7.915705415,0.28647088275,67.60053995,17.454332,3.6684354675,0.12169049925,0.24434962975,0.288591372,0.3422918855,1.301911805,0.065949382275,0.992967282,0.8350862315,0.51532074375
47.53918392,5.4955714564,6.6765181494,-0.08403573104984,58.015724855,13.41452473179,0.2483881918788,0.075986307122,0.058230963508541,0.01954039823241,-0.42814097831356,1.04982737384,0.0309799211881,0.89412277376,0.57181910891,0.49403291414,1.00549362186153,0.20153131877258,0.740986082211059,0.12343418328054,3.98516493128808,3.77597480128335,2.37759495368003,0.0165177392465632,0.0592633179625115,0.187042514935992,0.304822099191843,0.0782648006201141,0.00830224768608655,0.0813041729069613,0.106347817159237,0.0147523117301835,45.604631225,5.1180908325,5.405665785,-0.32543362075,50.253962625,5.6091374475,-4.258581525,0.044768492675,-0.055567322575,-0.33501745375,-1.02563302,0.91441949225,0.01576254965,0.6704048615,0.3930349335,0.4651440055,49.476948975,5.92974688,8.3401575375,0.152436534,65.71514765,20.65979535,4.985581195,0.1088639525,0.1728871715,0.39220963,0.15900307325,1.21633092,0.049091745225,0.995089827,0.8104651505,0.52425296875
43.903741747,6.1176161099,6.9614511454,0.200012761679184,66.592385192,10.0595211264,2.1199515053945,0.12509999077,-0.009235338401325,0.16677401682169,0.37861913755461,1.3796602776,0.055093576386,0.94029450387,0.68039649417,0.48675842501,1.05568834079065,0.216558253350604,0.781287367730868,0.137025541245691,3.84970318369218,3.12661220756068,2.63037260312758,0.0223777059709164,0.0718599614243385,0.206928226083263,0.389734282352669,0.0850845222500599,0.00958140595130269,0.0475726781374488,0.123410558542215,0.0145064366418803,41.78694705,5.6984740375,5.6649777175,-0.093353444075,59.055016375,3.6604013,-3.15623836,0.083103035,-0.15811213,-0.248297442,-0.37228939525,1.2268791775,0.037927532925,0.8169899195,0.46836562875,0.45863752825,46.0202989,6.5463347875,8.68767031,0.45956770375,73.998192625,15.8407053,7.4849064075,0.16773112225,0.13304176175,0.58882851625,1.161494745,1.5615732625,0.07528086765,0.99658552,0.9501899955,0.51618665525
45.99155045,5.7214303945,7.6239719536,0.095679375277214,61.642315494,12.9242007398,4.39723527151,0.116767795627,-0.05765180132395,0.34592517180048,0.36673971565142,1.3570997561,0.052728232363,0.86871586388,0.3717681555845,0.49338524314,1.17124805207189,0.214707408549815,0.758438883971162,0.106328908982991,4.09846406268675,3.47860896916107,2.75993332254891,0.0200159916357317,0.0717084294560498,0.217120610680843,0.3556850313445,0.0896025945050699,0.00947022874883513,0.0640411227296857,0.113394519145018,0.0132581550855077,43.736040675,5.29422299,6.2346992175,-0.10858286,53.609304925,5.9653090225,-1.107454405,0.0795921447,-0.194816749,-0.087122093225,-0.330435038,1.1888472225,0.0327747986,0.72422354,0.15670775,0.46753961175,48.279981975,6.16213219,9.2174074325,0.29897893675,69.60885855,19.32588785,9.630999105,0.15583081,0.086832146975,0.757659027,1.039637135,1.5378191125,0.0711227065,0.9756105,0.59736452525,0.51994613875
46.422984844,5.6273472972,8.3522036621,-0.007056512264423,53.607003396,15.3024790226,-2.059712538817,0.040247813898533,0.13052876905728,-0.16203509035162,-0.81068556672425,1.3667836423,0.05641561001,0.78373713131,0.67948510135,0.50843904566,1.11006613545941,0.201323264538534,0.923766091712655,0.137513266609365,4.28701431978701,3.69944570670744,3.36594292809205,0.0296779894916816,0.0921075168265189,0.264794652801204,0.513883502566076,0.0917373221856972,0.0132347640408399,0.101165322602644,0.116332680996503,0.0142255467657173,44.11137805,5.2241515525,6.8695464275,-0.26432587675,45.29456455,8.5320282875,-8.97913292,-0.0206648105,-0.03803683915,-0.7063775105,-1.84216623,1.19802331,0.032909101025,0.5830555195,0.467135181,0.482544165,48.520243325,6.04913475,10.2828993,0.2728610355,62.0200388,22.652940925,4.536901915,0.093229144175,0.318443141,0.35691257725,0.121189482249999,1.5633509,0.08054598255,0.9695226095,0.9132429235,0.53739185475
45.409778503,5.2568897702,7.3228143234,0.0631174123993,55.878102287,8.638234920747,1.0542657038106,0.0988203453559,0.01303051129623,0.0829378057301,0.103563252622546,1.3325385807,0.048795338562,0.88981109964,0.55790682204,0.51118026427,0.99177924648297,0.188190407466098,0.751778584277987,0.127729723073235,3.83209645655834,3.39746498852568,2.76238487049464,0.0233822180031424,0.0748148965690417,0.217313471369277,0.415377133492514,0.0832604991460116,0.0105020493108495,0.0727410349872215,0.103859769709195,0.0149766261987859,43.48742405,4.910360675,6.031065185,-0.17658798275,48.46096985,2.3377619325,-4.66592144,0.051331117725,-0.133291909,-0.36706238675,-0.767588584,1.174560245,0.031711092825,0.72869495575,0.37282792725,0.484478274,47.471503825,5.644211005,8.9748549175,0.32175844175,63.300484275,15.339113825,6.5465334975,0.1415404915,0.17042291775,0.515007863,0.8631608695,1.492599025,0.0710794416,0.99677347175,0.766612466,0.54353489275
46.391397763,5.585151791,7.2220839078,0.03270198211095,58.014017664,10.31910458372,1.9891124403493,0.102844653193,-0.00439746498084,0.15648106608878,0.112098309202986,1.3777518122,0.050436782378,0.87913374715,0.53764011704,0.48042442665,1.04755342841259,0.195617909285689,0.801629581638071,0.122436474890427,4.23061746959609,3.24322179035451,3.01297082641856,0.023565247948689,0.0802665152724114,0.237026765026215,0.411020996309168,0.0863188773836702,0.0113221743490904,0.0743788754068253,0.109022099189525,0.01399918718837,44.4093392,5.216893595,5.875229145,-0.19560128625,48.969693275,3.7978158775,-4.26846104,0.0529353706,-0.1517074015,-0.33579466075,-0.76693416125,1.2190283275,0.02969572565,0.7070724065,0.34306055575,0.4530944375,48.4427721,5.9845927875,9.10165399,0.27963993125,66.153290575,16.328296275,7.505334855,0.14584075725,0.16763464325,0.590435605,0.874850457,1.5504472125,0.07392050415,0.9909158345,0.770577444,0.5086038725
45.72745149,5.7106920381,7.5420469204,-0.01539733844461,52.37770635,6.157736404713,1.455172722043,0.10494743207,-0.00996181078897,0.1144766752427,0.2040793432398,1.3805050518,0.053346899767,0.9228048182,0.67475968091,0.50846723368,1.156125317797,0.214852167717738,0.817001915567048,0.155080855800719,4.86678751131264,4.01222972540583,2.94841015931173,0.024251458940584,0.0783998296317904,0.231947855685804,0.429932455591172,0.0992116060675804,0.0111070429641994,0.058146406839136,0.136022569738359,0.0165554303025821,43.650693,5.3056029075,5.9530001675,-0.326094359,42.7470411,-1.2882175225,-4.0853940625,0.05499104965,-0.1598676775,-0.32139300125,-0.6522374055,1.2151851175,0.032567561175,0.77078171875,0.40839612875,0.478693272,48.03345275,6.14444249,9.127767035,0.2828516175,61.6579173,14.286885425,7.12893259,0.151303202,0.1454482395,0.56082449575,1.02762314,1.599568625,0.077130965125,0.9948997895,0.93486904025,0.5429343045
45.362615233,5.8171600818,5.8769238838,0.061316770402253,60.823708244,11.3182405369,2.5884364888953,0.109163220586,-0.015950749718468,0.20362916293859,0.18152775648443,1.3124006803,0.038847688761,0.86257293377,0.58426673078,0.50096154582,0.832848793945902,0.208193723968302,0.639407230466133,0.128860527633665,4.04875325110761,3.41401023274726,2.92418234098321,0.0220174317264909,0.0763465533716349,0.23004188227562,0.386858424005788,0.0864335429720704,0.00935394690438762,0.110231115186041,0.106087889181791,0.0142918545249062,43.79901245,5.419816605,4.76728158,-0.19711469275,52.9769136,4.55904295,-3.113522305,0.06649109685,-0.16732687975,-0.2449370295,-0.55453923825,1.1502002325,0.021653671275,0.59404604475,0.40240909825,0.47411502475,47.09951215,6.25127292,7.22916729,0.3195062005,68.89065365,17.342093175,8.361413895,0.1522488745,0.13304153675,0.65778230275,0.956176398,1.4977462875,0.0593558056,0.996191632,0.8064019545,0.52968697275
45.740937317,5.4957533254,8.2664417169,0.08012082104236,57.958526264,11.2043618535,-0.3032320358338,0.08204803857,0.0626087328932654,-0.02385489675182,-0.2030941748335,1.4500506329,0.050027446867,0.95532969656,0.444462803969,0.49064429094,1.1650626300686,0.197332899487465,0.935120860266918,0.125070198896333,4.0123427283018,3.25397026793141,2.48566430881239,0.0181659128276847,0.0650750164683717,0.195544200047649,0.338745040630202,0.0832217060541581,0.00759979045613553,0.0330030920986935,0.132711649909198,0.0151270602109626,43.31099245,5.12122532,6.6839480575,-0.15589073475,50.528846575,5.112917145,-5.2513958725,0.0458972111,-0.0624880077,-0.413120954,-0.84542900275,1.3018141975,0.03630110885,0.87183814475,0.200102449,0.46037757875,47.760231025,5.910781805,10.2944484,0.34914576375,66.661588775,17.5757314,4.41070162,0.12016327375,0.19409262275,0.346984557,0.48404498975,1.6196441775,0.0650149714,0.99661449725,0.719437983,0.52216976075
46.997513978,5.7167033282,6.8334417004,0.049606586338216,60.022945438,10.024357783104,0.0958209486589,0.095214320746,0.0459712391121,0.00753811802152,-0.0918781550428,1.19123066364,0.039449222048,0.92259823038,0.47978268874,0.54229393298,1.04537047262367,0.210587911307722,0.749071710881988,0.12617555430261,4.71264787667312,4.44864833943256,2.80279939527396,0.0186803850078996,0.0679621694253665,0.220492832989947,0.343191813727251,0.0840473211716545,0.00862072716101754,0.0605478781125022,0.111924096276208,0.016614716975526,44.995341825,5.33582894,5.5448651675,-0.195122224,50.97393765,1.1856255125,-5.630590315,0.0574748811,-0.07829934405,-0.442951713,-0.803231449,1.03992317,0.024269453175,0.78551374225,0.273229391,0.51026618925,49.107018625,6.1390185825,8.46341507,0.28351998425,69.492140175,18.707454875,5.3214937525,0.1293988085,0.1835381595,0.41863546475,0.5681334645,1.3736312825,0.0573143959,0.9968199815,0.7052307105,0.57492226525
45.786818341,5.8469392401,7.3356568503,0.064822492093438,61.59523882,16.1540366984,3.722639168015,0.096889465352,-0.023539387140739,0.29285551365296,0.04698883154646,1.2982275159,0.038864510623,0.87022422842,0.50290951897,0.47561984249,1.14600123900734,0.197060903583988,0.800534408353167,0.109515262439446,3.97215140332237,3.28915233598523,2.44118518258466,0.0181948136337027,0.0636344978089588,0.192045081130824,0.327657354693047,0.0789500361022874,0.00923711912835323,0.0810544214223696,0.11028741558954,0.0132822075334477,43.43360825,5.489690345,5.9636273825,-0.14700317475,53.144375175,9.7473557025,-1.149450565,0.061363254875,-0.139964667,-0.090425885325,-0.61554898425,1.1486803275,0.02153959605,0.68058447175,0.30261155475,0.44959708,47.981236625,6.2463006675,9.100411535,0.2708037105,69.277999575,22.54892055,8.171549105,0.1289789275,0.1055204125,0.64284587725,0.64313670275,1.45435909,0.057266609275,0.9894471305,0.72921310925,0.5029057005
45.786882146,5.4508290871,7.8371477289,0.11945371773256,57.518599393,15.33992797134,2.2523094027524,0.080445543781,0.012740158620171,0.17718645207839,-0.07724587994055,1.24873778366,0.038894650152,0.87573882862,0.53893088734,0.51572840014,1.05042971036939,0.202623459436552,0.80797123158367,0.124092997424694,4.25074181249571,3.791046922658,2.89527530853136,0.0198025055864293,0.0749082407316126,0.227767801025872,0.368484738803508,0.0826121354417352,0.00939598368512404,0.0704311446027058,0.111390585094384,0.0148383202917315,43.744963425,5.057201295,6.415628925,-0.11382022425,49.46556535,8.350709685,-3.6924929625,0.0402716156,-0.1303408565,-0.2904839435,-0.79034357225,1.097152225,0.02184157215,0.71950305425,0.330120914,0.48808853475,47.856465925,5.85300689,9.59162129,0.36156470625,65.7866922,23.10583635,7.62746092,0.12015634525,0.16767653675,0.60004311325,0.61958624025,1.4212445225,0.059988740525,0.989035398,0.7765598175,0.546626904
45.487725846,5.7797976056,7.3889150938,-0.2855503627344,51.994181912,14.53631809,4.7830163949406,0.08950826718353,-0.06039147974954,0.37627410552251,-0.13537470086711,1.41007249,0.063756362419,0.84312907047,0.395939521816,0.46434362766,1.05005325715816,0.232857739303325,0.813619986754494,0.122530551383516,4.06787231343742,3.62095338531414,3.59794328317412,0.0311646343660805,0.100114286069082,0.283045839396911,0.534040663527858,0.090993041988048,0.0128718337662018,0.0699761055933593,0.127051011618345,0.0152131035774725,43.601816925,5.32369754,5.886681385,-0.54024994375,43.832758875,7.4314996375,-2.43669294,0.026984336075,-0.25296509125,-0.191691675,-1.2063178375,1.23895182,0.039278937825,0.69748981775,0.1348885115,0.4355596375,47.6522117,6.2706396925,9.076036675,-0.0498001528250001,59.642848725,21.257931025,11.834987675,0.14862618575,0.146889763,0.931044173,0.88875088375,1.587670225,0.088072999,0.97327413275,0.63227722075,0.49523720575
45.404910219,5.7029349338,6.6565692356,-0.0766384413938649,62.159133038,10.10914895551,2.2108419857001,0.115135017585,-0.011481389852817,0.17392426079653,0.07716901984183,1.3284241916,0.045698565201,0.92956607215,0.44472322366,0.48452142506,0.976624606623166,0.209937097745091,0.712971574664487,0.109834662121658,3.84969557232389,3.12839621467136,2.4067033400517,0.0173310068995798,0.0623096120555181,0.189332436409197,0.310004836127451,0.0830426715290997,0.00802908287540601,0.0584511289803636,0.113882065705095,0.0138471754044802,43.5011035,5.3275980175,5.44803292,-0.30331218525,54.76890405,4.0522432,-2.753644755,0.0815473223,-0.1225638495,-0.21662589125,-0.55652330325,1.1802671,0.02989989395,0.77911190675,0.23745987325,0.45964801425,47.2879472,6.1469360625,8.1982629075,0.12117968625,69.697842275,16.26923705,6.6071967675,0.14759793175,0.110776442,0.5197801585,0.68455541025,1.500696085,0.06182856805,0.99784602225,0.6800620135,0.51283369275
45.685319198,5.7596685076,7.6385300215,-0.19912178655922,53.012816938,10.514595598,4.2991617705452,0.106932459876,-0.06664914738184,0.33820984849213,0.14029574708294,1.23894232762,0.045770108718,0.87586210694,0.59277639461,0.52661854404,1.15460703935983,0.221677931690289,0.78992222313032,0.120485782292082,4.31019858457222,3.38947098015795,2.93264331587332,0.0232746360230194,0.0794679730623101,0.230707497239914,0.415695338741202,0.0865341548553046,0.0100592456022009,0.0776772340617188,0.113581919871627,0.0153163931545692,43.48955125,5.35771621,6.299010245,-0.42789666,44.7104014,3.65241983,-1.45567162,0.060779051175,-0.22270084875,-0.11451592475,-0.741069921,1.0885428425,0.027104461325,0.6941198515,0.398450699,0.49518298025,48.148053375,6.2316812525,9.46950251,0.0460642856999999,61.2399786,17.00487,10.380938625,0.14924353275,0.092412926675,0.81665584625,0.8813958375,1.4144498775,0.06679692225,0.98782008625,0.84745769725,0.555648548
43.556392234,5.6565373921,6.3885518216,-0.20249982842176,56.054836005,9.457930375786,4.6302630444602,0.12133059276779,-0.08082970816962,0.36425718413612,0.26945235838897,1.2370790981,0.045028060069,0.73247114595,0.6311642261,0.50504138864,0.975116802605386,0.192682379244377,0.718968606171221,0.130672904298392,4.22035936475407,3.50502056917625,3.23418910449472,0.0346386945591361,0.0932410403901144,0.254429738210404,0.5339144835302,0.0727748531957492,0.0121175961454806,0.138788707436899,0.122918307695735,0.0143813074903056,41.66405725,5.3083605225,5.1798008075,-0.47492267125,47.3658811,2.0752854925,-2.0512933475,0.0515677909,-0.2705051095,-0.16137276275,-0.761115352,1.0989738525,0.024212632525,0.4443121705,0.39912405425,0.48046103975,45.529818725,6.0674573725,8.0157534575,0.037702550275,64.220714525,16.0236317,11.111074875,0.18786208325,0.10928611075,0.87409481975,1.298852045,1.3871760475,0.07001959125,0.96379244575,0.893951647,0.53438926875
47.655056016,5.7666472993,6.8988749216,0.06132300019022,58.602666698,11.589057430617,-0.4683717125011,0.080590241506,0.06899149433005,-0.03684623508122,-0.2627131870498,1.4039692067,0.053272426598,0.90914306348,0.59352168815,0.50338349344,1.01477012643984,0.22808386653516,0.720641590627834,0.147975144674211,5.18101912425355,4.38658882283957,3.09503004201108,0.0207480415297958,0.0788588237250269,0.243482263901595,0.3749718439046,0.103883485340624,0.0118966243477858,0.0575738005103096,0.104931465311938,0.0149412912827236,45.656823625,5.3232490975,5.5906238275,-0.2456470605,48.290832775,2.610489935,-6.0888820475,0.037115749375,-0.10393878975,-0.4790049775,-1.007237465,1.221239365,0.0334150641,0.7680439305,0.39527471375,0.47553953,49.642360425,6.2420996225,8.436518185,0.335039371,68.448163475,20.174481125,6.2911745575,0.12157669825,0.21177106725,0.49491907325,0.48959705975,1.627939905,0.078170201325,0.99411119025,0.81506351575,0.533245066
46.397147532,5.6873683286,5.6732585743,-0.3016448454743,45.599344487,6.0992280055988,-2.1049092112634,0.06356620933529,0.08715281775187,-0.1655906576787,-0.6087608701123,1.2734046425,0.051458798435,0.92562984153,0.54831882148,0.48976760144,0.86586726702052,0.211754259121866,0.671122653051753,0.130232843240031,4.87401013791285,4.22122996916544,2.8964532543039,0.021879308518056,0.0747189373443157,0.227860468631956,0.373637824409741,0.0934115034379447,0.00968152198347195,0.0488501977906958,0.10525127788952,0.0139121387536809,44.592902125,5.2787202325,4.508750575,-0.540529665,36.631673325,-2.3049195375,-7.6002114525,0.0216754427,-0.064213173225,-0.59789942475,-1.346884355,1.1093711525,0.034040493675,0.8108481735,0.3601077185,0.46327322825,48.0539377,6.1038458625,7.1257429,-0.0427951676,55.682475225,13.902412025,3.812658175,0.104145035,0.22652763225,0.2999371995,0.1208267245,1.471453685,0.071024291675,0.99202400975,0.76574529575,0.51823103475
44.873844518,5.6100053538,6.0610381215,-0.04303333366828,55.963902019,12.9172426314,4.798050488816,0.10638677957,-0.06865120495994,0.3774568196058,0.23878860932123,1.3438005785,0.045386335014,0.95537555257,0.3022983133156,0.50294446456,0.869754758950307,0.196821995335605,0.642128887752375,0.10330332395801,4.05729596668884,3.25591474832592,2.41979571911025,0.0183967720245183,0.0621035841393552,0.19036239837846,0.321861721365876,0.0795298918824526,0.00741228494360058,0.0396752886382544,0.122576637416241,0.0141233830114563,43.02494075,5.25210982,4.9034838925,-0.243568104,48.511783675,6.5859094425,-0.0817640186499999,0.072676817825,-0.1928003035,-0.00643227623749999,-0.379843887,1.20560042,0.031296595925,0.8531259775,0.026070413125,0.474762934,46.595137625,6.02969754,7.4042546775,0.15838553575,64.1791926,19.457656125,9.4927354175,0.14318760775,0.048063252475,0.746782,0.89106759875,1.521028795,0.060724053575,0.998408084,0.5305349605,0.53081248075
47.284745309,5.7391979615,7.3762638952,0.10123477096922,56.596739026,12.1970331605,-0.880827912094664,0.070100704483,0.08322279025962,-0.0692936648481635,-0.33083235699203,1.11856113037,0.045357173844,0.81686724042,0.55316413309,0.51588731209,1.12278030354571,0.204279836359496,0.750291403189263,0.117881933360686,3.91434825772602,3.22252529395465,2.90791628311494,0.02087300636663,0.0757543387419459,0.228762251149064,0.375871243622967,0.0810245933967664,0.0098854284233964,0.0798126686351564,0.111912814809769,0.015693554541572,45.111721625,5.36059763,6.084191525,-0.11183463825,48.70867815,5.680310035,-6.3364843925,0.02817135335,-0.06628777805,-0.498483552,-1.075488105,0.9708493195,0.02761164555,0.650220433,0.3638650915,0.4844244065,49.57357,6.14553607,9.0252593975,0.33726120525,63.75225645,18.410012525,4.7372072725,0.1100761505,0.2316539535,0.37267035675,0.378368992,1.2867214775,0.064821581125,0.9593468175,0.7875661875,0.55092016925
46.39872757,5.7971832125,6.5501705921,0.07278694377684,56.312765039,6.292287869932,0.6806373420391,0.107948967814,0.01188049367174,0.0535449150665,0.21012246391249,1.3340371401,0.051628939392,0.90951126374,0.52982407316,0.50256069291,0.919196628685538,0.202913901077056,0.700827588516813,0.120748278426718,3.88720162517304,3.33645709655132,2.84145285957957,0.0218918760694991,0.0751603459425695,0.223533654355628,0.390611144125987,0.0807878966007024,0.00921154064979118,0.0547612022917908,0.117271477992903,0.0131676282897952,44.5682334,5.422017475,5.3272347575,-0.1598616675,48.5251878,-0.38481407025,-4.7263622675,0.066300155025,-0.14078865025,-0.371817193,-0.56354038925,1.181116655,0.0337739587,0.776240327,0.31635828325,0.47779641575,48.1661257,6.2040397425,8.117419165,0.302259425,63.7450803,12.695268725,6.441420295,0.1527698475,0.16161120975,0.50673873225,1.0260673675,1.4932497825,0.069041819325,0.9917371865,0.764079876,0.52851240225
44.961825117,5.7206333642,6.7597758831,-0.100086593801351,52.495596587,7.580267942083,-1.0950627690071,0.0802149508489,0.06670429949017,-0.08614726173545,-0.3094585230424,1.2803983633,0.058743536665,0.84558658366,0.48676205432,0.51020809066,0.989267638600626,0.198929726778018,0.815054294542039,0.123816129088501,4.40514226428742,4.0021599315559,3.06013701087297,0.0241337563422477,0.0806588342733432,0.240737271800247,0.416909871601098,0.085762089009374,0.0107728362421243,0.0670147014263471,0.105142925232193,0.0156012754958065,42.945637125,5.360777795,5.42835448,-0.3190836795,43.490983875,-0.81316053575,-7.0979771725,0.0370026233,-0.098139511225,-0.5583892705,-1.09173515,1.1122887225,0.03735121575,0.69601765025,0.2884421015,0.48061189375,46.9637641,6.15837127,8.4871780525,0.15614305025,61.2746228,14.80959055,4.6821898375,0.128239072,0.22111223,0.368342201,0.546777005999999,1.45129585,0.07926885535,0.95856074575,0.6917097515,0.5409708875
46.750825229,5.9294739838,7.1807823615,-0.0209193325168,63.612348324,15.6309790135,-3.17143830535622,0.054147601296734,0.1625362316641,-0.249493209670665,-0.91735964463,1.17019333138,0.040320050686,0.92767052377,0.487878401622,0.52541491911,1.05011215017315,0.242914606454915,0.828135671699739,0.128504584338493,5.01868334352877,3.9943017193395,2.93899751645873,0.0193228085653804,0.0748714606274988,0.231207374276092,0.362860576559079,0.0968890978655131,0.00936948029956825,0.0564605372513316,0.123834114005248,0.0163696022659292,44.7444872,5.49201394,5.6897508475,-0.27052778825,53.28343465,7.8649953375,-9.2044818325,0.016877728725,0.0065895420775,-0.7241054315,-1.600037595,0.9946245605,0.02321545475,0.79006018075,0.23053464175,0.4947759655,48.8430084,6.4485291475,8.8847299475,0.23335187825,72.77777935,23.762550425,2.59388608,0.0919778784749999,0.31375043725,0.204057878,-0.204426042,1.37311145,0.059345561625,0.99734233775,0.72705383775,0.559125372
46.698647162,5.8389306036,6.3068129758,0.114039547024047,65.613372266,12.23020824227,-0.3095928686117,0.095220657983,0.06775551238588,-0.02435529579219,-0.17423824465628,1.17531693485,0.061361161228,0.88227109584,0.396956901392,0.50076230719,0.921827626360067,0.218404674547916,0.677975064351345,0.117824689493145,4.40312472261574,4.10563051985561,2.78872561165864,0.0224249599316945,0.0719374446661269,0.219385665631407,0.385829198255938,0.0817491903076625,0.00978730499519866,0.071534441732246,0.109971655374524,0.0159287740558281,44.810903675,5.44306479,5.1431254475,-0.109230705,56.80792605,3.9364979875,-6.06873447,0.04672120105,-0.076748869925,-0.477419988,-0.979330699,1.0195103725,0.04280781435,0.7089610755,0.1826896045,0.47004535975,48.3483571,6.27434374,7.7319516875,0.34252562875,73.794407,19.51036975,5.072398345,0.1365570915,0.213358668,0.3990394335,0.52870429775,1.34095224,0.0805915211,0.97952512975,0.618268947,0.53265648975
46.730332107,5.4895255232,6.5869800716,0.018734966652217,55.690559497,6.525310523702,0.847312511527,0.106622119316,0.008450092700335,0.06665704887546,0.159414651856584,1.4321734744,0.048050504143,0.93391678332,0.67956008112,0.48918697596,1.0711795033398,0.211796831365045,0.77898967996483,0.147671408785257,4.77867427586137,4.17920067651914,3.04057719743824,0.0227255928293556,0.0783642802491166,0.239198525016423,0.412143566211881,0.0971535207522494,0.0102006897510117,0.0531452241635706,0.121031411036503,0.0157997651866769,44.54279635,5.10295891,5.257822895,-0.25753288025,46.71936705,-2.100685995,-4.8990367875,0.06144900475,-0.14552927,-0.3854012925,-0.65285547325,1.2609635575,0.030379499175,0.80570912275,0.4520576715,0.45947297425,48.82749025,5.9104796975,8.2317045825,0.3165779885,65.16412115,14.570094375,6.5515289825,0.15470498925,0.16012100625,0.5154008465,0.97928496325,1.6294458125,0.070415354925,0.997345955,0.92948084325,0.51982179525
45.305127213,5.5711358349,6.0330606064,-0.166262094468245,56.771324977,16.8200061878,-4.0197324378311,0.0264903974308,0.1915079964156,-0.31622748117824,-1.301932579373,1.2991348718,0.060370840942,0.89794776304,0.46192551145,0.49851926843,0.920893428460122,0.210211848487249,0.68179700165853,0.115331210584495,4.24262933160709,3.80076229138655,3.28046174832752,0.028581942024647,0.0898057743665595,0.258069951500291,0.491429774521222,0.0796430357171705,0.0117035325111656,0.0502499613969861,0.113030428968342,0.0156577888145748,43.65003415,5.2018871175,4.8648808825,-0.41017313925,48.822481775,9.4684240925,-10.461869075,-0.029510023225,0.025782703325,-0.82302260575,-2.3145959525,1.15011829,0.04060989905,0.78286422625,0.255094688,0.46805733675,47.17560095,6.0303244025,7.53528374,0.064576250275,64.9501941,24.3875989,2.07781372,0.0783304954,0.36897087575,0.16345908275,-0.38587657625,1.45704523,0.083153054625,0.97982010275,0.6939273375,0.531581752
44.822016392,5.4267459083,6.3551056143,-0.06082677960362,58.33440579,6.1825790795499,-0.9837233084953,0.101151987671,0.0568829753352099,-0.07738832076878,-0.12486000932384,1.19362305457,0.022251863400499,0.667690377174,0.3840535866688,0.49774103673,0.948231557177617,0.19466911214501,0.732442470226254,0.102927364442562,3.50643518198787,3.29861388158267,3.07255249264295,0.0289943325338108,0.0864609948653778,0.241713982546559,0.471999756294156,0.0744529560090424,0.0102758600234808,0.272975025478469,0.13405930853332,0.0143138318269359,43.0308788,5.0645577825,5.0790562475,-0.25595042175,51.49588325,-0.3898568985,-6.838813775,0.042691797925,-0.11258034075,-0.53800119225,-1.0479446425,1.054091535,0.0030665729875,0.01248874365,0.085291345225,0.470127212,46.725316025,5.824565365,7.9825342325,0.136372478,65.286551275,12.480857525,5.0204580075,0.15574688125,0.22215476825,0.394953347,0.79361486375,1.3460268875,0.04538667765,0.984584256,0.63954655,0.52645021525
47.687472187,5.9502684966,6.5293364164,0.08937543961756,60.121588433,11.54333612211,4.7944463052409,0.122441095389,-0.075212567338717,0.37717328253557,0.4867571018919,1.3138170951,0.063862723809,0.92406810658,0.52889921532,0.49997330239,1.0468856850618,0.214419540020373,0.74134257944065,0.129411258332282,4.51029015916745,3.8236725912413,3.17003771753888,0.0228998466010978,0.0826453694200003,0.249383026553652,0.417328061591803,0.0887750017661607,0.0123823149983061,0.0495939867125432,0.105109230560528,0.0150324331044346,45.5953816,5.5364289775,5.3100077275,-0.14959184925,52.06207765,4.1665681825,-1.9637066525,0.071004043875,-0.22906580275,-0.1544824205,-0.44391978125,1.1521207925,0.044414366,0.80672117,0.33648766975,0.47072095475,49.594900725,6.37028669,8.16110976,0.3501431165,69.8612921,19.3181629,10.71712275,0.162205725,0.09470092725,0.84310303125,1.2567505675,1.498115295,0.0920631445,0.99630073275,0.76536332525,0.5304822715
47.110656089,5.3188662011,8.9888043334,-0.1911964805642,56.436001174,10.626490818449,6.115701894243,0.127585972825,-0.115804421544763,0.4811148592573,0.4116171173953,1.3577819579,0.044552270704,0.91867796545,0.3045178685144,0.49887872158,1.2515370366223,0.190791884098087,0.916687236706745,0.108713323389957,3.84699143090914,3.0396457885925,2.54304396196457,0.0155582527582705,0.0653832739805993,0.200058187970263,0.308714147789697,0.0856133799208152,0.00950152173433385,0.0544353076581247,0.144259036919614,0.0139247543390434,44.423722025,4.9392028725,7.2410044375,-0.3932512135,49.04541185,4.8510314525,1.0706691675,0.096790127475,-0.24227091875,0.08422824535,-0.19150723025,1.207393985,0.025827075825,0.7967188175,0.044772136775,0.4717112185,49.6422763,5.6984298675,10.8370472,0.035047940075,63.91687655,16.5184419,11.03127095,0.15903459675,0.01153865365,0.86781668925,0.99800721175,1.5312086,0.06187919665,0.99562960375,0.588629607,0.525872366
47.214497686,5.4180331841,7.1467978946,-0.11318601181943,52.794201317,3.60224323915732,-1.8395945945691,0.093863481611,0.067790174047003,-0.14471867836297,-0.176528534433669,1.3679840042,0.049523922575,0.85277171136,0.478503105393,0.49065406229,1.01318573756852,0.206523780076093,0.778563311300301,0.132824671785828,4.31728633476094,3.69987193452448,2.96844147439718,0.0237171061415794,0.0803535179622663,0.233523694715803,0.420185914577319,0.087436647008228,0.0127944253186623,0.0727693789461239,0.127963041552515,0.0146124664063128,45.311237075,5.03771291,5.769329245,-0.3909748715,44.0503671,-3.75229025,-7.62413601,0.04438731115,-0.0923484766,-0.599781541,-1.0430493875,1.2066658375,0.0237649752,0.7015737635,0.2068863505,0.463062676,49.243792575,5.8243812725,8.7739557675,0.14520072275,60.8565148,10.6606947,4.0562320075,0.13948309225,0.22577787325,0.31909885525,0.6392388675,1.53670036,0.076224849,0.98454498975,0.7278988505,0.52024848125
46.324015794,5.7092320061,8.201612919,-0.05530610385184,57.17680952,9.34287620737,-1.774224677658,0.07815190698,0.09382928818805,-0.1395761060832,-0.42805116504124,1.3332802488,0.060000843475,0.94851469242,0.62302320297,0.47773363268,1.20335138363826,0.216564132582754,0.852938820078298,0.120439679142053,3.92529560392269,3.27837825876639,2.77786038289147,0.0197997336742154,0.0725103750138751,0.218530910980376,0.361889978193501,0.0918218407127889,0.00875892770081192,0.0361058150261471,0.109294187761682,0.0129034814134816,44.17765745,5.29789611,6.82781271,-0.29968593425,49.687469125,3.0309322525,-7.05203623,0.039173964,-0.0469049286,-0.55477514875,-1.12797552,1.1648310325,0.04317667045,0.86703805925,0.40996925325,0.45309530775,49.034392725,6.1441712375,10.051010725,0.18372185,64.902393375,15.70465105,3.8045307475,0.115866306,0.22879837725,0.29929782425,0.25611025875,1.526850265,0.076129081125,0.997841711,0.840899489,0.504705906
44.480287078,5.9229796502,7.6168450446,0.230835362235965,61.248846321,13.7640804155,1.9466376037993,0.0942429015649,0.01346398865121,0.15313962216175,0.118216482374117,1.4699807218,0.05470999396,0.93907900282,0.49748797713,0.4922258176,1.23209003757225,0.233121032387552,0.773096893652967,0.129077494850266,4.43597551146047,3.54155151679809,3.22418332440421,0.0248219383742775,0.0848210396663495,0.253642596160589,0.446721751361577,0.100420943003079,0.00872098641493343,0.0532047209808867,0.115112099207862,0.0161704040345823,42.211521875,5.47420234,6.273248095,-0.030265878525,52.445259575,6.6262726375,-4.1256850325,0.043884062125,-0.1496756425,-0.3245626465,-0.8014446675,1.2885009575,0.038994002325,0.81089213675,0.297022711,0.46232574475,46.8873907,6.41553321,9.32645377,0.4802855965,69.6141243,20.631274075,8.1747735725,0.141490501,0.18047599225,0.643099535,0.94461579625,1.6685853925,0.073138447525,0.99859113275,0.74255268125,0.52590910225
46.729352307,6.1676894334,7.6316143795,-0.010824605213438,60.837331529,9.88450017089,-0.214003356956,0.095526574034,0.0537695896867,-0.01683538477281,-0.17911968304533,1.09812475513,0.046864680632,0.95373641409,0.470761100921,0.50563772795,1.0358138934386,0.218588300539079,0.786507024056036,0.109208133835334,4.00470052047616,3.45919275933975,2.51883142916362,0.0155684035971488,0.0629778340453381,0.198153417057132,0.296965820962569,0.096857189817097,0.00767553971283558,0.0379965851548004,0.103865019794994,0.0152251623249829,44.713027325,5.7675878725,6.2585250775,-0.20708600075,53.28437875,3.2371380875,-5.12963775,0.06480259965,-0.066219997425,-0.40354238875,-0.77011060425,0.9265371105,0.030644186525,0.86109073325,0.268141091,0.477428148,48.6169145,6.623679875,9.3377587875,0.2156883215,69.04100155,17.126872575,4.430691195,0.12697103225,0.177768253,0.34855711325,0.3801442775,1.310352645,0.061923725975,0.9986869175,0.699215084,0.53627903
45.614555347,5.4858992495,7.7478911896,0.10909573053971,55.455254068,9.564427592273,-0.13505349035695,0.084954682273,0.05005810415181,-0.010624494452646,-0.0702184156127,1.2930544579,0.037555383805,0.88345910886,0.54406253401,0.50506841087,1.1122915230931,0.212422497451319,0.810937882866184,0.11819915129508,3.62906491614614,3.31268599674587,2.60026166507043,0.0201497565207994,0.0689781452039085,0.204559435078929,0.370631075236086,0.0821997008218592,0.0077274149965432,0.0816911602731869,0.116155313472811,0.0148902417567847,43.59697815,5.0830323575,6.2881880225,-0.13441926675,48.4146475,2.66100359,-5.7039502575,0.046275156775,-0.087590895075,-0.4487228595,-0.808478896,1.13744721,0.023165861625,0.68656117175,0.32502706775,0.4771373755,47.691801625,5.92001282,9.4407688375,0.3290724955,62.942064275,15.651521625,4.775948815,0.12507953275,0.1940198045,0.37571811,0.67469739875,1.469939495,0.05308029395,0.99187197825,0.78761656825,0.534698881
45.613397935,5.4860602821,7.4792102673,-0.17155457399958,51.921852403,13.4806253698,6.400978847452,0.105911301147,-0.109773825915345,0.503557251749,0.26010386862634,1.4038933362,0.050023932796,0.92217748202,0.362843787915,0.49907338055,1.10516735059971,0.194484601754304,0.796055169535634,0.108471919678734,3.91212570158636,3.43804361445754,2.86530719909803,0.0215038795661221,0.0764173492369904,0.22541024640176,0.398950900564865,0.0743901239931929,0.00930986987836031,0.0529636347279061,0.131906279566282,0.0154704194064987,43.3035298,5.12932414,6.07776516,-0.39528858575,43.925579125,7.1857565575,0.494056184,0.065852971725,-0.2498705575,0.0388668018,-0.497426951,1.26501813,0.0338997794,0.80663372175,0.1181637235,0.46987072075,47.69331155,5.86429651,9.254780405,0.026500448125,59.732783,20.384384425,11.65538495,0.14542341075,0.0398852605249999,0.91691501525,0.99660175775,1.5467586025,0.071071866175,0.9939303865,0.6304203055,0.5295752075
45.114050679,5.8920794083,7.1052053558,-0.064383994727085,60.237702866,5.860351185578,0.92843512727535,0.120934890315,0.003007336664807,0.073038866756632,0.1627796544643,1.3005124613,0.053479722764,0.92973729859,0.58673461897,0.52630501168,1.07501404839397,0.222825575101257,0.785182470960628,0.13205620387261,3.98203826779625,3.15783764804089,2.8915947461193,0.0230001820637365,0.0779619009925437,0.227478255933682,0.394029538713812,0.0851261323572885,0.00900962147047996,0.0555933574806778,0.113891971511506,0.0154700569179083,43.141219525,5.458727775,5.8097647575,-0.3192534815,52.80859335,-0.11302821925,-4.9512155075,0.072274580375,-0.141516163,-0.3895061315,-0.65259790775,1.1363886825,0.035360900075,0.80093565975,0.379113117,0.49661562275,47.37733935,6.339512655,8.835809065,0.19441890175,68.10476145,12.0093484,6.63092412,0.163034036,0.1651923665,0.5216467715,0.904191594249999,1.47072253,0.071356459025,0.998280101,0.834511899,0.558159273
44.907562764,5.3890302601,7.3237524061,0.1146437909167,68.013645273,12.0256260024,-1.53116008913164,0.092952499168,0.10018396579353,-0.120454509403166,-0.30680573862989,1.3121332077,0.056658373385,0.93969373412,0.55756363932,0.47649551393,1.03501883749064,0.176160536240784,0.753643489853292,0.126615584106788,3.76636151252261,3.15763724733828,2.46218042038702,0.0197222221469609,0.0660848346640879,0.193696751200561,0.359394939303537,0.0795935182389971,0.00855071869613674,0.0381541504315868,0.101371970799936,0.0132438572380627,42.79653395,5.04404189,5.99903221,-0.12697028725,61.092734975,5.4077676625,-6.253338325,0.05370314385,-0.0298690398,-0.4919425495,-1.0400540125,1.16509805,0.0405398668,0.8459710835,0.3657283745,0.45110392475,46.71911215,5.750299165,9.0209800425,0.3759988045,75.4678141,17.699480225,3.4857553225,0.1317618945,0.23150194,0.274220149,0.406567470749999,1.4788661625,0.07330739655,0.993150724,0.7645808915,0.50122270275
45.053518111,5.4343171603,6.4339051843,0.032438586065191,58.676571547,13.94274416234,-1.6736456011278,0.06119419248202,0.11337531348052,-0.13166367175573,-0.5971659897927,1.2084763369,0.03021668515607,0.82703977037,0.42438774022,0.51134747197,0.88766567682614,0.196692574675075,0.747346132133511,0.109937760586322,3.90758765193979,3.71079968515791,3.36590610458603,0.0291015201359883,0.0922037490129759,0.264791755536569,0.489174376170749,0.0765373477833586,0.00942056398629699,0.130773761067882,0.109692168488088,0.0156918892856433,43.1435764,5.05385192,5.18814266,-0.18902960925,50.89791375,6.3658939275,-8.3895439725,0.002645488985,-0.0659600393,-0.65999526,-1.58143926,1.0818381175,0.012583392225,0.5024392105,0.21568941325,0.48062122525,46.739541125,5.8336228125,8.0031359525,0.24538832,66.03615705,20.621756725,4.95068111,0.115943889,0.2975021265,0.389464086,0.3405050775,1.36783536,0.0509741397,0.9925616765,0.655789598,0.541726634
45.979782574,5.7855706854,6.9992135913,0.21642889392536,60.888985632,19.7424053293,3.1767289321607,0.074744236964,0.008790359686629,0.24990941675696,-0.10003191610177,1.4614003479,0.053438271113,0.93441385421,0.19074748097741,0.50930641693,0.949364079558571,0.206934666005294,0.780560749173671,0.102541864081632,4.24921085701041,3.92683814668808,2.88914369606155,0.0218870676250474,0.0750815045954472,0.22728543448079,0.385731013066866,0.0901317041465497,0.0126915355062379,0.0534545151821126,0.103053399109265,0.0145876207551001,44.0807657,5.3921246625,5.644442015,0.0199678195,52.55880815,12.011392825,-2.86428749,0.034014966375,-0.13397977875,-0.22533002675,-0.83366454775,1.2943315925,0.034576194725,0.80041472925,0.016518765875,0.4818204705,47.8123264,6.195554545,8.58283063,0.41315143875,68.7664187,27.591642575,8.638452805,0.11512606925,0.16497447,0.6795766145,0.65899254925,1.6460973075,0.08372609105,0.99813858075,0.39232704175,0.537814638
46.759661718,5.7644948434,7.9450558504,-0.22383310231292,49.349159945,5.4854298753907,4.607957304923,0.123757605977,-0.09947602564352,0.362502418796,0.43716299048105,1.2759705069,0.048161103023,0.93806819355,0.62185693542,0.5103739709,1.15697933926183,0.183046760061106,0.772978368969151,0.123257308743531,3.91109739269669,3.49397884042045,2.43076178848624,0.0163819875157215,0.0611653321030376,0.191225084595149,0.308074113321247,0.0850382660601459,0.00783155541150446,0.0472423820373802,0.114083024413913,0.0140993234659346,44.6262556,5.431183065,6.631829425,-0.46790762375,41.996386525,-1.039659315,0.0543144087,0.090824813775,-0.21648233,0.0042728486975,-0.15756468625,1.1128570625,0.0334704608,0.8264356045,0.424758165,0.483382474,49.297106625,6.1451851875,9.631057225,0.025351870825,57.175806075,12.447554875,9.34047762,0.15320174175,0.02078129635,0.7348040525,1.0190450425,1.4462985675,0.063173171075,0.99711478575,0.8642653245,0.5386881765
44.91290332,5.9956780129,6.8789522092,-0.02667603985015,58.944339614,7.976188359506,1.576100078246,0.112836429009,-0.004455306319258,0.1239898839919,0.14793136779469,1.08778408344,0.050221296641,0.81959467577,0.50190806482,0.51098039602,1.02216901359834,0.224675033511935,0.75587499914666,0.104592699944363,3.95066110128287,3.58571602311294,3.10877385717315,0.0287167815567811,0.086813513793095,0.24456347345682,0.470132390382645,0.0807815496345319,0.0116785676061453,0.0969266989223212,0.103716775260726,0.0156627014959773,43.0002509,5.569631145,5.6353671325,-0.2403346915,51.519812475,1.1052906025,-4.7802763175,0.055399795275,-0.17393214925,-0.3760585475,-0.771631064,0.92747957075,0.02762135295,0.59957702825,0.31110816325,0.48330316775,46.96569455,6.4793764,8.45688603,0.18324518,66.5948814,14.8621656,7.6268396675,0.16666300475,0.16521409475,0.59999423425,1.0433054925,1.250251405,0.072987027175,0.9708632075,0.711214263,0.54032334775
46.094089353,6.1156365663,7.5600187841,0.024065067192762,63.476598425,12.574623114864,-1.085269622381,0.083011079821,0.0906463493553,-0.0853768464405,-0.40588929648055,1.274882065,0.062594974136,0.95238091002,0.46323607424,0.50478371148,1.17968154777383,0.237489443797336,0.79674554272204,0.129231669087878,4.72815568530918,4.0566719161345,3.2756185940633,0.0237626507265472,0.0847181215552002,0.257688946367479,0.423517840386483,0.0920161021687676,0.0106826721261028,0.0336649102111909,0.0957384770552556,0.0157853636509038,43.76810095,5.68295836,6.1440016925,-0.2286721355,54.3456989,4.5651076025,-7.8826451525,0.035392868425,-0.0700716454,-0.62011814225,-1.28919667,1.100221675,0.042205238375,0.87197083825,0.2863775585,0.47406983075,48.345870025,6.586739765,9.1996119525,0.27498631025,73.04505805,20.48610775,5.151319935,0.12659414625,0.26565155,0.40524809725,0.357977513,1.465914445,0.0849934228,0.99897446975,0.6520776005,0.53650393525
46.564707242,5.4721064563,8.3265363142,0.037347761733861,61.76379586,7.4876089744631,-1.9613833851502,0.096103307744,0.089956308619734,-0.15429965496658,-0.211710082831,1.2973105767,0.039460454764,0.9496358688,0.408541775639,0.51951622917,1.36921656501094,0.199028472129095,0.846599004244353,0.111988501693251,3.80009237586651,3.30218561227055,2.4631067125118,0.0165830839510091,0.0622975692554903,0.19376962115232,0.31839515462105,0.082568940720763,0.0073396403481442,0.0443536153280806,0.10710545216392,0.0148209386365903,43.91317165,5.10269572,6.85302009,-0.17407351575,54.571505075,1.02190143,-6.706461395,0.0616847614,-0.03494042515,-0.5275891995,-0.8812450495,1.154148715,0.025434859525,0.839417771,0.20421441325,0.48849728575,49.26820405,5.8816366,10.21032925,0.2621726745,69.289829025,13.762638725,2.7954644675,0.13002156675,0.21341860125,0.219915802,0.40260420725,1.465473505,0.05432075135,0.998548966,0.6374133405,0.546819314
46.901074482,6.0535583777,6.2010870068,0.16685450152539,62.429822238,8.739873557867,0.2596363855037,0.107963017661,0.035263010484878,0.02042527991124,0.14452553887331,1.2714826402,0.054824630878,0.97194613478,0.57293393543,0.49813054207,0.855933547439455,0.230600941057338,0.661105362516609,0.137779253513368,4.83242550447333,4.23401491523464,2.58537060477287,0.0162842963383517,0.0623402239868674,0.203387973462559,0.298379848817385,0.0966374003003082,0.00839466613274726,0.0276748713848337,0.0958362437089868,0.0158082388495244,45.2750675,5.6033669775,5.036063545,-0.094422335975,53.120549975,0.2865360215,-4.87689059,0.075748010625,-0.091421707875,-0.38365907375,-0.44839745325,1.08814171,0.039181810125,0.8958311525,0.40581531375,0.468902348,48.620253875,6.5393095475,7.6027140925,0.43367776825,72.200123275,17.20983735,5.4571943925,0.14101358,0.163814801,0.429310869,0.759488251,1.465823045,0.0708580417,0.9989540015,0.7725415785,0.53159650125
45.493940854,5.4506957582,5.918439408,-0.01150834546285,61.777224435,16.4663882626,-1.261923145466,0.05981078958181,0.1143445175536,-0.09927396518507,-0.7166861888676,1.2854769344,0.038506316033,0.93029689524,0.57737901094,0.51666550464,0.879714407347525,0.206913372161071,0.650097611120919,0.136308560513859,4.60395433448827,3.95864496442128,2.58448649632803,0.0208797463714731,0.0666413164113946,0.203318421722934,0.358992995683535,0.0829476631176167,0.00847916197073901,0.0622626365665053,0.105974139743899,0.0147971665047572,43.7544678,5.0736402975,4.8062328425,-0.27255119525,53.014651625,8.54279415,-6.3038801275,0.017197974975,-0.0168066894,-0.49591860575,-1.4414663475,1.144358355,0.024022371825,0.77380054825,0.396633568,0.4902157285,47.1988106,5.882517105,7.353746745,0.26141525975,70.854134275,24.048496375,3.654775095,0.09734021135,0.248171724,0.28751673225,-0.0395483385500005,1.45674901,0.057280612625,0.997503988,0.80417332975,0.545662018
45.772354894,5.6617499564,5.5706877945,-0.13775871224637,53.254083652,1.9060996495638,-0.2588805158755,0.114196750741,0.01632232033581,-0.02036581646783,0.11869994548761,1.18240037771,0.03973662865,0.93033558641,0.45906167186,0.50296416545,0.862763167033453,0.203421950410836,0.647740590231124,0.114516754279956,4.0732856969012,3.58726223442861,2.42057826122584,0.0170864668372961,0.0607718220483144,0.1904239596018,0.296576653261291,0.0849914266371891,0.00724558904149638,0.0599057621609354,0.102340453113494,0.0146232209993759,43.9564187,5.27829125,4.40829055,-0.37309932675,45.50781305,-5.270975525,-4.62695606,0.081150742275,-0.1073263865,-0.363997027,-0.45087342175,1.0224047075,0.02650166275,0.781148148,0.265324085,0.47647469775,47.51796945,6.077159855,6.89894429,0.0857806388,61.0703868,8.7266636825,4.6185111425,0.1470918665,0.1276225195,0.363332681,0.71872582175,1.3731799975,0.054725346,0.997795091,0.66951506525,0.5309120705
45.688026138,5.4920757898,7.2349500778,0.2345503112541,65.993014436,12.8787891169,-2.545528861029,0.076943253087,0.132071181696682,-0.20025367184507,-0.39092459014548,1.2462530644,0.041782636553,0.87636001571,0.50370475976,0.47827695595,1.14117820140603,0.198242701126609,0.776195263704673,0.119203974750853,3.91614658451407,3.43123029012779,2.64664516166689,0.0211132945562978,0.0696768622692946,0.208208368849844,0.370673404972941,0.0842749404285554,0.0107446347770664,0.0782875090899257,0.104367174348089,0.0144389297334666,43.469199825,5.142496785,5.835914695,0.00220348993,58.434810825,6.3581176,-7.5146926,0.03487000785,-0.00978398539,-0.59117176475,-1.09261161,1.0936742375,0.023601934725,0.6838136045,0.31730511225,0.450122672,47.87134975,5.90751376,8.8626731125,0.479407017,73.87040225,20.03064405,2.678263705,0.118005302,0.26306320975,0.2106957645,0.363136266,1.417607245,0.064418059475,0.99398712625,0.72822218925,0.50671069925
43.257160739,5.6696281147,6.5993276123,-0.10066527270171,54.850934004,6.522113181904,2.5356032242005,0.1168839132923,-0.03775438656675,0.199472834015924,0.26057286218263,1.3180406817,0.064297703997,0.91070643892,0.53238347343,0.49828670781,1.04432964418609,0.199419266610065,0.731858843546155,0.118177201573971,4.06578863473543,3.52971780104787,3.38277258429329,0.0317799675687831,0.0949848438111846,0.266118621237838,0.51355239351225,0.0733013414958753,0.0104543653900784,0.0604823837197678,0.0995105717667676,0.0138005605631773,41.079588425,5.2978856125,5.274803945,-0.33364748025,46.7505308,-0.1681952285,-4.07627746,0.05615283365,-0.21321301075,-0.3206758015,-0.72406956225,1.18118781,0.042228016225,0.7672001695,0.356102947,0.47274402825,45.44044255,6.0743574575,8.09626532,0.119958922,63.776747075,14.0213253,8.8299191125,0.17394773075,0.152567359,0.694639036,1.1862146325,1.4670882575,0.0839545117,0.9942598505,0.732090777,0.5258679345
46.096113855,5.5634183163,7.4300682286,-0.04482507514713,61.921557194,9.435961416239,0.6380980245089,0.106301323416,0.02828315820682,0.050198398656293,-0.06286145061301,1.2860628963,0.054709056769,0.8729869223,0.3019036277896,0.50271148174,1.07793928727126,0.206765695958341,0.807034779691731,0.103622795914473,4.04826342974326,3.24307793936689,2.71599398576621,0.0220931065515084,0.0732791024227254,0.213663956721318,0.384823119249797,0.0835347440809476,0.00899640748018681,0.0778989526185789,0.116813249560871,0.0144010733692158,44.0594291,5.185415445,6.0474100425,-0.239620315,54.187936825,3.4029029725,-4.5393621575,0.060339104175,-0.105710011,-0.35710612175,-0.86547991025,1.134933425,0.0373041232,0.69248793575,0.074777159475,0.477115758,48.143002525,5.994792565,9.132339255,0.1731111965,69.872585875,15.7139965,5.711292045,0.14498506475,0.173476793,0.449300421,0.6109542115,1.4584061825,0.072253217425,0.9885149245,0.5254133925,0.531049672
46.724311425,5.4702108155,6.9842409336,0.07358918899834,61.869235574,14.3905808682,6.2009636493157,0.123591810597,-0.099890744333998,0.48782229799136,0.49883716015153,1.3810355449,0.048497195055,0.88306413097,0.53348214914,0.48080781388,1.00076164502165,0.191045959130137,0.717437710823723,0.128397248239915,3.93411725706832,3.42925982522549,2.71846452083643,0.0213632795643169,0.0717421397888732,0.21385831047803,0.37141883573026,0.0796357283703525,0.00941333666271705,0.0638312881766858,0.118158700331452,0.0138334896544856,44.74341215,5.1216367625,5.78656824,-0.17174516825,54.144739725,8.109741535,0.816239568,0.0829755677,-0.2372407785,0.06421257825,-0.25409588925,1.2289556625,0.0295444586,0.726810531,0.30365616325,0.455112026,48.6069484,5.87062739,8.6189408425,0.32575486925,69.64848495,20.9111941,11.30928,0.16375062225,0.0399268909499999,0.88968736075,1.1928845675,1.533564115,0.065885084375,0.9805338755,0.78625168325,0.508547339
45.310448404,5.3849051254,7.3331367799,0.10933450141626,57.316431771,9.505020670823,3.2977504962389,0.1144300293547,-0.04414599063159,0.25943003678074,0.40906508756787,1.3375442882,0.056753438645,0.92598935202,0.56839552846,0.49476286258,1.10037238003753,0.201528905069609,0.764424036891358,0.127289540335758,4.62655623872365,3.88276746926842,3.2430529521955,0.0252617585797372,0.0856735370227484,0.255127047302891,0.439965942841157,0.0915799630356564,0.0119092847911928,0.0533723068183599,0.135441403027254,0.0146605013778743,43.110915175,5.01529136,6.005219205,-0.123490655,48.3741489,2.1442075275,-2.78302821,0.0617735134,-0.2124906875,-0.21893745325,-0.475700899,1.1790994875,0.03617540015,0.80090662575,0.29427279525,0.46667056075,47.542318225,5.7920685375,8.934786705,0.3630873075,66.3327342,17.072186675,9.8068529775,0.163682551,0.1158919185,0.7714932505,1.280570595,1.5391607825,0.08147908185,0.9964585495,0.82357272775,0.5235949855
44.101387133,5.5999180062,5.1188294392,0.00034338370769,62.383081071,7.94835445818,1.5012245259034,0.120485171348,-0.00254175274686,0.11809951480746,0.19294565936115,1.2853155996,0.042624899229,0.86945246415,0.5597895682,0.50466746043,0.793739387384361,0.193644314273341,0.608040241159361,0.117138732219016,3.65451910328446,3.49466801465834,3.13404801590786,0.0303864034316555,0.0876771955350869,0.246551761031836,0.481800248881061,0.0773010295706045,0.00948386580636963,0.0995146223164005,0.100511011589971,0.0150732738408698,42.53526715,5.2300467925,4.14714628,-0.22505736625,55.245851825,1.524227355,-4.7585282725,0.060675497375,-0.18420979875,-0.37434765875,-0.75494888775,1.137693615,0.02470014835,0.63209467375,0.3667862345,0.4768143635,45.687974575,6.0106856875,6.4738152625,0.24521802675,69.756230525,15.384419525,8.011605865,0.1814497915,0.177949643,0.63026333,1.1589753025,1.4385119125,0.062324822225,0.99244023525,0.75681799,0.534449664
46.012638833,5.7157576452,7.8644115665,-0.23070345456218,54.352503421,13.15585351949,4.926053538243,0.102435176183,-0.070996508628174,0.3875266644795,0.04134601312932,1.3997993292,0.052433356983,0.93523165888,0.66146571043,0.48983130761,1.08582541693994,0.21105804441669,0.816383179469097,0.134791323833921,4.31487930512959,3.53135732401379,2.80019251756687,0.0196677862877434,0.0728883399059401,0.220287753534711,0.36479209764471,0.0863273508576421,0.00855396929770027,0.0512259115082903,0.11713983426173,0.0144929607989953,43.928410775,5.333492645,6.4185072225,-0.50109343075,45.870469375,5.93460412,-0.288207117,0.063109079325,-0.2027114695,-0.02267290505,-0.68819998825,1.248855875,0.03635537745,0.80307033725,0.45427091475,0.463276274,48.123281575,6.15096275,9.5490191525,0.0396751547,62.5695551,19.7885392,9.8786804875,0.14004735475,0.073538546575,0.77714383,0.73535262025,1.59326867,0.0703712713,0.9978540885,0.910016752,0.51872701475
45.781730303,5.6506564665,7.5323869346,0.0828827317213154,57.757533752,12.4385751828,4.7143025526483,0.112192306032,-0.06868031792002,0.37086847090201,0.39652814068907,1.3367351543,0.038278349575,0.85135069706,0.2758457330022,0.50188994689,1.18545399802774,0.221239731170708,0.791973503261226,0.095608996728235,3.61782614601255,2.93728384590591,2.53971327157051,0.0183708212418099,0.0666008776973031,0.199796166432664,0.328390682734989,0.0742973572276101,0.00897466908256557,0.0972028632727261,0.134763864211771,0.0142685422340152,43.421712975,5.24958806,6.0696960375,-0.0944488483,50.698522375,6.8578000375,-0.278117589,0.0753685428,-0.21019805675,-0.021879173775,-0.24181898175,1.20278084,0.022112232075,0.63767288475,0.01770799765,0.473656723,48.120198575,6.1303393525,9.214095615,0.271915916,64.956574175,18.474480975,9.7549858875,0.1507741935,0.05662348695,0.767412925,1.0789232,1.4908554825,0.056718645075,0.99372511525,0.5467321085,0.52862815225
45.629460783,5.7001604468,6.913408743,-0.1934175211064,45.633796323,5.679929595279,-2.2363757120469,0.064628387581839,0.088716999180674,-0.17593296824727,-0.49223709750533,1.2566771652,0.0598508991,0.8427247397,0.41888827926,0.51810358236,1.06723579973526,0.212489565174942,0.809861093011266,0.106903339321236,4.12917752487381,3.89529747845332,2.97138982100021,0.0231676025345386,0.0774941688772185,0.23375563756065,0.400109831995291,0.0821081082426869,0.00876323669348133,0.0606509833273728,0.0968514001453142,0.0148422564510562,43.429329775,5.2936661,5.5504179,-0.393379584,37.903622675,-1.781784535,-8.1814613125,0.018650203225,-0.062627172575,-0.6436256435,-1.322986835,1.102504265,0.043160220375,0.710242779,0.249824229,0.49002872325,47.662268,6.159533565,8.7316424425,0.021794337975,53.74038015,13.2011482,3.7890293625,0.10762435125,0.24285939075,0.29807835025,0.238657219,1.423121195,0.07825731295,0.9377112435,0.62549815425,0.54806128875
45.858731587,5.7578087751,7.8327575318,-0.113825213934899,65.836393172,15.3560849366,3.1485548322905,0.106357094848,-0.01170138734481,0.24769299445522,-0.12738706865759,1.3427603178,0.059790246983,0.90811622601,0.54054740143,0.50466493883,1.16602979259007,0.214272086229604,0.849515445536277,0.127867823503843,4.20542429417713,3.34828172551389,3.14232236564557,0.0238311988324416,0.0836713234549749,0.247202694320209,0.42259966717469,0.0841680847939361,0.0112829105003625,0.0492948047784723,0.120167415276696,0.0159100323877433,43.763557525,5.3622223825,6.356011245,-0.341313021,57.941198825,8.60262793,-3.0955382725,0.0584210402,-0.17573250025,-0.243522251,-0.93321196625,1.19010461,0.0386499448,0.7979824955,0.318183702,0.4741663095,48.22297385,6.1805830775,9.754066335,0.14108412425,74.205772875,21.83638515,9.075047995,0.15133018625,0.15540577875,0.7139230365,0.67176888475,1.51850036,0.08160823035,0.98608797825,0.7873479095,0.5370230915
45.780113017,5.7247452547,7.3653029969,0.123804833061181,67.205823371,12.55888367552,0.528782302885,0.103505307902,0.04641212909145,0.04159866323123,-0.0597887813329,1.25980611237,0.046471932861,0.94105410187,0.48798882262,0.50212313873,1.08038965512766,0.199131049579615,0.794470816596707,0.11956463434852,4.05834262433888,3.70848980005925,2.73608670610195,0.0184304023981792,0.0685969608167718,0.215244626612973,0.347015744751815,0.0881176540145248,0.00858296238139576,0.0471003375865087,0.109573842380174,0.0144063280847717,43.585434675,5.34683355,5.9965220575,-0.11683543125,59.150259025,5.1018873775,-4.772059555,0.0653360161,-0.08331263465,-0.37541214,-0.7712255865,1.1016067175,0.0301348607,0.81541740775,0.28413099375,0.47473456625,47.890132125,6.12801388,9.132752025,0.340073351,75.021851225,19.537831025,5.869549325,0.139798768,0.18222938325,0.461750336,0.62007062275,1.443790315,0.064325922975,0.998083751,0.7093055235,0.53086599275
46.018497244,6.0736227557,7.5081372434,0.002371257928751,52.661794824,7.791733615853,0.809561751475492,0.093410776227,0.015621839125543,0.0636872421566696,0.03717180541072,1.2644270629,0.043617175014,0.87952704508,0.64295139852,0.49584065959,1.17502140483123,0.210228526151491,0.811869714686391,0.140993407473094,3.9464432766279,3.15411552843559,2.84051165827132,0.0216333685966019,0.075296468589407,0.223459611098524,0.402458617684063,0.079854979313721,0.00857126388089896,0.0763202188346155,0.116817524514708,0.0142546749544092,43.54898995,5.69786418,5.98196603,-0.26084328,45.2852394,0.99724879375,-4.9178326475,0.052848310375,-0.12919766375,-0.386879935,-0.718742691,1.1127762175,0.0287580171,0.7174001305,0.4265625155,0.4696137125,48.311393225,6.4906137225,9.1558099225,0.27744372475,60.384875575,13.287283025,6.2066496975,0.136557294,0.16185113325,0.48826961075,0.79191239675,1.4197650375,0.06206221875,0.99441331725,0.8860302665,0.52385394925
46.453838414,5.9748447306,6.7712815895,-0.086284040070535,61.530863924,15.8035701647,3.9822020507267,0.1002319645516,-0.03233949472257,0.31327501095846,-0.04826746060743,1.2908587811,0.0474112931119,0.81268011111,0.388167168999,0.51682804165,1.05168698868111,0.221443454799171,0.760951539208005,0.104604889310867,3.97495341345723,3.60600007123903,3.31898486487255,0.0285564866954508,0.0908786111129613,0.261100518430104,0.493485350631601,0.0817943857226913,0.0146541612160754,0.110204489032518,0.106447616337644,0.015055264578252,44.506252375,5.540012135,5.42867504,-0.278660994,54.273647875,9.261279365,-2.604374215,0.0371596963,-0.195634899,-0.20488296775,-1.0753438525,1.1419230425,0.019233234575,0.5667458855,0.20473384525,0.4862600975,48.57087975,6.42485323,8.3617800525,0.127965366,69.648752075,22.864265675,10.214060575,0.15281503225,0.1469237755,0.80352779425,0.8579923505,1.4661606125,0.075865855725,0.97949739425,0.62129320725,0.54746504625
46.369867346,5.7541410021,8.1410165763,-0.2480910483063,59.429232928,14.7042468106,3.8179028826694,0.099182852565,-0.03317346202752,0.30034979470041,-0.18088600667323,1.3308634594,0.045637802982,0.89394249038,0.49602718577,0.48484835243,1.17244600467773,0.21024651754743,0.826263265937451,0.11902781043128,3.97603122875564,3.44713504278337,2.58481666661073,0.0199539923888961,0.0682355508854097,0.203344395945909,0.367686457750702,0.0832450055337748,0.00908233414567446,0.062834979840823,0.101173364112995,0.0137067078630313,44.1432254,5.35982496,6.7594470875,-0.4764754,51.761126725,7.8766912075,-1.326705355,0.05945050665,-0.158844747,-0.104370299,-0.916115806,1.1724986725,0.028680920225,0.75587191775,0.29502872475,0.45771357775,48.8210234,6.1953816575,9.9629944675,-0.00182020750750001,66.876324825,21.05105345,8.4647004725,0.13790440175,0.10410222825,0.665907733,0.51450935325,1.5011368275,0.064532980525,0.9926178665,0.699403498,0.51261937025
46.339509912,5.3184319469,7.6814744994,-0.13222664066905,53.114058237,16.5116302323,6.864715819597,0.098091325113,-0.1077682426721,0.5400388777514,0.18513424266444,1.4102069016,0.04855115857,0.9005313786,0.41965292293,0.50485677443,1.11216686543852,0.205183961325161,0.834753738107412,0.120442164000582,4.17575167049149,3.85861217943483,2.91327144245062,0.0191904970551601,0.0741723500486516,0.229183535516284,0.357313347002701,0.0954677848029287,0.0086948807965388,0.0623812515979213,0.0974766262139679,0.0155146720479185,44.42828615,4.9391862775,6.2930485675,-0.37762659025,45.200803975,8.7219418025,1.06106981,0.058792424725,-0.257620962,0.0834730793,-0.53306854125,1.2388950275,0.0308546612,0.75974878125,0.23684117725,0.47557993725,48.64880825,5.717684495,9.5234276975,0.102564151,61.084563525,23.8251248,12.6191714,0.13662135525,0.040392575925,0.9927349185,0.892025175,1.61645745,0.064476660325,0.99185120425,0.6226325645,0.5369096205
45.868587432,5.6911979984,7.5891758614,0.030277207958376,63.652547755,16.1059808221,6.709126257275,0.123543014652,-0.10547792900581,0.5277988351224,0.432339718126,1.3978586179,0.044767691435,0.94341901674,0.456352285314,0.51710459833,1.08466601462389,0.222459695289121,0.799943151626864,0.133739026972636,4.67958598117197,3.85657090549852,3.22591662556266,0.0212439621707791,0.0836769775344659,0.253778952920321,0.407934383195688,0.0990222858436602,0.00826897688873059,0.0578123469880363,0.127765115716563,0.0172362719408038,43.671364825,5.273300125,6.24372601,-0.2278702665,54.914219225,8.1234515825,0.40691148725,0.082696511525,-0.278797318,0.032011232975,-0.36941895275,1.2134371725,0.028848328225,0.78811362875,0.205549001,0.48476274375,47.980194975,6.1343114425,9.38432101,0.3010773225,73.243101475,23.918225675,13.29551485,0.16602271475,0.0501867776749999,1.0459420525,1.2437193875,1.5930362875,0.0611761571,0.99838752875,0.70184353075,0.55256711575
47.812502933,5.3787909026,7.1338730799,0.01432152099087,54.376226584,8.62230284948,6.92262996321,0.137832976595,-0.1475959416317,0.544594912927,0.8325602203952,1.2853744059,0.043918556155,0.94063026086,0.53208982971,0.49264734549,1.12902567280923,0.195965218845921,0.743718551123116,0.123291022817708,3.87155942798845,3.49288091171662,2.70936537071184,0.016994132128712,0.0676349268131421,0.213142491203375,0.331621263947559,0.0815983156826928,0.00801176148009694,0.0470018444038078,0.107228635477952,0.0143296769895035,45.52094055,5.0038389825,5.8223232525,-0.23451666625,46.9138776,1.66536239,1.709246645,0.10320197825,-0.28030457375,0.134464363,0.159188664,1.130316185,0.027236713425,0.8237953345,0.329435696,0.46495793125,50.096075775,5.7919427125,8.6260320625,0.2614216595,62.213728525,15.91897455,12.546609625,0.1693396855,-0.019273471475,0.98702658475,1.439300375,1.44701006,0.059171891,0.99781511225,0.76238113775,0.520623259
45.395558701,5.8743466713,7.083442303,-0.098317310509049,51.155030897,6.4115268786447,-2.2852966361865,0.07384701324861,0.0936017928729,-0.17978151782309,-0.4062342984855,1.1753418756,0.0339392509405,0.78012912783,0.3712959865771,0.4970950528,1.03794062152989,0.222373934370555,0.788511006146391,0.110283802556565,3.80306131458791,3.20836977604561,3.09401196073436,0.0270547833896176,0.0859538270834362,0.243402173040547,0.467139457363943,0.0803958260685236,0.010612019590489,0.129087637566542,0.128029947061848,0.0149551036957382,43.401862475,5.449396605,5.7317048325,-0.31496604375,43.672362125,0.00342707370750026,-8.424375355,0.01998153805,-0.06712369805,-0.66273540375,-1.3459014325,1.02918789,0.015813821775,0.5016342365,0.09841189215,0.46941161675,47.4843527,6.322884295,8.8424395625,0.12162124825,58.410084625,12.7052168,3.4840333825,0.1265497575,0.2646595205,0.2740846805,0.5266895195,1.3393116775,0.057424815425,0.97937218775,0.6140872725,0.52892294
46.029726524,5.5711789555,5.3667986704,-0.2689066581751,50.443648966,7.372675232291,-5.904619629066,0.04156153625742,0.197279917134015,-0.46450927333114,-1.1273697673504,1.10013444456,0.016839581402781,0.5514450709167,0.46806206772,0.48778730005,0.804979483620293,0.197718999569243,0.660244691210452,0.109361313183836,3.88830600056653,3.60290504633169,2.97095202529589,0.0285635816257013,0.0830251936675272,0.233721196717068,0.468621360902847,0.0751340688902672,0.0102019973906953,0.345508984339343,0.113939028126494,0.0145991823193755,44.43863375,5.1976187425,4.2181888975,-0.480156938,42.645434125,0.29840213875,-11.5806467,-0.0106409362,0.033431065925,-0.91103544125,-2.014394905,0.96550211,0.0008653258335,-0.4285567615,0.2437585275,0.4601527565,47.594389775,5.9568836725,6.8694976675,-0.049397362375,57.956560475,14.1620386,-0.0632721902250018,0.095658264975,0.3499707345,-0.00497754659850014,-0.21087959175,1.2485300725,0.038576613,0.9727148495,0.706803513,0.51674472875
45.208200799,5.8484023749,6.8793579603,-0.08120177611176,54.245899604,13.0875187554,4.6095238231228,0.10020996767,-0.0626680036300304,0.362625655001,0.15169730754086,1.3723545991,0.052517816261,0.92103148152,0.45630629485,0.48613762979,0.953941552738044,0.203071959456179,0.747891424904083,0.109183112764809,3.99917040895036,3.5336991383401,2.6264938309301,0.0197063719916422,0.0688474347911902,0.206623087782141,0.351856566092113,0.0825747223544304,0.00870558785858974,0.0494178245480597,0.101578044271099,0.0127010108510349,43.379029125,5.4687751675,5.5911659325,-0.295365186,46.448120625,6.540511535,-0.465169536,0.060388086125,-0.2017833515,-0.036594323275,-0.52208676425,1.2195910375,0.03481069085,0.79737556425,0.26008640175,0.4600032,47.147813625,6.25524154,8.6439973225,0.12615792275,62.5052035,19.807804325,10.104270225,0.138522362,0.07218936365,0.7948907265,0.81672228575,1.55161209,0.06894906345,0.991004765,0.652470003,0.511066052
47.125908022,5.7053904779,7.049860767,0.12946596094862,59.284011643,8.79113611908,1.7341234841449,0.111019920346,-0.004828145392064,0.13642139360685,0.27796712252916,1.2832271893,0.047253836941,0.89342301621,0.63495513767,0.47867601967,1.01034890861501,0.213541480148871,0.753033593995019,0.125631060895078,4.11225683915919,3.7469730073362,2.90321117543335,0.0210267851648157,0.0756755777734097,0.228392106200604,0.380470524810962,0.0929407892435074,0.0115608814413009,0.069817904808576,0.112411467482817,0.014097524965763,45.225874575,5.28777106,5.67272514,-0.12083147375,51.190034625,1.235856145,-4.359309895,0.066960158025,-0.1468564685,-0.3429416295,-0.52166684375,1.1277953975,0.02618272805,0.7244101515,0.439108166,0.45201660775,49.171078725,6.161058305,8.6300271525,0.36767952025,66.927531925,15.89294775,7.2107084325,0.1524394605,0.152171362,0.5672576995,1.0714560825,1.48819804,0.07066903975,0.99175838925,0.887381292,0.5060226235
45.659012101,5.6096571246,7.6475189859,-0.034936806039088,61.437944448,10.48488237877,2.4406642404212,0.113375218382,-0.015947609866726,0.192004099164855,0.12119448514343,1.3395445586,0.047499180609,0.9031062884,0.515778998608,0.53248824039,1.15902734357711,0.199924604875927,0.819184304650979,0.122291467383286,4.38119886761958,3.68818537582356,2.76701516760686,0.0195367013128051,0.07123246005675,0.217677731341216,0.361507725604536,0.0827756240649189,0.00893255518500605,0.0668827967960613,0.135368101548677,0.0157942511098676,43.4283456,5.2319044725,6.25062279,-0.26660004525,52.954601825,2.8541393275,-2.914474285,0.073345592625,-0.148429088,-0.22927815975,-0.57752160775,1.1898251,0.030560198425,0.7387184005,0.259796301,0.502435491,47.863929825,6.0197438225,9.3277984025,0.21074886925,70.4982047,17.853385475,7.74393781,0.1510707775,0.1249837195,0.609206198,0.8169487945,1.51646874,0.06545768965,0.993632488,0.774037004,0.5646130835
44.676145762,5.6785700522,7.3423005372,0.030909033161458,66.017686327,10.22987118112,1.1777613546413,0.1161502297059,0.01736726952477,0.0926530590242,0.068104993153892,1.2284150535,0.052209202577,0.87521372287,0.65630782265,0.49071744333,1.08477965965695,0.217540173773673,0.809222344185003,0.133971772153276,3.69595363030933,3.06973329015585,2.62029247405211,0.0216745060700365,0.0698617845726748,0.206135234656452,0.371389150921027,0.074060925894823,0.00896118077030027,0.0696362117296528,0.120074580566031,0.0137053024927958,42.3388004,5.2684759575,5.8701850425,-0.215872935,59.01361945,4.1336493925,-3.64068744,0.074855769075,-0.12475324425,-0.2864084765,-0.6687890835,1.09070913,0.03405024355,0.70841464825,0.42993956425,0.464437033,46.712563325,6.1155542875,8.963219545,0.30591626825,73.136718925,15.94696295,6.50950904,0.15947816725,0.1461625905,0.51209518625,0.80590394475,1.38160609,0.068931205675,0.97614565575,0.9017519235,0.5175245295
47.36700616,5.7989316223,7.622822864,-0.01994527084539,55.280667057,10.37725815664,2.1387356048355,0.097250801642,-0.008209021933295,0.16825173911829,0.05504421703213,1.4845359004,0.052978040604,0.90244906048,0.54893886378,0.51265145239,1.17290533081633,0.208926485307879,0.785738515749055,0.134240641580985,4.62952410164194,4.08602174703694,2.92145215741856,0.0215834779934035,0.0749905961342652,0.229827102141985,0.387684122197331,0.0920473764811438,0.00966386031526206,0.0631914150344912,0.11227158146966,0.0151763125618014,45.08105585,5.39564333,6.2294595925,-0.29918129975,46.181255625,2.67586878,-3.7454104825,0.058843216,-0.15660085825,-0.2946469,-0.6625346815,1.316538025,0.0351191187,0.75777918525,0.3556650915,0.482864549,49.675672075,6.2203031975,9.3110007675,0.25462123725,64.282129175,18.12268825,7.7334996725,0.14076083325,0.1447635205,0.608385047,0.82196110425,1.6707681775,0.073383548475,0.99480861325,0.79061319275,0.54298790825
47.061729642,5.4392843293,7.9530328583,0.00173675486957,48.431981437,1.4024409970825,5.740028870315,0.148617614033,-0.1502398809283,0.4515611174609,1.05797134851,1.406990533,0.05583582381,0.95239709934,0.55927068848,0.49306175101,1.16856662818951,0.180999573065498,0.841973277579338,0.128711367228019,4.07525946848564,3.13350472319894,2.34751751847063,0.0159607926483416,0.0609366838328707,0.184676358835781,0.299064443451074,0.0875018084378651,0.00839679374906952,0.0362737937702618,0.115400791194428,0.012855063076796,44.894509375,5.09900438,6.5334220825,-0.2477406565,40.578142075,-4.8671038475,1.3063150575,0.1166908475,-0.2737520295,0.1027662202,0.46882690775,1.25022009,0.040555448275,0.867751546,0.34465093575,0.46867842675,49.412437675,5.831643325,9.87884223,0.2764370495,56.420548575,7.3765255575,10.3810313,0.17967706825,-0.035157185175,0.8166631395,1.6391957525,1.579824835,0.0721485218,0.99839922625,0.80414493275,0.5187217095
45.934658646,5.9330598333,6.5096723908,0.04181821880071,57.565609182,14.0182140287,1.3024269569473,0.07977494694691,0.032320483885956,0.10246035110298,-0.201133735718142,1.4313521918,0.058153706616,0.89715180238,0.56193801144,0.49369976639,0.967994736855857,0.215001342766804,0.72961847970364,0.129191956815417,4.32085938704629,3.9604476590376,3.15897172137748,0.0268714624445886,0.0858953931903662,0.248512478938965,0.458571663934453,0.0900810259276682,0.0118760922908766,0.0617041028740141,0.11372317887721,0.0144579499284506,43.808116725,5.5145782075,5.29006502,-0.20058857975,49.4555786,6.55619664,-4.702945835,0.025853509725,-0.12610001925,-0.36997505025,-1.133218535,1.26280188,0.0371609586,0.7596665215,0.34571521725,0.4671510105,47.673540425,6.35840312,8.1707258525,0.315275808,66.1615226,21.478188525,7.3371940875,0.13036748325,0.20365589525,0.57720817375,0.672749443,1.60959676,0.082824338925,0.99670179625,0.79163697525,0.52233870325
45.336755053,5.8122844578,5.592448285,-0.2980087958034,56.871759781,8.06856795043583,1.2839656499981,0.105437691111,0.003984839597581,0.10100802226675,-0.18418593193457,1.22706704636,0.055061430806,0.90844514642,0.69796022837,0.51605516516,0.830011624324784,0.226745113044736,0.658387432597448,0.146929638454166,4.80801442716762,4.02369080395833,3.19637733577633,0.0257012008636268,0.0837135516366883,0.251455132808764,0.441669902234577,0.0889669073436947,0.0102957039960147,0.0642201045567179,0.118462770942274,0.0161627052315347,43.71983465,5.39730773,4.4646756025,-0.594496271,47.3228598,0.2680026025,-5.248654195,0.05398507885,-0.1452247005,-0.4129052705,-1.1277837925,1.07251188,0.034175985225,0.7579925285,0.49486502975,0.484824806,46.99359545,6.29004677,7.12335997,0.0114040415999999,66.461795925,15.7368474,7.00392402,0.1521426495,0.17438537675,0.55099021675,0.64863168075,1.41949789,0.0745406644,0.9931488325,0.949107144,0.54905672125
45.472073488,5.8822674848,8.0782921927,0.08611409104398,59.301234121,15.0387349586,-1.9644368801966,0.05550308353708,0.126643686010689,-0.15453986973169,-0.6449256628756,1.2545207437,0.0535004941061,0.74066544136,0.2673540636548,0.48309411358,1.17013564154637,0.23092094289278,0.813775360142034,0.107975146676506,3.99110504335282,3.50165768541922,2.98414528240156,0.023551837342235,0.0805587947166008,0.234759094232663,0.427201287299636,0.0912595366549119,0.013391040584615,0.100973904588537,0.138720945447032,0.0144555183493418,43.161414875,5.4394320425,6.5929459525,-0.132217821,51.56960315,7.8403812675,-7.91255443,0.00942288861,-0.030744094375,-0.62247107075,-1.4929077875,1.0883798075,0.02188789095,0.5295506375,0.02130399215,0.45585356125,47.7893557,6.3693607275,9.7492001025,0.27769352275,67.327044325,21.874648075,3.8079540775,0.09958087325,0.285796991,0.29956713925,0.17734180725,1.440790845,0.0764183372,0.9142422415,0.55526434225,0.512243379
45.408717013,5.948699978,7.967395354,-0.107397088866548,56.734217092,10.43212106271,3.67908815663289,0.111550986485,-0.05008470055319,0.289429408354877,0.18229028409149,1.2633362737,0.049577116145,0.94859398821,0.49019883168,0.5108314615,1.17409038806294,0.2136491906798,0.811956499184486,0.116404682216218,4.05889081786597,3.36926750587695,2.51896756727836,0.0174843603526478,0.0648470458040139,0.1981641270145,0.314365790319848,0.0865387058329653,0.00879041892806727,0.0390924752389193,0.102424871341962,0.0148385743500166,42.902833725,5.54042865,6.63163843,-0.32300717,49.015950775,3.8308451025,-1.1061126,0.078486438025,-0.178466598,-0.08701654085,-0.42491915825,1.10509614,0.0334685999,0.8555638115,0.2986692395,0.48223698925,47.6330273,6.37936734,9.83380404,0.1246170365,64.65124945,16.80305455,8.5118631575,0.14640882625,0.070354229725,0.66961796675,0.7982673405,1.455233635,0.068257680925,0.99685136,0.7125733745,0.5430175755
46.22696537,5.745755297,6.5669850363,-0.14507892073801,61.219877966,4.31836875636,-0.087551165178395,0.12299377821,0.023328414913924,-0.0068875441813599,0.047614785985939,1.30392147338,0.0752882302,0.88713263357,0.54318479982,0.50016787414,1.0760083609465,0.219926352282964,0.712471317686841,0.138702692449384,4.82783659146509,4.0988816321176,3.15757218711501,0.0258543985955893,0.0835465331407464,0.248402378863692,0.439127370867457,0.107000492895029,0.00940788284379954,0.0565808485448298,0.114377988119564,0.0151244559323254,44.095048225,5.3330774025,5.3806978775,-0.41408595225,51.468186525,-3.085728975,-6.1378823925,0.0724107997,-0.137431867,-0.48285977625,-0.83845040725,1.09648129,0.05758389765,0.7595237095,0.335525837,0.4732742365,48.30178095,6.214353675,8.1000235875,0.11964817875,70.680370175,12.733423725,6.11015237,0.1725031375,0.18754306525,0.48067828825,0.871091895249999,1.5376024425,0.095617805925,0.982155334,0.78392759425,0.53137572575
45.999318612,5.6297261708,8.3067160668,0.112098521059402,55.57941183,5.779828861927,-2.0606156742651,0.0887573693493,0.084392739188294,-0.16210613870351,-0.09302839030838,1.2833421165,0.043280784686,0.91058940598,0.487223729752,0.48736594556,1.16882584429021,0.205668044766819,0.848076015927544,0.119961856303011,3.70300699670878,3.01972864808589,2.54357087699236,0.0174040984600741,0.0662286601492413,0.200099639551246,0.324813044504129,0.0900264061633508,0.0076519017831544,0.0591649849730263,0.135488525752416,0.0138146715567546,43.645463225,5.2131901525,6.84471163,-0.1190033905,48.043739975,-0.1513497975,-7.1071836525,0.053419359475,-0.04459182395,-0.5591135275,-0.7376058235,1.1086604675,0.028770588825,0.771896808,0.21117867925,0.46149146575,48.271565975,6.0070177475,10.08920005,0.3550442975,62.662879475,11.65993235,2.9750332825,0.1217392405,0.2176977565,0.234042266,0.536254496,1.4611614725,0.0571145052,0.987250034,0.75090066725,0.51405551425
48.210533696,5.6619762636,7.0563655288,0.121399079415421,58.294338601,8.507112813609,-0.9672060655758,0.090463334801,0.06769919156292,-0.076088929388,-0.08316066598673,1.4922226396,0.05900261718,0.94227441595,0.53595377883,0.50287075633,1.07872620711923,0.217985989625145,0.768748127939473,0.155696012984305,5.57327016698401,4.45266557234155,3.01451236920473,0.0182925287917161,0.0748525252951693,0.237148036169028,0.355989303018159,0.111113494884128,0.0104722614811168,0.0374851056875208,0.111178819888179,0.0144134682450798,46.106958575,5.2476184975,5.75255916,-0.183965505,46.459688475,-0.72399281825,-6.7644259575,0.05416467825,-0.07898938825,-0.53214919975,-0.8027206845,1.2899317325,0.0398323319,0.85467967,0.3250493735,0.476535166,50.224592025,6.114408445,8.7279559925,0.43594906325,68.3281508,17.72818285,5.1811442425,0.12476096575,0.21161906125,0.4075943425,0.55242399325,1.7208352925,0.080094593925,0.99688647525,0.7647767275,0.53170085575
45.106974486,5.7952715438,6.1109142081,-0.14633265749329,53.424166215,8.93601019037,-0.5815801648719,0.07985841518877,0.059228139103318,-0.04575220704048,-0.362686017924419,1.3705323172,0.063409110408,0.89218515319,0.365336856329,0.48494149364,0.917230197792105,0.194450005493913,0.689829685034759,0.109983139582208,4.11856670124063,3.65032424925654,2.93264671120489,0.0272025188980396,0.080542791752855,0.230707764249884,0.434526193936901,0.0810995514329544,0.0103590542882338,0.0589623934003219,0.109597550902962,0.0133322415699596,43.377059375,5.420819665,4.89847628,-0.37087924925,45.49839455,2.0522183175,-6.119301045,0.028913440975,-0.10474149525,-0.48139800125,-1.1828067,1.2220866775,0.044831802125,0.7555454115,0.13988433825,0.4603648485,46.90027645,6.15104658,7.6483416225,0.065334070375,60.6825141,16.1455842,5.22825309,0.13176060975,0.21014294875,0.41130033125,0.4873645605,1.545758255,0.08349265215,0.98498522725,0.58342864625,0.5119842875
45.175781454,5.7263876522,6.7396593698,0.08264854515243,55.645467262,11.5212165104,-2.24625888410592,0.06110585835384,0.1173028362056,-0.17671046520147,-0.49872037371024,1.5298430494,0.057504072234,0.96918369566,0.30797548422769,0.48897135327,1.01906992074512,0.208094781911803,0.746312916583413,0.111599535556648,4.2540028361407,3.58024542910334,2.83136043666948,0.0208993186694502,0.0746716371367718,0.222739695483632,0.376923353205951,0.0927001207928534,0.00869934947854583,0.0273720085049076,0.142106301480496,0.0143699025317779,43.120608675,5.336240855,5.492578105,-0.127485951,46.753643125,4.86623456,-7.604066185,0.022876628675,-0.030432110575,-0.598202682,-1.2357305,1.3611205475,0.0423121092,0.8940573575,0.02237267015,0.46175018675,47.0831786,6.1620046475,8.3308905075,0.2855216415,64.095521175,18.452392475,3.61290355,0.1029909515,0.25666997925,0.284222747,0.23698286525,1.7277352675,0.075781066625,0.99882013825,0.572280806,0.5171096335
45.837222345,6.1389371907,7.5996843835,-0.2503114765608,56.07416848,10.11146414964,2.9792449689077,0.106417761476,-0.03249246489439,0.23437359283082,-0.04004591252566,1.4714420197,0.046020048863,0.89553221622,0.21388484601014,0.51874386119,1.10626810719522,0.226261158071898,0.794992302862149,0.105504089989008,3.98023838348844,3.26110926735437,3.14236714133877,0.0217787460136527,0.0824816722601849,0.247206216676433,0.403004995117699,0.0939036936937741,0.0101663553022961,0.0722646888901845,0.133569206681503,0.0153429415499741,43.727894025,5.7102558625,6.2355185075,-0.457102918,48.401376125,3.33334464,-3.1995790175,0.0623294617,-0.18162876025,-0.25170700525,-0.8782542485,1.296935955,0.026162883975,0.7268386435,0.009964620665,0.49077898675,47.8988331,6.603378855,9.29982922,-0.04055847185,63.783319175,16.38483405,8.75784503,0.1480959515,0.1362961675,0.6889690615,0.7063981275,1.6676037725,0.0666285532,0.9922996155,0.4966567195,0.5476865225
45.466907523,5.5429872786,6.4885642244,0.17150159709958,65.839474999,19.435627191,2.5931723233947,0.0835424685835,0.02326845409472,0.2040017253323,-0.16662212747663,1.300848665,0.043402945531,0.91932932799,0.68768951486,0.4932100697,0.976162529757367,0.194487984519958,0.698920088540936,0.137299689290396,4.27645536506571,3.40647505093929,2.82515646007298,0.0229502875681879,0.0756228685411986,0.222251636069414,0.392764765734838,0.0810099093006858,0.0106655191242577,0.072706115982675,0.1212411869159,0.0153295633678952,43.3994292,5.17216926,5.293767605,-0.093944727925,57.6523794,12.37783855,-2.991256615,0.03754290925,-0.11711331875,-0.2353185345,-0.9357267445,1.157785945,0.022793123375,0.735696787,0.476324148,0.46500121975,47.3153594,5.934398785,8.0778030075,0.44459683175,73.904629975,26.360665825,7.97717188,0.1271048655,0.1734851305,0.62755444675,0.60584523125,1.4673264275,0.0643747996,0.99767107925,0.96215893175,0.523896538
44.580755225,5.3976505023,7.1437722233,0.119177131821126,59.543037169,10.45290398942,0.6016760063401,0.095774011939,0.03420920355141,0.0473331225772,0.01570949191225,1.5221848497,0.062414517128,0.96093580939,0.394498656645,0.48654456457,1.04355240526468,0.193991698498372,0.791383356627417,0.116846165846918,4.21317476275568,3.75697985785222,2.88733789432478,0.0212574577696898,0.0752780453338567,0.227143374236107,0.379338950358318,0.101004180012813,0.00974842264488703,0.0307864873342151,0.140927816277648,0.0153189052607231,42.49833525,5.034801805,5.8332490875,-0.10392496825,51.264922775,3.4601192175,-5.1989651175,0.054691187075,-0.10992410675,-0.40899628725,-0.7383802345,1.34536974,0.0442104549,0.88321082925,0.0848261501,0.45889701,46.5359969,5.8061553875,8.8960099,0.3426503785,67.7355737,17.788840575,6.2463009825,0.13761457675,0.18743161275,0.491388937,0.7254185955,1.7284534425,0.081677957175,0.99749258075,0.67765114025,0.51629948125
46.455641481,5.7042990612,6.6490550522,-0.08465068524377,51.664891342,6.942733643214,2.8623181670498,0.109839377038,-0.04465384975148,0.22517510275733,0.27029106227959,1.2647256094,0.052212270445,0.90195003753,0.71525907576,0.51323473236,0.946844288854225,0.208743585043916,0.723479824726128,0.144889085371501,3.95999085193696,3.43194970439942,2.84427987369816,0.0216945598418129,0.0749601559199241,0.223756051973382,0.376669140262053,0.0810423734414353,0.0100294923457147,0.0653773405285922,0.115080911933431,0.0140187114893995,44.648014325,5.3239201875,5.401757795,-0.3647228025,43.62922915,0.44161651275,-2.4895582075,0.06656946595,-0.193021572,-0.19585052475,-0.48368044875,1.1112945825,0.03407571135,0.75807967475,0.518222363,0.48744916675,48.273362025,6.11596115,8.15850684,0.20253055625,58.988176125,13.803409875,8.4553389775,0.15465687275,0.1017047755,0.6651712705,1.010287435,1.414015445,0.074088055475,0.9959985005,0.957434885,0.54260633775
46.243378204,5.5931418377,7.4234635083,-0.077651527579433,55.337728745,13.2727672648,-0.0242521935552,0.068388387928,0.06500281117962,-0.001907890548051,-0.47021429791255,1.395284119,0.063095117997,0.92974439238,0.54292074642,0.4899428624,1.17870391431457,0.190953264091427,0.763465544876918,0.123557820640171,3.8708912236136,3.23785052601902,2.43689161754555,0.0173168496535104,0.0617185256414549,0.191707311597906,0.316644509030806,0.0870789143270428,0.00772539443391647,0.0327668643919632,0.105782455146015,0.0133457596386982,43.9401648,5.2262780425,6.16382752,-0.311251178,48.0425584,6.9709275175,-4.94430723,0.035575578725,-0.05407539075,-0.38896265925,-1.067757965,1.2371378525,0.047956097625,0.8548112155,0.35520860325,0.46456750825,48.3628847,5.9836694275,9.2048591975,0.15850642825,63.394099,19.667923275,4.7302520175,0.10318807175,0.188677204,0.3721231975,0.16928594325,1.5761203475,0.07859858675,0.98370426925,0.772574342,0.518240327
44.148205908,5.8374262538,6.1995766498,0.2622083075224,54.711655647,9.58574767948,-1.627558956712,0.07231404964906,0.090994056200894,-0.128038091359162,-0.12460474398227,1.3054643913,0.054548395452,0.79952724938,0.46969510782,0.48747788481,0.907150453402803,0.204670471926311,0.649169864099928,0.108436795556023,3.75959482511609,3.36017949491496,3.02907829282428,0.0305677850188811,0.0866500368230381,0.238293919743507,0.489053421150008,0.0766935002772015,0.0132408462829326,0.091090257278332,0.116181906469403,0.0135956737346897,42.46867185,5.461768175,5.0568421725,0.046538773425,46.998171225,2.825451645,-7.2057482675,0.011410707575,-0.086747220875,-0.5668674905,-1.1059434875,1.15473304,0.029708947725,0.6160561025,0.268564928,0.4619559025,45.894318775,6.23720952,7.5376345575,0.47783849475,61.805556275,16.298329225,4.4718444425,0.13155780775,0.25491908825,0.35179458525,0.842038882,1.45920511,0.080411478275,0.977541815,0.71733270775,0.51644898125
46.302719709,5.3028008627,5.2794500633,-0.07016841249188,56.52732156,7.26211723779,-2.05317431696731,0.08420145449174,0.09137450021848,-0.16152073619032,-0.35786164173987,1.3202137832,0.059283864611,0.89555943647,0.56405754862,0.52890052616,0.78724135137362,0.217494301365996,0.600517680491247,0.130378660693265,5.09072514098297,4.44644181470312,3.24390869021438,0.0254653781590167,0.0834655011158808,0.255194366725032,0.426931118975904,0.0993484071414818,0.0108749766134325,0.052790409160985,0.129625371028223,0.017003290919517,44.789435625,4.89593415,4.2761824425,-0.317305927,46.1318968,-1.725932235,-8.6580082675,0.033815665075,-0.0646844291,-0.6811150195,-1.22431653,1.126714365,0.036937332875,0.7802723025,0.30840380625,0.495310303,47.819508275,5.73684982,6.60606179,0.17656259225,66.373288075,15.81859935,3.9877990725,0.1313333945,0.26696022725,0.31371532275,0.44330656225,1.5195512975,0.079120547575,0.97524067525,0.806294614,0.563322926
46.922943072,5.8979185993,6.3385487057,0.053992742975751,55.781784414,12.06273945176,5.663840148894,0.116162766502,-0.096480025704484,0.4455674435373,0.50308537227779,1.3531929021,0.043259597522,0.8745177492,0.3907515912699,0.48341963677,0.971257043590029,0.211994487125197,0.689273438863079,0.113643215158176,4.3451649648021,3.96210819209881,2.97222868980635,0.0226614699280743,0.0770714833591401,0.233821631259088,0.398333918213437,0.089597658630032,0.0110679943442039,0.0859714581531031,0.125844010149956,0.0134755805771444,44.946078925,5.4966868,5.1389855875,-0.174460001,47.273514075,4.628704795,-0.14225387475,0.068509286475,-0.24787890425,-0.011190940175,-0.32100473375,1.2000410925,0.02408179965,0.67112367775,0.11059313025,0.4579736125,48.931227075,6.335289945,7.8193783825,0.2894780845,64.603569425,19.759044425,11.395894525,0.158146157,0.0548142592499999,0.896501251,1.209625165,1.54148863,0.06613986505,0.99545132175,0.644431721,0.5121125025
46.174993196,5.5538113419,4.7017261008,-0.2871349962579,54.645776354,14.0115700648,3.31050894438268,0.0874893726748,-0.02264968970957,0.260433728158666,-0.28229687155839,1.4602823983,0.067828547879,0.93540989356,0.43487207771,0.48823625941,0.757753707268174,0.203354229489646,0.562574883037959,0.12594922699815,4.93644806644736,4.13843913810894,3.16549360055417,0.0275939335032596,0.0856852510361556,0.249025547044675,0.440387650989695,0.0870652343480642,0.0111663362944151,0.0435633308726605,0.0956855172109204,0.013580255039706,44.71225155,5.1744621875,3.68782097,-0.53475937475,44.37585495,6.0016566825,-3.2177740875,0.0318202715,-0.18890810675,-0.25313838175,-1.15807149,1.292139965,0.047642844125,0.83605474325,0.25712085725,0.46242150175,47.677175575,5.969581545,5.9187400925,-0.046699128875,64.22232775,22.4541118,9.4584168325,0.1402285485,0.1495853925,0.74408219625,0.53727447675,1.628622855,0.09015247855,0.9965982175,0.6345207925,0.516107822
46.714954805,5.6504488014,6.2739594985,-0.011530389735188,53.928037164,7.6882155482637,3.377017269989,0.115433396243,-0.055121508864293,0.26566585766495,0.38421325931273,1.4696848913,0.065542750676,0.90899197744,0.69786429885,0.51010744552,0.958628713657246,0.209175640103438,0.733496478803863,0.154072084117956,4.9887692919405,4.49063422483613,3.5702175835548,0.0259982766572247,0.0935851613040872,0.280864692288133,0.457371013355191,0.106121337787134,0.0146427794221083,0.0556213833767131,0.135863375561366,0.015276969393756,44.9052857,5.2538600525,4.9838660575,-0.29662441575,44.6406355,-1.2139150125,-3.91737148,0.06318258885,-0.224058399,-0.308174865,-0.492568656,1.2734823925,0.036567561475,0.781600688,0.46165399175,0.48009643875,48.56467665,6.04619987,7.91410301,0.29366086475,63.7897466,16.667386325,9.7783776975,0.16508298575,0.12963023225,0.76925312575,1.236460795,1.6916937125,0.09270462765,0.99263290675,0.979371087,0.541580803
45.600142981,5.6740603627,7.1465736408,-0.16305567486463,54.966453835,9.81844421739,0.14976382417943,0.0846986545262,0.043497287412986,0.011781738796109,-0.32341936114786,1.2945674809,0.0390973882635,0.76298992011,0.429680434927,0.4857086328,1.0424710471464,0.189870118650957,0.764166638319516,0.108328300217545,3.9914290324958,3.6685198478457,2.89323904543604,0.0256425502070436,0.0798241199735877,0.227607610835738,0.436409008789115,0.0788265955448005,0.0119820787009699,0.121237496004619,0.11929365651582,0.0134986571257924,43.341431925,5.31252007,5.81460913,-0.38732319275,47.062945425,2.769231375,-5.74712629,0.036294305275,-0.11175903275,-0.45211946625,-1.1485335575,1.1523059125,0.018641153825,0.51453793925,0.1896761825,0.46016279425,47.53137315,6.064600665,8.8437035825,0.05636575395,62.692490325,16.940270075,5.6787403325,0.13166379675,0.213009078,0.44673962425,0.50895328475,1.459633275,0.06296035545,0.97992798,0.6748388425,0.512748015
47.905315295,5.580200092,7.1334070358,0.28106666142119,64.002683424,11.31174616276,1.2650924418467,0.107071318968,0.020222382210661,0.09952328997215,0.24826214162543,1.2962443557,0.064984081078,0.88066710601,0.67440180527,0.48751553994,0.996742253214828,0.192692479008371,0.734232549243702,0.137344284223903,4.58154017164185,3.88988194542385,3.22406203667271,0.0245066378420482,0.0844789741788277,0.253633055003941,0.431037971938943,0.0865497066079883,0.0109481025179413,0.0562782479486896,0.126806875681787,0.0139527718243534,46.02317665,5.2157666675,5.82911299,-0.0083131518875,55.526892825,3.5103385475,-4.7670356625,0.061842398825,-0.14257804425,-0.375016921,-0.5790411845,1.1435924125,0.0443759591,0.75177318825,0.463073761,0.461124492,49.823020525,5.9857366375,8.6975816875,0.5459923265,73.7074363,19.290507175,7.4271064425,0.152784922,0.1813356575,0.584281461,1.0626532975,1.4657346125,0.086775261225,0.9668347005,0.97097562275,0.51297777575
46.718290768,5.6074022865,6.932911769,-0.005475286378836,56.879772447,8.0392682881336,-1.0316247781248,0.088837137045,0.067193725052213,-0.08115667150282,-0.200859430503827,1.4023640447,0.052570068905,0.89663061846,0.51679786945,0.50749218892,1.05334349438606,0.214875387504226,0.756392697210186,0.131707563274596,4.61766714097343,3.81699116200547,2.69631378936247,0.0204155562876195,0.0686457909385765,0.212115739250917,0.359319676596552,0.0834756508135208,0.0106297376360922,0.0644689984398429,0.119562385755943,0.0142514557549593,44.72947615,5.191544575,5.61143692,-0.240175971,48.1926417,0.47721495825,-6.3222529375,0.0477516454,-0.0651863024,-0.49736397525,-0.915872901,1.2451426375,0.032299283,0.7462554545,0.30229491525,0.480918304,48.938280625,6.0241730075,8.476425815,0.25932651,66.18162155,15.505234125,4.07627827,0.12761443575,0.2085451985,0.320675873,0.5283102335,1.5683745075,0.0728836645,0.99166458125,0.7769854295,0.538485264
44.223522338,5.8481162629,6.8578608385,-0.0119639791197,59.758070813,12.0301679898,1.36009791239462,0.094495789063,0.021105708443202,0.106997255088688,-0.108550354682349,1.4721628934,0.052693117035,0.90873486266,0.57683952769,0.49076701348,0.954497292855341,0.204659121263287,0.733873772990358,0.127445668302927,3.51579413248493,2.91653941539632,2.67482044702155,0.022660720260234,0.0731733110133202,0.210424884221227,0.399416617351616,0.0811992273135374,0.010029637700464,0.0636208502175751,0.112457560400596,0.0141070319025403,42.399566475,5.44304521,5.55323439,-0.24009493825,53.257333575,6.48976536,-3.768459045,0.05026183445,-0.12449784425,-0.2964601035,-0.89208464025,1.3185724225,0.03472776805,0.7679123955,0.3893262835,0.46445065075,46.178212725,6.2389941325,8.459237975,0.244254999,66.90167325,18.100845875,6.6032572975,0.13979188175,0.1616170745,0.51947024775,0.6982928245,1.6460447525,0.073903131075,0.9948072765,0.8172863565,0.52088732825
45.071758933,5.7826211417,6.9981086841,-0.05804204251159,61.178073646,17.1261158365,3.662332673623,0.090994565637,-0.017177374090629,0.2881112747818,-0.146738490302933,1.416080724,0.058974908944,0.95589747634,0.45540853806,0.49566153129,1.01434934598092,0.207309309682434,0.766665042055453,0.122738202032897,4.46516611485232,3.63490657262145,2.46237418776795,0.0192256694037001,0.0643860236073431,0.193711994020456,0.336701432496287,0.0814618957714386,0.00806458728789678,0.0378964336881133,0.0912458685112941,0.0132813789436334,43.0409804,5.4119365925,5.6419726025,-0.31179000175,52.431871025,10.380905775,-1.3542455875,0.051788148475,-0.138935986,-0.10653685475,-0.81974228175,1.2650100925,0.0437924662,0.865868854,0.29593302825,0.472170481,47.068290625,6.1723001575,8.6627578875,0.16872559825,70.023266725,24.922044325,8.298697385,0.128210826,0.116944655,0.6528484635,0.49760942575,1.5863064,0.0762636143,0.9988063545,0.64018863475,0.52051587325
45.696116209,5.5117675547,7.0823636133,0.07330796563134,59.981033286,11.5122912243,-1.0039577726897,0.080300467231,0.083272165356264,-0.07898014174072,-0.307410928271416,1.3842990097,0.048721039113,0.93752478752,0.41924553588,0.49387475521,1.1062107050327,0.188223803256294,0.742007999322517,0.118579795601136,4.11732567682771,3.14963988579541,2.47098129144007,0.0157565430843127,0.0636875613427351,0.194389104910156,0.302580288873499,0.0844510515201111,0.00799725792081073,0.0419844205077293,0.103946112946712,0.013349958000774,43.7038237,5.167362395,5.7997971675,-0.15189515675,52.060875425,5.239563425,-5.9311974225,0.04929243925,-0.048578405875,-0.46660011725,-0.91990948225,1.228470515,0.034095544075,0.83179309525,0.229826625,0.4689765885,47.919488875,5.889860715,8.7694024625,0.30451067025,68.5052194,17.510298675,3.8004851125,0.1117985705,0.20414610225,0.29897956175,0.28929261575,1.55843599,0.0646148257,0.9932567305,0.645101556,0.5203248185
45.160446023,6.0070868659,8.576653288,-0.02325602435265,66.553009553,12.0291360733,-1.9628328305723,0.086388469986,0.11201086864322,-0.15441368096628,-0.51410061001223,1.2923905293,0.063256014737,0.96857999652,0.56132165387,0.50921516779,1.17473069517285,0.209969036285549,0.945220950349453,0.126290171548737,3.89677710570729,3.19672179919609,2.67943417836702,0.0199403154257961,0.0707624255605443,0.210787840821171,0.375814602300347,0.0862088947336059,0.00810326843358355,0.0257464687920243,0.103431689365363,0.0151849447935777,42.927027225,5.62502121,7.0424931475,-0.27058183975,58.903134225,6.3258456225,-7.665242905,0.046874143725,-0.019263636425,-0.6030153755,-1.2753233325,1.13446334,0.047964446925,0.904069153,0.372927619,0.48047020125,47.37478215,6.43261697,10.697187925,0.21915501225,74.540162175,18.712609525,2.7997678575,0.124142352,0.261445988,0.220254348,0.18999987775,1.47281837,0.0802413601,0.99882038225,0.76734417275,0.53810598925
45.262565621,5.6346901305,7.4104260288,0.0312379567755879,60.312367797,7.5706729946363,1.833315057285,0.119773973519,-0.01345802639252,0.14422467469199,0.2757284707125,1.4355056116,0.054389606086,0.93385398644,0.550176349135,0.51007664655,1.13756664112787,0.198641456895426,0.816036512970351,0.130436366953318,4.48709886345662,3.91345669172397,2.89990897865461,0.0221431379568894,0.0752790881406079,0.228132326344333,0.394853246040854,0.0943579261165103,0.00900562966318687,0.058793765188996,0.121089094469174,0.0150994399525696,42.9445945,5.26904452,5.9568305125,-0.21834506425,51.6967463,-0.52574037275,-4.072126735,0.0748857938,-0.15691123125,-0.32034927325,-0.533625278,1.2644707575,0.038626655075,0.792957533,0.3201047885,0.4820877415,47.425167375,6.050213915,9.098250335,0.29234094025,68.803148075,14.833701675,7.315243745,0.1613853555,0.1360017375,0.57548136475,0.99261780575,1.63028149,0.072757961325,0.9977842785,0.7986369545,0.54102055775
44.549738854,5.6227488116,7.4962686101,0.04040468876799,54.125834573,10.74945914263,2.8424560424649,0.097919472294,-0.0256574748292031,0.22361257349123,0.1782727677165,1.4158652766,0.053316711857,0.91994002704,0.424026428934,0.50387042887,1.03715666009847,0.192584241360836,0.779104504297494,0.10899038096993,3.88400351383311,3.30969090301501,2.90510239794763,0.026298264617212,0.0812945059880557,0.228540886368471,0.445158727054738,0.076791189279542,0.00946020853083195,0.0619040333635575,0.130758317528437,0.0147089234121385,42.49107,5.24975495,6.0995637925,-0.178711044,46.561942275,4.61913121,-3.424713455,0.0428899173,-0.18388153125,-0.26941806525,-0.773452592,1.2639070125,0.03510687645,0.77153381575,0.13173883775,0.4754404795,46.54015205,6.01743115,9.09086663,0.2522659955,61.571857375,17.74216765,8.3484076725,0.14935945425,0.14765032825,0.6567591145,1.0238725075,1.5755922775,0.0734474701,0.99592541025,0.66972734175,0.53338436625
45.142681504,5.6343833693,6.7996158082,-0.2523406646744,55.003012137,11.6728280424,-0.6504867442036,0.07044696360153,0.07437995066199,-0.05117300409957,-0.6335549353304,1.2622356865,0.052147789033,0.78533013293,0.387222523149,0.49798577266,0.949189791553393,0.204250449559517,0.73856854912404,0.104527435572063,3.98461509331203,3.56918656439287,3.14690776645429,0.0291307727922302,0.087845767448382,0.247563421889384,0.477131970735885,0.0792632472171974,0.0129893169372593,0.0929977017059968,0.106402732776938,0.0144151481737815,43.32621495,5.2327887775,5.52447229,-0.463181186,47.0246946,4.3365010325,-6.6339307825,0.015536843125,-0.10966330875,-0.52188329875,-1.5351835075,1.1088686925,0.028015455125,0.582194073,0.18500826425,0.4709820395,47.0424622,6.031880375,8.413755765,-0.0648272884,62.44851595,18.4360373,5.9201548,0.12993036275,0.24046028125,0.4657314065,0.33500991625,1.4154712725,0.077192002225,0.954847821,0.59310685325,0.52945970075
47.769545346,5.7405450379,6.9206606532,0.05077290428765,56.733075984,13.97913229867,2.321788617245,0.085378750257,0.004242903592416,0.182652297786,-0.05922767869853,1.477987422,0.051036103272,0.92602302608,0.58312131144,0.48658195042,1.00829487313146,0.215946104151268,0.770341155592989,0.13836891017177,4.63075653700736,3.89614946284365,3.17901435950534,0.0225603361979978,0.0825471814711636,0.250089208364548,0.412959410767222,0.103177780098327,0.0109632420583319,0.0494998960847504,0.120587608087457,0.0136332544494173,45.891122,5.350043985,5.5413255725,-0.221668264,48.0083848,6.79689991,-4.0141371725,0.04157559325,-0.164575855,-0.315787309,-0.8501539625,1.2767407925,0.0316939297,0.80858996475,0.35590868425,0.46260311875,49.762917225,6.1944101525,8.5029221375,0.30655358425,65.9136209,21.5585854,8.866511695,0.130820544,0.1751146985,0.69751773275,0.7874231285,1.6772798125,0.0751396868,0.99442764575,0.8321700555,0.51429813275
45.419752341,5.8113671268,7.041598248,-0.072282877495234,58.785814642,13.8209118977,3.1973165421865,0.097255569759,-0.020477132547339,0.25152901906062,-0.03924657899609,1.2897574547,0.056759385781,0.88421306356,0.65107855747,0.48515983658,1.0543507526573,0.191381071717547,0.784337718336882,0.126983573765838,4.08758691661461,3.44516075421767,2.84070695799712,0.023634147698884,0.0760030642826051,0.223474974876641,0.395674614168893,0.0775949809459612,0.00948662392738528,0.0574741312646304,0.106508155214877,0.0139584804526928,43.45176305,5.4584097075,5.79051128,-0.32307375925,50.907690825,6.890089715,-2.45942921,0.052644909275,-0.17107688625,-0.193480313,-0.8031005575,1.1363038,0.037969292725,0.7479133485,0.453166273,0.458359485,47.66786345,6.20888545,8.778754535,0.183227654,66.719021175,20.735635425,8.8819251375,0.14409636525,0.131025193,0.6987302955,0.706235202,1.4467039975,0.074995285475,0.98396339425,0.8635340965,0.513859225
45.543439573,5.8369555172,6.3930376371,-0.110289197891708,57.861425103,15.1888481429,-1.193249178032,0.05701542316368,0.106272871371731,-0.093871467258,-0.7579619954892,1.2381861514,0.0439691616222,0.79976506444,0.22928950994927,0.50142012312,0.972026519988218,0.237843599070182,0.719629184801046,0.103159134182878,4.52020935269373,4.23048574629432,3.13339468759485,0.0256503982193011,0.0819980742105572,0.2465003641542,0.431010209649989,0.0934737937645241,0.0139061863606932,0.111332112120982,0.140134795129594,0.0165410652467764,43.6542024,5.41295866,5.145255945,-0.3216102975,49.201207275,7.2168846925,-6.733750385,0.00598440337,-0.065230504375,-0.52973598475,-1.58041389,1.0602766025,0.019832079325,0.577996235,0.013861598675,0.47010512375,47.3929482,6.3148999675,7.8990316,0.0910619355999999,66.4491703,23.3367249,5.2070771575,0.11061151625,0.253445533,0.409634459,0.10748971525,1.4249627125,0.077191292775,0.98019278875,0.52481628375,0.53297063525
44.707158444,5.8980578995,7.2174036855,0.118091635646902,58.848670116,11.91226408557,1.3142216234633,0.0925751830789,0.021789276222891,0.10338822292029,0.0155993390145,1.4058219724,0.060879864618,0.89048179963,0.62143235123,0.51482871186,1.03895702293428,0.212310087015474,0.769648611161138,0.135868847852506,4.36489665403047,3.38899808850536,3.00055989725953,0.0251186008204578,0.0810701231382664,0.236050411857023,0.431454326354986,0.0929427356526867,0.0105058483580905,0.0611364346119745,0.115863860945961,0.0130189121259113,42.74036065,5.5166159125,5.8718303125,-0.16048847575,49.8892788,5.395466695,-4.6310425425,0.039992557675,-0.14021310275,-0.3643185075,-0.8979369795,1.2289101025,0.040829015125,0.7597959875,0.40171753025,0.4899791035,46.74829405,6.3347030025,8.9530206825,0.376343114,67.4906109,18.044476575,7.4627347975,0.1421817875,0.18886761475,0.58708429875,0.8555515185,1.60272981,0.0826550074,0.9902894855,0.85536570825,0.54108445775
47.71333092,6.0566845092,6.3735187816,-0.16339399424392,52.142217468,13.06095720484,1.8098049316454,0.0751429773349,0.01379914840396,0.142375161525968,-0.321084709898,1.4085570729,0.061576005041,0.94385734646,0.60746326062,0.46679478764,0.954413366316911,0.224703688583579,0.743455860705397,0.137539115499868,4.60060098530786,3.96367946398957,2.81571008794655,0.0188079986933593,0.0705387751372762,0.221508501761345,0.340885542732715,0.0927910514093756,0.00937544192134441,0.0364126922129829,0.116533614233755,0.0133156551337622,45.8945451,5.63887648,5.10362356,-0.4340593475,43.273067925,5.7104439575,-3.8645135125,0.038094906875,-0.1210352385,-0.304016595,-0.95820096525,1.23471374,0.04411485665,0.85802450225,0.39094647575,0.4422080355,49.47129025,6.5244186375,7.9901210475,0.114491107,61.145916325,20.87145065,7.097213385,0.10843571675,0.15514248525,0.55832917675,0.26708275975,1.6099661475,0.079152787,0.99409293125,0.85372752575,0.49343214775
45.86563945,5.2372414674,7.5865450049,-0.085663834519365,56.37268096,10.3367183264,1.7288223058558,0.097031993876,0.00280904619405,0.13600435643177,-0.05488871098476,1.3634433363,0.047938998526,0.87812891326,0.51470847526,0.49942727498,1.20250773172293,0.201204974215266,0.798035423217926,0.124752105483412,3.69510109323397,3.14618427347025,2.46390445333418,0.0177953635611739,0.0644818563610284,0.193832378641435,0.336384278706986,0.0852663317246986,0.00883652636944933,0.0616549363983445,0.114787661807535,0.0135868801627789,43.65334665,4.8816516975,6.29474955,-0.32188580625,48.986780575,4.22009417,-3.14162619,0.060315947525,-0.12189513375,-0.24714793225,-0.708025384,1.20185682,0.0319372359,0.73664162325,0.30483982325,0.4748940275,48.266994475,5.63904544,9.3320651325,0.1591148255,63.555478475,15.957337375,6.747837495,0.13142161775,0.13303768225,0.530844201,0.62870047625,1.5417031375,0.067041061175,0.977292014,0.745520883,0.5265732805
44.00401388,5.6368791784,6.6434253216,-0.027978742600279,56.60576633,11.2286088034,-6.496690297736,0.033952113622743,0.2321695526917,-0.511086755581,-1.1550397164396,1.4073988142,0.057916067084,0.85857619812,0.46847087666,0.49310367282,1.00862063263982,0.206241692489127,0.762404527096078,0.110867837501574,3.86650269925127,3.27606373428155,3.19108741749111,0.030064537707795,0.0894439869107429,0.251038981859785,0.486970851102581,0.0841887618781876,0.0121561947762543,0.0694571518540283,0.108449067203534,0.0148047660428049,42.096833275,5.24043108,5.385490195,-0.2559178835,48.628401925,4.7713290475,-12.739898925,-0.02588990095,0.068285612925,-1.00223236,-2.13090003,1.24912066,0.03399239825,0.71236831975,0.24882168325,0.46552995975,46.00534375,6.0385563225,8.3227661,0.17927977825,64.12032115,17.484445375,-0.40327408725,0.08852312665,0.40828994675,-0.031725083825,-0.26021846175,1.58258211,0.081801250625,0.9850117585,0.692966394,0.52266657375
47.255259757,5.3072053184,8.6423748574,-0.21200193532513,48.916435426,2.6681005799205,2.0426176310174,0.117167246357,-0.04294927687127,0.16069025460819,0.2736998419467,1.5165741719,0.058418093763,0.92639962612,0.339300319291,0.47962625093,1.29337668234853,0.211421925214078,0.924120054309779,0.118493508999577,4.34608216692707,3.41989568300447,2.66134808998707,0.0165761664279875,0.0687760490965823,0.209365030344582,0.330203835839268,0.100003551688293,0.00940099019919526,0.0471605088543535,0.145698180472604,0.0150433754657067,44.856646775,4.921874365,7.0860234975,-0.45234053025,40.180838225,-3.7099895725,-3.074827425,0.08388876915,-0.175810341,-0.2418929465,-0.4321202885,1.322724285,0.04118869495,0.81770823325,0.064976464775,0.45177813325,49.833054675,5.735754315,10.637084525,0.00302499318499996,57.1032855,9.7037176125,7.1439876475,0.14910248225,0.09277655215,0.56200885275,0.90601278275,1.7114238275,0.07554710755,0.994748703,0.62551460675,0.5105243855
48.454456132,5.8310656665,8.0539407765,-0.1969898494558,52.365218695,6.11808460165789,1.13643538370073,0.102794702466,-0.001433868965769,0.0894019950627282,-0.017996573404753,1.407371822,0.057272462808,0.91791816944,0.53151510818,0.49582570704,1.19340330315843,0.228037060589582,0.856592092903097,0.126846190557042,4.36707521416845,3.52505830535933,2.7557351198429,0.0201791011419861,0.0718941384528224,0.216790343547186,0.360074226136573,0.0913607462579912,0.0096414464402649,0.0521286993508453,0.106868125791754,0.0138351037226075,46.211120075,5.41465094,6.5664496,-0.450324343,43.648938225,-0.57023123425,-4.80144405,0.063340087225,-0.140836333,-0.377723779,-0.692291212,1.23279625,0.0390064087,0.79463233375,0.33560402,0.470078674,50.922298275,6.3178355225,9.8751803025,0.046875542725,61.182937525,13.374297,6.59746507,0.1414831485,0.14622991075,0.5190145865,0.66040213825,1.59690165,0.0768005996,0.99451841,0.7528706415,0.5216069965
44.902576433,5.5497918095,6.1559536545,-0.05944127890288,57.853687152,13.4096254501,0.0128234706739,0.07392456579642,0.064651894962495,0.00100880666709,-0.436132331630399,1.3088562721,0.042225498563,0.87247182891,0.2222469418571,0.46514951443,0.974308966776529,0.186594189142283,0.750396108306083,0.0880549357259617,3.41288180510932,3.17635660340334,2.59152983002927,0.0227341111669469,0.0713139066627883,0.20387251249711,0.383496011994902,0.0769036811366146,0.0107362411961744,0.0762639174274576,0.123240742501172,0.0136403855211484,43.044350675,5.196100605,4.9017468075,-0.22852854,50.99462165,7.206792845,-5.48021228,0.0296039497,-0.06200790745,-0.431121663,-1.1591979425,1.16136623,0.024349627375,0.706169861,0.01835954245,0.44051021525,46.7154603,5.91397486,7.7400561875,0.12458601925,64.13028775,19.3925585,4.6653279025,0.11920456975,0.20293048025,0.367015694,0.304668423999999,1.477888415,0.06595975375,0.99256395625,0.4770976875,0.49252348925
47.853350017,5.2485490138,6.4934470891,-0.17632666627252,54.788227248,12.707667511586,3.262577185042,0.093486481604,-0.027658977198857,0.25666299482309,-0.09693791357327,1.4168289813,0.050608961252,0.85102897687,0.506996432343,0.50563281141,1.04075254276367,0.199202676424927,0.716076547897976,0.138824043156119,5.28069735918324,4.22651480910781,3.31612946593519,0.0225561243040463,0.0846582911828812,0.260875888015126,0.408470072916429,0.0981322673923832,0.0117338924831789,0.0675159219451985,0.121333471547662,0.015135558818432,45.72142865,4.87443909,5.3045536025,-0.45813356425,44.91681105,4.53704559,-3.35377656,0.0489434781,-0.18771912775,-0.26383754275,-0.88095309825,1.253211415,0.0296125568,0.70192962825,0.2810750545,0.4776756105,49.812501175,5.660733285,8.0847247,0.0861299243499999,64.6963752,20.948310875,9.6358773625,0.1377776075,0.14428464375,0.75804280375,0.70129294175,1.6253536125,0.075086577225,0.966809649,0.74562275025,0.5355736375
46.865034696,5.5139937746,6.7911967369,-0.03008112185464,60.627389523,9.959686098013,1.75860322901292,0.108960551599,0.00016663535,0.138347185715979,0.06039731388572,1.3440992789,0.05052265766,0.95337024074,0.231623102649762,0.5079412915,0.997505373841919,0.205374841051414,0.807079387538887,0.106473894442856,4.11224985500687,3.66748687052182,2.3634783628522,0.0185945687389118,0.0614900917501989,0.185931979747495,0.320933421368827,0.083925385960009,0.00875477881755379,0.0418591399919651,0.130254971254324,0.0135634676075456,44.9849402,5.1576518575,5.3400976375,-0.23191909825,51.4335709,2.9239921075,-2.7239648025,0.07029869715,-0.11968071825,-0.214291004,-0.60285257975,1.191834275,0.035215917525,0.84221268925,0.018242929225,0.4834236365,48.932651125,5.9229804925,8.4727581675,0.19819023025,68.694284125,17.76808515,6.389038485,0.146146561,0.1176371075,0.50261791,0.674435952749999,1.5089750725,0.069822596975,0.99869893475,0.49814278975,0.535820139
47.501242688,5.6354735053,6.3747483576,-0.054108697231128,57.28180667,15.0021902325,1.5559921479716,0.076408892753,0.03015313138995,0.12240801755022,-0.32546680926704,1.20805435508,0.0355965954804,0.73905529074,0.60431119907,0.50164004661,0.946845585438115,0.19532660406427,0.70130070122428,0.126277017670723,3.99213353715648,3.24697360369954,2.98856330823027,0.0247034306487905,0.0808602167926524,0.235106655216864,0.431208090689359,0.0841987550010354,0.0130666731566998,0.136533873679931,0.110148828114504,0.0148867554313409,45.76937405,5.26290479,5.14225422,-0.3015206085,49.78458935,8.628856785,-4.38185436,0.02663569925,-0.12706103525,-0.344715173,-1.1904959625,1.0588170375,0.01409038605,0.446519455,0.41055587375,0.47225737325,49.446650225,6.026959745,7.93652043,0.1891698465,65.417434225,21.4570955,7.1264656575,0.1240957635,0.1841836215,0.56063042275,0.53350251425,1.3884871125,0.064052526,0.97345200175,0.83196639875,0.53126146575
45.67579508,5.4585103619,7.279964643,-0.07726321980794,57.555666608,15.265782633,2.90896194497637,0.0856253895001,-0.00558424004229,0.228844512344738,-0.18092435451138,1.2445034515,0.053929885688,0.80311634679,0.35449238159,0.4971830396,0.994240637169596,0.196929004008647,0.837932719066547,0.105229894391678,3.80389481362853,3.4439886768085,2.99806293644774,0.0233664493975144,0.0797945211808961,0.235853979120689,0.404860638593538,0.0837447287532839,0.0123183679760367,0.0764861001317759,0.115730229368616,0.01481253573888,43.75448195,5.0927989075,5.8203729125,-0.27237016175,50.08895325,8.6867767675,-3.3348971125,0.038888324975,-0.158653716,-0.26235231425,-0.99022856675,1.08465099,0.027687617475,0.636751492,0.1412467265,0.4689986415,47.779216625,5.83209869,9.144766295,0.12478714225,65.106404825,22.2802794,8.52252913499999,0.12920009375,0.1529638285,0.6704570355,0.56228318575,1.41049291,0.07742312025,0.9458512435,0.587716985,0.52797402125
46.406528183,5.7995289489,6.2979288892,-0.2261876819783,56.38335289,12.87240187467,4.6193993137563,0.10628424612,-0.0639809535875,0.36340254779164,0.0375967427758,1.3499411115,0.047712149615,0.93088521221,0.1375944341884,0.49986460391,0.880301259480084,0.217909959092755,0.750014174210285,0.0961191348024817,3.45413698678183,3.29585666965655,2.61190204255467,0.0185807386757987,0.067695134342296,0.205475169447045,0.335225661983374,0.0818201631207602,0.00862756449199341,0.0468835810188601,0.0961346167094934,0.0147736376284851,44.510244975,5.38254633,4.9876902625,-0.42109093225,49.9149862,6.7171429325,-0.89578862075,0.07046932795,-0.1872030675,-0.070470606025,-0.62312675775,1.1965221875,0.031690205775,0.81966157675,0.004058946265,0.47182765925,48.1671889,6.2440445825,7.9862673225,-0.0296638482500001,63.340412825,19.0637555,9.36308634,0.142347981,0.0756705219749999,0.7365826605,0.67688215075,1.520422845,0.065639871525,0.99644038125,0.34774748725,0.52849974475
45.387909414,5.2654476104,5.8903132774,-0.116940186770639,59.69645848,10.7146688021017,1.465598792147,0.10117807574,0.011842530486791,0.11529688144945,-0.11921756807138,1.2734161482,0.060123439443,0.95818706675,0.39378427792,0.48924677019,0.863770090929416,0.199381176349409,0.671600615850534,0.111690949175264,4.42984491630475,3.70365318327969,2.7922810108692,0.0213821799282452,0.0725685899307648,0.219665364438886,0.368182256093068,0.0780150008993663,0.00827101694379939,0.0325871474266136,0.0844105598510872,0.0145439015719705,43.7678469,4.89391395,4.7964512825,-0.3421576565,51.39466535,3.282839095,-3.8704371575,0.060770937675,-0.1237936805,-0.30448260025,-0.82906512525,1.1301126525,0.04453733645,0.87693973575,0.2392507165,0.4624129485,47.12238835,5.6548659925,7.359167325,0.1191201545,68.622186175,18.169599125,6.8667644175,0.144572504,0.15323945325,0.5402000425,0.58324884775,1.4347608925,0.077317057275,0.99776939925,0.55704660075,0.51919622175
44.988744783,5.5456050955,7.2014039149,-0.13010908859219,55.514486441,10.5047501586,7.98760475159,0.139530685188,-0.167606875669,0.628375189581,0.72456484784877,1.3049384761,0.050727582177,0.94932745269,0.62761926373,0.51903802738,1.02724103466559,0.195891320274219,0.765004204969105,0.124576662085928,4.1835958252742,3.43671323953484,2.65300255786712,0.0199792729003475,0.0688110696497382,0.208708496887586,0.352434176789283,0.0779789811359145,0.00890561636296856,0.0434782778195822,0.109036219944948,0.0144657219570615,43.0424659,5.1718134675,5.816912195,-0.3536190145,47.56873535,3.642277925,2.68544972,0.10257680175,-0.29386145875,0.21126107275,0.032316399625,1.1726702025,0.03466586405,0.8421079195,0.4267698895,0.49035136275,46.994408175,5.9191334575,8.853908185,0.101251846,63.4135994,16.750102575,12.836527875,0.1781297965,-0.03525964435,1.0098341175,1.40422207,1.46860671,0.068671391925,0.9971218655,0.873945802,0.548043514
45.973661261,5.4190826905,6.7423415648,-0.12413722416297,56.355079019,8.6743244827851,2.284466933557,0.108673370292,-0.0204509177959322,0.1797162460783,0.08301030579528,1.4257060222,0.07353694571,0.86781714336,0.62950971702,0.51588735698,0.949714844457898,0.212368246880517,0.733080131765716,0.13441903835566,4.86658781351863,3.92008889170376,3.2453716544339,0.0277466293439262,0.087856049808975,0.255309456738835,0.460402123789001,0.0933353701245116,0.0106672302511802,0.0523785208302428,0.118638242775841,0.0155115019151249,44.080972425,5.03850668,5.4186336675,-0.40330494875,47.4754882,0.7589397305,-3.954468335,0.053770571975,-0.184587197,-0.311093233,-0.81944885825,1.2592829125,0.05294743185,0.753542347,0.41378023125,0.48627229775,47.818661125,5.84939039,8.322356735,0.124255435,66.304878075,15.652201325,8.5841091925,0.16465767175,0.15198473525,0.67530147525,0.959155634,1.6140265225,0.0948790202,0.963706982,0.88324695625,0.5484900635
45.508778506,5.6576968446,7.3005591536,-0.04802667701455,56.010615971,14.8486545238,2.8960850494019,0.083832435346,-0.007253963309805,0.22783150234389,-0.13969584316968,1.3003279098,0.058167659018,0.89915014626,0.4479300371,0.49006708039,1.0746055819897,0.203580419039365,0.788111597774903,0.127472781925421,4.44976817855848,3.53913905867249,2.90933122007791,0.02180838422499,0.0770201379309889,0.228873562491484,0.38907528087609,0.0877216277627883,0.0105775345997869,0.0510642758574541,0.110570457509266,0.0147258044408919,43.47527795,5.257136215,5.90440231,-0.30563624725,47.9045453,8.2274870375,-2.7071652775,0.039818800075,-0.161117724,-0.212969407,-0.93191590775,1.145875235,0.038772368525,0.7920115,0.226882912,0.462674774,47.6330138,6.0714115825,8.979964415,0.194217224,65.0480386,22.00374,8.820057635,0.12869179425,0.14086025525,0.69386324775,0.66317747675,1.492278205,0.080486761075,0.98825537575,0.67249604325,0.521741382
46.023824662,5.7513641199,6.9830780761,-0.114407461049733,58.003985574,18.6984237935,1.5001550699961,0.06066139684233,0.04959811871155,0.11801538203438,-0.61422384620794,1.4705612169,0.05889622405,0.88593345861,0.554335396842,0.49274099826,0.997866868164633,0.21421905937701,0.811126686953579,0.135566036875899,4.35813981050376,3.67573116275775,3.27210189096977,0.026352820845979,0.0886954079654326,0.257412291652798,0.451896945663047,0.0852224808949847,0.0119356203529376,0.0656028707948508,0.131299262333098,0.0142012307001118,44.039556775,5.3562314525,5.594489295,-0.37849052125,49.0828512,11.64542315,-4.65468675,0.0070719572175,-0.13704615025,-0.36617857,-1.4932675225,1.306918375,0.037586368325,0.7498742985,0.306275636,0.46578288325,47.984195575,6.2186969075,8.6568048075,0.13723379475,66.40422535,26.274364175,8.6869771725,0.11372201275,0.22021329375,0.68339396475,0.29222517525,1.6381174525,0.082970552725,0.99304175125,0.8160300855,0.52184941575
46.15878823,5.234054097,6.9611604294,-0.144808874070858,51.235805424,0.2210639253079,-2.425883519505,0.101552216801,0.0674399604580523,-0.1908413177037,-0.09166522794335,1.6704575119,0.072006043871,0.98095663806,0.43409012042,0.49406040256,0.970340945308913,0.183897195270441,0.815103940909997,0.127279336917133,4.6546930422483,3.66194743139483,2.69159160275722,0.0185264671968064,0.0701880524058004,0.211744250983828,0.339097935418785,0.0995991491560635,0.00845000887547666,0.0157399486813221,0.105317132181447,0.0137366688818287,44.3442863,4.8849067425,5.6200960475,-0.4045889115,42.02188005,-7.1478538575,-7.3968464825,0.066847827175,-0.069177028375,-0.5819009505,-0.7563659725,1.4898952075,0.056188741625,0.94169735825,0.2294988665,0.467617091,48.0636891,5.609937285,8.65333988,0.0885761418999999,60.45067835,7.3721238525,3.0220795325,0.1389808075,0.1976788385,0.2377433315,0.539300683249999,1.87257216,0.08981821695,0.999446531,0.6523782465,0.52081028125
45.998820077,5.9522358605,8.0945123882,-0.17247148546297,47.982681905,9.86385269389,5.660842847598,0.107990993473,-0.10705705671715,0.4453316492267,0.3512008600484,1.4112270548,0.040006751796,0.90549120869,0.18658328211584,0.49523012453,1.20630090058689,0.228575838948314,0.80541026591341,0.105919117242985,3.70804460767816,3.3991332981557,2.69343817549996,0.0182102357212758,0.0700887515921149,0.211889518489886,0.35148042844117,0.0844194944543014,0.0086646342939568,0.0752943738155593,0.129985061891413,0.0156594307381866,43.863491825,5.5081936775,6.71228718,-0.3876745015,40.899473175,3.700423725,-0.13479346075,0.067547467,-0.23415823675,-0.0106040381,-0.380799507,1.26210975,0.023856217275,0.7319011165,0.0048941591475,0.46584816275,48.34179845,6.43298656,9.906823095,0.033055635975,55.173588675,16.6434265,10.685231425,0.1433221545,0.04207113855,0.840594216,1.05210661,1.5827824525,0.058277876625,0.99581939975,0.4576725965,0.528444931
45.274175632,6.0000946929,5.6120612498,-0.02510692858347,52.722972337,14.61840013381,2.9268382432562,0.07740827806268,-0.00921147310001,0.23025081883073,-0.1237257643287,1.3820762436,0.039409108735,0.85519182657,0.59674069448,0.54037288808,0.852259841502062,0.223095203595868,0.639727214911082,0.132083003014061,4.59034255848471,4.22207210357751,3.60640588025187,0.0352040744005583,0.101630853164291,0.283711581710665,0.57003771449775,0.0856804967652887,0.0111515931430517,0.105302047208024,0.116462966736329,0.016199054901662,43.635670225,5.588269665,4.457768075,-0.2718256915,44.06699975,6.445143425,-4.230959395,0.0030282401225,-0.2099176575,-0.3328444475,-1.2844279725,1.2216089875,0.01783574475,0.611593315,0.383398374,0.51149931275,46.99308325,6.4545346075,6.9788474075,0.23804797575,61.634492425,23.1839353,10.06464395,0.14236454575,0.19159776125,0.791773328,0.93783043825,1.5680784075,0.064158631275,0.9935354715,0.84387073475,0.57413056225
45.392750139,5.5905068625,8.3782589655,-0.26201084544597,55.556933601,13.2572743543,-1.61622722058025,0.05745503935179,0.10848164434982,-0.127146637408267,-0.865801948054,1.2652631183,0.054032880424,0.87967324221,0.44792073271,0.4922878365,1.18552721853868,0.187681714957156,0.901854922377004,0.108982298193294,3.79772669577275,3.04913772330333,2.59478439515436,0.0205484304329814,0.0694100820216514,0.204128544910047,0.369998550727334,0.0840306348332189,0.0106101629943912,0.0589972484622007,0.114982939041926,0.014831602763847,43.10661325,5.2260094775,6.8586450925,-0.47395260925,47.989545325,7.43578508,-6.536904375,0.0174720877,-0.03402121655,-0.51425035025,-1.6189935925,1.109531005,0.033622093575,0.76117239375,0.238478969,0.46386561075,47.70973895,5.9550300375,10.202351925,-0.0586028853250001,62.740260775,19.5524255,3.73468509,0.099029798725,0.2470010945,0.293803151,-0.13140091475,1.4380285625,0.074404938,0.98124279375,0.688765555,0.52195420775
45.102232919,5.8482944722,6.8256916938,-0.14991726291279,57.444632505,16.9156129078,-2.899189064006,0.03573597238354,0.161315141501468,-0.228075691732,-1.1357595843413,1.2542708257,0.0408001231404,0.70591365441,0.4906766527,0.48998267468,0.976368924450389,0.213497225871616,0.746061832254256,0.108646265814855,3.64624712391024,3.26745665614556,3.16832860040583,0.0281874169066411,0.0883678958773235,0.249248573271681,0.478549307213158,0.0829662139206352,0.0137251568405403,0.149927467617315,0.110742408494811,0.013626825902659,43.0588671,5.4605684075,5.58748607,-0.3626209925,50.67910425,10.476528425,-8.900732705,-0.021057535475,-0.01057488495,-0.70020986425,-2.0739123725,1.098048695,0.015481018625,0.43110292575,0.26886566225,0.46398376,46.8885696,6.2712164275,8.420482875,0.0586968529749999,65.353024125,23.07931,3.479644915,0.086974486375,0.3374045415,0.27373944875,-0.2546722115,1.422883865,0.0685525686,0.9802726705,0.71894974675,0.51668724425
45.064935755,5.763120642,6.0715909288,-0.0366014754719,60.163835107,14.965957631,4.414107920911,0.1040126935129,-0.04821606017458,0.3472525228741,0.10028641063,1.4097681052,0.047150248407,0.89585588331,0.50176546157,0.51082347996,0.896586133017054,0.228184086842032,0.711574230856127,0.132493057250749,4.73016749158903,3.82698329744961,3.43990466544186,0.0279626582794969,0.0921978550822476,0.270613132876289,0.474123521833474,0.0899068280877622,0.00980429322418053,0.0871508197933254,0.127894482678687,0.0164371372861979,43.330014075,5.3330030825,4.88706028,-0.29557002675,51.0108591,7.3593275425,-2.577470025,0.04600164555,-0.232444323,-0.202766448,-0.89871120425,1.25162251,0.028900706525,0.663796236,0.26370188525,0.4791560465,46.850885625,6.22445194,7.7445632925,0.214342261,68.85035165,22.079897175,11.10995025,0.154372752,0.13395704775,0.874006312,0.922720173,1.597058825,0.06803453535,0.995216336,0.76252841275,0.5428586255
45.988465447,5.8677101009,7.6454980208,-0.12377887737412,43.763686839,5.3658920257963,1.3485888745262,0.087630239432,-0.010884284274992,0.10609185300441,0.06390029729586,1.468542051,0.051092915849,0.90920388835,0.54358098818,0.49836940206,1.1345849505426,0.200667869710477,0.818371873109183,0.131739982308999,4.15016645211169,3.40975942694132,2.5389358189394,0.0174926259457422,0.0651269734053572,0.199735005328312,0.323449203276103,0.090229802911609,0.00861007403002052,0.0534201641657546,0.11380609613641,0.0135255776271706,43.743508675,5.4924315025,6.251732915,-0.3850871265,35.498749275,-1.1083304825,-3.7854241675,0.053232751675,-0.124695323,-0.29779473575,-0.61686670175,1.3035455475,0.0343611458,0.78878974125,0.349788632,0.4738664495,48.2976193,6.26717091,9.4581405425,0.13955618425,51.7554396,12.386402775,5.9670405075,0.1212921725,0.119042831,0.4694198475,0.67067392925,1.65121855,0.068187837125,0.9897283065,0.78627617875,0.524775046
45.885298004,5.2257948716,7.361810807,-0.096803696698552,62.182253841,12.9274003068,4.9562919038679,0.122063984197,-0.0729312023034,0.38990548001987,0.25329821629481,1.2514923908,0.0444217277,0.94870067574,0.52421233032,0.51340465708,1.0798982964288,0.191217077446111,0.829461306656809,0.129979670871301,4.28562887942696,3.37814174135844,2.67523675433734,0.0198974424969726,0.0699523400410611,0.210457635175965,0.360847602803113,0.0717028328173288,0.00795565373494729,0.0465352142234482,0.103287095012017,0.0139012099768665,43.69620825,4.8780563,5.89205964,-0.357894529,54.30697425,6.68847403,-0.6166098615,0.0837428535,-0.1974331375,-0.04850795075,-0.48417038725,1.1204019275,0.0300282882,0.83165394925,0.3415972505,0.486560673,47.894630725,5.6052087925,9.1122435025,0.16519989,70.532540075,19.641206225,9.9383909425,0.159683798,0.0683272077,0.78184117475,0.9379716885,1.39746341,0.061361007225,0.99897522725,0.75673777875,0.54160466025
45.519677277,5.8695760753,7.2566658008,-0.05126632547232,61.876987927,16.0888435666,0.1046120787391,0.07167239003026,0.075128125824504,0.00822970537459,-0.54897243643419,1.22315735548,0.047613583857,0.84494841267,0.60604266845,0.50714597285,1.16756998922029,0.218485860316919,0.806099609121898,0.136779121759617,4.3082060278601,3.70072882612174,3.61964435497253,0.029672451230538,0.0985939958260919,0.284753036403619,0.515316958212605,0.0894823701757799,0.01233913687275,0.0869418796887044,0.0998864385038098,0.0164427565625898,43.17142355,5.428705825,5.8314646925,-0.28988462075,52.554969475,8.68633433,-7.2423680075,0.0096518710875,-0.0978090371,-0.5697483225,-1.6242205175,1.05236817,0.02460508675,0.65236076425,0.431313366,0.47593297225,47.8406905,6.31037762,8.973433435,0.23423855125,70.009612575,23.0768614,6.8396653875,0.125460655,0.27349853225,0.53806818975,0.387421415,1.4062077875,0.071971121425,0.98790336575,0.81311751975,0.5394850075
47.012704582,5.9605887816,8.1583022171,0.00514171503819,57.788846623,7.969558724762,-0.6193768088811,0.094272596026,0.05557735368667,-0.04872562317764,-0.123626417529964,1.24126960832,0.055515382712,0.93568564042,0.3777968154887,0.48577275564,1.30880773900456,0.223247712222688,0.812794749094231,0.118575357514828,4.19497605724709,3.80199075450744,2.81521049303228,0.0179788123126965,0.071373748123301,0.221469199031038,0.345596663036797,0.0854008536492309,0.00805427969456178,0.0442206007285265,0.122842870852386,0.0145075620952778,44.4543833,5.534550835,6.8098326575,-0.233444557,49.7627235,0.89809035525,-6.319644915,0.05777106385,-0.08758561715,-0.4971588085,-0.80476386575,1.0953630375,0.04053439165,0.83355368125,0.022456682875,0.45715174875,49.68197035,6.4225927675,9.9591386825,0.20809922825,65.59901915,15.670821675,5.0133358525,0.12922445675,0.20280355975,0.39439306225,0.55112795575,1.4228536175,0.072332607775,0.9963672555,0.578602911,0.51392466725
46.325536192,6.1935597739,6.5016910358,-0.0349471312129,59.459607731,13.8020855287,3.985960088685,0.104628275599,-0.04214444067135,0.31357065147459,0.11034745358933,1.4234917499,0.05548905371,0.97211123125,0.51811012816,0.49041609069,0.931477631661705,0.22206521791158,0.725787078101778,0.122949363811778,4.23430398597583,3.63982699973099,2.72880930936811,0.0196636138876917,0.0703947924938879,0.214672122628681,0.360412123742003,0.0861385904596226,0.00769107081410852,0.0261849646163679,0.103003166327925,0.0137733412690369,44.502191575,5.79476611,5.2826033725,-0.28137867525,51.943599775,7.0558281975,-1.173203555,0.06591129585,-0.18403352875,-0.092294504925,-0.5920374275,1.2717664375,0.041500471275,0.899629621,0.32657063075,0.46474203075,48.242783325,6.681082945,8.090833265,0.197420381,67.807030575,20.916348525,9.421455755,0.14226465425,0.0918598112,0.7411745095,0.8041119155,1.598573685,0.07085562275,0.9994673505,0.74899364125,0.51692553675
47.316043149,5.6352555585,6.8251420899,0.037172901615399,62.414453392,17.5960940851,2.4348510469267,0.0828456587639,0.01868279817264,0.19154678230469,-0.2357419955864,1.4243987429,0.058346865025,0.90857350715,0.71652712434,0.49751063263,0.946227576759487,0.214885288649993,0.72871822733882,0.151278077715026,4.90659242100767,4.26027853631864,3.15399987727573,0.0233496515946604,0.0817434225946578,0.248121349473314,0.418468911486267,0.097275623852278,0.0117440074490142,0.0553934817750019,0.12428298949304,0.0150240568637259,45.415157,5.21038216,5.5547003075,-0.25125262375,52.713691825,9.433544285,-3.6061874325,0.032923418525,-0.1280193685,-0.283694397,-1.093481445,1.241326885,0.037578745175,0.77965220575,0.48098334375,0.4698599965,49.102347075,6.044923185,8.440286475,0.31706440875,71.740999025,26.1038839,8.0643034425,0.1262144065,0.18204028925,0.63440897875,0.51842084025,1.6212590175,0.0811078835,0.9939262425,0.99347298025,0.52953929625
45.886181406,5.5025335312,6.6924036196,0.145785973234077,65.028643842,16.3140606549,4.5718868238218,0.110346289798,-0.0459977571527711,0.35966479783212,0.25853676061511,1.3176960559,0.046172786842,0.88097610579,0.352939296941,0.48338951107,0.964000564134804,0.199823577037319,0.764318540871536,0.101296766835706,3.79435358033135,3.24887398086164,2.56373867941472,0.0213731872288794,0.0688625670515275,0.201686216360673,0.368789261968729,0.0774073255399995,0.00950616318643817,0.0726739538685478,0.116976807887642,0.0130979826825215,43.903339475,5.1368496475,5.29916993,-0.049932903075,57.3315412,9.9240214175,-0.20216743575,0.0698075231,-0.18225940625,-0.015904266725,-0.46046841575,1.17626473,0.0283672671,0.71886589875,0.11183813025,0.45918231275,47.690384225,5.9288525425,8.3847635525,0.345443087,72.331591125,22.78217805,9.5539092025,0.1512984105,0.086110503225,0.7515944625,0.9894640485,1.4751820925,0.065700968975,0.9942687495,0.587178752,0.5083616525
44.586206043,5.7154894753,6.0574374036,-0.0932416813249897,61.895516473,9.50016540587,0.56802718485658,0.105437346049,0.030511413074448,0.044686010570948,-0.12482468636822,1.3091605075,0.044144448099,0.89597712374,0.50663377241,0.5087933098,0.94027352596058,0.200510198157788,0.662470470391487,0.117663837387994,3.94894599092851,3.19836530938717,2.79276577784171,0.022374932784875,0.0748043352929718,0.219703500616779,0.387118154674246,0.080713511105279,0.0100183023713678,0.0695536832259455,0.109635939577229,0.0138385380359565,42.798279075,5.338994825,4.8675564275,-0.31156887625,54.0478887,3.2349856325,-5.01006796,0.06115476425,-0.1179866435,-0.39413597675,-0.9035794765,1.1655697475,0.025049138225,0.73303007825,0.31309701425,0.4827053575,46.423540475,6.11671545,7.4480080775,0.148568122,69.756361675,15.802048625,6.256914795,0.14649668225,0.181443754,0.4922239115,0.598683806,1.484813055,0.06348718585,0.99048020675,0.736913616,0.5373096385
46.90771618,5.2951510782,7.0119301932,-0.060124612594464,50.238672248,2.495539970804,-3.377252243575,0.0818473148409,0.104493362330332,-0.26568434256564,-0.2817937098658,1.4776844843,0.083988857912,0.9026908454,0.434139306822,0.50914310001,1.01442818256537,0.201285846709172,0.717553352855518,0.136170528883451,5.54633248842663,4.54479258033564,3.17977527773305,0.0215029963742072,0.080893012594678,0.250149068892448,0.386230663641135,0.103598336536454,0.0097517101689329,0.0375582606928855,0.110179281422223,0.0143310775444732,44.85528685,4.92230518,5.7230321275,-0.3217701095,39.0449448,-6.6130433875,-9.54161951,0.039471679875,-0.04568090165,-0.750627648,-1.017262525,1.2821387025,0.065346262475,0.82518105275,0.22894365325,0.48234697425,48.821539975,5.69320637,8.525745465,0.2072818245,60.30080435,10.7706596,2.654263485,0.12254103525,0.2641671435,0.20880769275,0.45329967875,1.6912334425,0.10372666,0.9683620045,0.65967552525,0.5382916175
48.155158492,5.7878499392,6.5985807864,-0.010070192140986,58.144813745,16.8912644901,0.18885476199319,0.0598332423192,0.07671308774777,0.014856975460929,-0.57422479899735,1.3879548019,0.062532358625,0.86038613144,0.53335655724,0.49680922232,0.953365124159843,0.203252069843288,0.711940995789069,0.134657158196355,4.75848998827177,4.00789955078482,3.11680970625946,0.0211060886954664,0.0792851802103187,0.24519564369563,0.384615370333808,0.0995905063767479,0.0100808483416077,0.0517059187552497,0.0985595930586193,0.0139358123465257,46.30875415,5.4003185025,5.3740495725,-0.276252481,48.300892975,9.1305785575,-6.2259827425,0.0185692313,-0.0766928479,-0.489790521,-1.3576684,1.208834105,0.042473639,0.74256807425,0.365215559,0.470066751,50.0056322,6.200126015,8.1260249225,0.2550028225,67.57087425,25.119172,6.130686055,0.10014397975,0.23892072425,0.4822936485,0.16415120025,1.59596215,0.0816176238,0.94350780325,0.7545623095,0.52474927725
46.81629237,5.7274976668,8.0665314134,-0.10321544411487,52.243079425,9.12390582103,-1.840781133955,0.06711236987917,0.09458871643582,-0.1448120219094,-0.5092860005639,1.3828667452,0.040238828606,0.89427606831,0.16794198609865,0.49773956231,1.28099755173968,0.22238064400459,0.889257537373171,0.105644620453917,4.29905522466697,3.48978814097181,2.97977017164564,0.0194387926683864,0.0778957884312208,0.23441491015696,0.368560782989116,0.0946917620472018,0.00886853633383397,0.0766590997234474,0.109995889407532,0.0155472685159509,44.3864473,5.3049714525,6.50005643,-0.30106100375,43.838565275,2.039011785,-7.6875108425,0.030537783575,-0.057972238375,-0.60476715875,-1.213222235,1.2032304475,0.02478859385,0.7140480155,0.0096838034975,0.46744523525,49.267483,6.16504448,9.980062375,0.10711979925,60.9405546,15.91939305,3.72662496,0.10474036825,0.245446599,0.29316907025,0.204328937,1.5762288525,0.0596163567,0.99294779175,0.399886343,0.53078534875
46.759742565,5.7449484746,7.2638607345,-0.2080839744493,56.293645465,8.42224468828,-2.3119167656956,0.076434220674,0.104076967198589,-0.18187569128845,-0.603413763662542,1.4158611364,0.042654717217,0.94020819591,0.58547077462,0.48072296882,0.983372847407486,0.2008626612368,0.771573000347002,0.133678417373094,4.19058995229226,3.43217500219605,2.67939553232993,0.017883190073643,0.0685314767121219,0.210784800702179,0.348424771031488,0.0845602428641944,0.00863025929765212,0.0471029958141307,0.117629547694227,0.0131139643299227,44.897417875,5.3844555925,5.96731831,-0.46467029025,47.9783518,2.0523689375,-7.7706933425,0.0392133039,-0.021902098775,-0.61131103425,-1.2788850325,1.26045325,0.028799998325,0.8293259375,0.3747948365,0.45592975125,48.778281425,6.171799015,9.09728315,0.059802751325,64.45506135,15.130504375,2.80774049,0.1109094045,0.24579465625,0.22088154375,0.02647379795,1.5945437775,0.063723518975,0.99812450175,0.83986155975,0.50687809375
44.614380739,5.5795721719,5.7828553185,0.01805163388507,50.391193506,11.65521909264,-1.6578526794695,0.0524268419959,0.101854540419502,-0.13042126191056,-0.532743490134,1.336878546,0.041186890899,0.91110594809,0.47118673322,0.50326390781,0.870994179546448,0.196769874396402,0.614911970973196,0.116095652261577,3.67077856318539,3.30825394804539,2.91074235812551,0.0259724202070104,0.0807427003443672,0.228984574928463,0.440391197346981,0.0770646271363574,0.0082608712205154,0.076533270232123,0.098762185595307,0.014527163170612,42.86444065,5.211630145,4.662719075,-0.214257291,43.330179025,5.068719705,-7.9538268475,-0.0021148700375,-0.044367784575,-0.62571791575,-1.547605255,1.1954138,0.02571603955,0.725780875,0.2907698175,0.47575488475,46.31889315,5.985456075,7.2021665875,0.24469442625,57.166464875,18.36440975,3.518991855,0.10120514125,0.2754021805,0.27683482475,0.2695807495,1.504257175,0.057966111725,0.99656063325,0.67759335525,0.529718016
45.766221663,6.224247745,7.2948752908,0.159680710348,54.799037709,7.53783560807,0.6003665980814,0.098078231885,0.020114327373574,0.04723011283159,0.19831259058682,1.4081416245,0.055774847085,0.93801335916,0.407453606523,0.49923947517,1.02177856097169,0.223912282769528,0.767965382022461,0.110441169780637,3.75868683016347,3.07858075261607,2.6688410822248,0.0204693925010887,0.0721529958519019,0.209954494841407,0.375635709642241,0.0807530739360182,0.00947907779281727,0.0471537381581252,0.119672076089659,0.0138480632440014,43.845290825,5.816807895,5.936754145,-0.071405166425,47.424921,1.3927661425,-4.82534057,0.056540847625,-0.11003653425,-0.379603692,-0.565105311,1.2637016325,0.039845239825,0.831203008,0.17475932875,0.4736316495,47.761978125,6.729272605,8.99184562,0.3587195625,62.20070135,13.265671275,5.355420815,0.1371075535,0.16734295775,0.4213044675,0.8836382465,1.578221355,0.075578251375,0.99872072175,0.64175197725,0.525883304
46.258317196,5.6582493284,7.3185732472,-0.02039353588459,54.295940481,14.3460599626,0.5789210961343,0.0653631205748,0.05370368971185,0.04554302123831,-0.405678687217079,1.2772379112,0.0330853223137,0.87888905463,0.34660433169952,0.48861052901,1.03348330129884,0.207074279484619,0.770640686934471,0.105352269621041,3.33074981394578,2.95884220958116,2.75476086736223,0.0202238251196176,0.0731057988299625,0.216713700150694,0.376582404485382,0.0786840835306589,0.0083708656087279,0.0905801933383995,0.136160443515815,0.01482585865184,44.30346115,5.244658485,5.9892685375,-0.22572804325,47.6370664,8.902729255,-4.82388413,0.02489094705,-0.0848421299,-0.379489116,-1.1331816325,1.134538075,0.018248800425,0.659491879,0.0630619055,0.4601228715,48.3646732,6.076300085,9.143265245,0.2036685975,61.093852075,20.467998975,5.658865675,0.1046149285,0.19672558025,0.445176106,0.31189979975,1.442476835,0.051205587425,0.9943738855,0.6037636355,0.5194852645
47.957162199,5.566961543,6.5987876806,0.02930200461452,58.747631057,14.8647986137,3.8826777716312,0.09731348356,-0.034167331534529,0.30544555679537,0.09014811990583,1.2645798331,0.043962785533,0.84702777302,0.46843544407,0.49237104277,1.01770084192946,0.221371975258207,0.74400021785178,0.124947551439258,4.35734806745639,3.53138520172299,2.74674690683318,0.0205276537773744,0.071808036647199,0.216083252129123,0.372457137594596,0.0889984338550613,0.0105588271267743,0.0951824527497656,0.108946594146741,0.0151382152509672,45.995005025,5.161754755,5.280458545,-0.210316017,50.472597375,8.10304504,-1.31217777,0.05611586865,-0.18090969175,-0.10322743875,-0.6716754635,1.106627555,0.024091079325,0.6322414175,0.275827885,0.46341648625,49.827416975,6.0205379675,8.1860699425,0.26812386925,67.330715575,21.942471975,9.254226475,0.1363910225,0.096234660275,0.72801878,0.8096970055,1.45570697,0.067165356875,0.989842574,0.68915948375,0.52348512575
44.350079067,5.7527041614,6.0684774039,-0.04709180270827,60.713885024,10.77838840309,3.564310351002,0.11845492714,-0.04526604057905,0.28039997744589,0.23645131254979,1.3265793443,0.067588831681,0.86642946241,0.59155966874,0.48920811432,0.917811863071889,0.212739139831657,0.690243801677441,0.134152486430804,4.50702989119358,3.71460301402192,3.33840959303881,0.0316145792410473,0.0926169152001543,0.262628638458767,0.499870244321461,0.0859504612737405,0.0135551573225182,0.0738536266608018,0.116885510230441,0.0147329090548004,42.66091405,5.34630961,4.824418165,-0.3049047755,51.7724914,3.75222459,-3.081753735,0.056654951225,-0.21579737425,-0.2424378275,-0.7732123535,1.17369752,0.04287359585,0.70273820275,0.3833231265,0.46245517575,46.180231175,6.2232163575,7.535057305,0.2309143515,69.429184375,18.3808229,9.7436723425,0.1771060725,0.14100216425,0.766522899,1.18204391,1.5054877175,0.09285574505,0.98699293425,0.84493786175,0.5195316045
46.314064188,6.1045244767,5.99037567,-0.024812064463904,55.160749237,5.3663416854943,-2.06144770627194,0.089675626923,0.08241113660045,-0.162171593860384,-0.207921665766543,1.392797772,0.044248324631,0.92057508402,0.2917030936042,0.49710167421,0.810359632508398,0.213936102481869,0.625807948027026,0.105009179273672,4.11185819109805,3.44496032009639,2.69058732489595,0.0199426481324034,0.069765378680124,0.211665245316363,0.351994597161159,0.0825232475364451,0.00859293812533981,0.0709530412571239,0.119183416109859,0.014637437308325,44.7850803,5.7186245075,4.9733670925,-0.221546943,47.115765425,-1.0680770675,-7.2149374175,0.05027355065,-0.046967998275,-0.567590387,-0.88307054425,1.2397727025,0.029289394,0.72712286275,0.0548333703,0.46993813875,47.780611575,6.527401955,7.3910688325,0.19643003475,63.860547575,12.08741245,3.121957655,0.1279825655,0.21732233075,0.245600624,0.45658369975,1.56266866,0.06184654395,0.99654339125,0.52215036875,0.527036048
45.89554509,5.8385348214,7.133000401,-0.199849380050852,55.864314248,16.0367585131,-0.8966346724866,0.0505711128246,0.10226818279225,-0.0705371635245,-0.874935139751,1.3489251789,0.044302483327,0.90186698695,0.77497695264,0.50277586223,1.08928160455876,0.22062765356948,0.745718210353726,0.163836403855719,4.42886515523706,3.81700796946676,2.88581043972191,0.0189893198173693,0.0737832964079735,0.227023211351625,0.381692520853701,0.0999235215875907,0.00960811553204417,0.0608600690676207,0.130285083308478,0.014961855883959,43.80835145,5.436796645,5.8170171325,-0.5349708645,47.33639305,8.53330658,-6.7510395975,0.01527422885,-0.04208908125,-0.53109610725,-1.6002143425,1.1695168175,0.027280490675,0.75117365375,0.5441163875,0.474368982,47.9126228,6.2797969,8.5918727475,0.11980958675,64.6165801,23.68664855,4.81002423,0.0884438759,0.256031782,0.378398782,-0.13255532225,1.5550294225,0.064259218275,0.98834832325,1.0724655125,0.53314926075
45.383412294,5.8288979583,7.5835116992,0.194986579255748,59.61986493,12.4328115165,1.1350145981145,0.090687316746,0.02921543548397,0.08929022353629,0.042432381573965,1.2768380028,0.052555398098,0.95334412481,0.59628965302,0.49651507434,1.14056277912572,0.222553144837833,0.832304688238396,0.131992385149551,4.3977496067301,3.56639113480525,2.85072861081002,0.0220423581622512,0.0766566160549345,0.224263366530624,0.398646806252389,0.0869825753772481,0.00853495947558656,0.0412961665902601,0.113822812648852,0.0149312648468183,43.07954945,5.409495595,6.17723371,-0.06548468905,50.796402125,5.437943175,-4.4156452525,0.050148826275,-0.12795110525,-0.34737345875,-0.7207380605,1.112659475,0.037239068525,0.85326527425,0.39803193525,0.46695543375,47.803933275,6.280957635,9.3702217275,0.44500143575,67.8803586,19.146485025,6.8079666175,0.13523561125,0.17754714975,0.5355744795,0.871370946,1.45237888,0.070313343175,0.9987498765,0.83960416,0.525638817
47.028591126,5.8572904506,6.6836923452,-0.008256816274601,59.802551194,15.29498891573,2.0230844980693,0.084348905127,0.01879355109077,0.1591536067174,-0.21549587208688,1.3567021359,0.055851181881,0.89335301238,0.51963563527,0.4853392881,0.980873592352283,0.220841237650708,0.781171369082965,0.119769855450641,4.19657543872919,3.58934768820391,2.72670853146589,0.0196635830851062,0.0703787256989683,0.214506857060807,0.353953754660216,0.0808922507055073,0.00998608810131173,0.0474222625131506,0.0952210632763824,0.0130058611330479,45.108446075,5.4300900025,5.3042887025,-0.242110926,51.62139635,8.11857277,-3.2901114325,0.0457908017,-0.115848814,-0.25882907925,-0.9076558285,1.2052140125,0.0373651462,0.79469049975,0.35047847825,0.46052867725,48.9422761,6.297294035,8.32195889,0.2133081305,67.8842646,22.1468651,7.4873168425,0.12107585775,0.15319242075,0.58901815225,0.4352852445,1.519977405,0.07591243095,0.97753255975,0.718311117,0.511347352
44.007443886,5.8007942684,7.3805078056,-0.05995033187124,57.812414869,9.51122924514,-0.77866270655474,0.0860694869154,0.06740836343456,-0.0612564517444191,-0.30440303504947,1.2729865212,0.044439906049,0.8806342928,0.48433356686,0.50056209419,1.11323969848174,0.200520604848784,0.7422392530035,0.109187746918937,3.55075605273831,3.06626031241068,2.73449705650923,0.0250109118248997,0.0759086426079434,0.215119570660205,0.434585308317284,0.0771490083770259,0.00958252581358968,0.0857674283257951,0.132335517946117,0.0142347771196853,41.8721484,5.4057960825,6.06766829,-0.27716461225,50.5211391,3.0579550475,-6.265826745,0.0368629076,-0.082711569775,-0.49292500025,-1.15920257,1.12187973,0.0282105588,0.682382995,0.2206156895,0.47248584225,46.123282625,6.1965947625,9.053826375,0.167630603,64.534968525,15.30746005,4.5982564975,0.13746907475,0.2151219645,0.3617392745,0.551819947,1.4315363825,0.066384619725,0.9943842425,0.7500154145,0.5277933655
43.720955388,5.3742726258,6.240194277,-0.043527280889888,56.841102664,11.040313641721,3.181647552934,0.10539908808753,-0.0335273135740326,0.250296358451,0.1428879286173,1.3840939285,0.062694304494,0.86303581402,0.62258109418,0.51604087029,0.894530024534782,0.205126569496572,0.68906063760934,0.12603809885848,4.71193655235835,4.01558037325319,3.75643053191721,0.0385329621832757,0.107091381711054,0.295513839278752,0.594395603003158,0.0867499802214869,0.014046258391048,0.094446039294325,0.125550556776158,0.015571579947369,42.03395065,4.974841945,5.084358415,-0.30475793025,47.584929575,3.5944096725,-4.126585625,0.02480813345,-0.23819545825,-0.32463349225,-1.0695697525,1.2213014575,0.0381914801,0.66211587175,0.40436188125,0.48834410925,45.40939895,5.7833707375,7.83040004,0.191222213,65.918364,18.826783125,10.342932075,0.1782711805,0.17428687,0.81366592075,1.3078208675,1.5647945575,0.0950010587,0.995462752,0.8819958065,0.54810530625
48.413531387,5.6933345763,6.4964113129,0.20697552648845,65.255352694,8.134593899271,-1.21793872710135,0.106686439001,0.0727530696566096,-0.095813764304194,0.0448956269222,1.3742703288,0.067629858604,0.94124180276,0.50864713761,0.49173248232,0.949719620069913,0.210911177277091,0.733810773955948,0.147268590397779,5.18638835981438,4.14258369131078,2.84764468052179,0.0193660094878785,0.0725334829822751,0.224020757341681,0.35681588978071,0.0974824544456661,0.00921960809876204,0.0305079996456956,0.114979915574363,0.0147006754194375,46.457053625,5.3087792875,5.276145405,-0.088497456825,55.287891575,0.4776944675,-7.1696822775,0.0672764174,-0.06911728905,-0.56403022125,-0.6876989375,1.20646635,0.0499439177,0.86696040625,0.285603254,0.46483831475,50.195014925,6.1166588275,8.1234899025,0.479952867,75.020458,16.7468567,4.51188024,0.14159970875,0.220899556,0.35494415325,0.7007522315,1.5721436625,0.0863435675,0.98800408125,0.756187603,0.522341737
46.445512701,5.5202568582,7.4663264445,-0.08215600612194,49.403323456,1.1676259894909,-4.264568197043,0.079589282632,0.12233191215784,-0.33548841386235,-0.34805335054439,1.3829097558,0.057551134713,0.93901621004,0.14044109735969,0.50434597058,1.11509700886825,0.204458616952153,0.814091102634725,0.107551688250298,4.60097691498672,3.85872794264131,2.62955733438039,0.015292098950401,0.064075206804956,0.206864089739078,0.298550053879045,0.0829945412838985,0.00818430812079139,0.0371723429323429,0.0957622384714492,0.014949188500325,44.14522975,5.13784259,5.93116843,-0.29445855675,40.6186125,-6.720764155,-9.40853681,0.050045565725,-0.0026604427275,-0.74015819,-0.92401486625,1.23265217,0.0403876281,0.849640882,0.006857267015,0.474797773,48.358865,5.91555312,9.1278476025,0.12694700625,58.44129825,8.46566818,0.699184207999999,0.11030381875,0.2505332125,0.0550039753749999,0.2110482655,1.54064536,0.07332550545,0.99172015725,0.35474148175,0.53512913
46.663912809,5.4423310186,7.7478129239,-0.17023638429016,57.980191061,5.941416870747,3.2904852117263,0.132358998479,-0.0612216778228512,0.25885848530473,0.351967692613098,1.2910791945,0.052585408531,0.89876821982,0.5275707021,0.48763460185,1.14300652857097,0.206665976034035,0.875487664054615,0.125660936443178,4.17887040906729,3.38345590542398,2.70321961908548,0.0184728834012773,0.0690348107401134,0.212659012559519,0.342124773134731,0.080115817788135,0.00846721106288843,0.0622280876861405,0.11378352145163,0.0147258891305373,44.451819775,5.0664677075,6.2009704175,-0.4195425295,50.109563325,-0.8325367375,-1.9691872925,0.096819086575,-0.19376319825,-0.15491357625,-0.30818502975,1.1369586275,0.036309051475,0.75971464775,0.31462297675,0.45880900275,48.819436,5.89042468,9.7427355325,0.06258386875,65.72094255,12.2172925,8.5997880225,0.170236829,0.07317887755,0.6765349025,0.977319744,1.4519181425,0.06884674775,0.9882976405,0.75987625075,0.51767481775
46.044906928,5.4384969563,7.0958625342,-0.1774458633529,57.188007314,14.32041156476,1.29216506398612,0.077422514111,0.034066125704741,0.101653060303537,-0.44318702057596,1.4026514403,0.042489804017,0.89708112243,0.44271949135,0.5058326686,1.07052330662803,0.195010247530203,0.79188289268775,0.114405789363002,4.13940636976181,3.44992521017236,2.71724343430915,0.0186927225451147,0.0708693511089337,0.213762249547808,0.351405599925763,0.0881855001820071,0.00903488911434538,0.0645576609449683,0.0974170337115024,0.0140725935433126,43.987928525,5.069531825,5.691293645,-0.40209957875,48.980676,7.5165526425,-4.253422525,0.03955993275,-0.10423079925,-0.33461159825,-1.1424089975,1.2299577675,0.025392107325,0.75020785075,0.2605817835,0.48027288525,48.10809775,5.8288934925,8.719107885,0.040614227275,65.219650675,20.736439925,6.3259440075,0.11350556175,0.181140108,0.49765434775,0.20659174,1.573115255,0.060927929175,0.99524286175,0.65130141175,0.53411705225
47.334772166,5.5259477158,6.1970425734,-0.16357065679144,55.375601584,6.992945360086,-4.2806221106777,0.0666252508359,0.15100916897521,-0.33675135580216,-0.74281774893492,1.4035411876,0.052151212899,0.97067296373,0.6840876511,0.46850617516,0.960184373561188,0.200436686466713,0.71066976681874,0.142586756112249,4.55781810789749,3.77117878927566,2.92438505296547,0.0207130292097922,0.0755565575103595,0.230057829319409,0.3790994759931,0.102150363481612,0.00979706313549728,0.0255399833203877,0.103195838897728,0.0139590193441421,45.5695282,5.176659195,4.8577320925,-0.4428740955,46.4724124,-1.1295021,-10.316143825,0.0237538002,0.0102717675475,-0.811558561,-1.52398803,1.2194477575,0.03517736715,0.9040371155,0.49926257075,0.44273001325,49.310287525,5.90913568,7.69185055,0.124153314,64.864641875,13.770894625,1.22786697,0.1059326835,0.3085761865,0.096594806625,-0.00247256154275006,1.615450235,0.072463439675,0.999231616,0.89560510375,0.49758605725
48.457140353,5.5066076065,6.1228287673,-0.15570315847936,55.601160818,10.68915571368,2.392759168219,0.098402590782,-0.013646793924379,0.18823546505422,-0.06324577039018,1.19766133322,0.034015148762,0.863860020408,0.437158156492,0.49570045908,0.880539107745155,0.217611705453001,0.718276453434396,0.116588925574906,4.31110309480285,3.85449195554987,2.71387882619994,0.0184257700160005,0.0677367117920939,0.213497559942877,0.336374629117236,0.0860804820424732,0.0110408748468368,0.115395773388667,0.109291245512258,0.0153166778172523,46.681539375,5.0904286325,4.8463860825,-0.377206169,47.247614475,3.6109015075,-3.3803390325,0.05923567035,-0.1322975365,-0.26592718025,-0.7780097115,1.0434351575,0.01412245005,0.56291783475,0.2350019315,0.4678234205,50.161080175,5.954492205,7.61024689,0.07559265285,64.32541715,18.45869675,7.450472965,0.13358599625,0.13274706475,0.5861196755,0.542234475,1.38550821,0.05654113445,0.99201544225,0.64911107775,0.526431293
46.90915946,5.5721038173,6.243281707,0.0271639340366598,56.197581237,7.252559568966,1.942811016054,0.11238526034,-0.017995708273674,0.15283858918753,0.27432872870234,1.4017419356,0.064601592286,0.91390356637,0.51183379399,0.49644848526,0.963732408429105,0.202734787641819,0.664177389545803,0.131051360839252,5.13611292191543,4.52356028603232,3.27300148290359,0.0251307028741561,0.0847543609614639,0.257483062127985,0.44449260955047,0.0983130792614268,0.0116556314476294,0.0532917325847504,0.108781868457875,0.0148631225138881,44.928964,5.19616221,5.1225397825,-0.21898921525,46.40967795,-0.90527946225,-4.5937531425,0.05819215225,-0.1708978375,-0.36138499725,-0.658211266,1.2171013925,0.042514306275,0.80098839775,0.31334763,0.46999481025,48.768192975,5.984429285,7.71170638,0.28979934,66.1814326,16.60513285,8.00985905,0.16021846675,0.1510589335,0.6301259065,1.11865807,1.594308685,0.0876293249,0.99629108775,0.74744207475,0.52837940425
45.64701239,5.5602720831,6.1306625143,-0.05871673510823,61.717458623,12.30900953506,5.2917485333238,0.126251729994,-0.08510639753587,0.41629544579333,0.37077989441569,1.2971305598,0.063155528909,0.8604568056,0.52006440057,0.49717363894,0.932708539395147,0.205604832228899,0.710701989097312,0.123003991490198,4.44752707548146,3.81726987734457,3.09608863983862,0.0273597626216069,0.0845272219555205,0.243565541885047,0.449192051714874,0.0811308460022942,0.0141144406944338,0.0714977081723701,0.108521474301545,0.014748332934007,43.687125525,5.16643571,4.8966210625,-0.3048361505,53.3738977,4.3629723175,-0.34478046925,0.074082360225,-0.25741679425,-0.027123461825,-0.4787399025,1.1518465725,0.03676666125,0.69718123225,0.30864603225,0.46902880725,47.47585305,5.9851812,7.642339005,0.1905612405,70.866469475,19.85254395,11.392172425,0.1813828295,0.0737575254999999,0.896208408,1.239782495,1.4589656225,0.08819100645,0.98228782425,0.74254280775,0.526789178
45.752639669,5.9055668512,6.5149310779,0.1331699034302,54.962162335,9.216183933281,-2.4007733862706,0.06901018846121,0.110356539497936,-0.18886593378149,-0.3329477416378,1.3360946942,0.052298549752,0.86331664663,0.49943999564,0.4933392587,1.00776571170126,0.236132776456611,0.745380517180169,0.118398878272984,4.42200449656971,3.75006400663982,2.88890287252523,0.0254980876622974,0.0796496838524461,0.227266489293129,0.440656044627461,0.0942696609145883,0.0109039051868022,0.0791017620140562,0.113194546290466,0.013329389987098,43.799662475,5.4569019425,5.2192514825,-0.099907336525,46.243572725,2.1602865675,-8.2022844875,0.0178602194,-0.03768075015,-0.64526378225,-1.2128677725,1.16539033,0.0324482212,0.696115586,0.2960796025,0.4689725355,47.567625975,6.37944684,8.08081269,0.35673385875,63.9345813,16.78475605,2.984416055,0.1162544415,0.27306958775,0.23478039675,0.48233827425,1.5378196625,0.074259039075,0.99221992025,0.7180970545,0.52040087125
46.874726025,5.5097010498,6.3968063779,-0.10374774081348,57.985966126,13.9000728722,7.868425288743,0.12881311038,-0.14788759595721,0.6189994860301,0.545800666396,1.3107973748,0.042646984712,0.93552140978,0.376256898626,0.50102466975,0.907100430540638,0.197767998262892,0.695050907948941,0.10784127073349,4.01961478110455,3.46251546966531,2.67888388197349,0.0204706970856889,0.0712959739582033,0.210744550602441,0.359735669086557,0.0811926471643857,0.00828097118913615,0.0539488179386652,0.103501723438421,0.0142127596149097,44.97533815,5.146034975,5.1973327875,-0.3288925475,50.126639075,6.9561618275,2.7412844025,0.089887786775,-0.2921116645,0.21565351775,-0.16911440175,1.1584744375,0.027814627525,0.79534324075,0.187648526,0.4751257745,48.6270177,5.9194517475,7.9380150725,0.10490560925,65.879132975,20.7679945,13.289126775,0.17096826675,-0.0180713228,1.0454394975,1.29399446,1.478369005,0.05922743065,0.99732274775,0.59298137025,0.5303697265
46.267030862,5.9133078582,7.9079515971,-0.022075759716364,54.454280729,9.08523082457,3.4060280778455,0.11043798047,-0.049143212618933,0.26794810272435,0.29599348350038,1.4557434848,0.045417826404,0.92379961221,0.3461532938933,0.5004950515,1.07032319459923,0.217561958101691,0.870255845259668,0.120932050848456,4.19132370454502,3.29809312050356,3.01347415222342,0.0194599865567541,0.0780518893155702,0.237066361060781,0.380128476465376,0.0958031338841324,0.00820241179750596,0.0528735063097923,0.162924952529622,0.0166085461261526,44.19231065,5.50687884,6.33156449,-0.25428101475,46.4735462,2.127586965,-2.5848875775,0.0710499678,-0.19053061025,-0.203349981,-0.503201953,1.2784953775,0.030192136625,0.8012329845,0.0312481677,0.46980704075,48.3943874,6.3438748725,9.672602005,0.2234654945,62.705355775,14.960773375,8.942684075,0.147720386,0.106861688,0.70351012375,1.0103106075,1.649325655,0.062215060225,0.9958885875,0.65609350725,0.5348492055
46.018079293,5.804809044,6.865442957,0.184152335984171,60.989350431,14.7416663676,0.9867360238769,0.0821832848114,0.04446420350038,0.07762532765811,-0.11930539382474,1.2820428408,0.03886107311,0.88173777046,0.50198848109,0.49715151062,0.996969829515373,0.215185459383632,0.756630455325177,0.119734188697536,3.57641678663776,3.00940775471671,2.6192261088913,0.0215471963676654,0.0715229118451389,0.206051344987515,0.371672783021456,0.0817216148381307,0.00919667133198641,0.0856614799116587,0.0954058877736388,0.0140083986425034,44.0791052,5.407614645,5.478440945,-0.044677861375,53.875464875,9.24940187,-4.1853622975,0.03825350975,-0.092172483575,-0.3292573855,-0.86003913725,1.1232853425,0.023266488275,0.679694097,0.3400414535,0.4704121735,47.850688075,6.256574885,8.5873017475,0.416756094,67.923514,20.893894425,6.09476182,0.12442211375,0.18570659875,0.47946753225,0.5933057915,1.451996,0.0597741021,0.99390231275,0.69913860925,0.52441491725
46.925016849,5.6077335661,6.7066849444,0.009987335906296,63.81408994,13.7735790543,3.1620725641194,0.109007639163,-0.019742357187,0.24875641805022,0.079716246253011,1.3464026773,0.051557345653,0.93101583763,0.57055912057,0.50370076081,1.05360802949357,0.200762040452953,0.728770043969114,0.128383766487027,4.23900871087552,3.52755510188349,2.93565417769116,0.0193282378566861,0.075318703920851,0.230944357675491,0.37117936191675,0.0882675889121454,0.0105920928864266,0.0502806172689869,0.10075323913192,0.0146618566161752,44.794364975,5.2166859725,5.4810190525,-0.23100167925,55.35387785,6.364846255,-2.4712889425,0.071456480175,-0.17205254975,-0.19441330525,-0.67305935125,1.1897074725,0.033412048675,0.80915061475,0.3871797215,0.475190799,48.85105975,6.0207348175,8.213747765,0.25767561525,72.8220057,20.673048075,9.23872818,0.144379689,0.13014020925,0.72679955675,0.7691192655,1.5282183725,0.0754868939,0.99660992625,0.79437930925,0.53347992975
45.919916228,5.6538548816,6.8123590374,-0.09636765391253,54.650332352,9.18082867233,-3.5863287965774,0.05986400293365,0.14262008863976,-0.28213214155849,-0.7219691517214,1.3205938891,0.048747986565,0.8536640316,0.48752545862,0.50431952677,0.980878597435826,0.201367385647756,0.753634420296611,0.116430096316513,4.23106847632547,3.47298822436158,2.86164295460358,0.0231892411248124,0.0772248273707796,0.225121984406329,0.412149462616095,0.0883822097607163,0.0107673247576744,0.0747982916502122,0.117978592055248,0.0146842970559272,44.0940367,5.281057405,5.48003756,-0.32181760575,45.79815515,2.70840828,-9.2622441125,0.01445713865,0.0026412423625,-0.72864952975,-1.522132675,1.1456937125,0.029665365975,0.68764005675,0.248826102,0.47579228175,47.920509175,6.0892306375,8.4941446025,0.1220885865,62.521988625,15.852633125,1.544080935,0.104893465,0.29336487725,0.1214709735,0.0534318743249999,1.4927357025,0.069032253775,0.981865366,0.71702552925,0.53138631225
45.898015486,5.8169348295,6.0313716894,-0.0295238143058,59.387201672,12.8867250185,0.6147964063272,0.08428563367,0.04564811862399,0.0483652886335,-0.28155800080869,1.4047091573,0.060037464917,0.94687733492,0.5824953284,0.49967596869,0.913615509279712,0.204478744078049,0.6933144934766,0.131560448872656,4.45417892873962,3.45404758701463,2.88944057807026,0.0213595707666867,0.0747204862595748,0.227308789894257,0.381949986165498,0.0832132913112066,0.00921614526164869,0.0391689012100955,0.106494159336613,0.0142792285867276,44.200968425,5.4376613275,4.82352901,-0.27448659725,50.89977985,6.247910085,-4.6896794275,0.0403573237,-0.10438380125,-0.36893140225,-1.005141125,1.250575365,0.042114547825,0.85582213325,0.37366260475,0.47354988375,47.7838966,6.2344818025,7.5021036775,0.21946851175,67.8622852,20.1859031,6.2525252875,0.1263045745,0.18384792075,0.491878591,0.4610636645,1.57729953,0.07824728065,0.9964938145,0.79246065125,0.5286944295
45.550172521,5.7611090506,7.5773051567,0.1156444575645,61.258774156,13.8199270979,3.378798559967,0.104371128732,-0.025446969073,0.2658059894981,0.19206825777476,1.27311152479,0.046981661587,0.85840603434,0.321292625095,0.50566477981,1.20684387674348,0.210127282254687,0.732114812073833,0.0978955420045359,3.69259567294558,3.31408504314896,2.68999857119145,0.01990826889617,0.0700655561762751,0.211618928656267,0.354233819061918,0.0738469481464302,0.00981128183605621,0.0753105232108923,0.124285530177962,0.0140171250059665,43.351364225,5.3594095325,6.2687812275,-0.076190442525,54.19855,7.5337989775,-1.833474705,0.064973498925,-0.16385737525,-0.14423723275,-0.458248743,1.1287784125,0.02825569535,0.69286444,0.074160231775,0.479131237,48.10275285,6.1640122975,9.0768941775,0.31140553,68.52291545,20.7777211,8.67243861,0.14098765575,0.106718549,0.6822502345,0.84770214675,1.4249801375,0.065928340525,0.97841809175,0.5563746365,0.53419013
45.203510837,5.4911413739,6.4997186715,-0.2616328917396,55.524755802,9.1867570819884,1.835251856627,0.1011144745498,-0.00567709901341,0.14437704024487,-0.15259228142307,1.2664382396,0.045583858136,0.90553497674,0.4460028789,0.53855297842,0.963875087226414,0.203496738545968,0.718788426225733,0.1101236153688,3.83867902623585,3.43520211034664,2.85271567924216,0.0230288579434299,0.0759655483448957,0.224419686404788,0.387810945416115,0.0807340485043272,0.00942351133707953,0.0712662557930621,0.114763064300873,0.0146052934382995,43.255200425,5.1197006825,5.26370021,-0.48234237575,47.912865075,2.8837029525,-3.5604580625,0.055319324,-0.15743006325,-0.28009692375,-0.90334596175,1.1154965425,0.0283316723,0.72819841375,0.1900437415,0.5128387715,47.084008425,5.899192355,8.055156845,-0.055146102325,62.8176962,15.440964625,7.3831888675,0.1460670925,0.1402526725,0.58082652675,0.57055863725,1.43592759,0.067122095125,0.99577157175,0.66131444675,0.568060004
45.581876949,5.8857529124,7.0012465079,0.11164143837602,63.393940858,13.4451147506,-0.24081547145004,0.08491504688797,0.07176309102478,-0.01894466146061,-0.25884722193865,1.3863953459,0.04740707365,0.87095785453,0.479004712864,0.50032730883,1.03413179887173,0.210157132610345,0.794539515428422,0.119304376891656,3.9179236572142,3.69883538893047,3.17266106469949,0.0284264600028103,0.0862070773868383,0.249589402506101,0.472912260042303,0.0892556171359201,0.0115188435123687,0.0838270138885493,0.122653656936751,0.0148251039406501,43.484959125,5.504692925,5.62207302,-0.1209284685,55.966869075,6.4454771875,-6.3077578675,0.02756433275,-0.092068173,-0.496223666,-1.21066642,1.2288931625,0.027723166425,0.680143896,0.246764681,0.4728372875,47.469287425,6.31634744,8.646682855,0.343844518,70.660897075,21.46533535,5.9603898825,0.1344916775,0.23820269175,0.4688966455,0.59235809475,1.56933817,0.0687867514,0.99134378625,0.73972952375,0.53096659975
45.946278348,5.5635439648,6.7306061241,0.18457592731556,65.217907949,15.1765930422,-3.4821455019371,0.05775811340923,0.1688340709259,-0.27393616820341,-0.7134582731846,1.17591340878,0.0309953076311,0.665870867267,0.464987617536,0.50122549501,0.98834948811296,0.213794672854822,0.759394854358344,0.120021034078357,3.94177143020416,3.61888103433159,3.038883403504,0.0270761686420253,0.0838311152844822,0.239065276035401,0.470458119382003,0.0817353795854204,0.012949978578091,0.196201241909546,0.128321297566254,0.015670202158193,43.91300425,5.182887305,5.46856181,-0.047366916325,57.885251,8.134537705,-9.3650049525,-0.000720664965499999,0.005562421865,-0.73673358825,-1.654542995,1.0330997475,0.005975814555,0.23100923825,0.22528241075,0.470769566,47.880549925,6.0425684825,8.4510493025,0.4383459945,73.06827935,22.614356775,2.63368308,0.1084887645,0.335511707,0.20718866225,0.2111571145,1.34414937,0.05815484865,0.963327841,0.73000489625,0.5327537705
45.588695262,5.1879103808,7.1381357649,-0.015249968668282,59.059268291,18.0867102989,2.5201710524553,0.0733353337972,0.0187268232495023,0.19825880367951,-0.33247397004241,1.3643733641,0.045198542441,0.93747529973,0.65717934853,0.48667117303,1.00114632629469,0.195353306980065,0.773515260858842,0.137508241732775,4.61947340105631,3.7632677237795,2.8291521313329,0.0210338149845308,0.0723317107958318,0.222565970862653,0.383810486283871,0.0784966529985296,0.00728034567769012,0.0513849860413202,0.113788614794253,0.01525352583695,43.6876555,4.8207854925,5.8487758525,-0.288409211,50.0737575,11.07550875,-3.40478506,0.03108661355,-0.123371533,-0.2678503125,-1.093762645,1.2210464,0.031339686725,0.81239285925,0.45848601925,0.45779053175,47.484939225,5.59691421,8.8232647275,0.256726164,68.24464035,25.1688094,8.1424900775,0.1142163335,0.17267137175,0.64055983575,0.44102570125,1.532492335,0.059487084275,0.997748229,0.9009746675,0.518453995
46.938533143,5.732938192,7.7794775739,-0.107397674098706,53.611692384,8.905147231229,5.544367308195,0.124764444278,-0.108517762574678,0.4361686594548,0.5025032773847,1.4131810954,0.054136564076,0.93087597962,0.56209937141,0.49179354962,0.99379054197245,0.222497105204497,0.832480595116389,0.133861645181591,4.72331194699183,4.08773902466029,3.00790833603323,0.0203509847350736,0.0765120999536584,0.236628504908719,0.38466777384522,0.101406813384977,0.0106481185279281,0.0528347247065042,0.121664251119389,0.0153409314894014,45.045758075,5.3184804475,6.276855525,-0.3729994665,44.676646625,0.429504854,-0.85304676925,0.08446488195,-0.253135683,-0.067108156375,-0.27091518675,1.23713942,0.03470132515,0.803808613,0.33824834825,0.4636683495,48.84957835,6.2050534,9.5426681525,0.147200729,62.988740775,16.838213525,11.2177809,0.16447710725,0.0492587667749999,0.88248925825,1.24258004,1.63437036,0.07659739895,0.99531537725,0.81045711575,0.5227123875
47.392458329,5.2801731214,5.8666124803,-0.11944240787497,57.734277333,10.921616102148,3.8133967938378,0.112611260407,-0.051386362289095,0.29999530609981,0.16595538496946,1.4203143443,0.058411714599,0.89687572129,0.348826264184,0.46990681396,0.890595314266445,0.197851944638093,0.678250676724291,0.134108731352476,6.01527788417905,5.07738766851687,3.27975102642729,0.0206822224166087,0.0789056396644267,0.258014039720051,0.372041039936265,0.0983137598702387,0.0110196868471274,0.0507224071168076,0.111145473469456,0.013730189427889,45.527921675,4.9243060125,4.6102898675,-0.38534749125,46.216301775,1.2511377075,-2.4869251925,0.072219053325,-0.20567347825,-0.1956433885,-0.53579273475,1.2409900425,0.038802480275,0.7801846805,0.0893757121,0.44470878525,49.04260825,5.700875985,7.346642335,0.1338246945,69.82224375,21.065269975,10.24873355,0.15364692525,0.0927902981749999,0.80625544525,0.89544212075,1.63859108,0.080642120625,0.981600691,0.56177085025,0.497127074
47.018009806,5.7255618776,6.6265202844,0.07461547205967,56.091821475,6.490989906651,0.0481219609567,0.101938557594,0.03014832206712,0.00378569629588,0.11311377274642,1.10533197736,0.043364771666,0.79121448099,0.58655799942,0.49075020378,0.975120563507328,0.219358171488768,0.76914073858694,0.121332824153604,4.21521767835562,3.70571052277515,3.14918038829877,0.0249479856445498,0.0828058132066871,0.247742206185357,0.429455885285466,0.0796195996471296,0.0123349683030155,0.114916455433767,0.111250813741728,0.0128506011994057,45.089761725,5.3136855775,5.2441073125,-0.15233715575,47.55481035,-0.39082415625,-6.4055273575,0.05122029845,-0.1301694705,-0.503915082,-0.77375180475,0.9562048965,0.0197263429,0.530691298,0.37189967825,0.46607553625,48.827772625,6.16625905,8.33902648,0.31744323075,64.4518591,13.9021447,6.20905381,0.14714170975,0.19910098125,0.48845874075,0.9322723105,1.2704576425,0.0661789077,0.98020694675,0.80716021025,0.51621789075
45.801602155,6.4957469608,6.6257245589,-0.052833686856609,56.071948299,5.929292166604,0.1885811349506,0.105497226183,0.023582768271409,0.01483544941824,0.03879950935079,1.3596109512,0.049468959087,0.94566239863,0.2742548879717,0.47966489567,0.967283756107227,0.214763263831647,0.784249127106029,0.106605324391047,3.8190498747637,3.25788095975506,2.80085182861163,0.0201805126408724,0.0741188875314602,0.220339620368436,0.373323711640064,0.0911634278251093,0.00828883875800447,0.0439229828080758,0.13161340169501,0.0142940158828931,44.055751225,6.09337228,5.2917964425,-0.27329129825,47.92952875,-0.2445573855,-5.4693587325,0.065523751,-0.11955819175,-0.43026783225,-0.736757781,1.1900969775,0.034590571775,0.83453727175,0.02042724465,0.452747732,47.747069925,6.92448675,8.334217465,0.13768817925,63.239957975,12.075445225,5.5244907625,0.145834814,0.17580076125,0.43460500325,0.73572412675,1.5535601175,0.06513891835,0.9975404005,0.53213854825,0.5078534265
45.119790676,6.0112275962,5.6418865754,-0.25535012811371,54.544181957,6.606160567266,-3.4662836661882,0.0723508559938,0.12685522245112,-0.27268833697697,-0.70787313002197,1.17826866205,0.060363630089,0.90873079023,0.48852754487,0.53688502903,0.82124282831096,0.208898900382348,0.657480234929669,0.121861836005854,4.34162856608327,3.82966505852202,2.98180365823977,0.0247634323403313,0.0801643420462802,0.234574881562106,0.420089364702146,0.0849316150841143,0.0109316210117114,0.0480691962345688,0.100639600575755,0.0164868394168788,43.529781075,5.6349049525,4.5539965575,-0.485266165,45.8955422,-1.177469205,-9.238968765,0.0226874771,-0.026190342325,-0.72681847675,-1.5193300875,1.03131648,0.037809609075,0.80246033975,0.30271482875,0.5050960265,46.6953644,6.4583378975,7.067639105,-0.016712290875,63.3353295,13.794462675,2.533503075,0.1180093865,0.2792461465,0.19930761375,0.0884217739249999,1.3584147575,0.081830392,0.9869647275,0.705719336,0.57000021525
46.707203269,5.7041306326,5.8551153157,-0.144100030819666,55.580580195,18.3426099714,7.958706056455,0.103350339861,-0.128822481332022,0.6261017648422,0.226924760643435,1.3488598961,0.045970702481,0.9145532833,0.61840413893,0.50546711608,0.853437186098754,0.207009946834055,0.655309022606113,0.135222497949681,4.49585891917278,3.65957705063684,2.88959471510956,0.023069945110877,0.076573569699861,0.227320916867188,0.392364772633889,0.0933538121388997,0.00939485955133722,0.0677552811319618,0.107814623625665,0.0148219565821212,45.051519675,5.3154424775,4.739361395,-0.41610748075,47.227159675,11.285495,2.27175133,0.05874763585,-0.2796058085,0.17871592375,-0.53343738025,1.172268805,0.02872402795,0.74589834425,0.4408070465,0.4777097515,48.410390725,6.1550712375,7.2565181575,0.12890752225,64.4058549,25.1541135,13.5002129,0.14888312125,0.0187413656499999,1.062045465,0.9993708015,1.542276525,0.066579740325,0.995527716,0.86477035125,0.53566099225
46.990368756,5.7742176332,6.8220723824,0.08152809460412,57.906809692,10.8058878791799,-0.9218241044913,0.079287626177,0.077600850017543,-0.07251878567881,-0.260764503801944,1.303416772,0.042848859461,0.85737763879,0.42733753642,0.49883141641,1.06582635310548,0.200021121832642,0.761640852078202,0.118087461895024,4.43062293613304,3.7971022015907,3.35114041340096,0.0223098001436063,0.0852864701888533,0.263630156621895,0.411998049566844,0.0862153238714276,0.010860436044124,0.0758349643841566,0.0963615479154217,0.0145197118995317,44.637046175,5.40056373,5.478897765,-0.14351704675,49.251015275,3.8667956575,-7.9253582925,0.0341764347,-0.0991020535,-0.6234783365,-1.098453985,1.1444998925,0.024318066575,0.68989665,0.245842813,0.472069033,49.033044175,6.199764465,8.4231080225,0.30603477775,66.349667425,17.9036561,5.858441815,0.120225956,0.260393433,0.460876521,0.47544308,1.4807104675,0.065109554475,0.9808133155,0.62509242375,0.5293585005
43.873311131,5.4628089078,6.5588867477,-0.04663803449377,58.039386642,10.414591249728,3.6777653428844,0.114682214258,-0.05013348555688,0.28932534421629,0.25394602638136,1.3736334947,0.045189575453,0.8874247603,0.49833612271,0.50275323412,0.96261225231809,0.201821481122237,0.706400034425078,0.124789587072273,4.23984430552789,3.60653070629814,3.0471885899985,0.0239727319575071,0.0804748349190362,0.239718635014068,0.423847534211853,0.085308815743516,0.00975652033504516,0.0789433794166797,0.110722755064283,0.0142290783009881,41.745923225,5.0756210725,5.28413597,-0.3008683395,49.7405987,2.954677455,-1.99636045,0.06757125625,-0.2052643605,-0.15705125525,-0.60097276425,1.2193505525,0.028357255175,0.6853940585,0.2908126135,0.47587482025,45.648558325,5.8704595475,7.93691975,0.193116661,66.70191805,17.10296615,9.5854876625,0.161319993,0.1054904745,0.7540787015,1.119726405,1.548852685,0.0647578852,0.994593194,0.71973487925,0.5308358635
46.392188095,5.4842865573,6.1239745454,-0.023167675306523,56.752111054,14.6853452284,3.861153547182,0.093306337308,-0.0344483571584051,0.3037522718404,0.03049349162743,1.3498227925,0.047569349884,0.94319379099,0.60812937095,0.5074580731,0.972525779661391,0.195632276633399,0.646090782158512,0.134328287913122,4.7429769175248,3.89346151962787,2.56077804064839,0.0189711896207518,0.0654475480085919,0.201453306210555,0.337232544025143,0.0761078270633362,0.00866231885316544,0.0491204646909469,0.108409506283775,0.0134144401126661,44.536790825,5.1381182625,4.9903718175,-0.28853713975,47.50566235,6.9074933325,-1.23938953,0.0544504387,-0.16467048725,-0.097501273075,-0.6601331475,1.2166538775,0.031528801425,0.8179002425,0.4085979205,0.48353571975,48.3756312,5.86874253,7.3959795675,0.2307176545,66.05796105,22.34421155,9.076342025,0.128914341,0.098573006775,0.71402482625,0.7117483365,1.5073546175,0.0655411969,0.998369744,0.8228174245,0.5341115995
45.95313747,5.8237237211,6.3987390899,-0.04724309121053,55.078806255,4.8898514817416,-1.221413497206,0.097757788485,0.057119350068204,-0.0960871202489,-0.08893747270195,1.3533166575,0.053550593291,0.89882879795,0.312299678804,0.48408955238,0.979401394482672,0.203526612319795,0.685907172194973,0.105937047319177,4.0012228827774,3.62137035944886,2.68120910898336,0.0210838372765909,0.0706207591691592,0.210927472504548,0.35892485992485,0.0821426956210264,0.00916214006226219,0.0605560847917311,0.114892716887416,0.0143045311146382,43.897838625,5.442623205,5.22649703,-0.2651444035,46.4392713,-2.110155535,-6.714135335,0.05627495395,-0.08114615225,-0.52819289375,-0.77593990575,1.20687618,0.033078616375,0.76249252625,0.0893047734,0.4568073275,47.8127107,6.215762085,7.8701786325,0.149681173,62.302541925,12.397154875,4.1989158425,0.1369693765,0.19726736725,0.3303236165,0.6106707905,1.51976976,0.07106650625,0.98907499625,0.526613062,0.512292208
44.539361729,5.820314295,7.7293647273,-0.044000446027686,54.034039541,9.395331549394,4.8473040455274,0.118451711915,-0.087071054789395,0.38133153713922,0.44546028307648,1.4364431345,0.048947685123,0.85805782964,0.428833600681,0.48803652607,1.23063192087663,0.206177726826969,0.837923796772131,0.112039303210426,3.73505744562878,3.23659492983416,2.57520670842279,0.0221878845487887,0.0710524455832491,0.202588391890795,0.397770325361651,0.0792384433795736,0.00945523063093604,0.0891383895970236,0.138856919633046,0.0146492801514861,42.193761875,5.4376154375,6.351263025,-0.2582660585,46.635730575,3.22162933,-0.45057844625,0.0763083421,-0.2248816065,-0.035446460525,-0.31119456525,1.2887392925,0.030712000125,0.658693678,0.147822329,0.4599653505,46.9721846,6.2330137425,9.5524605275,0.1844824545,61.72227785,15.61768595,9.83588035,0.16173089125,0.05618080125,0.7737767915,1.2103486425,1.5903291025,0.0665411748,0.992206342,0.69093295875,0.51731208375
46.344241547,5.3953950144,6.3180527659,0.059438350965936,61.977583654,9.5482821676,-1.7209662734373,0.088846028978,0.09336792085366,-0.135386331982316,-0.28195513871488,1.2816029887,0.034493951824,0.8526355428,0.3629659284241,0.49556500361,0.850229960516018,0.192705007219228,0.663310761327129,0.102265283550633,3.63083391752271,3.45141099448105,2.63556159274253,0.0211114647487943,0.0703434721051053,0.207336437655438,0.368592402292641,0.0789363858930462,0.00905642850493702,0.0995494210829097,0.13837857988531,0.0141830242858253,44.808164075,5.054658275,5.1137642325,-0.14026362,54.515168075,3.4544905,-6.8009660975,0.045336108925,-0.038042429875,-0.5350237695,-0.99849132125,1.14142519,0.019297493,0.6291524325,0.027670727975,0.46905257875,48.177296,5.790828995,7.7030843325,0.2536169045,68.93228855,16.522442275,3.17673349,0.12691358675,0.227082885,0.24990977925,0.40996814975,1.455968485,0.055048126525,0.9919878595,0.615555202,0.523703905
46.493549139,5.6869243007,7.6107348851,0.06882630281181,53.065705806,8.96370284034,2.9803551573027,0.104662635801,-0.038086573639796,0.23446092985698,0.32652045054531,1.24764990602,0.036725805507,0.89062393441,0.63077960057,0.52453545725,1.14793306372583,0.196771554437406,0.800800647309536,0.129759670307119,4.29021781709552,3.26747465789857,2.90570053952247,0.0221606998302785,0.0771705162485824,0.228587941322874,0.403653976620581,0.0816728287505192,0.00905682690902529,0.0775552736493703,0.118118654762852,0.0146353433862098,44.31047245,5.30895008,6.25676984,-0.19971926675,44.909850575,2.5628988725,-2.88712575,0.06131592575,-0.18873653325,-0.2271266835,-0.50770359575,1.1037263275,0.02066984685,0.691453028,0.412761632,0.49801255375,48.61583085,6.0843148875,9.31819386,0.32070228525,61.503623,15.055507225,8.552648425,0.14691661075,0.12249444075,0.67282648925,1.108051505,1.420864345,0.056195045275,0.991401742,0.8776060315,0.554359801
46.45089545,5.4707521458,6.0849194303,-0.0564172186383916,60.677266513,11.7051375554,5.83666707922,0.130539080214,-0.10294176248378,0.4591635284053,0.47531374317378,1.4010499234,0.050462864993,0.94996007755,0.335794082244,0.49048352791,0.903660704122397,0.207053857836385,0.718338725823526,0.109583174706755,4.01536206279923,3.49772474642139,2.50216715363171,0.0189481353559681,0.0651565817477039,0.196842458451359,0.331048107948255,0.085194801381592,0.00884132374818314,0.0411464699989924,0.131414744139073,0.0140750320857177,44.7272693,5.08492614,4.8003433475,-0.25192052075,53.1430395,5.1340624725,0.890537666,0.0942879195,-0.231926097,0.0700575188,-0.144758848,1.2453177325,0.033731300275,0.8448402955,0.0634683218,0.46538165775,48.336919325,5.890186145,7.650255975,0.1724613165,69.21584505,19.008421125,10.903621325,0.1683346345,0.0237117559749999,0.85777470775,1.107741955,1.5674451475,0.06816021355,0.997774754,0.568523077,0.51866502825
45.767444354,6.0686471417,6.9130990208,0.04030252366706,59.967959196,6.607661018864,0.3894367566983,0.112958067673,0.02137604515081,0.03063651788133,0.14720106529517,1.2562751773,0.038283888617,0.84625811683,0.434962452243,0.49067292622,0.94573209082346,0.204972365163395,0.73329723917963,0.10980890738276,3.60074539904647,3.23150840646122,2.64544717889851,0.0223473910640853,0.0722233857371494,0.208114124685023,0.386620109506379,0.0741451880201298,0.0106890457303714,0.118805248287214,0.13279936598834,0.0148281059689838,43.8249627,5.6837928575,5.597931235,-0.18239140775,52.6320609,0.35666036775,-4.85811729,0.0650902314,-0.1184885845,-0.3821821965,-0.660853991,1.1224314175,0.018409375225,0.537854798,0.15670513975,0.4629401385,47.6616283,6.4898980575,8.402395655,0.24914506325,66.5243974,12.9110389,5.4314326225,0.15389337225,0.16602194075,0.427284223,0.88423739675,1.41339092,0.059721298975,0.99154410325,0.68844054375,0.519732874
44.671785362,5.6222211028,6.8490984496,-0.12739518647448,49.836922865,3.5946952244823,0.1126476444704,0.101090255099,0.01434330621859,0.008861853718,0.0493196494381,1.4338788848,0.054660136703,0.92868113277,0.379710301989,0.49538835336,1.05445322147081,0.200458980520758,0.788771768007954,0.104383293300125,3.82503850585982,3.51351779957077,2.65859136587758,0.0218801518749742,0.071724973651323,0.20914816201631,0.37251041077975,0.0814091201762184,0.00954154526006659,0.048840300854874,0.138200774097928,0.0146747448290628,42.535062975,5.26582468,5.49090506,-0.34140081375,42.21943025,-3.2380731625,-5.2621322575,0.0600629906,-0.11912433525,-0.41396556275,-0.6770829255,1.2809464,0.038337100125,0.806116364,0.0872056071,0.4685231375,46.611645325,6.035210075,8.6494672525,0.0850667210499999,57.320823875,10.718323425,5.033294995,0.1472416305,0.15552335325,0.3959632155,0.78726752,1.59465113,0.073091959825,0.99509958475,0.63939572675,0.52532509425
44.977193298,5.8312368741,6.2566251402,-0.17000844019187,59.153437239,7.336423256977,4.9684136082363,0.140820450683,-0.10036491309428,0.3908590793894,0.501108254286914,1.3816978713,0.063806173987,0.91343342342,0.49625952631,0.49998923566,0.943044734422731,0.217924462962724,0.713672439810445,0.129111510677989,4.74915025365923,3.92129779336838,3.28663647160439,0.031149821576072,0.0918981604755414,0.258555709477736,0.495670932693091,0.0872084767487464,0.0121642324082158,0.0652311949631265,0.130447509057386,0.0145037293800393,43.25471895,5.42120539,5.07566584,-0.42368906325,50.1041257,-0.630150322,-1.74826967,0.080284420425,-0.2775764065,-0.1375342555,-0.5334141155,1.2142672875,0.04028353345,0.74759627725,0.259943782,0.472367654,46.901697725,6.26900969,7.75209004,0.07222382975,68.542996575,14.513281125,11.138689425,0.2033269195,0.086391981675,0.8762672015,1.4555895275,1.557930825,0.086650190125,0.99466212875,0.7591294145,0.529285235
46.043773051,5.7973025642,8.147377916,0.09305687178864,57.820602449,5.2284659660399,-2.1305244869758,0.096047408193,0.08363262069869,-0.1676057802633,-0.07050380432076,1.2890517686,0.044465470799,0.94537278999,0.59745182309,0.50105212478,1.14111334167507,0.2051210733921,0.819837177602111,0.125401053369252,3.73331051004358,3.05514194007529,2.44070057813309,0.0187273262786706,0.0652919975951952,0.192006957617402,0.344973460990525,0.081511240404279,0.00840491598195699,0.0445584190691376,0.110528207849984,0.014309967081144,43.786072525,5.41181338,6.68883324,-0.155130861,50.448572025,-0.773552151,-7.1260952075,0.058740554925,-0.041072507725,-0.5606012725,-0.7463218365,1.1313367275,0.0295927407,0.831806408,0.40214572125,0.474862743,48.372752075,6.20115849,10.015925425,0.351942985,64.990122,11.184084625,2.600365775,0.1332468435,0.21487326475,0.20456763375,0.599874451,1.453458445,0.061980823375,0.9982421795,0.81577826625,0.52936834075
47.190474057,5.4504351042,6.8775868286,0.03527968146094,58.579700646,13.37169014392,4.649315227399,0.109348774973,-0.062379122412098,0.36575599722119,0.28931686126709,1.22161753908,0.051588090809,0.84960677486,0.56419171313,0.49225967277,1.04157442746708,0.217708398965051,0.727417352964172,0.12795585939508,4.44872312361213,3.56732768776047,3.02984488181412,0.0228890871032933,0.079912054071984,0.238354227164868,0.40405445920222,0.0874331419166136,0.0106759161419791,0.0664181710818163,0.107310606247957,0.0139178056577657,45.154189225,5.05214424,5.614563685,-0.21369111325,49.954044475,6.2789747975,-1.37480852,0.061206524475,-0.2162491245,-0.1081545225,-0.6007518235,1.064793695,0.0321588072,0.701638296,0.3681293765,0.4672302015,49.182709325,5.876175345,8.468237725,0.2838004285,67.27095625,20.132819725,10.4284872,0.152203043,0.10371762775,0.82039649475,1.04522439,1.40352127,0.072727969,0.966982186,0.77340385375,0.51946985225
46.870902655,5.452951104,6.3815847038,0.0965434535687913,65.128775567,13.9774711694,1.8617983893344,0.101742076358,0.016819460884162,0.14646542396854,-0.010819938193354,1.3698634651,0.063407364031,0.91942777272,0.307297984512,0.53976619196,0.967939221368371,0.178784126517444,0.6932001623762,0.105962872342892,4.32584888561745,4.20219434825894,2.88072557499342,0.0215409793667728,0.0746336204125703,0.22662319097715,0.368308327100627,0.0855246481208609,0.00840393201457892,0.0437150305209963,0.111533346484799,0.0144656470605549,44.81489185,5.1145541525,5.1857709,-0.120458036,56.65896895,6.191757875,-4.0482750575,0.056809712425,-0.13120685925,-0.318472889,-0.791361251,1.2205501425,0.0470112252,0.8246100095,0.05856895785,0.5141615335,48.72365565,5.8302621725,7.9582856525,0.30194337125,73.5313593,21.908329075,7.47792291,0.14376632025,0.1698834255,0.58827913375,0.70767201275,1.554480045,0.079820471625,0.9879880825,0.52187589325,0.5716307645
46.740616581,5.51852666,6.8998628645,0.07601129374345,59.14198504,12.21556472715,3.164938232109,0.105255702225,-0.027373181314845,0.2489818564864,0.20579646066587,1.3780339033,0.049717904478,0.96030724637,0.51066119213,0.47866840233,0.98588543622167,0.201433695456954,0.755462237422905,0.132073600576862,4.27308421491957,3.86787532814974,2.92917049608558,0.0213092394336981,0.0754419564137417,0.230434294279366,0.392815554985035,0.0845769422096771,0.00932788538737011,0.032763050469803,0.109157276832092,0.0153627122855359,44.7529623,5.129853405,5.6079993725,-0.16602110925,50.939259775,4.581251845,-2.724976575,0.0606230828,-0.17326835325,-0.2143706095,-0.581190917,1.2215162075,0.0328958052,0.87749766225,0.31983612125,0.44705108925,48.66922795,5.9126523575,8.42743983,0.3511465845,67.402772875,19.2232136,8.77682635,0.14485150325,0.12652967975,0.69046229325,0.959879502,1.55572058,0.068576531425,0.9987016365,0.74009392525,0.50854696625
46.460167383,5.7171668899,6.7047089588,-0.06572393394601,56.154208656,9.21533503851,2.5558214222495,0.1076721806,-0.025252218941601,0.2010633748799,0.1431857875745,1.4735738285,0.054101343348,0.89285898769,0.20298491796972,0.47920984175,0.972038061285541,0.21553092509574,0.708389685548791,0.10411672855066,4.15902859092372,3.31362155917,2.74126364684059,0.0212001571030535,0.0738296916156148,0.215651890299691,0.382435119968527,0.0948193147518034,0.00923608304283286,0.0684455374835902,0.121100488198807,0.0142434734566855,44.61470815,5.2990945925,5.35264013,-0.25687855075,48.435172425,3.0578827675,-2.6394600375,0.06126728745,-0.16303947825,-0.20764312475,-0.66211080625,1.3001801625,0.0362651215,0.733160106,0.0075309508875,0.45125358075,48.422499225,6.1619303575,8.2134632875,0.134936483,64.39904255,15.41984975,7.862742555,0.1462510495,0.11797047075,0.61855242975,0.850128542,1.6695868425,0.0729580082,0.99119462,0.45899187725,0.50622053575
44.133849115,5.7413596729,7.4374793373,-0.24230642302284,58.272843718,10.09080892777,1.47307309572695,0.100769948103,0.00861390473925,0.115884876022254,-0.216259806254478,1.2363492178,0.044722658903,0.87838167738,0.611954416,0.48816567581,1.22192237024851,0.185647908692763,0.819181757974781,0.132208942204041,3.34697802788821,2.89945162736174,2.48223927037678,0.0216581551860359,0.0676937142913178,0.195274756521616,0.36960187068443,0.0702763978068617,0.00875591429517947,0.0808706726624766,0.105793823831966,0.0128720864174352,41.717849375,5.3905593225,6.0844194125,-0.49100968625,51.95476035,4.509313835,-3.56878711,0.05574841925,-0.124279942,-0.28075216025,-1.0338390875,1.0973726325,0.028493952525,0.687000606,0.427550202,0.46320863,46.6492287,6.1247679625,9.28479501,0.0280419228749999,64.87436455,15.57189205,6.3200156275,0.14327130275,0.14611954425,0.4971879695,0.47617637825,1.37510437,0.062877378175,0.99447013375,0.85767073725,0.51324208775
44.48548274,5.8260417319,7.6530172509,-0.19389684843057,53.354745882,10.41506008276,0.7582206622609,0.08257252144,0.0297429407908958,0.05964830098194,-0.32143098999515,1.4137340681,0.04518964854,0.92639330872,0.459454284378,0.48993141062,1.06179866846933,0.227779011711308,0.835708871156817,0.123211187988882,4.43798518715963,3.61877467050399,2.80178545260455,0.0203888001965864,0.0736262286758065,0.22041306753144,0.37100432128621,0.0962682170168051,0.00882184803551068,0.0515444681162339,0.133497140728041,0.0154161793921804,42.4061362,5.4041531825,6.252562095,-0.4329264555,44.3214447,3.225048025,-4.902178775,0.043964699475,-0.11111555725,-0.38564845925,-1.01236215,1.23105774,0.028842922025,0.80548710475,0.18306049625,0.46040654825,46.457941475,6.3106254425,9.472629795,0.049712637575,61.811351075,17.0303825,6.0276044775,0.125423506,0.179200303,0.47418434175,0.46676180625,1.60907069,0.0625632267,0.99531333675,0.729035647,0.521110951
47.11405757,6.1490140067,7.0181624877,-0.07999546750594,56.228783108,10.21794365385,-3.595317669257,0.0587194161109,0.14789339131404,-0.2828392855696,-0.75826072609033,1.2900184004,0.05468878814,0.91716243294,0.41813255623,0.50786234865,1.03173140982323,0.241602363795486,0.78830313884903,0.115874039456266,4.39989852552205,3.84193860185917,3.00465176347271,0.0217188882885233,0.0791320875498349,0.236372314639688,0.396951605895851,0.0970075963516596,0.00869852719711555,0.0611254333789914,0.0978945196008227,0.0153267229312782,45.163552525,5.7092590875,5.6787386875,-0.2959382445,47.04942325,2.61925281,-9.5554408675,0.013448120925,-0.000194568445499999,-0.75171495425,-1.558743855,1.1324938825,0.03910419445,0.76737538975,0.2459446905,0.479796884,49.18263415,6.6359683175,8.7022460175,0.16045151075,64.74880135,17.949683475,2.023539915,0.097731857275,0.303696133,0.159189437,-0.00492285535750006,1.4957676625,0.073276244025,0.99273660825,0.6304749165,0.53727064275
45.272958324,5.3618508875,7.697574197,-0.010801222879958,52.773537108,8.310062307962,1.13909514849399,0.093668010957,0.0091189048604375,0.0896112354829944,0.037362053144546,1.2370372674,0.038130011122,0.89381783124,0.53281246616,0.5043200181,1.16757525145693,0.195548568324786,0.793191637794455,0.108538072310421,3.51583613998125,3.11111059757936,2.46137376918233,0.0193720376552786,0.0653410050831864,0.193633292832677,0.340346298239269,0.0752409925131484,0.00839249378016344,0.0766017747308735,0.108259378542002,0.0134455709838396,43.1362895,5.004473865,6.3415334325,-0.22892093725,45.68063765,2.72166641,-3.898003605,0.055861602225,-0.11766198,-0.30665121625,-0.607255936,1.0969809875,0.02280217215,0.7203874985,0.34507916525,0.478898898,47.608884225,5.7577978125,9.4274036925,0.18921396175,59.558422625,14.471095125,5.920018185,0.130849135,0.1394626995,0.46572065625,0.7148644185,1.390273105,0.05617925435,0.9931185545,0.762089473,0.530322251
45.217664426,5.9816079638,7.4982290919,0.03952817297398,57.419892201,12.002337916,-4.7399651831063,0.04500531793976,0.1878589417158,-0.37288731911275,-0.892717202407,1.3771077064,0.042065575571,0.90073988682,0.3396872125576,0.51506625048,1.0683499660798,0.21582119986057,0.798998652538374,0.102726499652585,3.42317161334008,3.06420318139827,2.77171009514048,0.0226167983291531,0.0749640371098857,0.218047076279349,0.39934934937453,0.0848480563103343,0.00919920839137283,0.0718220775876849,0.133687753042575,0.0148977859834755,43.131185525,5.5622129725,6.0825880675,-0.16800694925,50.399794325,5.741843325,-10.368005775,0.0037564345425,0.0491567567,-0.81563847025,-1.633971345,1.21784415,0.027580149725,0.728710228,0.0613785395,0.48616787725,47.20539235,6.39724644,9.1290088275,0.2461332955,63.91199915,17.73025685,0.2274373435,0.089142587275,0.3409709415,0.017892220375,-0.12133201025,1.5484584325,0.0633646876,0.99359852575,0.6037597575,0.54381604425
46.221093886,5.8521154057,7.1009674693,0.2222401829989,62.248295954,10.35405557835,1.5475452157606,0.109415975917,0.007852544092715,0.12174350740475,0.27262022582443,1.24560466715,0.05484918939,0.89275828877,0.62522553041,0.51429378887,1.09145614719073,0.201982812842502,0.757753220662794,0.132462349305176,4.20778090242942,3.62770102844011,2.96433132950894,0.0226656561977929,0.0790337365515919,0.233200354672295,0.39981449166867,0.0801851243875513,0.0108324481355542,0.0639145487647262,0.107425569185336,0.0150947019009802,44.047666925,5.4661673775,5.7573606475,-0.029125401875,53.907117625,2.64685277,-4.26704321,0.067229731275,-0.14941186225,-0.33568312225,-0.5254466565,1.0957716875,0.034179088525,0.74394895975,0.430224714,0.48519999375,48.32727905,6.248033955,8.771088455,0.4918820465,70.47702645,17.143789425,7.160953885,0.15095581025,0.16418125225,0.563343567,0.97028588225,1.406195445,0.075981086725,0.99338602325,0.8426198605,0.54600241825
46.838457736,5.550119783,6.5657476563,0.038568381144286,60.255614859,17.3200919778,8.082387211388,0.119918942862,-0.1371628260865,0.6358316108724,0.5246839220734,1.3682396506,0.060309650674,0.9595286577,0.76717177475,0.53643620145,0.988330744138329,0.21000109071552,0.698893608431654,0.147456973438665,4.42534346579538,3.60757608277702,2.9425123760479,0.0216949341321328,0.0765705862451562,0.231483884154723,0.390231005093465,0.0883586749796283,0.00950395525064139,0.0331591286138006,0.117546278257247,0.0159688827372581,44.991998725,5.143944705,5.3602782425,-0.23935636025,51.8928615,10.3105927,1.78481791,0.07300703515,-0.27930721725,0.14040945675,-0.295498988,1.20337403,0.0429297283,0.87949795675,0.55489919075,0.50663562025,48.776423525,5.963574365,8.035490655,0.317130966,69.358618125,24.447256825,13.37207855,0.16664180525,0.025502705375,1.0519651775,1.2575773825,1.5405037125,0.07965356775,0.99782145625,1.02010354,0.56877503325
46.579918091,5.9587464205,7.2807912136,-0.07981921849088,63.93678493,13.936093941,0.668292937461,0.090502567554,0.049271319441865,0.05257379576351,-0.35410922920166,1.23100669611,0.0411747805559,0.78061519527,0.2658603877424,0.51419070699,1.08750030158903,0.207321314212373,0.789831357081462,0.101979084511015,4.01363030754165,3.41363286289386,2.86720493529091,0.0208845936784606,0.0765660171041055,0.225559538720067,0.390875643291574,0.0860696103001674,0.0139604633911427,0.107283707070727,0.126153728701164,0.0149111846920513,44.3983003,5.574545805,6.0031468725,-0.28516965725,56.024033275,7.2206537475,-5.6199982375,0.04704783055,-0.089139860675,-0.44211845725,-1.1826793775,1.070306145,0.01697425975,0.56955151825,0.031795856475,0.486318253,48.733438,6.390589245,9.048079175,0.10493814875,71.734886075,20.522953275,5.850481805,0.13013259525,0.2083686595,0.46025031775,0.37784381275,1.404891425,0.068532816425,0.983738411,0.50617109175,0.544773872
45.06099116,5.728780307,7.8883808422,0.000311178420709,56.769226717,9.69009130681,1.3445500977448,0.098161742979,0.010187626234248,0.105774127231,0.02212639294243,1.2935207025,0.057519116507,0.92718048663,0.54457381839,0.47022112934,1.05066026301722,0.224955884540295,0.836874605106966,0.123120988096014,3.99010821076216,3.33265384877994,2.91690448860893,0.0224962978756927,0.0783613130498989,0.229469342333381,0.400524366707795,0.0852291080126425,0.0103853449042291,0.0505598852778494,0.111118422823589,0.0137202252981306,42.94333595,5.29307054,6.46201252,-0.234883257,48.610900025,3.21745112,-4.3786406525,0.0550340077,-0.13169797675,-0.34446235575,-0.7869285175,1.131322795,0.038299403225,0.81144744175,0.3476308825,0.44506827125,47.120327525,6.205280945,9.62102869,0.23181576375,64.22782915,15.722334425,6.7743182825,0.1394675535,0.155005937,0.5329274135,0.76893871,1.4682848225,0.078262890475,0.9972657075,0.7734852285,0.49984552575
47.629315535,5.6131337347,8.1043948272,0.047989212527578,58.724092203,15.7419526586,2.300811338521,0.081769775026,0.01336202358133,0.1810020407718,-0.15759290000691,1.4260279649,0.063333248053,0.90432695971,0.59079553583,0.48309045047,1.22306634769947,0.198197524103781,0.847724182082288,0.133455526640294,4.67652008775129,3.74159622800496,2.77344779993395,0.0181518462475174,0.0699476324121575,0.218183778408616,0.339992096966969,0.093393503987442,0.0085743128518331,0.0410114208484908,0.098289850934517,0.0139605389475878,45.067911325,5.2249901125,6.5983458975,-0.22048464025,49.672283275,8.263273445,-3.25432768,0.04377219665,-0.12362921775,-0.25601401375,-0.8392926985,1.248898445,0.0470044369,0.808044543,0.41529855825,0.45901957925,49.817095025,6.023060195,9.989211145,0.3051604925,67.822335875,23.37119245,7.6472451125,0.11593484825,0.15648197825,0.601599509,0.475808457,1.61822391,0.079498052225,0.96385833825,0.790575177,0.51099087075
47.150512019,5.9180780595,8.1563830199,-0.174316760728,52.115725385,5.0202774435705,1.41667621209025,0.109297438926,-0.01442240224692,0.11144820117959,0.1076802542851,1.21405002486,0.048065338123,0.86656824285,0.354773416842,0.51882310825,1.21407181062454,0.234177933420499,0.906311952707952,0.1047897993656,3.87888930958486,3.28530647980805,2.69855194689053,0.0202343973532666,0.0715011325530026,0.212291812480717,0.362065463369403,0.0765347852497886,0.00990453132830843,0.0803663292849039,0.11666012883071,0.0144389521199594,44.95556075,5.4781419975,6.55915416,-0.375342208,44.697707075,-1.540815065,-3.7424812075,0.06878105545,-0.1582163095,-0.294416464,-0.60776274475,1.0718195575,0.02965158725,0.688805117,0.1187782585,0.49284152,49.486592475,6.3791813625,10.054422,0.03831043995,59.9656087,11.4900379,6.55426945,0.14692628075,0.12948419675,0.51561643075,0.8213518435,1.37862471,0.067288051275,0.989701553,0.5688351565,0.54918824625
46.062685301,5.7527122763,6.5960610624,-0.030835103860386,65.775692277,15.0279108987,-1.4403727520745,0.074524344362,0.11225364587879,-0.1133123795092,-0.6412042913082,1.3825013943,0.052082172534,0.92288809981,0.61984000416,0.4839491651,1.12625730855326,0.200116978343512,0.74131050200395,0.140220223965102,4.38400843585453,3.8516354008507,2.8540185015862,0.0205810060319526,0.0750287844613606,0.224522178208064,0.380099236924989,0.102985572150601,0.0105360378530254,0.0428064636605139,0.107386449318078,0.0140186189541824,43.7894486,5.3690178925,5.3617548525,-0.32441474575,57.720034675,7.5659966025,-6.9709527125,0.0358016563,-0.05095778765,-0.54839640725,-1.3091920725,1.19542048,0.0318954848,0.83174547075,0.4288357675,0.4580903085,48.254655425,6.1471573925,8.30319025,0.24422155075,74.57938475,21.953284425,4.6138175025,0.116165131,0.2517006155,0.362963442,0.174813236499999,1.5855247075,0.0714550842,0.988591364,0.84390012375,0.51212299725
45.446162887,5.5948054712,6.6769875921,0.163427946707974,59.130565441,13.2203747089,2.3147415382578,0.094445991873,0.000757647807722,0.18209791281818,0.11734400184636,1.370607016,0.057928689291,0.95536088535,0.3038135902935,0.49899781311,1.02308427010676,0.209633537810911,0.710648791900102,0.116091438083086,4.34158726326849,3.71432791652002,2.9831157368892,0.0205761710271012,0.0765415891139863,0.234678101323628,0.375184637144864,0.0946532608536303,0.00991107313333989,0.03661434819873,0.125856757113761,0.0164398370436427,43.447532525,5.2239408125,5.4314265875,-0.059885398075,51.086844575,6.1725007825,-3.435140795,0.05629188335,-0.1489231265,-0.2702383675,-0.63715957175,1.19913059,0.03998406385,0.8534627055,0.03909219455,0.46820332925,47.378642,6.0125999975,8.168326005,0.3854240625,68.1939737,20.491973825,8.2605658975,0.13758460925,0.15172760575,0.649848705,0.87040302625,1.5822241875,0.078115045825,0.99860535925,0.53871071875,0.533037804
42.579505629,5.8365448274,7.3765776609,-0.0506438486334,56.256309567,13.8339091038,4.612082518898,0.101501677282,-0.059119902616945,0.3628269447066,0.152266859696852,1.5064583988,0.045520388297,0.91013782651,0.18800642349713,0.50343949019,1.05428929337252,0.208408527460507,0.768356285123264,0.0989629433727294,3.70672536901922,3.27030229913123,2.94940016048009,0.0264538335804932,0.0830191094463961,0.232025738253792,0.440841631002094,0.084343548522269,0.00932031480443145,0.076780998988631,0.121142910722785,0.0143706637275108,40.56727045,5.44831676,5.97388068,-0.253877403,48.46450845,7.309477145,-1.50162592,0.0510966264,-0.2171460765,-0.11813108375,-0.69633589325,1.3511978725,0.02865119005,0.71258479,0.011188527425,0.47774535925,44.66677145,6.289922345,8.8309067025,0.1283878155,63.2616906,20.087288725,10.417738725,0.1520846765,0.1136473755,0.81955088875,0.99264587025,1.6651527425,0.06551307815,0.99777600675,0.4531802645,0.5342671325
46.972866004,5.8401964653,7.7744079777,0.05201277797355,56.230265335,13.22642556745,-3.8466614178,0.04303762716597,0.16935327979654,-0.30261219395216,-0.844353302367,1.21697656688,0.048798173775,0.73556829372,0.5910861768,0.49796261318,1.17230611621289,0.218222575361115,0.818612123151419,0.120004934941864,3.93523631554217,3.49471431050295,2.92929169242377,0.0228673709795478,0.0785173843634382,0.230443828979569,0.417611954908483,0.0931134348304482,0.0115468020021959,0.0921565522918096,0.114653192350677,0.0141452067407728,44.64390195,5.4225092625,6.3727156225,-0.19767278375,48.382138475,6.3836547225,-9.3891675525,0.0006676741765,0.0095883187675,-0.73863444375,-1.6202134775,1.04532369,0.026897927875,0.54307283925,0.3940626875,0.47200840525,49.20614185,6.259865295,9.45320992,0.2860217085,63.746321475,20.0610358,2.264634915,0.08953516015,0.316546592,0.178156085,-0.02373367595,1.41567818,0.06986890655,0.8980284135,0.854985855,0.526580122
46.179161543,5.7189587755,8.2114734634,0.04065941620554,61.831779321,14.3900489217,1.2584665798315,0.087745150562,0.035325628266339,0.099002041515507,-0.19829506602492,1.5412785282,0.070383523565,0.9427072649,0.4974229917,0.4900215124,1.13405233464106,0.203591208593943,0.86985199603999,0.134833951480519,4.62949518742205,3.4589583421822,2.91657939630416,0.0214403897336893,0.0786230373075165,0.229443768249973,0.398853066547128,0.0927553825517188,0.00863149197740367,0.0298981984767389,0.116318464044917,0.0151111714297258,43.963379325,5.32253709,6.624333885,-0.224857244,53.09446855,7.591227185,-4.5072516425,0.04318952935,-0.1071423105,-0.354580028,-1.01729221,1.37410844,0.051954636825,0.87415075225,0.23588180475,0.462362738,48.402710875,6.1164379675,9.9311832975,0.29056470525,71.043229825,21.066805425,6.5621005525,0.129245487,0.19347099825,0.51623250025,0.5820887675,1.73466606,0.08585384975,0.9923699855,0.7162444415,0.5207902915
46.902047345,5.5867241544,6.4259279523,-0.03635188465343,56.757734397,11.78624179336,2.156940361634,0.094351263174,-0.001877072899533,0.1696838853557,-0.03393657603503,1.3562381187,0.050201738836,0.95353851399,0.47912901395,0.51057554664,0.969582317328344,0.212693940307534,0.735582490991568,0.121847770179036,4.09813241450364,3.70220852953934,2.86697679186432,0.0207331385943421,0.0731072909541276,0.22554159115343,0.364451695216454,0.0790363226597655,0.00836650974914401,0.0398831395386579,0.104280273866398,0.0144182666231429,45.03262715,5.18741725,5.13915559,-0.27503499325,48.68331945,4.2314839825,-3.5641277625,0.0548652938,-0.146249381,-0.28038561775,-0.7772757795,1.196307885,0.0353191891,0.84452107175,0.27920024375,0.48319460625,48.75828835,6.0179028125,8.101231805,0.20438312825,64.470997125,19.037024675,7.80259549749999,0.1369113365,0.14486754675,0.613820737499999,0.708444513,1.5146644075,0.06731315215,0.9986222555,0.69345707,0.539740017
46.989957717,6.2610141145,6.714364904,-0.05570330385302,57.932502866,6.3005676166749,-3.67084695883133,0.080223279254,0.130970400651983,-0.288781083520358,-0.491019310558868,1.3182399172,0.046344536977,0.89343193642,0.49508222537,0.49234436946,0.998951360802055,0.217965672510555,0.733562554544244,0.120658611468177,4.10643215703677,3.37169185710264,2.93241216012906,0.0206333309621236,0.0774809557721081,0.230689312714686,0.389333359375448,0.0891171355256712,0.00966208583623887,0.0621444926825519,0.119077196164734,0.0137554488392356,45.19376305,5.86195178,5.446721435,-0.2878285375,49.6820385,-0.36611088275,-9.4802408525,0.039094991175,-0.013506315775,-0.74579906275,-1.257928535,1.1542244075,0.028527347725,0.7471553445,0.281484054,0.466584392,48.9656875,6.7175459425,8.25933215,0.1850097025,65.862706275,12.84782995,2.01716259,0.118190669,0.2846325635,0.158687735,0.2343145155,1.51170776,0.06480997755,0.982219376,0.7670421895,0.51922291925
45.320087033,5.5154907529,7.1704515854,-0.163759421793604,54.014174389,10.047728040869,-1.83787353881546,0.0670277067431,0.098987367556901,-0.144583284846649,-0.6124774519133,1.3971866955,0.066455225022,0.86684002941,0.2485060087783,0.51111577018,1.03945699346882,0.208087725334007,0.810391317581735,0.104425063410659,4.16235335828139,3.59483851452194,2.91936164835297,0.024642558532644,0.0789942287252559,0.229662644497951,0.418256100912437,0.0922160204958361,0.0115544827226292,0.0549459523129891,0.145339804655998,0.0141866977506389,43.365982825,5.111635685,5.815547645,-0.35979074175,45.8782012,3.02999907,-7.495798,0.02178359485,-0.05356066165,-0.58968534975,-1.390190815,1.2256774025,0.044494771525,0.742148694,0.012603544625,0.4847214195,47.4107815,5.932756775,8.7812265775,0.0449206329,61.8224812,17.8585936,3.582900895,0.11515145575,0.2535415895,0.28186247325,0.2090753895,1.577626125,0.08988207775,0.951850002,0.5360169695,0.54062674725
45.415965504,5.6602124937,7.165386854,0.07436502388773,60.287793455,10.54766689292,2.961169329328,0.114155375941,-0.02988346514004,0.23295160398655,0.287758461643313,1.3102367083,0.043939092487,0.94223455834,0.387932859484,0.50643603791,1.07339169478478,0.200789382988852,0.742896481042884,0.104540227153581,3.98213529448839,3.32706640504527,2.61352763314066,0.0200942495924559,0.0677429465412308,0.20560305330736,0.35344015271285,0.0735695543717514,0.00735595168515255,0.0493518701547157,0.118512777520227,0.0134286234531752,43.50726595,5.269214925,5.79174536,-0.1107641545,52.40656655,4.0781168525,-2.0353359975,0.07330081625,-0.1663421685,-0.16011741875,-0.42535200675,1.172653735,0.0301276856,0.8133674285,0.14645882375,0.48021856375,47.63453985,6.0370477775,8.653579505,0.30939717425,68.375149175,17.354503875,8.35274425,0.15661377825,0.09788135565,0.65710027925,1.0081802825,1.4710127575,0.05887909095,0.99845494025,0.60744594425,0.53255201525
44.72812997,5.8149331619,7.6394686705,0.088636641563922,59.134640704,14.8255417441,-1.8554831434684,0.056883481672325,0.12262943567604,-0.14596861116617,-0.6159796552378,1.2423010064,0.062049573815,0.75326917175,0.75393004776,0.50259984027,1.18782300891863,0.209429042790853,0.824135311109209,0.150516755228566,4.21313942049359,3.81931198151954,3.11095426342251,0.0284329250774929,0.0860166286439767,0.244735003380244,0.4776514257987,0.0820447326715239,0.0122236706802113,0.0792044057893476,0.11592369513055,0.0146201049189978,42.43332315,5.4278823975,6.241612955,-0.2175576305,51.40046535,7.491550315,-7.7333438975,7.25609460250001e-05,-0.0409437645,-0.60837279575,-1.531403235,1.08135405,0.037269322325,0.58170031775,0.55495588175,0.4761610335,47.175485175,6.2619537,9.486869745,0.37737837175,67.8184262,22.50702265,3.90451503,0.110929783,0.28283910875,0.30716346975,0.31886724225,1.40914037,0.08629183765,0.88657746725,0.9998012985,0.5334660755
46.498339278,5.320101786,6.8251499879,-0.1235032153696,64.279397423,10.93823316366,1.615180589527,0.111974727556,0.00883392862663,0.1270643003556,-0.08427119890694,1.3438384726,0.051110651808,0.91522616836,0.27310503681737,0.5091141806,0.901421585761416,0.184586104380736,0.699804147307136,0.0965414190632591,3.72035016649336,3.26299233530798,2.46067276488807,0.0169082175426932,0.0622280600395093,0.193578145397208,0.301718731161198,0.08160851303782,0.00801482311107373,0.0503021519227581,0.110416600172782,0.013487187217416,44.84263665,4.98725756,5.67203113,-0.313683535,57.0390897,4.7392212275,-3.10966898,0.07877054815,-0.11238791175,-0.24463389475,-0.70555474225,1.1907092425,0.03536055655,0.790828493,0.0435583032,0.48392380875,48.3069348,5.6991889575,8.3971330375,0.0657859404,71.403838275,17.2145063,6.4377977825,0.1464622395,0.1321776685,0.50645375725,0.5038409885,1.5090944475,0.066151981,0.9894497595,0.48001525475,0.534895895
45.990347968,5.8251396089,6.4969812404,-0.1181985034582,55.128012952,5.644971954649,2.467007539038,0.121080122803,-0.040129630153194,0.19407649438719,0.2896956365636,1.2919998012,0.052451611289,0.87418577157,0.69185432799,0.48985287322,1.02226818397075,0.212794311248116,0.746350075118451,0.133771911381372,4.31465237954974,3.60564065438888,2.81949654540687,0.0241676024181176,0.0749988814313121,0.221806377579928,0.411149615824764,0.0798973572206026,0.00980511665995113,0.0766496091818411,0.118263853699576,0.0139168064286249,43.977031625,5.4265519425,5.07611754,-0.35369463925,46.686081425,-1.0135051075,-3.12097799,0.068227057275,-0.18411610975,-0.24552356575,-0.4903334055,1.146871735,0.0335017272,0.7130756485,0.47757972325,0.46378672875,47.8161838,6.2644614875,8.0826489775,0.1492880045,63.352080825,12.6192317,8.053290895,0.16626748275,0.11020345575,0.63354263975,1.0855121925,1.4576712475,0.072526657375,0.99420737975,0.9436345945,0.51802256925
44.754209555,5.5731758194,6.4828229642,-0.1399894050643,54.999638748,4.0929849389198,-0.749837907904555,0.104657161358,0.04035499846326,-0.0589888399733863,-0.07011260864821,1.3242200634,0.063912884727,0.85870281384,0.52164997879,0.48438268237,0.987609156352766,0.199926495951637,0.761034451176057,0.119165085801854,4.19568898197581,3.80204933418201,3.09539309390045,0.0287266273619343,0.0855670156404971,0.243510824739551,0.475939681009071,0.0905877070045388,0.0115207904179052,0.0697806781272929,0.107386841707253,0.0143182563752244,42.83807085,5.17640316,5.1592403475,-0.36432743975,46.877413975,-4.032481265,-6.6347477075,0.052756081325,-0.14727293925,-0.521947567,-0.96621606325,1.1640903175,0.041028134925,0.70767258975,0.315840735,0.45780513975,46.625851525,5.9888344275,8.18761125,0.09649492225,63.320040925,10.96722595,5.6165733,0.16450471175,0.205791168,0.4418490115,0.93845266325,1.5150131,0.086509826075,0.98354369,0.73907434675,0.513666518
46.743263633,5.2030931376,7.3079282715,-0.059416147709626,49.838347954,0.7513800845484,-1.0353732186767,0.105892512502,0.03196847450366,-0.08145155677805,0.13731801193454,1.3239656138,0.050862399896,0.91612893548,0.51342616593,0.49611740311,1.14302972160165,0.192308878875987,0.755505866087615,0.123969346778227,4.6449139946011,3.58437368002409,2.63674985957963,0.0196748346187659,0.0700989084900456,0.207429917250368,0.354977557475307,0.0863867834824471,0.0102907461033288,0.0547144193613202,0.102624290183248,0.01443737696088,44.569118675,4.8243909425,5.9981243575,-0.29571731675,40.885911725,-6.341376,-6.10794507,0.06253668475,-0.098188551225,-0.48050464,-0.61662185475,1.162845325,0.0316274153,0.77979118925,0.32354799625,0.4690397525,49.034782525,5.594084415,8.902335435,0.171324388,58.895965675,7.3788386425,3.99295533,0.14011790575,0.173313059,0.31412096375,0.7729586285,1.5006697175,0.0743734978,0.98969517525,0.72425220675,0.5251518805
44.344738589,5.5431929262,8.1313194524,0.20482056667504,56.682574692,5.519313548472,-0.6572077170601,0.102698843759,0.04473486370911,-0.05170173492979,0.2126356265159,1.4392186113,0.054745858772,0.90151237741,0.264319253279,0.5121868471,1.0843020892654,0.192575959726361,0.860614171479801,0.107630398539414,3.94182656836861,3.66518500630368,3.26798984390159,0.0248680843358841,0.0879165015715055,0.25708880198547,0.432750552931234,0.0936232442233354,0.00971590891498551,0.0643639563596056,0.14123114680808,0.0146856513633352,42.15315215,5.1659182225,6.6594100925,-0.019576054475,48.7465367,-1.31065065,-6.792840505,0.051661103025,-0.121996916,-0.5343845315,-0.67201928875,1.2543970575,0.035229808,0.74890440775,0.02603973975,0.48510106725,46.47342155,5.91832816,10.164147225,0.4146095145,63.9393722,13.065314075,5.841330815,0.1497230325,0.21796364175,0.459530414,1.053980345,1.6231674075,0.07236393005,0.994057302,0.55239285675,0.542464208
46.223113585,5.7768368389,7.3068158437,-0.150996642069011,56.508272683,2.3806274744137,-6.55396671754,0.074091168739,0.1908462428251,-0.515592621816,-0.7443290461495,1.2846336861,0.055361708117,0.93941763225,0.5487566662,0.51943331083,1.10540847800599,0.229627131080928,0.75686142477747,0.130993998464723,4.63834115635285,4.03913862181546,2.87903999331907,0.0204654899962613,0.0742545803187883,0.226490588060751,0.380873401572924,0.104529045926102,0.00952527755303367,0.0492902158027893,0.131898353420082,0.0168589159238621,44.096717,5.3520426025,5.9623197525,-0.412743677,47.0324321,-6.0018151775,-11.87185525,0.034910264175,0.0441384628,-0.9339445115,-1.504122975,1.0971270725,0.035501846375,0.82339497575,0.302864775,0.487043225,48.38056665,6.230837705,8.8602989575,0.0998498884249999,65.217870875,10.11078135,-0.889858380250003,0.115019091,0.33518971675,-0.0700040809500002,0.00677513882999998,1.5034007225,0.0738621596,0.99779328925,0.83143785525,0.55329078675
46.008226861,5.9744100022,7.2270218596,0.059678721841759,51.90147844,12.31345499987,3.838836489063,0.092704940154,-0.04533545853927,0.3019966162282,0.218516494103149,1.3308256101,0.048410109273,0.88877929234,0.490181005187,0.52076391807,1.10354170561449,0.206035362915373,0.781038332738812,0.119285929790156,3.77619282145794,3.19138429217613,2.69082512884669,0.0203665402142061,0.0719002840550951,0.211683953170237,0.375912769125333,0.0778726475947693,0.0094929387562041,0.0684350546682301,0.119954868605619,0.0146516831333896,43.850090475,5.53750956,5.7859071025,-0.1770971035,44.636588525,6.1484087725,-1.423334025,0.0489354177,-0.17955066125,-0.111971963,-0.5319644325,1.1762242425,0.0317039399,0.73717174125,0.2578370015,0.49385144625,48.347135325,6.3818149475,8.88268857,0.29695671325,59.663740325,18.57678795,8.900451625,0.13067756125,0.0985286878,0.7001877485,0.91436686825,1.4895411425,0.067621041575,0.9920006695,0.73989718625,0.5520074025
45.686632309,5.6809935012,6.4845296377,-0.070459844682929,60.676690282,15.6064843803,-1.9723922109309,0.05605344577227,0.129613478189815,-0.15516570566787,-0.8268189761833,1.21335384105,0.047734423881,0.83055960776,0.72316482117,0.49443066632,0.964056255171845,0.213862232614955,0.718564350766285,0.136865463308812,4.41000540080938,3.68132967583624,3.20717577489399,0.0270723914357735,0.087730970242638,0.252304632751139,0.465757981268215,0.089985270519221,0.0115729583057366,0.0844713682217857,0.112242114035957,0.0153967744861543,43.817014825,5.2643426575,5.163528295,-0.36098589875,52.3452711,8.2955796725,-7.9706332525,0.002969237055,-0.03542113345,-0.62704006625,-1.7000781075,1.0517678875,0.026622342825,0.65465000275,0.52814564925,0.46740492325,47.65668005,6.1106800725,7.96406154,0.194971363,69.0460251,22.842011725,4.056644265,0.10725454375,0.292132446,0.3191312885,0.10586773,1.3995788075,0.07014432365,0.9839000415,0.9647186975,0.526786193
46.332641169,5.694095427,7.379943594,0.013437673792388,61.734042453,14.9895931229,4.553191608745,0.108591477069,-0.051906599041934,0.3581940684624,0.17959196591781,1.2818642881,0.054330457362,0.9111865197,0.469982135836,0.49939864491,1.07325657501607,0.192545658693639,0.794101569570396,0.121346108083743,4.20478116949541,3.62818931316955,2.87611921827004,0.0205268716809408,0.0743361316745668,0.226260815174115,0.370574594410217,0.0862523466561643,0.00838806420884638,0.0508723066270504,0.121964643513529,0.0147671211753344,44.076801125,5.31344288,6.052411325,-0.2116430255,54.022794775,7.53847639,-1.1613597175,0.065816353625,-0.197016983,-0.091362761175,-0.577889548,1.12665352,0.0369529875,0.7988347165,0.229940524,0.47204107525,48.39078325,6.0856171975,9.1000072125,0.24852393575,70.324139025,21.8389239,10.22447735,0.14685443875,0.0935681803,0.804347275,0.86886885475,1.4568803275,0.070998408975,0.990442272,0.71386201875,0.5299720975
46.381838452,5.5862275003,6.7375558136,-0.131197509161881,55.707955347,13.165551803,2.7449119119458,0.08978677677,-0.011276889881623,0.21593889506996,-0.14235947169618,1.4724631444,0.052338217808,0.90806175824,0.48141046562,0.51811932669,1.05843330218704,0.203968329904847,0.689466592244848,0.12529673033308,4.18923726678627,3.29397439551007,2.88349481196851,0.0225876520579994,0.0776226434737336,0.226841043899333,0.407226345404854,0.0869264619790069,0.00968345160313155,0.0594774033638785,0.101818090203579,0.0145655404204044,44.183743575,5.2055498225,5.53592102,-0.38109778325,47.618773975,6.7055903275,-2.8372459,0.04436348965,-0.1547612785,-0.22320270425,-0.93547548225,1.31196619,0.033814509525,0.76792581975,0.2781430695,0.48921538225,48.41041065,6.0136347175,8.3216185625,0.11484384725,64.024924525,19.8087556,8.07022423,0.13135312225,0.143139023,0.634874764,0.61744022425,1.6698882125,0.072745983575,0.99576986075,0.6845470225,0.5463639655
46.122861631,5.8972121694,7.7724967137,-0.34099013917,47.999196338,5.2766349625313,-0.779890605641,0.08257134256,0.04691489820054,-0.06135304914973,-0.4013174089262,1.3468176344,0.05183187542,0.92758646351,0.406626833087,0.5161168671,1.16107587925657,0.209868033878324,0.864590238225875,0.116309310761025,4.44515233181701,3.91233525936671,3.13085321022693,0.0190800984539058,0.07806623306149,0.246300428876243,0.370070168959886,0.0897543012151528,0.010406571849861,0.043543209739364,0.142483195290696,0.016001391896757,43.653353925,5.51949088,6.2367843,-0.57260900025,39.413796525,-2.8896552675,-7.44004095,0.045702569475,-0.10393266725,-0.5852990105,-1.158289425,1.1768471775,0.033241480025,0.8273383565,0.113711484,0.48619561525,48.428874475,6.341596275,9.6763611,-0.12450237475,56.58430355,12.96707575,5.685180095,0.1206640365,0.21119396975,0.44724623475,0.29416591675,1.5388732975,0.0764551568,0.991779514,0.68612104775,0.5493249455
47.002544619,5.7534321538,5.8854663441,-0.048661692237657,61.381009601,18.0456778524,2.0536001336965,0.0755919771268,0.03129256672927,0.16155423458324,-0.40825875522858,1.4033213256,0.054818869181,0.86269889046,0.3940954687033,0.48720401627,0.873437818073842,0.218154626354988,0.643802472287952,0.121626518073253,4.20799673688413,3.67292748289882,3.00173929717572,0.0215243453326482,0.0784168210450407,0.236143194008214,0.385963735054021,0.0913669907063792,0.0110006795697713,0.059158155439331,0.131365522492948,0.0134636217748827,45.2914643,5.344065585,4.74433558,-0.28083237925,53.60728795,10.847220175,-3.8534035375,0.033238926475,-0.12965694425,-0.30314258825,-1.1795660975,1.2244825275,0.0331102634,0.72549056225,0.1163274555,0.45907205675,48.645340875,6.17650419,7.234197165,0.179872846,69.613608575,25.211930125,8.257615315,0.118762528,0.1835422755,0.64961659375,0.346546257,1.57712559,0.077087952775,0.96956207325,0.66003679875,0.51507415225
46.951839621,5.668383712,7.7273624634,-0.09110322446527,60.18530755,15.7287720045,2.7627633100939,0.088598821377,0.00065985082708,0.21734324268988,-0.22262571832963,1.4133345045,0.056745722545,0.92078361342,0.65265563583,0.50894588329,1.13895196474124,0.20260865858477,0.812141899804906,0.138406803146414,4.19338317518158,3.51710644508992,2.56674102568514,0.0192850904583803,0.0662520830434083,0.201922407014011,0.346615297055777,0.0767519321634611,0.0087486483610848,0.0486629493159147,0.109268788718329,0.0136614784316795,44.743071175,5.2770599675,6.36595037,-0.35722777925,52.04932565,9.0448305675,-2.1130231175,0.049164955225,-0.12138465325,-0.1662289715,-0.926360778,1.27618284,0.040865813375,0.81754441575,0.45020169075,0.48254202725,49.1279829,6.07046676,9.4879509575,0.1683338455,67.94430405,23.09872655,7.5867910125,0.12510022425,0.1281594625,0.59684365575,0.42427905025,1.5647714825,0.0738421729,0.99562864725,0.880429833,0.53496526525
46.926386485,5.8738097631,7.9831457516,0.06462999105991,59.657728122,12.3020586453,4.7403283209987,0.117464896324,-0.07005410153787,0.37291588640614,0.4046960788293,1.3766448732,0.058732882464,0.94333165938,0.3605355904748,0.49043889596,1.19835401116997,0.212427456186552,0.804430312382615,0.111709933991272,4.1159437858367,3.68312036093655,2.98217518782392,0.0196272368603296,0.076834241573739,0.23460410913196,0.365969665385666,0.0958666583449171,0.00872950716149881,0.0423576941660146,0.122136800820064,0.01456105004937,44.704849825,5.4719315725,6.566040955,-0.15579282275,51.6707793,5.03319392,-0.7900731145,0.07668719625,-0.22458357325,-0.06215409525,-0.37828084675,1.20007809,0.042131980075,0.84237781875,0.082501171875,0.46324449575,49.3593957,6.31053678,9.7289349475,0.27520896825,67.7210561,19.655993825,10.6983409,0.1545143215,0.0772337375,0.841625544,1.0927326625,1.56950559,0.07664738155,0.998019082,0.58045769925,0.51961363475
45.418607632,5.8188529409,4.8799858324,-0.09183409306237,56.437187529,11.19629273641,2.158227931246,0.0963282387088,-0.00477205765726,0.1697851766917,-0.05555207866776,1.4851601782,0.073168697371,0.93158140023,0.46018719489,0.48439520401,0.775687464384859,0.217382594800167,0.633751722323309,0.134959398404509,5.45130583214082,4.36258295169937,3.36792488245723,0.0314376424336581,0.0925099415741192,0.264950570323824,0.506450536153184,0.0908138924019259,0.0122114009263684,0.0493545849338631,0.102478914228177,0.0155186062771039,43.838833025,5.4044946875,3.773448225,-0.34109738975,46.301259225,3.1182440925,-4.7314610575,0.028962502,-0.17823211575,-0.3722183085,-1.118053665,1.3265093475,0.050884873475,0.814858395,0.2859567405,0.45466169425,46.903413025,6.24835728,6.2702730125,0.19345032875,67.609485,20.4534025,8.7051947875,0.15415853825,0.18811695525,0.68482712625,0.840515356,1.67251948,0.1005950945,0.997117443,0.67733313025,0.51524920975
46.574363896,5.6663612455,8.1074360589,-0.24777597562912,54.854746467,14.5166252831,3.3632976971683,0.086033362536,-0.021645668019642,0.26458655557082,-0.265193180072438,1.2856814272,0.03705273986,0.89243861175,0.59137815474,0.48463724523,1.22714624936997,0.233945303983653,0.84913219083421,0.122026221665678,4.11086843836408,3.35508646958312,2.91885157260016,0.022571522759985,0.0786104526059365,0.229622517361533,0.396899225053521,0.0851428247941715,0.00826446439019555,0.0923503219495419,0.128330043697017,0.0150240144208912,44.279526175,5.2370482025,6.73381891,-0.481219073,46.31412385,7.651841635,-2.52661968,0.042708000525,-0.17958988525,-0.198766108,-1.061165545,1.1295456525,0.022503528025,0.66619663925,0.342715834,0.4568110725,49.07480775,6.147133855,9.98091512,-0.00131792089050003,62.675508575,21.140884075,9.16118758,0.13052833725,0.134484137,0.720699523,0.5218119915,1.468824195,0.05476705565,0.997123806,0.852317567,0.51531535975
45.904907486,6.2126520027,7.5961541173,0.131137058058209,51.823469927,9.89401418402,-1.0482165097283,0.0683135858981,0.0766384694718,-0.08246192286005,-0.21886898588698,1.363726563,0.054339799783,0.87277991481,0.57876651887,0.50744446931,1.05168785737053,0.217981811640628,0.85886932018147,0.135554078963432,4.02550823586286,3.38657930576834,2.90826424454507,0.0251850389918278,0.0806996127115106,0.228789624936435,0.445084308225603,0.0883431942623489,0.00920662037174239,0.0641634382173786,0.122653970937497,0.0148042077099386,43.874503725,5.7969320775,6.1718931825,-0.11838966175,44.000323125,3.806696645,-6.7886223525,0.0211814873,-0.081491356675,-0.534052691,-1.0626430775,1.2059884975,0.03603408405,0.7304887475,0.348006152,0.4787600115,47.98203845,6.6372355525,9.59022776,0.39695088275,59.72112105,16.4007779,4.5760922575,0.117342453,0.233755505,0.35999563875,0.656063478,1.5298783775,0.072703281825,0.9863943875,0.822410547,0.537559935
45.13031092,5.8373143814,7.6642041215,-0.107818103825643,54.495947043,11.9057706076,8.77076505726,0.136351655772,-0.1822415093643,0.689985462162,0.7584081799755,1.2249880308,0.04549857303,0.92528587842,0.60293716271,0.50189492684,1.13084004628069,0.198720292844916,0.811904524361284,0.122647417302633,3.77893633586549,2.99308959575761,2.38951286112706,0.0188667896452732,0.063305762782437,0.187980082195003,0.341552623798815,0.0716162951017568,0.00759471656664661,0.0555740892314872,0.112070905383527,0.0142183096778501,42.75709525,5.431901095,6.4022305525,-0.36120038275,46.67225715,5.6318015975,4.3163709175,0.098416953375,-0.30048625075,0.33956367225,0.061075483225,1.0974927425,0.03188629735,0.78926727175,0.4048556365,0.47503772825,47.243021475,6.2378280825,9.466385015,0.13382710175,61.46227895,17.736989725,13.49343245,0.17350834825,-0.058511259925,1.0615119825,1.4188576775,1.369556385,0.0615623416,0.99647019925,0.84549500225,0.52971763525
45.725601245,5.8330360397,8.354558311,0.11750896533391,61.480340856,9.902966560391,4.623459900852,0.131950335318,-0.07848628649331,0.3637219895023,0.6028474756769,1.3376094959,0.047600767398,0.94246821051,0.508908749398,0.51494513699,1.16252293004054,0.207725110348197,0.929835543513013,0.115099485725014,3.81623146151853,3.18504637086811,2.4286139009622,0.016933411081711,0.0623379885403762,0.191056113609426,0.314141022603762,0.0801457765884787,0.00736062998677323,0.0476652606166182,0.12001508649971,0.0137683501409981,43.51886635,5.4453079225,6.7210759575,-0.11299275225,53.631600875,3.847537305,0.10282598455,0.10027214825,-0.1992291875,0.0080891959125,-0.00952517895249998,1.19261515,0.03325803215,0.82400328075,0.28012710025,0.488633769,48.0436326,6.2459665425,10.318975475,0.3519264785,69.056954075,16.00491695,9.42150605,0.16452242925,0.035733190275,0.74117847325,1.2563666525,1.5150229825,0.06160145785,0.9979646515,0.73749327275,0.54214516675
46.449530325,5.5460228309,7.2660262066,-0.12106638645786,56.170666797,11.1678872216,4.69346499949,0.114177935823,-0.07426985408257,0.3692292055781,0.2554840213012,1.372717596,0.05467202094,0.9352899451,0.55668424619,0.46824893229,0.992183737671047,0.1956974669827,0.80965849813904,0.115581119589859,3.79379996767187,3.09433493598158,2.55473392417349,0.0185128738564698,0.0667199295272172,0.200977822747952,0.337518689658675,0.0734627222300787,0.00804241386721045,0.0454311601570915,0.099673248268915,0.0125293700066805,44.5595659,5.18281223,5.84658156,-0.33910532125,48.698780725,5.38986515,-0.34003536125,0.071891163625,-0.1960291675,-0.026750169875,-0.503349391,1.243089065,0.040036024825,0.8281535375,0.37228983575,0.44396272375,48.324713825,5.9304375475,9.0517521275,0.10748343,63.471724675,17.256334075,9.53259718,0.147539319,0.0600297474499999,0.749917867,0.90930234275,1.5180608175,0.07061090925,0.9964789075,0.76677040325,0.4917536195
46.35048105,5.9738215609,6.9823805699,0.00651749983253,59.725297392,13.0006462655,7.91047306222,0.137340879994,-0.15339789846874,0.622307333318,0.73015451151475,1.3686282305,0.050282484868,0.9401788426,0.520676626685,0.50328040189,1.03693777484883,0.226929530530842,0.769475317574684,0.126138759541258,4.03724541493123,3.28983836609634,3.27975560683804,0.0245061876296826,0.0880754770866574,0.258014401107206,0.445491823580693,0.0901145383878253,0.00997002642487427,0.0571673283114538,0.124202019029912,0.0157948940747942,44.419334125,5.531088745,5.61221295,-0.23750208425,51.91885555,6.517850005,0.8539732355,0.084260507175,-0.30925538975,0.06718103925,-0.23492990725,1.19936637,0.0317554522,0.79693149325,0.26276661325,0.474569021,48.206742025,6.4257985425,8.6401071275,0.23737476025,67.18505085,19.26121365,13.7311638,0.18101221825,0.037396744925,1.0802140125,1.4491128175,1.54327941,0.07146253875,0.99840923675,0.74608017075,0.53433776475
44.547592504,5.373585744,6.7828565525,-0.06814283118336,53.619425674,14.8551855753,5.734345875861,0.098732284725,-0.084872659442067,0.4511140432542,0.202742924752465,1.3012410591,0.049249397554,0.88251220946,0.442689697931,0.50186589936,0.953793839460986,0.180489569157617,0.683711123393063,0.105741254327592,3.8311345769113,3.11308312730017,2.37937979568303,0.0209763305393138,0.0637675810565594,0.187182926087081,0.347893311727093,0.069736243179044,0.00915326965938743,0.0688463866335678,0.104069650764009,0.0148688219006495,42.54833055,5.02428693,5.532364365,-0.26705291875,46.4661769,8.823045925,1.2704179175,0.05782836255,-0.2102056695,0.0999422372,-0.49660806375,1.1753072375,0.033047147075,0.73578825725,0.24294036325,0.47476609025,46.285044575,5.7320130925,8.17622675,0.15146468,61.419060975,20.913301375,10.4451503,0.14185815725,0.0330127682,0.8217073115,0.86588036025,1.444351975,0.06756956675,0.989358204,0.6619062155,0.5318447615
44.706597006,5.8432983548,8.0873774326,0.109990767146607,65.060316753,16.0885680344,2.8267639495303,0.098833100691,0.00065299357508,0.22237809556155,0.002371267192831,1.425245409,0.055166400414,0.95296676695,0.58955712663,0.49162439026,1.18843378303948,0.203223354791508,0.75839792854827,0.136935411932389,3.82789085899445,3.27843358720016,2.55965607612226,0.0183723002697014,0.0662186184177635,0.201365042643997,0.352139194909991,0.0854810188814736,0.00736608380907551,0.0338653972962077,0.130226153833782,0.0140558773336952,42.6305403,5.4586158775,6.70755175,-0.14110275925,57.9142221,10.0916807,-2.02791931,0.061942672625,-0.12567147725,-0.159533953,-0.70035350825,1.27270547,0.0419984496,0.86829199375,0.36545957375,0.464443511,46.996496425,6.25404156,9.6059531525,0.39195900825,73.270131875,22.889185,7.5043258375,0.13547521975,0.12520125425,0.59035621875,0.70361349975,1.59360236,0.07009159105,0.99675422325,0.864075853,0.52030676
45.882870012,5.9625837598,7.2520051187,-0.035535233049585,55.659828585,8.70083393769786,-3.3569755001197,0.0661026581565,0.1340185840012,-0.26408919598009,-0.59317968042142,1.15993487081,0.04146796759,0.90206720988,0.3395010236045,0.49820182392,1.06353349193733,0.233248780014959,0.813871389192843,0.109586388346535,3.95152008556706,3.57774772967279,3.06932626637418,0.0208725827843236,0.078951316358159,0.241460179395308,0.390434009139907,0.0929159734481976,0.0106453656467146,0.0699169334847399,0.10067515200374,0.0158492804186495,43.83982525,5.5481406725,5.8180351075,-0.250124109,48.447538175,2.0223849825,-9.9636800725,0.023322200875,-0.007221460245,-0.78383063925,-1.38667547,1.0009576395,0.02170543285,0.733261612,0.14275431975,0.46692450125,48.019124975,6.451369965,9.02191808,0.19025690175,63.995151225,16.167739275,2.4082568725,0.10560075625,0.3057236655,0.18945465275,0.1521998555,1.35960621,0.06303526535,0.99597994375,0.5387804755,0.527251686
46.218279143,5.7809315758,8.5567137985,-0.000110291400755,59.860101145,12.7890922611,1.0295825435037,0.088845538957,0.03382695020752,0.08099601154874,-0.186818455427347,1.3195171691,0.052020095948,0.90475693021,0.474265876472,0.52524433878,1.22056462556744,0.215027244263934,0.911667567036048,0.123368887812896,4.16572419358888,3.53833519388896,2.88518415879333,0.0187714801848095,0.0739728108402145,0.226973942656682,0.359448874577698,0.0987457124994806,0.00800321467379473,0.06019076751293,0.120191100807218,0.0160071975599868,43.89250825,5.40001372,7.0274612975,-0.25944265375,51.6649415,5.984880295,-4.483819675,0.051121381675,-0.11510906175,-0.35273666375,-0.912527802,1.132529625,0.0357027052,0.751838523,0.20954052225,0.49425821075,48.7935931,6.22102359,10.564715475,0.2304273775,68.384029925,19.802929825,7.228629975,0.12317045175,0.17562451425,0.568667571,0.47880571425,1.5117658525,0.067623243075,0.99429650575,0.72307772075,0.5586270495
45.251896047,5.4763886194,8.2108106026,0.02156917897256,58.665115962,11.1867749867,1.9003061456572,0.099729353081,0.00223813996111,0.149494782483186,0.040857021650987,1.2983165283,0.040994578526,0.8718131014,0.2987868816262,0.49114117831,1.31295589040974,0.196210235332994,0.814102000674403,0.0994573492945542,3.47963233993005,3.11355253106649,2.64109453647544,0.0200114179195763,0.0697952710641346,0.207771707638888,0.366013801429364,0.0787967330187708,0.00938431765403882,0.0877399780762557,0.123725372543849,0.0139123827589221,42.46188985,5.0934619,6.66915937,-0.17907347975,52.084269325,5.18464408,-3.319166345,0.0613493708,-0.12868241575,-0.26111479325,-0.6754201155,1.1489114575,0.024431105925,0.663792539,0.039127978025,0.466825458,47.792662275,5.88208764,9.82607422,0.2137836905,65.28755005,17.4182183,6.707864975,0.140049476,0.13681602725,0.527699615,0.76076357475,1.450788805,0.0609773256,0.988678225,0.5281619985,0.519739566
46.706573058,5.5269436855,7.9954953212,-0.12133748639508,60.343086972,11.88528497384,2.973792778381,0.108211009796,-0.023744762617722,0.23394467544798,0.01221136014216,1.3318678315,0.059083817653,0.88488914724,0.4543968654469,0.49619228669,1.21129449006114,0.218378343646004,0.838629860640299,0.116883977397638,4.58895069089416,4.2548652567442,3.07956064267939,0.0221507202899461,0.0776441521386207,0.24226530516549,0.405006987750922,0.0892927057979794,0.00937795095488503,0.0643769375755191,0.139196461948101,0.014507698679155,44.23872805,5.12200942,6.5735463,-0.36122274525,51.9885688,3.8079675175,-2.87211125,0.065806367425,-0.17577938725,-0.22594551175,-0.76709569575,1.16730678,0.039041808675,0.7232582645,0.0795158632,0.4700171035,48.9833874,5.9849533425,9.73166079,0.1018682255,69.498959,20.0746315,8.998567465,0.15134276,0.125303405,0.70790639975,0.79695878475,1.52533628,0.0772504869,0.984265635,0.71135987475,0.52657145
46.445357026,5.6072790323,7.5170985989,-0.0766321247092196,64.907496921,16.7367294481,1.34581220820432,0.08477192639,0.044311446870025,0.105873416128557,-0.42408230221295,1.349104496,0.056016501831,0.89814336883,0.437667869769,0.48234556631,1.11363223052428,0.221551109844462,0.762456993126427,0.127976579540996,4.49792531340417,3.62827057141402,2.76201652701408,0.0217746063627828,0.0726621686302296,0.217284494301597,0.388243849901931,0.0919424514043863,0.00867434407651846,0.0570890070426905,0.130891107684554,0.015944543756038,44.3871886,5.2003001825,6.093009255,-0.335889133,55.630579725,9.683034085,-4.090910615,0.038951807125,-0.10026867775,-0.321826981,-1.1793533275,1.187305345,0.038237970125,0.76604158375,0.1823555215,0.4529817245,48.6801512,6.058423465,9.0089566525,0.166073698,74.101391875,23.819476025,7.032423925,0.12739811325,0.18868296875,0.553232267,0.34150168625,1.54086037,0.07378721155,0.9892262995,0.70253931925,0.51497157175
45.844635267,5.8384362436,7.7482569778,-0.23399463210096,56.645644111,10.5801404876,-0.7847590099653,0.07836303767288,0.0727566612958547,-0.06173604056795,-0.553704804121598,1.3531466442,0.060142851532,0.9066513752,0.41736754808,0.51049512441,1.25558164855068,0.228534632591309,0.810291917816537,0.118278999200316,4.32051301991616,3.65263652001279,2.72446810220254,0.0217210171349635,0.0724699840346371,0.214330605267705,0.374347888354927,0.0811719657835182,0.0101252530527967,0.0509362009189794,0.0936070761134655,0.0147226625158732,43.219297225,5.4286306925,6.301503675,-0.45540584025,48.31849645,3.8207879575,-6.11319909,0.033187296225,-0.06694267215,-0.4809179635,-1.3056779375,1.2088540125,0.04106478565,0.7976703295,0.2420066485,0.4829405015,48.232774,6.31016084,9.52826097,0.00514021673249986,65.036176825,17.73881315,4.7075791425,0.117804516,0.2122553955,0.37033954575,0.1281614005,1.5179903075,0.080545529375,0.98516919125,0.61844122075,0.545034536
44.96085758,5.5807694823,6.5753566129,-0.00613009804588,61.718418592,6.1774565426599,3.9530147874467,0.14482912222,-0.07820325092343,0.31097888445072,0.619253348879927,1.4321918901,0.058510732121,0.93449709203,0.73304352282,0.47115110036,1.10981009090199,0.20968017267607,0.67362052411408,0.155998130448978,4.4927594708147,3.52490342672862,2.81666308135884,0.0240490979128172,0.0759782137730131,0.221583472624575,0.406878285160109,0.0898524868534162,0.00972182905592546,0.0571672131719274,0.136936657767392,0.0138523790241814,42.871983925,5.1799840175,5.309767755,-0.31473539225,52.641511,-0.54846735825,-1.67589345,0.098084893175,-0.22536090725,-0.131840512,-0.188893489,1.2665842725,0.039500302175,0.78336363525,0.48088067475,0.44465079125,47.03105375,6.0010051475,7.914814555,0.28897838325,70.516977975,13.13474135,9.4720714025,0.19060357225,0.074728843125,0.745156379,1.3744948775,1.6161652075,0.078397089525,0.99771283725,1.0284512,0.4978664295
46.210992587,5.9108648369,6.848558456,0.02790644341665,60.109395039,12.6784317105,3.537074964034,0.108082959302,-0.03531052475359,0.2782574026672,0.18673205456896,1.3395632619,0.040572549216,0.89568664501,0.435178215724,0.5132909288,1.05055209871158,0.211543293243047,0.707529644644445,0.117811937209433,3.96293314548369,3.2788631984414,2.90232416977981,0.0225869187620206,0.0770101596692006,0.228322326633391,0.398966060417501,0.0914700240168806,0.00832457530880525,0.0832513996556992,0.164950918348294,0.0144570339990419,44.237608925,5.530134335,5.7162916525,-0.21011382525,52.543276125,6.09966693,-2.05727797,0.06548492525,-0.192020905,-0.161843573,-0.57307971625,1.1669933725,0.02508148355,0.6863990425,0.04075855545,0.486638572,48.304049225,6.336712065,8.4689765,0.25983661925,67.856495775,18.645404875,9.48520991,0.15403768525,0.10939783325,0.746189973,0.98678414975,1.5202139675,0.057530266775,0.99664495075,0.72538094775,0.543581486
46.982873039,5.6601642223,7.4030981675,-0.04861593338404,57.840502879,10.067951068377,0.317092137693,0.091497604082,0.040128924155353,0.02494525451104,-0.179769446748307,1.22798760134,0.043224453895,0.92175452564,0.64716156225,0.53001516526,1.13409572753549,0.20864540101175,0.781250844013479,0.13640933426203,4.79729289307981,3.99542584796341,2.78059873055578,0.0190862241965987,0.0701309391085892,0.21874633364107,0.34624185002369,0.0909317789526333,0.00960113338673925,0.0629482332174917,0.117463046768997,0.0159915161824065,44.838542975,5.255042995,5.9997443125,-0.3196959935,47.779160275,2.0065868875,-4.919884835,0.0511357793,-0.090503228025,-0.38704138175,-0.86440790725,1.0610955975,0.024915768875,0.75605651125,0.44106244775,0.500528184,49.08191575,6.0784837775,9.1014434,0.21117417625,66.855956575,17.16557835,5.4898514575,0.127685892,0.17042230425,0.431879963,0.49329784625,1.417364675,0.063726699075,0.9969348135,0.90184920575,0.562410738
45.201389264,5.6080642814,6.1815847328,-0.04169945418949,61.759328339,8.711708211048,1.6913977417694,0.116880316418,-0.004044260523971,0.13306021150856,0.124895111737043,1.2923578637,0.058277152069,0.87700876834,0.42425286973,0.50703017911,0.890066323612377,0.215062084959182,0.708453413580094,0.120600389229561,4.46978257740091,4.01423471939292,3.07248345623647,0.0272370145036227,0.083660400388609,0.24170855171593,0.452753457069528,0.0875802567499343,0.0115925123301315,0.0707933526583887,0.12218629000184,0.0152192839907894,43.484097125,5.1960067725,4.9212671875,-0.263573317,53.604454425,0.42533695375,-4.173864355,0.0631061204,-0.174319586,-0.32835285975,-0.793250967,1.1305296225,0.035600594075,0.713687851,0.205817975,0.47656060275,46.91374755,6.0336944575,7.6534932325,0.18444096075,70.6564412,16.3785523,7.702942545,0.169783236,0.15619112675,0.60598115875,1.02281432,1.4639104975,0.08016023,0.98466484175,0.680622571,0.53698071225
47.978186995,5.8871538861,6.3427405128,0.082409916352885,66.519246567,15.2045777737,-0.24631122615458,0.0840929309197,0.080442386136229,-0.019377005869404,-0.37268390078149,1.3313199034,0.055523635276,0.83747987804,0.40036797455,0.48575514196,0.961282462632108,0.219810656209125,0.689183319394689,0.128767554675431,5.10481674305126,4.21998989551238,3.18853090313451,0.021947165849855,0.0809617871122081,0.250837863490367,0.408837723418857,0.0993315670673128,0.013764112680409,0.0714488001234107,0.119456900729669,0.0144388819242755,46.038168225,5.4721689925,5.1340381425,-0.16440656775,56.761740675,6.485372905,-6.7655161225,0.03527202535,-0.07007795255,-0.532234954,-1.239423395,1.14029269,0.02844195785,0.67952064025,0.1461178715,0.458779385,49.91320585,6.34434177,7.8183088425,0.33768604075,76.777558875,23.768693575,5.809008935,0.123722336,0.25435347225,0.4569876955,0.39281189,1.5297652125,0.08165316975,0.96339107425,0.6263893075,0.512484608
44.978761287,5.9894214056,6.2318982077,0.08236251070416,59.425354536,15.4076373291,3.991772599471,0.097189726561,-0.034520601610739,0.31402791472156,0.12979352042557,1.3692610185,0.041780630269,0.83900937338,0.58262583893,0.51343891227,0.963947522826797,0.212162990891855,0.656930227542342,0.128959645666668,4.07653512574967,3.143079034819,3.0510761598949,0.0256947496064859,0.0843790486621975,0.240024465299129,0.454380860489857,0.0810873392237534,0.00932343845648077,0.118811073655289,0.127719704153653,0.0155068348788952,43.153011275,5.60166419,5.02156934,-0.16891894475,51.7142486,9.1636805775,-2.120027195,0.046569281875,-0.192584757,-0.166779972,-0.7922410485,1.2028804775,0.02470933395,0.56136067575,0.34286171475,0.48282994775,46.8417852,6.4293256,7.675938795,0.33924561775,68.1341583,21.444832475,9.85440691,0.146343187,0.13674619375,0.7752342615,0.988731343,1.5282016,0.0599269645,0.99393390075,0.85257964675,0.54446640875
45.580815621,5.7805514307,5.5665223122,-0.1638241696905,50.341627641,8.459445718862,-0.5968352822287,0.0747175304379,0.05733536437558,-0.0469523087099,-0.37664326573206,1.3771598168,0.055591894992,0.91832261426,0.397765677976,0.51210460219,0.847508300851088,0.205986140567891,0.676674825506854,0.108283359989785,4.35725033007957,3.94978099657265,3.20348220259746,0.0303609415016168,0.0904121598266556,0.252014064264155,0.490676326747126,0.0878750342952395,0.00943934945740979,0.0605178099311329,0.137538616350079,0.0155784723407435,43.848735525,5.4036186475,4.3873284175,-0.375718576,41.63154095,0.58568687225,-6.4543031275,0.016959222375,-0.130905915,-0.507752209,-1.2826723475,1.2050194775,0.038858833375,0.78362594325,0.098939258425,0.48330230775,47.208693525,6.1993052125,7.02402763,0.0448771973,59.3464125,15.834510825,6.0318699375,0.134228515,0.229891743,0.47451990825,0.6161696145,1.5427228125,0.075669153,0.99391055425,0.6409951685,0.54282143425
45.685316685,5.6957442243,6.3046853123,0.11925836444704,55.57046503,7.3586313134477,-1.2639724622348,0.0872234771118,0.070251026848189,-0.09943518243754,-0.07566325344035,1.325226413,0.037690537703,0.84095592673,0.52600357618,0.49551963052,1.01886363733079,0.197898444563773,0.704018645607876,0.117614287863821,3.87661778985492,3.33512556928172,2.86025664061879,0.0231709479748636,0.0765317742207112,0.225012925076405,0.401146145497148,0.0847924412035617,0.0101468743697754,0.115139367895506,0.106666434412781,0.0153879845738588,43.806995125,5.3136649225,5.0879042925,-0.11746380475,47.854602425,0.71260408025,-7.02722102,0.0416624143,-0.08588165725,-0.5528229635,-0.82908708775,1.1701019575,0.01821579905,0.575039433,0.32299668825,0.4660995715,47.65904685,6.0971444525,7.7526214425,0.36297687825,62.461269275,14.362924075,4.60818001,0.1308086235,0.2217011865,0.36251994275,0.741088264,1.4996749675,0.058723014375,0.98640236275,0.74447907425,0.527764789
48.431969568,5.998202796,5.9024175478,-0.035459529962242,64.813161577,16.8741083464,3.8927624927413,0.102345934296,-0.02470316989232,0.30623890944033,-0.049907159981309,1.3310000364,0.061865636922,0.89484952097,0.32199535652681,0.49657037726,0.935393633706927,0.225177513649759,0.669466504420487,0.127586926583222,5.50921968740066,4.90781348081896,3.08532335911094,0.0213578672140622,0.0768817390057392,0.242718651054816,0.376593228356679,0.101442781344202,0.0107327995360941,0.0594704793097451,0.121166578467205,0.0154349745009926,46.589570975,5.61388022,4.7561438225,-0.29065912175,53.5523184,7.35712541,-2.260427185,0.05916096885,-0.17762087975,-0.1778250715,-0.824241739,1.148601675,0.04031177005,0.7545445995,0.080033151075,0.46667641825,50.2396924,6.4798913375,7.3579498325,0.204448719,75.417242875,26.76321005,9.95169758,0.14404378,0.124848755,0.78288799,0.6791098635,1.53629278,0.08217975915,0.9857456135,0.53579732225,0.5276246495
46.439525207,6.0361081954,7.8601884994,-0.04373018035748,55.514999009,5.721698107646,-1.32712447627673,0.094181442162,0.06404378598133,-0.104403274864818,-0.14725539738836,1.3565499065,0.050018994327,0.96259772684,0.58538345408,0.50160895274,1.17196547778281,0.220263288120246,0.855798756755104,0.126359167038953,4.25885675757911,3.62801580465557,2.56404448940339,0.0155317196260955,0.0635368418755656,0.201710273909522,0.301959262336698,0.0891388835439724,0.00905080859454034,0.0331949985927271,0.107530174739129,0.0137183193522494,44.189851575,5.6412918875,6.425683035,-0.3046479025,47.05494155,-1.7541560325,-6.011109805,0.065017517925,-0.0664283305,-0.472886727,-0.73201718725,1.1904546075,0.0321996107,0.8749707325,0.37904071975,0.4757053555,48.7691509,6.505361255,9.8109673975,0.204970044,63.92204,13.16741625,4.1671799875,0.12412434975,0.1793331105,0.32782700925,0.46458579025,1.5510388625,0.067316046075,0.99877238925,0.80281045825,0.52886451675
46.380599902,6.0721659864,6.63646075,0.1092352866236,59.903794994,14.4306828256,4.387857234239,0.105680272176,-0.050092609889861,0.3451874132706,0.27340391905689,1.4889244613,0.057496607478,0.92898324254,0.4552757456862,0.51858389148,0.968731319510415,0.228501736156035,0.744363471875407,0.133689832363011,4.73980089591732,3.92169163847673,3.34035871624871,0.0244964274773782,0.0871174473187458,0.262781974091957,0.444103212294364,0.103037248390258,0.011213887702247,0.0525257495914316,0.139944069777097,0.0164607370042592,44.581993675,5.6533497375,5.402904635,-0.14766769675,51.28742,6.7113055175,-2.5605083725,0.0562316441,-0.2192868545,-0.20143209125,-0.64596900975,1.30501327,0.03777260915,0.802232788,0.17562805125,0.48846528125,48.232711025,6.5265164225,8.300768585,0.38156377925,69.29666285,22.3980846,10.783704325,0.1534198075,0.13120771875,0.8483409925,1.1298434225,1.6980859875,0.081672414575,0.99672579125,0.7197576835,0.55218885
46.985297921,5.6659418264,7.3931254624,0.096196976647019,58.936223936,8.101868399398,4.712095724925,0.134928524006,-0.08964198816095,0.3706948622652,0.6843135442347,1.3621857344,0.049183776285,0.91404991492,0.53717682195,0.5132051882,1.15175269504045,0.193919846151058,0.783882624409272,0.127303240118788,4.40086542612787,3.78431483667122,3.00203940100438,0.0211998487988699,0.0783692130934914,0.236166802659015,0.388871945423854,0.113118406129488,0.0122201084664727,0.0679620893015333,0.129650428247002,0.0151088986753453,44.743730875,5.3087801975,6.04819634,-0.154856904,50.338603325,0.387723008,-1.154411005,0.0938059815,-0.2390400415,-0.090816115725,-0.11130035425,1.148683255,0.026704393575,0.73635553875,0.29213698225,0.48451165,49.2347523,6.07334715,9.192460005,0.34515397075,67.3207298,15.833155725,10.5333101,0.1749039795,0.064193452775,0.8286427375,1.4190173775,1.604983725,0.07208886355,0.99557072375,0.80009921675,0.54474954875
47.884011313,5.2696038281,7.9853700537,-0.011284859952663,59.74429764,14.5417552724,6.3221518879267,0.118789905844,-0.10247345143136,0.49735603031866,0.40469819446897,1.4903895365,0.059818252249,0.9108312345,0.55615793724,0.49519480008,1.06432045744712,0.202545004008893,0.817794369515298,0.143630463109099,5.06111455575218,4.16228771995422,3.05632627792947,0.0199295463894408,0.0770131293695744,0.240437485416949,0.361538806344094,0.109521107461657,0.0112526229677423,0.0621328289306514,0.111122225361628,0.0138396340490386,45.901989425,4.8939630025,6.52699109,-0.290274333,48.824205375,6.5113931325,0.12568706675,0.082373455475,-0.2475645885,0.0098876490625,-0.32628760725,1.2728168,0.0335505429,0.75309390525,0.34954175575,0.46758723775,49.947065525,5.6660680025,9.6625333425,0.28052745575,69.447552625,22.709170875,12.0904216,0.1575404395,0.046060890675,0.951138807,1.0980764125,1.717079845,0.07972376405,0.99531555575,0.7980138895,0.52197081
46.850125329,5.8034744072,5.6021163112,-0.021700385393843,58.521488815,15.2781918722,1.0270132008147,0.0742157999349,0.04596307303739,0.08079388452447,-0.37153248052679,1.3215386681,0.055440816292,0.8844507435,0.45771949472,0.50584163878,0.879250707505017,0.211160412362226,0.646632981149537,0.12301114393663,5.12586869418329,4.34359046415816,3.2291169601975,0.0252882532669118,0.0850601164906362,0.254030719528802,0.426205464555299,0.0949801876316728,0.012017700804675,0.0528063141309565,0.095599615312323,0.0151935592555029,45.131149375,5.416000205,4.417816755,-0.27252190375,48.013594375,6.820375905,-5.365978125,0.027328794425,-0.1306731875,-0.4221350035,-1.20442206,1.14714893,0.032567073775,0.76508307925,0.28732453325,0.4778233905,48.515801625,6.2209845925,6.9462699125,0.2168455225,68.18466175,24.376694,7.2796303175,0.1280256755,0.2153040615,0.57267970175,0.508201375249999,1.5151191275,0.079927626225,0.970808267,0.65488849175,0.53526587875
45.735928506,5.927501266,6.3862745653,0.01982075370483,62.076526137,13.6980401614,4.1286599286972,0.112275768163,-0.0465528405337047,0.32479667513399,0.21071121736477,1.4032925935,0.056323302716,0.93298125252,0.5798852264,0.51839266145,0.951227479672906,0.21455397474185,0.709529974585718,0.127716477708609,4.14324580981691,3.54822878431373,2.6125369708215,0.0205115075317594,0.0684657150176021,0.205525118568292,0.351123945199147,0.0821075824797407,0.00944524783053898,0.0501189138868167,0.110764442104183,0.013523145359728,44.01028035,5.517589265,5.19007498,-0.238216483,54.1159251,6.4258143125,-1.0938642675,0.06850458385,-0.180962365,-0.0860529741,-0.5202651155,1.2510685275,0.039284867925,0.8071369735,0.3864117335,0.4930974785,47.685360625,6.3642620525,7.7992940225,0.262017071,69.72081005,20.612120725,9.1801175475,0.14905511375,0.092835813725,0.722188733,0.85668140825,1.5666527925,0.076725771625,0.99763400375,0.8252531335,0.5460322325
45.900865333,5.8929928599,7.4680331848,0.09199356049284,61.674125842,15.1485004179,-0.7059125275577,0.069666470634,0.092744522227875,-0.05553328340062,-0.4585277728001,1.3650598422,0.058495244935,0.94318741965,0.411690340833,0.5253434645,1.08255202949419,0.214614695862897,0.772107873819462,0.118548982408834,4.3243164184977,3.44707029382166,2.62573499964517,0.0212007112619286,0.0704739106993896,0.20656339144852,0.370865381759711,0.0854764232892266,0.00900526274939466,0.038228382917076,0.114109794147632,0.015930259921401,43.894017225,5.50778846,6.0970921075,-0.13646536825,53.1161221,8.6399453225,-5.5644113,0.028031391525,-0.045836187175,-0.43774549325,-1.1936085125,1.21203511,0.040241681075,0.854773207,0.20513716325,0.49594989575,48.103800675,6.33809962,9.1321121925,0.34065257325,69.95292225,21.6602909,4.6337771475,0.112890631,0.2193798225,0.364533629,0.31589497725,1.5476167925,0.07528515175,0.9966848495,0.6519868775,0.55918042825
46.686579206,5.5882563041,6.0540605016,-0.07636095324702,61.503881151,13.8764472935,3.4090378517364,0.104904070973,-0.02600028882297,0.26818487786411,0.00253970574367,1.2730767338,0.052354468201,0.9002946059,0.50718801061,0.52169136368,0.923041822697206,0.212761051819456,0.650148377825467,0.133522241885761,4.95884755206396,4.1226036141463,2.81080657612991,0.0210390452963414,0.0723053162786305,0.221122748381691,0.367566848873702,0.0904072682421822,0.00929029735560572,0.0624782555369846,0.111196023741489,0.014517529613073,44.938508725,5.19210014,4.942620655,-0.33378472575,51.727565525,5.3782585775,-2.01409369,0.05931779565,-0.169623245,-0.1584463155,-0.78982167275,1.1176636675,0.035771984725,0.76783559225,0.3082180975,0.492839094,48.518437475,5.993583955,7.5009315025,0.18720586025,70.659663075,21.95129125,9.0761479225,0.143802629,0.11695940625,0.71400956275,0.712855786,1.46214387,0.072414276225,0.99184458525,0.76022549875,0.550038944
47.461852594,5.765733884,7.0711553032,0.248579424285911,68.735989207,10.881122751696,-0.13277737592969,0.110039245644,0.056378470307606,-0.010445435407144,0.09064629298127,1.2824317323,0.059757439399,0.91301626869,0.5416210019,0.50855072586,0.996590347190785,0.218552436217412,0.734431681694101,0.142719693409378,4.95308529266719,4.34016693875305,2.90524884122288,0.0210533702281446,0.0749483144612881,0.22855240698568,0.383064230246602,0.0945212917987076,0.00939536155535323,0.0508970358347179,0.10863522101112,0.0157224985383491,45.572227425,5.36072409,5.7309172125,-0.02652055425,59.21148745,2.04291098,-5.8821186825,0.06719235815,-0.095322238025,-0.46273915025,-0.6979229515,1.0967902625,0.040177183225,0.7952752885,0.34464849825,0.48001295025,49.261396175,6.19532019,8.6101858075,0.52871573525,78.875848975,19.19320415,5.53465215,0.15249135875,0.2044431715,0.4354043775,0.865249097,1.4819759975,0.07774406485,0.993618602,0.7642982935,0.5394926345
45.686222355,5.6984774422,7.1485915963,-0.0113639130365364,55.676209174,4.4786678410594,-0.6912109448075,0.104889903562,0.040620642325903,-0.054376727738361,0.04793925899028,1.3460429175,0.052688205232,0.89191039595,0.457910501,0.50945983859,1.08729256576469,0.193145257791193,0.759027769229339,0.123565674139508,4.56413925780409,4.04861157648241,3.22392308840615,0.0222715122991357,0.0812987543139549,0.253622124130645,0.395607137692398,0.0937409742520985,0.0105770465830216,0.0678933428462729,0.104297392781248,0.0151214546902744,43.6887206,5.34399447,5.8576658025,-0.243329446,47.60026685,-3.896317785,-6.9616321375,0.0610009376,-0.11955248575,-0.54766317,-0.727014026,1.18356115,0.0334859055,0.737122688,0.26282610525,0.48117147425,48.032223625,6.0839594125,8.7910437575,0.2363611665,65.3309977,12.8543756,5.6160799775,0.1481034595,0.20152076025,0.441810205,0.804220928,1.52834788,0.073801368225,0.9949716145,0.68609362475,0.5402946605
46.158922209,5.8463774477,6.905779976,0.21904552481434,69.207963374,16.1672460278,-1.618740993605,0.076029391083,0.12265641070035,-0.1273443929609,-0.45880057619204,1.24150585186,0.043950757728,0.89848916274,0.6807502318,0.48985795188,1.22716391798509,0.235176974507322,0.771446278322947,0.143835422977344,4.23183741808565,3.75790411388413,2.69409503851247,0.021246677747323,0.0709811819334005,0.211941193161044,0.381265255898007,0.0946014768849949,0.0104123526476543,0.0675444439483341,0.117994671263092,0.0145564998366921,43.345757275,5.411885385,5.5321644275,-0.0295318687,60.6379692,8.3900718875,-6.78955164,0.03342908,-0.012645602,-0.5341258035,-1.1739705025,1.0711828875,0.0241122626,0.740333209,0.46841558225,0.46228645875,48.376671475,6.3291943425,8.56178175,0.51997251875,77.493479675,23.21503985,3.4681570425,0.11870753425,0.259561721,0.27283570875,0.23444274175,1.436740315,0.064846576025,0.99187899975,0.932024458,0.52048182375
45.880457429,5.7052358252,7.1740261753,0.0303220053968,52.891010126,5.7214776392149,1.4096702594439,0.107832453938,-0.010831685171186,0.11089705143497,0.27435131070265,1.2748337456,0.039658177226,0.87543042978,0.38652179071,0.50062405777,1.10110801398835,0.202130900390806,0.793195977727963,0.104018775157227,4.14051490811115,3.63744503936702,2.75669199934192,0.0199138617092944,0.0712237694012576,0.21686562009934,0.353231802295818,0.0764826121325751,0.00886207081648906,0.0920650730101239,0.110196737233787,0.0131675289358064,43.836728275,5.33401012,5.8644371775,-0.1703629325,45.019894375,-0.499671906,-4.0862151825,0.0700824778,-0.15123107375,-0.32145759625,-0.36914012075,1.127828975,0.0214122464,0.6552592295,0.1619067775,0.475018664,48.007849675,6.1103252525,8.869044085,0.24010313725,60.75817375,13.008526925,6.6641901025,0.146302788,0.11900190425,0.52426376375,0.9511296005,1.422226295,0.05752343095,0.99367656575,0.598667148,0.5259221205
47.454825908,5.7092807032,6.4507713526,-0.047540781772128,54.982239957,5.9688526217103,-1.2366325674183,0.092447944792,0.062766143066342,-0.09728438574631,-0.15813648174089,1.2975104654,0.054334074264,0.90050680095,0.65032110834,0.5076702053,0.976990273408583,0.207070443818992,0.69960593285193,0.139827260866623,4.55443879376289,3.78590453220124,3.11570296693734,0.0210314765932242,0.0797168122030853,0.245108577954374,0.394576842636649,0.103527624503558,0.0091410741641099,0.0624750171778439,0.132285137487822,0.0150494868072468,45.525442025,5.31725425,5.281250775,-0.33782369775,45.254254925,-1.1442868025,-7.654168135,0.049156595775,-0.085947387425,-0.6021441325,-0.942847226,1.108419445,0.0349195893,0.75182958175,0.41240989375,0.4801856265,49.4138325,6.13266428,7.95459395,0.2311517475,63.657250025,13.292534325,4.720307205,0.130721903,0.2330110195,0.37134084575,0.572062158,1.5085366125,0.0713163137,0.99015725475,0.92607031625,0.5394238305
45.145740338,5.7092886841,6.7307363744,-0.01638647614425,53.881692314,11.7051545986,2.5481233709202,0.0908124546649,-0.01297229264674,0.20045777888491,0.02151065020693,1.385673279,0.057041637223,0.84555479188,0.26902053115244,0.51323459723,0.991960833416138,0.198388088913721,0.731975293524037,0.104719255021972,4.18681070049344,3.67649195116148,3.24874903970881,0.0273608794435186,0.0883790184821885,0.255575151826831,0.459576360468974,0.0851310055859318,0.0102902107959939,0.0765843379426851,0.125035327495391,0.0142927114100565,43.210332375,5.3552664175,5.4279890325,-0.2261877785,44.817442075,4.2221787475,-3.515249545,0.037449512225,-0.18073503925,-0.27654042525,-0.90769277675,1.2372527175,0.0375784125,0.67726406625,0.025940728525,0.48555955775,47.1112816,6.09407143,8.436880475,0.1884290445,62.214137125,19.03837585,8.9199423225,0.14382578675,0.15646214775,0.7017210595,0.882468071,1.5661813375,0.07686351335,0.97673740825,0.5077440595,0.541442218
45.721904016,5.570382886,6.4856818781,-0.069295695796312,53.82873524,8.185909446905,0.6618297055897,0.09326095213,0.021574310375572,0.05206534097833,-0.06955310571843,1.3573891934,0.049279453498,0.89539114002,0.56162971944,0.49619566861,0.983435507642052,0.218503175462076,0.753072835172701,0.128470433109936,4.34994280178089,3.67623143084657,3.15526022430123,0.0256897021865126,0.0849149525211897,0.248220499676147,0.45084981208398,0.093247928930259,0.0107475752106587,0.0753198009502384,0.120322703253107,0.0154763195972385,43.76217955,5.1626883325,5.1435292875,-0.309490161,45.0524576,1.146483635,-5.7710661125,0.041319415925,-0.1457046815,-0.45400277525,-0.94809027575,1.18942077,0.02908580545,0.72179504925,0.3473064855,0.46743387475,47.6116882,6.0418772875,8.1250626725,0.183826328,61.64286645,15.2348778,6.9751034025,0.1420663185,0.195075383,0.54872293725,0.751754037,1.5454150675,0.072503045725,0.9954881795,0.81088850525,0.527796208
45.462200065,5.7167655663,5.7596900912,-0.03643294170892,60.903584378,12.9835887803,-1.687142040471,0.0707387555365,0.109095080462079,-0.1327254205559,-0.5920138510845,1.3454899899,0.046700374624,0.88296520324,0.415654498209,0.48662127464,0.856935454052434,0.194687039678003,0.662506470830802,0.115729021361633,3.99238544017375,3.46836763478914,2.536998600542,0.0223463663290051,0.0686010835070449,0.199582606734324,0.378159025923477,0.0779590091152029,0.00971793572484031,0.0789856046324919,0.110622114385784,0.0131297322845035,43.76371365,5.3356993025,4.584697465,-0.27271796925,53.517328425,6.122259185,-6.51099795,0.027367656075,-0.025915445275,-0.51221232775,-1.3453843625,1.2054457175,0.029899393525,0.70898304225,0.215255094,0.46348127275,47.2483194,6.10733967,7.1970954675,0.18497105725,68.65852115,19.09845165,3.46446522,0.11704910975,0.24466279425,0.27254528125,0.13805819125,1.517123105,0.0688920078,0.9923370025,0.648201474,0.51306817375
46.093261962,5.7110838711,6.4815068591,-0.07705464996402,53.912513736,9.15362636066,5.6745634089297,0.125266468836,-0.1108752288093,0.44641102919095,0.5374152013873,1.300425767,0.045972091007,0.88315524023,0.47369896187,0.49684543089,1.01474754424744,0.209013516609547,0.744811060342297,0.114010743787783,3.88751531365682,3.70917721100853,2.67405785557136,0.0212386127400882,0.0701852617809298,0.210364892315403,0.363957679804888,0.0758993142642044,0.00886372576199576,0.0783967004031635,0.125744602791642,0.0144995371154947,44.167364025,5.316983695,5.2132393125,-0.28338530225,45.845807325,1.4889174025,0.359585181,0.0819741225,-0.23916575175,0.028288130525,-0.19053029075,1.1512896575,0.029552781475,0.70107313575,0.23752967,0.469002059,48.07285845,6.128802605,8.104977215,0.147290324,61.8663317,16.116607375,10.59151925,0.1637373995,0.0304563075,0.833221963,1.2144527225,1.4517576875,0.064644500225,0.99513814425,0.7467198835,0.52574920525
46.170652458,6.0044847979,8.1362355516,-0.00246766329188,56.561607158,8.672759919051,2.2111941773342,0.108634628795,-0.018453874503872,0.17395196739046,0.196515095681323,1.318236408,0.053794074759,0.95508259357,0.408687491397,0.4969965561,1.15104670697402,0.215054259117982,0.892715285614165,0.102060477210267,3.55513002746422,3.37344052926063,2.54031543432482,0.0167715138458884,0.0637482649381919,0.199843537622884,0.315965690750233,0.0799550951149985,0.00868031218732471,0.0367055357070159,0.104801365072315,0.014278285008123,43.66262865,5.603060295,6.6115541625,-0.1935157305,49.2229508,1.8416198875,-2.68528232,0.075953128125,-0.1407430745,-0.211247906,-0.417173289,1.1676454475,0.03859666735,0.86620511425,0.20188426425,0.470545138,48.2924353,6.43132683,10.1573922,0.19993761475,63.111654325,14.3587121,6.9034280025,0.14043228925,0.10339171375,0.543084313,0.7955131255,1.47859314,0.072417178775,0.99821204225,0.61985990575,0.5267878455
46.560347312,5.662724929,6.8071407751,-0.04901352833534,58.325441863,9.62419719686,3.4609927094102,0.117427504146,-0.048034336761952,0.27227210397999,0.273074504162879,1.4078968378,0.056292067273,0.92097567449,0.58435007848,0.51165086718,1.02146744090134,0.201103922276077,0.77070942384003,0.135063343632377,4.38368541787676,3.49407562555965,3.03677620578629,0.0244941302255652,0.0818786067079142,0.238899505624971,0.436061406213524,0.0869099796493594,0.00965875733895671,0.05777340856784,0.117005019820446,0.0151013080474604,44.64467295,5.2709476075,5.4442348575,-0.31832924725,49.362547425,2.97226584,-2.490978505,0.067084697725,-0.21035431275,-0.195962264,-0.613225742,1.24758176,0.039354823525,0.78121570325,0.3582586145,0.48405786525,48.583455,6.064169735,8.3250008375,0.207535191,66.81578515,16.307590825,9.39622671,0.163491171,0.11460976725,0.73918977425,1.0917515425,1.5832715825,0.076956944525,0.9963002175,0.82263309425,0.54186938425
47.454816448,5.5977301063,6.392544863,0.0453992909625917,60.711149556,15.0542457804,0.40170733251911,0.07585733937304,0.06198488743698,0.031601829255624,-0.35793322284747,1.4015985286,0.057020206716,0.91018554029,0.68393791242,0.50614477302,0.959574297661524,0.211652234438752,0.735124064849476,0.15371281006034,4.99690758786899,4.22292639333906,3.21248659800089,0.0242256714183133,0.0837560634173296,0.252722428837445,0.420330303541373,0.0914570930472426,0.0110964598777368,0.0577720479038423,0.115219972577221,0.014381300476898,45.7097747,5.189410045,5.09479426,-0.24756165075,50.386078675,6.9330581475,-5.9887621175,0.026536833525,-0.10277550375,-0.4711286665,-1.2014097225,1.22187487,0.03723734255,0.782124279,0.47705607675,0.47841251375,49.437289825,6.025560135,7.9292429875,0.35422831825,71.057740775,23.6421677,6.85748794,0.1205940245,0.23475112825,0.5394702705,0.428220392,1.5862391925,0.08073360085,0.9942413385,0.91763077575,0.5349346175
46.300589667,5.9920148667,6.5272672154,0.10687225091345,65.695613609,16.3766858072,4.978361160158,0.114562398113,-0.05681468276073,0.39164164149048,0.27549948825395,1.3603209071,0.049180270113,0.9249294395,0.372467829608,0.5085139751,0.990091094199059,0.21827038927944,0.711309287369619,0.118488611590074,4.22680479436852,3.50969179370548,3.08422398299297,0.0218132603369983,0.0803850255465989,0.24263216441258,0.384638197971969,0.0860125702744589,0.00951265326623943,0.0536486259782489,0.109156957091796,0.0146608515450483,44.48954165,5.5731006925,5.285025395,-0.13099717475,57.5668335,9.4857547,-1.1492010975,0.0710629833,-0.212459639,-0.090406258375,-0.4821016505,1.200360045,0.03119084615,0.80550338325,0.15974922425,0.48136713825,48.240565325,6.4291964925,8.0506264525,0.32865136525,73.90591765,23.237416975,10.89384325,0.156907479,0.09777996215,0.85700548,1.0217826975,1.54216751,0.0685755135,0.9973005235,0.5785339245,0.53868456975
45.920639643,5.3363950312,7.2678553938,-0.05112622617686,54.794190776,11.09102640439,4.2746090815178,0.108274401665,-0.0631831947154553,0.33627831800975,0.26332051529292,1.265512259,0.0292635199947,0.86553085207,0.443822812895,0.5182861181,1.0379468029952,0.198241100709729,0.779675550241253,0.111428524091825,3.92937472503141,3.22090874370001,2.70591148304748,0.0199752625594337,0.0711537164621754,0.212870778187714,0.362724014516478,0.081116555602876,0.00893557680756883,0.118695875296434,0.121314647015308,0.0149248053668345,43.94766675,4.9787534675,5.962637565,-0.26103862325,46.784760725,4.99025953,-0.89175356325,0.07078677635,-0.214698944,-0.0701531724,-0.42396209675,1.109287885,0.0128992843,0.56177372925,0.208450252,0.490537319,47.906635525,5.7649434125,8.95510738,0.1745281865,61.92394025,17.6970338,9.77028638,0.1484268285,0.069089300975,0.76861659025,0.96540694375,1.42055475,0.0476118134,0.994160248,0.67479073675,0.54715412625
46.299758622,5.325882762,8.6921482242,0.07969002261657,59.267709038,11.40720668486,1.72291635470625,0.098842635584,0.008159781333098,0.135539742433632,0.0662581729246803,1.4029157771,0.061484820391,0.91635653046,0.58385812837,0.50785358548,1.25677173599211,0.185039493192986,0.958768379936759,0.124052196105237,4.26374545308251,3.69925912459948,2.70051220510289,0.0197272029734164,0.070038002083349,0.212446023626105,0.353462895013418,0.0941712125332878,0.00929395404296266,0.0457142505031234,0.121914186172105,0.0139427468677603,43.85252725,4.963975545,7.12034802,-0.1520467455,50.312159925,4.2337015825,-3.3948764025,0.0577464004,-0.127802731,-0.267070813,-0.62283216625,1.22329328,0.042321972125,0.8051231535,0.35892846175,0.48178321125,48.764622125,5.7051230225,10.676228225,0.33383475175,66.883668675,19.145901525,6.8042336575,0.136423269,0.147016259,0.5352808235,0.765236936,1.5910918125,0.079993192175,0.9861827065,0.84407326925,0.53727158725
46.840395265,5.7349766579,5.7301474021,-0.091829373270722,54.919635445,7.071218207738,3.9147982717187,0.124493180625,-0.072825226614349,0.30797243795471,0.4215616695515,1.4633799729,0.058002457485,0.91421558946,0.51583947863,0.49635271464,0.959989995597795,0.21603179718756,0.724428378945051,0.142394480997497,5.27837828448039,4.32238360124527,2.94221618845028,0.0227585607259541,0.0746610762603828,0.231460584238243,0.394198347469375,0.103391835194085,0.0107581742873497,0.0626496779485724,0.107438648194118,0.0147394220015468,44.9527209,5.34403532,4.426809275,-0.4030055035,44.8393178,-1.57541084,-1.7114546,0.081428479425,-0.2195869115,-0.13463805975,-0.3210807035,1.2640974475,0.0372798867,0.76946098475,0.3110563465,0.471684219,48.60157085,6.1519426375,7.2852138475,0.1869676475,65.3265451,15.304208825,9.7511914325,0.16793269325,0.072006969075,0.7671144145,1.1858951,1.6772847525,0.07797827765,0.99375316725,0.728412596,0.5289108775
47.216954835,5.3742746554,6.7570901782,-0.15545039958083,56.270467352,16.3022210104,4.2173432276524,0.087301820018,-0.036355393915083,0.33177328276217,-0.15670685623777,1.3890979522,0.048752847141,0.91336870439,0.60977712161,0.50111098913,0.960271070850172,0.205778066612884,0.745383426973883,0.15121210409229,5.76509604516716,4.90473991242623,3.03434984172776,0.0184424185848407,0.0731436138581091,0.23870862594383,0.35720332315615,0.106294564209359,0.00967488992763314,0.0625818179815259,0.125871964460153,0.0149179311466839,45.41849575,5.0066695675,5.4529229875,-0.45522854525,44.153085725,7.0159070875,-1.7885610125,0.0519542639,-0.17663250575,-0.1407039255,-0.86275591325,1.1921982275,0.030625477775,0.769388051,0.37318304425,0.47342750375,49.13450535,5.7682489175,8.45375591,0.13787665375,67.653264725,25.793987325,10.0708855,0.1215979985,0.11085023475,0.79226439675,0.5394802155,1.608513905,0.068068943925,0.99644423425,0.852969508,0.53266918
45.775781347,5.8045860076,6.6731013923,-0.08832418109388,55.822838701,5.696813200598,0.2064653345205,0.106114123724,0.021966550286306,0.01624237756015,0.01804820265785,1.2954859906,0.047964378587,0.90189741105,0.49761813392,0.51695713608,0.989527015227079,0.215684268441962,0.705454856384485,0.11500915659125,3.72302857755667,3.23304421516277,2.95634125297149,0.0219028333435434,0.0779227114002114,0.232571784822949,0.387134511636404,0.0798184481642816,0.0118193280046428,0.0645943153345053,0.102942222802819,0.0153110047278422,43.84584715,5.3856098175,5.473768175,-0.30772916525,48.31420565,-0.3542920005,-5.9071007275,0.0625006461,-0.1349351175,-0.4647044545,-0.7664375305,1.1415321525,0.027934799675,0.74657031175,0.28589026175,0.4885517155,47.880335825,6.2344072525,8.0917402325,0.144663665,62.95569115,12.1106877,5.9859749425,0.14809325625,0.18416699025,0.47090940125,0.7731875115,1.4641968525,0.074329793375,0.9916935,0.69347600275,0.54775908
46.457925244,5.5241000841,7.4242397237,-0.21735841847413,56.015763044,7.309838650322,-0.4293305498659,0.094531411146,0.0471800150101042,-0.03377491423607,-0.29375709618775,1.22897362527,0.037231306798,0.90094387155,0.53536033701,0.49900317317,1.06767820429161,0.201970377245431,0.776077607549562,0.125925213976756,4.27368013284166,3.83420357279442,2.79938808612397,0.0199810654368946,0.0726166047789653,0.220224469398099,0.376997207879687,0.0832824573866925,0.00974491408875277,0.0761192636259395,0.109561631913662,0.0157737857456227,44.36379865,5.163451585,6.070508505,-0.45814765425,47.74957935,0.111390519775,-5.9580282925,0.05530158565,-0.09935272905,-0.4687108625,-1.0561412325,1.0844583975,0.020175863825,0.7029068815,0.3251563395,0.4682179685,48.583032325,5.9437495675,9.2365201525,0.0233495929,64.2854603,15.05167285,4.9835390075,0.13529373325,0.19228519675,0.392048977,0.4588736845,1.40235003,0.05670137475,0.994961283,0.76399515575,0.52976525525
46.312281389,5.9257118024,7.4092362267,-0.2466462752425,53.858936317,12.9338785938,0.8420143477746,0.0727511741248,0.03966036829071,0.06624024873022,-0.51340428420592,1.3967341474,0.045394328315,0.95111546905,0.466061029383,0.52517967333,1.09378172709516,0.232421655820461,0.854207860293834,0.119006652565104,4.12327421170925,3.67029749683115,2.72100816119787,0.0197618816832872,0.0707171872238786,0.214058415776782,0.362477790249201,0.0892504567127453,0.00814027713459752,0.0476174930537027,0.127652617215795,0.0153258288888462,43.895592975,5.51158714,5.9678729925,-0.4743360855,45.4292417,5.7330125575,-4.2088150725,0.0323248652,-0.09871743705,-0.33110237975,-1.2063261,1.22971476,0.030357169525,0.82672001325,0.24682400125,0.49500211925,48.4995345,6.374018315,9.2980354325,0.00225898660999998,61.384171575,20.523725625,6.5359351625,0.11075456825,0.1710887445,0.5141741025,0.19064758925,1.59025886,0.06201828445,0.99836398525,0.72903598975,0.55646437275
47.441129035,5.8587351167,6.8298273643,-0.118029902419991,55.487042563,13.28166085777,2.9858987163185,0.090477325531,-0.017307075112286,0.23489703485053,-0.10562636097653,1.3509528853,0.040269275967,0.92860550279,0.5254510386,0.49661919403,1.10658908117235,0.206064855853296,0.794558108700753,0.11965195516861,3.94388769312215,3.59072659281634,2.68738795357702,0.017714169974111,0.0679128903936533,0.211413554795218,0.337907598065385,0.0889726444716116,0.00800037273995448,0.0547313406893116,0.0951892917147135,0.0129662793375343,45.1354646,5.479887115,5.3920413225,-0.35624894325,48.1170747,6.3169845,-1.93177607,0.05665141045,-0.15012090275,-0.1519704895,-0.77039904,1.1848259725,0.026638998375,0.79253033725,0.36160525225,0.4726259095,49.60490215,6.2751121325,8.54441429,0.112205582,63.413220575,20.2113844,8.251876625,0.1230092635,0.113617892,0.6491651345,0.520224321,1.520368845,0.0563708976,0.996216236,0.7375213765,0.5219463625
44.92268423,5.7682731056,6.8250603987,0.091800952158364,53.788363963,12.56566118683,4.5235539687782,0.1009205743591,-0.062845691303835,0.35586251121459,0.3416230657079,1.4271281003,0.046337365455,0.78171529247,0.2670458949246,0.51479913246,1.04933045787781,0.214869239539413,0.759481179900541,0.113281753245075,4.38200125869956,3.90109005176299,3.39945280473233,0.0297277947866027,0.093872990211409,0.267430834879781,0.496743108832334,0.087983404677038,0.0116320667419107,0.127966938381085,0.146843881000012,0.0162132437281343,42.93265065,5.361980145,5.424922395,-0.1309232275,45.095058675,4.67964154,-2.541591675,0.0382480616,-0.242690972,-0.19994394325,-0.68549177,1.26752997,0.023871759875,0.49823371125,0.017311290225,0.484340707,47.087053125,6.22186734,8.42367667,0.32603350275,62.14117905,20.329940825,11.023088725,0.15558507975,0.13172355425,0.8671730635,1.2426790025,1.608987945,0.06968808805,0.9840163725,0.54507429875,0.547500049
44.906882995,5.6764882655,6.5080775474,-0.090163659646528,61.63869992,9.77661240118,-3.6654161381093,0.07293007909599,0.14767183627317,-0.28835384704118,-0.7093516405503,1.25993670677,0.045628551022,0.87279867091,0.2810490085813,0.49577319803,0.962847821718873,0.218781799037182,0.742551938016414,0.101447842670989,4.0877221019559,3.47748556699918,2.88029323403209,0.0239619886452219,0.0774077376739192,0.226589179076099,0.406083208994392,0.0818148797827384,0.00966817792270577,0.0820738878648189,0.122621793459486,0.0152925708730223,42.89806135,5.25713687,5.2743489075,-0.286852094,53.801374425,2.9539620625,-9.3789420225,0.0241301879,-0.0077170106275,-0.73783000725,-1.526838965,1.1154309375,0.028351786025,0.679801325,0.043024618325,0.46653420675,46.675523475,6.1302270975,8.1454693325,0.117822025,69.801573075,16.863938575,2.2282607175,0.11674833175,0.298527915,0.1752945725,0.0654215814249996,1.4362804125,0.064734043925,0.990498221,0.5299859725,0.52620248325
46.341766487,5.742850262,6.6358041295,-0.01834792641351,55.799089794,13.04524787501,-0.1278277468389,0.069769322654,0.0667335825997,-0.01005605381538,-0.40734801465579,1.2889753901,0.054520028556,0.89893513673,0.408886789442,0.47926499746,1.1025309968317,0.221216075396469,0.744570742011844,0.120098297854864,4.76798022083351,4.28310365548556,3.25729609892824,0.0217677992184458,0.0823472800114107,0.256247537995454,0.396634529712376,0.0951258911400523,0.0117119108308056,0.0524452719031045,0.101371040485047,0.0146181811851867,44.16196865,5.33663367,5.357685625,-0.2529109625,46.588655425,4.5004441125,-6.23649186,0.028979437775,-0.10167409275,-0.49061725975,-1.1322432575,1.1107492175,0.03164848095,0.77632473425,0.21107044725,0.45347377025,48.47907295,6.1761514,8.2714483275,0.21309407625,65.267641625,21.256492075,6.295327275,0.11198129,0.22037677875,0.495245769,0.3583241445,1.5053382875,0.07759465895,0.9779322245,0.59874353975,0.51020193675
45.069601181,5.9111921402,7.2699937407,0.073196533521302,62.718058402,15.3543045478,4.907311121132,0.111779721812,-0.059826825571122,0.3860522212961,0.27211275810246,1.2633214745,0.049949554146,0.86044268699,0.3136846845717,0.50075397145,1.08938245336546,0.205339022745032,0.823060478485686,0.101185625310771,3.5481529943221,3.31620898286643,2.69650922884048,0.0232039053919914,0.0735758116466684,0.212131114703919,0.392328644848891,0.079214516136047,0.0123947159423891,0.0931107272212014,0.119104307521098,0.0139153142860147,42.9305402,5.53886502,5.852386395,-0.1180770935,55.5135823,9.00362432,-0.4169372345,0.063683905225,-0.2067279725,-0.03279994725,-0.52923161025,1.115020455,0.028440017225,0.65178004875,0.031652470325,0.475054059,47.2837351,6.3473265975,9.003251585,0.2658699015,69.676709625,21.727436525,10.322395875,0.15734009275,0.08527457625,0.812050362,1.0105213475,1.4122796675,0.0758068551,0.99466402225,0.551720894,0.52990402175
46.959525549,6.0263155826,6.4754428975,0.00050585144325,59.874332502,16.8292344627,4.166685807281,0.092955529801,-0.032414805865882,0.3277881247764,-0.01223610460508,1.4097524795,0.05364474636,0.90998374163,0.46504602916,0.49413243658,1.03974460838912,0.203947016228556,0.728210254875654,0.122771894304307,4.27884060861013,3.35147704394861,2.74334346373157,0.0182213849572758,0.0701378583828562,0.215815506779702,0.339657942097703,0.0857895293092402,0.00886636440835037,0.0501463498570146,0.105781936001421,0.013493192752801,44.9000864,5.656775585,5.2809284425,-0.233753831,51.518916225,10.49722045,-1.5940139275,0.056847594825,-0.170395056,-0.125399147,-0.70652724925,1.2479166025,0.03824518265,0.79857658975,0.2643541595,0.470258203,49.1171166,6.43643431,8.1139924,0.25928662625,68.063510275,23.733552525,9.2995883925,0.12848965775,0.1170037275,0.73158735775,0.615331831,1.5839394475,0.07200095925,0.988485657,0.69938514025,0.52009599975
45.153743772,5.8333642388,7.4635908872,-0.0201279779221998,57.680532444,11.0108816006,1.9515012384515,0.098602120777,-1.51147646309998e-05,0.1535222383419,0.00927129974444,1.3086393141,0.045018301351,0.94378950404,0.62948449692,0.48449642482,0.953542903386062,0.202890278142052,0.849265182783452,0.12512206636723,3.58534399499582,2.96469084423304,2.44944879052543,0.0184312658608893,0.0652328634838356,0.192695169250201,0.350547919828214,0.0763411499762068,0.00761734959453131,0.0481399534650647,0.103757764897755,0.0127883068659468,43.37904055,5.4346395425,6.055514735,-0.258886061,50.67860455,5.253814185,-2.663861785,0.062567921575,-0.12627326325,-0.20956278075,-0.74954730225,1.1671743925,0.03044462,0.82077449175,0.4446235215,0.4611050755,47.1581933,6.254777535,9.2637586225,0.21874642925,64.38219515,17.118282825,6.9030014025,0.1346851275,0.13309826025,0.54305075975,0.6525274605,1.4604000875,0.059336014825,0.998296288,0.84472975325,0.51113521125
47.23183164,5.951755897,6.3227945174,0.16880797293574,59.233522101,12.08207673202,0.55540494746,0.0872043822696,0.04337246902889,0.0436930345237,-0.04307632513721,1.3547672901,0.049559185752,0.83153648209,0.70106175572,0.47482810216,0.984674163992555,0.221946080507515,0.739316950725192,0.162354325595866,4.67281342723613,4.09792792166695,3.10198949368834,0.0238129300127151,0.0818923493909853,0.244029755658491,0.431350567944834,0.102214437871325,0.012006942752714,0.087019483483667,0.130742238647063,0.0131234266210238,45.30611445,5.5434286325,5.01908367,-0.148117198,50.727806625,3.938339425,-5.28054348,0.04133933535,-0.1195071865,-0.41541396,-0.88591058725,1.1640496675,0.028064390325,0.65072782475,0.4712154965,0.44971338775,49.133022975,6.41449527,7.9868404175,0.5002700565,68.153765275,20.66898595,6.98025087,0.133229769,0.19394205325,0.549127884,0.76756927225,1.5762792475,0.072797610725,0.97747912675,0.99438185925,0.5013433145
46.453256386,5.5593572598,7.1471822668,0.01571697456862,62.076327116,16.6237167766,3.2419116556175,0.092374252045,-0.008110679039795,0.25503726276221,-0.09178905086865,1.3098170784,0.048998062567,0.90458546289,0.486289080996,0.50839480465,1.0561400982673,0.203001834872419,0.75550501287693,0.117230876209976,3.99446278636888,3.3379221634063,2.94548732949931,0.0220810197642515,0.077513690654262,0.231717920189197,0.398105216573275,0.0858171828983665,0.0101541008817096,0.0608740815846645,0.117178751172753,0.0148412539673284,44.405040925,5.185775105,5.8401777575,-0.19764362325,54.118434775,9.98249395,-2.74534094,0.04655987325,-0.1573099805,-0.2159726465,-0.97785168175,1.157601225,0.030987021225,0.776481174,0.26151138425,0.47879301675,48.480165325,5.9661714725,8.7402287075,0.24263418925,69.9000844,22.858947425,8.9432244575,0.13283462725,0.16124059475,0.70355263675,0.65759162575,1.4965287825,0.070056764775,0.994388721,0.721052911,0.5380133885
47.663535542,5.5283591484,6.9470936435,-0.156443528582516,53.905590711,4.4645948372498,3.806074609057,0.133343491859,-0.082486240292521,0.2994192789481,0.49429625292825,1.17492756548,0.0489672560776,0.87299376994,0.50619351821,0.50132106615,0.966634242957589,0.204562021830979,0.766627478198796,0.127002914264852,4.93980703856338,4.10956183536437,2.82630727037384,0.018462526125712,0.0707785764807812,0.222342169417287,0.346798533600332,0.102500805152037,0.0142962867306737,0.0845720157990743,0.0958627120081452,0.0152092320316915,45.840382075,5.15028834,5.5690356875,-0.4281569925,43.1900597,-3.5264058325,-1.82597161,0.0994852429,-0.21826472575,-0.14364697075,-0.1237608165,0.98821556375,0.0189827572,0.6678381035,0.32353295825,0.47175986775,49.656303425,5.9536466375,8.563576885,0.0793531723499999,63.814984475,12.447478625,9.0900849825,0.169277119,0.054491790375,0.7151059745,1.1803132775,1.3992614325,0.07327336285,0.986198053,0.6922516615,0.53018928175
46.432169868,5.9963032363,6.6577256276,-0.1420341440662,57.08559058,13.3865743246,-2.8774707560809,0.05131735202537,0.14361406233389,-0.2263671384357,-0.911464217998,1.3622328701,0.03870696323,0.88252199846,0.3504306998039,0.52338216231,0.983404914209017,0.236205818817515,0.767396921802894,0.105310155386438,3.89179738280634,3.44111016563217,2.89505177031594,0.0202890136335913,0.0741332668861669,0.227750215456732,0.374191296192601,0.0855154341742131,0.00898114645716316,0.0816356380826258,0.124497272117636,0.0151441830258677,44.574328025,5.53030202,5.3985465225,-0.34316061,49.45004975,6.8882780775,-8.697842815,0.011715845625,0.006635123805,-0.68424875375,-1.6382213275,1.20046785,0.022927881725,0.6938108375,0.0590821115,0.4957547805,48.3640103,6.4422417875,8.391234895,0.059682901575,64.746496325,20.086454825,2.7560393875,0.087492500775,0.29291639975,0.2168142855,-0.212791937,1.5426140875,0.05821645285,0.99232581475,0.576271503,0.554454685
44.783858522,5.4239498569,5.8493465776,0.09116429132961,61.408077194,13.1721527191,-0.682578207788,0.0783209159885,0.08252585036893,-0.05369760081614,-0.3371580299563,1.3280705151,0.046608567148,0.88906833698,0.55475484035,0.5034155668,0.816857959263278,0.18507385695932,0.620236353146976,0.118600365794095,3.9343117045528,3.71498998722497,2.64132098510526,0.0221037679414461,0.0692453160277319,0.20778952223893,0.370659713152703,0.0810981289007291,0.0115811792596189,0.0670692489431843,0.104763722640178,0.0131903797597883,43.196056,5.0788823675,4.7416285125,-0.13308587,53.93134755,6.1811224975,-5.864657885,0.036168461275,-0.050451632925,-0.461365528,-1.0486496125,1.163615755,0.026952877325,0.7374184155,0.35728012375,0.47930695675,46.339032375,5.7838762375,7.1583153675,0.319574504,68.858612575,20.3819801,4.3318855825,0.1222123015,0.2191169035,0.34078419325,0.368659931,1.48130096,0.0713751026,0.992308526,0.77115942975,0.53030849625
46.604590247,5.6506239494,7.7069549547,-0.165117063419267,50.647665534,6.6342156908134,-2.4817899206798,0.070209346023,0.10005701717409,-0.19523940643157,-0.516962828574735,1.3455142776,0.040813900939,0.85921105372,0.422600220807,0.51851452711,1.15190409171215,0.216139107757981,0.802240622707803,0.111060228579444,4.08178394702825,3.8511208649807,2.68326836712439,0.0190394247129029,0.0676571734583749,0.211089471994753,0.348858969407029,0.0840301459649847,0.00915588056469392,0.0828182657352402,0.117723152105176,0.0150062682357654,44.475945575,5.2531874875,6.3912435625,-0.3792152915,42.21008095,-1.04445374,-7.8354037325,0.032907135725,-0.02860737725,-0.61640172525,-1.18727644,1.1896835625,0.022680072075,0.658721643,0.186900678,0.491464859,48.877816375,6.070485235,9.4367601575,0.05732510405,58.4609368,14.4583513,2.764038895,0.10836625825,0.234560025,0.21744359525,0.1747723375,1.518975615,0.059780012125,0.98437840775,0.64950583425,0.548677121
44.427717303,5.9553719669,6.0255952905,-0.07060129174542,59.448544933,5.1076159282856,2.8089746114353,0.136160782189,-0.052090127655071,0.22097862987125,0.44926189934677,1.2471301704,0.066140390314,0.86309027873,0.549582316,0.50584142301,0.884576089257035,0.208801924048782,0.67149660880472,0.119284318520469,4.21599767796798,3.680927071897,3.01861676147456,0.0286589047139108,0.0838068736015442,0.237470923536097,0.466214108712677,0.0800728968010633,0.011177839524804,0.0648733557579938,0.125389359722679,0.014638144275633,42.730819325,5.5499526475,4.8996195975,-0.30361207,51.201391775,-2.985149995,-2.970248845,0.08227417155,-0.22130303775,-0.23366587175,-0.466939985,1.1025504475,0.04436784345,0.724113805,0.29667160275,0.47722093975,46.160607425,6.3796226725,7.4422034875,0.165533252,67.98059685,12.142553625,8.9447565,0.19223807175,0.109942889,0.70367316025,1.339898455,1.4129903175,0.088687466975,0.98034326925,0.80371468275,0.53627645975
46.61460696,5.3962653071,4.9894144188,-0.01877617708575,61.236256045,5.268520513508,-2.40811091999635,0.1018624009444,0.09142111240846,-0.189443168746651,-0.19590989563781,1.3432448093,0.059174916401,0.83771324374,0.61466536085,0.50216658003,0.843587128296743,0.209075381071883,0.631993864848599,0.139485183071887,4.74674919935888,4.20208187975389,3.54548743860816,0.0309762013974915,0.0961594331367442,0.278919201374912,0.516901559080795,0.0900426027692621,0.0139503047788612,0.0782565933862916,0.112261044921874,0.0135777738507538,44.9850208,5.0133534875,3.89647367,-0.27599024625,52.072047375,-2.212912965,-9.2104994175,0.0382831985,-0.090165011725,-0.7245788255,-1.2326725175,1.1827876375,0.03416523015,0.65594666025,0.41734240625,0.4764021515,48.3523307,5.827021455,6.343574725,0.25585720775,71.102205525,13.680764,4.27502862,0.15990724175,0.278172266,0.33631131925,0.75525268625,1.520339395,0.087142702025,0.965964244,0.8544519735,0.5295123335
45.854004426,5.6648575957,7.8662876428,-0.11325809549985,61.536669748,14.1251998323,-0.726201786373,0.07391398897591,0.08833918801058,-0.05712941475774,-0.6048543008835,1.3078431121,0.073016803524,0.88046433865,0.43581813763,0.51871482121,1.24397788269673,0.209350701028082,0.808657899794689,0.11863605998327,4.43630248911415,3.51701030630767,2.95554421390988,0.0233539441584735,0.0781640800122927,0.232509082964512,0.407811593424507,0.0861371276001264,0.00940293344167485,0.0481450151897809,0.107626654799368,0.0142310077845985,43.512739575,5.27166948,6.4348826125,-0.3609792005,52.472680625,7.2448985375,-6.581954765,0.02795023415,-0.05856843795,-0.51779440775,-1.39502458,1.14549749,0.05582612425,0.77339082175,0.2327256875,0.4919357375,48.3002546,6.1096388425,9.6680082675,0.091928587375,70.211886525,20.773657925,5.06177076,0.11742212175,0.23954448475,0.39820337175,0.19425032325,1.483273025,0.092176388675,0.9589218005,0.6533975315,0.54683248325
48.20102085,5.6572379876,6.1990251947,-0.149689002678886,53.748196826,7.767581914351,2.067438404112,0.105170521381,-0.0189087636464114,0.1626428746605,0.06389177478691,1.3477709154,0.046675336342,0.93690663492,0.2933947060786,0.49717449722,0.979699085690024,0.198000682185596,0.685101545184338,0.120302357567566,4.73747073434226,3.7707338775351,2.68801433478485,0.0182176324444537,0.067805894592232,0.211462831340885,0.338900698527712,0.0897159311388545,0.00912568043603247,0.0462199591688317,0.101000792083744,0.0143028236395226,46.214839575,5.28646049,4.9723968525,-0.39194965125,44.495055025,0.52446262825,-3.05050895,0.07169766395,-0.1622186885,-0.239979846,-0.560463602,1.1953407375,0.030904074,0.82342433075,0.081001367825,0.469962682,49.9871865,6.0505432125,7.721953305,0.0816153207749999,63.06155235,15.447560675,7.5897988975,0.14117265,0.10711174375,0.5970802935,0.71416799,1.5465682675,0.065247142225,0.9981689475,0.491343409,0.525574225
46.685961008,5.756384966,6.7231938985,-0.1690615557739,56.982427,11.61568625083,-0.9246830698054,0.07336718627993,0.08160453820393,-0.0727436968145,-0.5684421296677,1.4078396209,0.065069561423,0.80503528669,0.427823822207,0.49824703509,0.934123790380071,0.220312954988499,0.749117263307966,0.126564006286277,4.81798742279171,4.03330765103303,3.39812739455748,0.0282103468188716,0.0929276276173759,0.267326565687793,0.485156287686732,0.100018670806449,0.0149137136478518,0.0721236217482406,0.155602965703169,0.0141679535233873,44.7181611,5.33669399,5.433385375,-0.417838756,47.7125173,3.6133275025,-8.0442292275,0.0139599401,-0.0844717334,-0.6328297635,-1.6194171925,1.2222986175,0.035937567275,0.6564310735,0.0997793449,0.47029232025,48.466891725,6.20484315,8.3673736775,0.081369061875,65.863718825,19.764560925,5.3113362775,0.12581997475,0.276293703,0.41783639725,0.311187885,1.6040099525,0.092822875625,0.9694641865,0.7101505685,0.52598172075
44.534888469,5.6170140517,6.7056293806,-0.10149348134505,48.499121539,9.61524289761,3.6758788238195,0.0959855389141,-0.05395668861501,0.28917693413457,0.17472044653205,1.3432100107,0.058886052877,0.88796964668,0.54536534686,0.49516908439,0.971702690078525,0.209137270346397,0.746574192556417,0.117780364767422,3.96107583817458,3.5233921838955,2.96361220205575,0.0284512526527293,0.0835799270790091,0.233143781835869,0.464643327085973,0.0754040471743632,0.0118070201543384,0.0668616448705585,0.115406060174971,0.0144897009893126,42.7234448,5.23248768,5.4553315875,-0.33554080575,40.059553925,2.7492183625,-1.92431813,0.03757966615,-0.2106762665,-0.1513837795,-0.726994071,1.1979881275,0.035153389375,0.74846645625,0.333336434,0.468788268,46.517760675,6.0354717225,8.3880887225,0.1363601945,56.0299352,16.135047175,9.5013600525,0.1493025705,0.10682321375,0.747460485,1.04171287,1.4888860825,0.08078149,0.99299454325,0.795764895,0.524007808
44.96933959,5.4589999585,6.7115978375,-0.04165896520333,59.591384438,11.52046672652,-2.04499188452851,0.071816871636,0.11179285294333,-0.160877034261179,-0.5657111538843,1.3154733919,0.06198887903,0.95402980696,0.488603380509,0.49399352898,1.05387963878675,0.194193198357638,0.720613937297715,0.12147047972452,4.33547320045359,3.88480609534601,2.7590705226913,0.0204185333182256,0.0715167841216024,0.217052735793009,0.353176156341259,0.0979135758569867,0.00916353882598355,0.0362237835000521,0.128273453735805,0.0155273970951155,42.9074743,5.1099053725,5.384677655,-0.28186269575,50.95300715,3.52383208,-7.721514705,0.03245286345,-0.033255767875,-0.6074422125,-1.2526614175,1.1518410925,0.04551043625,0.8700105075,0.130540498,0.46311279575,46.935803525,5.86805272,8.21358688,0.1895651115,68.905406475,18.302416225,3.42220975249999,0.11447717625,0.2590755395,0.269221094999999,0.1502850685,1.527310995,0.080884690575,0.99696624625,0.717761955,0.5254165025
48.021037491,5.826209951,7.480740224,-0.11976363885871,55.522102404,13.74655179449,7.9372696069062,0.1242422532,-0.1505152565469,0.62441538442477,0.529561946935518,1.3182960029,0.061779114795,0.878820269,0.67191322383,0.51716164948,1.14739222145386,0.223683269563247,0.815073462070858,0.16212090228368,5.72309666521733,4.73000126137391,3.42045419412693,0.0224193295101278,0.0861089704032296,0.269082987662026,0.413358970171783,0.112622437069832,0.00954027975282309,0.0602399317815848,0.128111510661412,0.0163389761087978,45.6883821,5.4212969025,5.998885345,-0.43616203575,43.870037625,4.531166795,1.18859082,0.081174774325,-0.309602945,0.093505002575,-0.26940334,1.1139023575,0.0439094657,0.742044822,0.45333336975,0.48779894,50.036733275,6.2775792225,9.150927895,0.2095757535,66.805248825,22.697405175,14.3174955,0.16613614,0.0100536043,1.1263400225,1.3105520375,1.54216287,0.08137093435,0.97313392175,0.945515288,0.547367777
45.807003858,5.9869307858,8.8858656959,-0.002632390881255,62.402587064,15.341760773,3.680293141646,0.102219855426,-0.026318347709824,0.2895242030394,0.02980442886916,1.2642241205,0.054667518194,0.92723158868,0.78932815085,0.48518850694,1.28287800022147,0.211612246960374,0.873192750250444,0.139819176901593,4.04414035448631,3.29262505333139,2.84977063419095,0.0223987583252632,0.0771494835521631,0.224188003302886,0.409201059580919,0.0757414268570923,0.00883820085491414,0.0585420991842298,0.131864908144187,0.0134391269162504,43.27526405,5.59069834,7.289580925,-0.26975063175,54.869139775,9.150588245,-1.8063193175,0.0557653905,-0.17633048225,-0.14210095125,-0.83559540225,1.1226862475,0.038065765125,0.78267209075,0.5537857235,0.45864298275,48.30157975,6.431170795,10.660135375,0.27715282775,70.249123025,21.7013965,9.2675450875,0.1465023385,0.12690784775,0.72906654975,0.85442173675,1.4089161475,0.071221067275,0.99834929575,1.0531885,0.5124533445
45.772240147,5.6042818009,6.4387780973,-0.099642837346441,58.556199973,9.175009777917,3.4550189328143,0.119995690243,-0.050048324961703,0.271802153888022,0.25093523499113,1.275925572,0.047272556325,0.93675672374,0.52593444326,0.50497960867,0.947024030418012,0.199622902355516,0.702750221893189,0.123898828647365,4.64973795929343,3.81226426080881,3.02391348338493,0.0205356725000352,0.0759196661190909,0.23788761031971,0.365341566917577,0.0899758295563983,0.00941876613676442,0.0526543743988996,0.0976001798096001,0.0156130723208796,43.89680565,5.216783225,5.253238415,-0.363901709,49.187274225,1.17672826,-2.34581263,0.080078468125,-0.2000712915,-0.1845422335,-0.4233931615,1.1027159725,0.0278715011,0.81428827025,0.345726107,0.4756581095,47.68998055,5.994021965,7.87702167,0.1118670485,67.8229754,16.532922925,9.250876095,0.16180685725,0.099937436925,0.72775521125,0.98885712075,1.4492145025,0.064843332875,0.99687465675,0.72902292675,0.53566861025
43.836015755,5.6876877228,7.1534891997,-0.07237717749741,57.613472518,11.89125301518,0.6589482758269,0.08503486596654,0.03961467458517,0.05183866271066,-0.2710719422693,1.2490121438,0.06525043904,0.79894080396,0.47028441679,0.50072791528,1.03706268860865,0.195806078722248,0.787692111592508,0.109968963831285,4.50457191068369,3.74650599016647,3.70123902998698,0.0369687494933567,0.105551360755972,0.291171990641643,0.5862079572635,0.0817583267069613,0.0114730122241218,0.0802322750624741,0.110376168603825,0.0146242878527894,41.77878705,5.3012405575,5.817273345,-0.297598596,48.74596985,4.010363305,-6.3702501575,0.012303504425,-0.159136619,-0.5011398615,-1.42774498,1.1000836275,0.043496161025,0.634697619,0.25836076425,0.4737104225,45.89636725,6.05432989,8.81012049,0.14540648525,66.1887109,19.298667675,7.9029035225,0.155038974,0.2473206375,0.6217118435,0.7809968145,1.41208105,0.087351178675,0.939838656,0.68851067475,0.53138512475
45.204075798,5.7776027189,6.3535584897,0.046930461923761,57.359668919,13.8903919733,3.1640139132641,0.0933507303483,-0.0192292225947912,0.24890914173112,0.060308448831803,1.3195690832,0.048169056499,0.87364002153,0.58388368021,0.47868311058,0.951742254604359,0.205532416908441,0.727983203415424,0.119051340856903,4.06311675220291,3.62279922055557,3.03778582688021,0.027600417197732,0.0839696294111716,0.238978931112352,0.458968306390103,0.0803003627393283,0.0105883050641834,0.0812120837972268,0.113152669625226,0.0145073743058727,43.4480714,5.407780075,5.19446112,-0.17884793075,49.32571585,6.7386910125,-2.54383644,0.037348568775,-0.1727817435,-0.20012052775,-0.85504153925,1.161992425,0.02821474915,0.688450995,0.36382611375,0.452245105,47.216752875,6.218289665,8.00397356,0.27102982825,64.99497245,21.399459375,8.7026352225,0.1466703035,0.14388654525,0.6846257665,0.9299750345,1.48233936,0.06899949235,0.98793568275,0.832495177,0.50845647925
46.659644578,5.2501818711,7.0258907396,-0.075726529754086,58.31587858,13.0744597874,2.0218145046279,0.091089024577,0.008064353147819,0.15905369782888,-0.1584617378122,1.2306559123,0.031098267693,0.90686322759,0.475798627164,0.48341857628,0.973371584999489,0.175651442071969,0.747812377411343,0.111747199233682,3.51482810334103,2.92635369402207,2.50922755858799,0.0177342466262817,0.0654851905632393,0.197397892525089,0.325874287591879,0.0756567504050344,0.00832170864865248,0.0827312863847033,0.12018152016397,0.0132717736508132,44.7107874,4.9241232525,5.750298245,-0.29036835425,51.3986084,7.44137631,-2.9584338025,0.05746635215,-0.117807828,-0.23273640125,-0.80707383325,1.0956668025,0.017410201025,0.711214109,0.23159480575,0.45712098375,48.5623624,5.6081001525,8.7840718225,0.13785894725,65.195636725,18.72070135,7.002876465,0.124460774,0.1365263835,0.5509078045,0.46312481025,1.3852461875,0.049313540425,0.99680786925,0.702963882,0.50924746875
46.339363456,5.6837426994,6.6940044622,-0.09994407229289,58.229293865,5.51330331559,0.6400412760521,0.115739073206,0.00921503588422,0.05035127184005,0.09435560145914,1.18542217219,0.052950744827,0.92026383745,0.63229435895,0.48742361552,1.05704119742865,0.189410270063599,0.781093870022377,0.123181449036026,4.08641162938304,3.67418048304182,2.66004348930587,0.0193552597794012,0.0680617777986353,0.209262398974423,0.344629935861101,0.0834585332290685,0.00919344761070326,0.056091992803138,0.102044375022876,0.0146478326963991,44.1971659,5.32989118,5.405906145,-0.33623092375,50.56435615,-1.8721754175,-4.7621813875,0.076047742175,-0.122979043,-0.37463504075,-0.576598748,1.0312579625,0.0322496817,0.78635236775,0.4463177755,0.45958675875,48.435386225,6.0782563725,8.38527238,0.1407971125,66.153702425,12.6398405,5.82915678,0.15108281175,0.140454674,0.4585727055,0.77337327975,1.364194555,0.071895555825,0.99686260925,0.84658523225,0.51689362475
45.531271697,5.8279174651,6.9123643359,-0.07883766123727,58.065013322,6.2074141109954,-3.4884190308449,0.0822832676279,0.12552790047095,-0.27442969890208,-0.48292391467479,1.3344486959,0.061223964175,0.91121743413,0.58527117367,0.51829166458,1.01724584865136,0.221361361588565,0.739050384691452,0.123570320393588,3.98127016532548,3.59307618122646,2.82262325853072,0.0214648768822314,0.0740792123783833,0.222052352066153,0.386143183812634,0.0890302265762326,0.00905017126136841,0.0437786663053788,0.111048935469425,0.0155748520527025,43.684072375,5.414541715,5.6180288875,-0.30971885575,50.3315617,-0.83049456775,-9.2210312425,0.040540514925,-0.017571548075,-0.7254073585,-1.24560086,1.1691021675,0.0438223283,0.8144468345,0.36839760025,0.48850323,47.480771125,6.2641627575,8.4522189975,0.17185007575,65.94093145,13.10153685,1.93684688,0.123720675,0.27136886675,0.15236940075,0.24063367775,1.5358714975,0.07947472705,0.98393313475,0.80689970625,0.548720621
45.481632664,5.6997102905,5.8026281458,-0.08004869846637,53.267836414,10.00596280012,-7.539236484348,0.024218356723707,0.254765241059,-0.5931026014592,-1.2978159257989,1.395813757,0.069253165992,0.8623102295,0.70880280309,0.4813936717,0.958313848415632,0.198955516098023,0.649625867847415,0.152479868149429,4.75040587033876,4.09707853610573,3.46488219819929,0.031118257385463,0.0959109606166502,0.272578086037954,0.525848755231535,0.095653534084058,0.0134427325213494,0.0562305497220044,0.117230851402437,0.0149856789359646,43.5804786,5.3398276825,4.6806767675,-0.3729266035,44.558073925,2.00987251,-14.686339125,-0.041526541525,0.070024135,-1.1553564625,-2.3928535375,1.2290524675,0.040735581775,0.7399855715,0.50875613825,0.45437935525,47.492658,6.0889474275,7.24596835,0.203768004,62.6852324,18.027476175,-0.961947110250002,0.08333059335,0.45330694075,-0.0756752144000002,-0.2806746985,1.59646939,0.094268502775,0.96463328525,0.951017826,0.513227992
